[LOG_CAT_MCAST] VMC Failed to join multicast, is_root 1. Unexpected event was received: event=13, str=RDMA_CM_EVENT_MULTICAST_ERROR, status=-22
[LOG_CAT_MCAST] MCAST rank=3: Error in initializing vmc communicator
[LOG_CAT_P2P] Failed to create MCAST comm
[LOG_CAT_MCAST] MCAST rank=2: Error in initializing vmc communicator
[LOG_CAT_P2P] Failed to create MCAST comm
[LOG_CAT_MCAST] MCAST rank=0: Error in initializing vmc communicator
[LOG_CAT_P2P] Failed to create MCAST comm
[LOG_CAT_MCAST] MCAST rank=1: Error in initializing vmc communicator
[LOG_CAT_P2P] Failed to create MCAST comm
[LOG_CAT_MCAST] MCAST rank=4: Error in initializing vmc communicator
[LOG_CAT_P2P] Failed to create MCAST comm
[LOG_CAT_MCAST] MCAST rank=6: Error in initializing vmc communicator
[LOG_CAT_P2P] Failed to create MCAST comm
[LOG_CAT_MCAST] MCAST rank=5: Error in initializing vmc communicator
[LOG_CAT_P2P] Failed to create MCAST comm
[LOG_CAT_MCAST] MCAST rank=7: Error in initializing vmc communicator
[LOG_CAT_P2P] Failed to create MCAST comm
 Cannot enable savefile output//EURR-3_SAV.2009100500.nc
 Cannot enable savefile output//EURR-3_SAV.2009100500.nc
 Cannot enable savefile output//EURR-3_SAV.2009100500.nc
 Cannot enable savefile output//EURR-3_SAV.2009100500.nc
 Cannot enable savefile output//EURR-3_SAV.2009100500.nc
 Cannot enable savefile output//EURR-3_SAV.2009100500.nc
 Cannot enable savefile output//EURR-3_SAV.2009100500.nc
 Cannot enable savefile output//EURR-3_SAV.2009100500.nc
 Cannot enable savefile output//EURR-3_SAV.2009100500.nc
 Cannot enable savefile output//EURR-3_SAV.2009100500.nc
 Cannot enable savefile output//EURR-3_SAV.2009100500.nc
 Cannot enable savefile output//EURR-3_SAV.2009100500.nc
 Cannot enable savefile output//EURR-3_SAV.2009100500.nc
 Cannot enable savefile output//EURR-3_SAV.2009100500.nc
 Cannot enable savefile output//EURR-3_SAV.2009100500.nc
 Cannot enable savefile output//EURR-3_SAV.2009100500.nc
 Cannot enable savefile output//EURR-3_SAV.2009100500.nc
 Cannot enable savefile output//EURR-3_SAV.2009100500.nc
 Cannot enable savefile output//EURR-3_SAV.2009100500.nc
 Cannot enable savefile output//EURR-3_SAV.2009100500.nc
 Cannot enable savefile output//EURR-3_SAV.2009100500.nc
 Cannot enable savefile output//EURR-3_SAV.2009100500.nc
 Cannot enable savefile output//EURR-3_SAV.2009100500.nc
 Cannot enable savefile output//EURR-3_SAV.2009100500.nc
 Cannot enable savefile output//EURR-3_SAV.2009100500.nc
 Cannot enable savefile output//EURR-3_SAV.2009100500.nc
 Cannot enable savefile output//EURR-3_SAV.2009100500.nc
 Cannot enable savefile output//EURR-3_SAV.2009100500.nc
 Cannot enable savefile output//EURR-3_SAV.2009100500.nc
 Cannot enable savefile output//EURR-3_SAV.2009100500.nc
 Cannot enable savefile output//EURR-3_SAV.2009100500.nc
 Cannot enable savefile output//EURR-3_SAV.2009100500.nc
 Cannot enable savefile output//EURR-3_SAV.2009100500.nc
 Cannot enable savefile output//EURR-3_SAV.2009100500.nc
 Cannot enable savefile output//EURR-3_SAV.2009100500.nc
 Cannot enable savefile output//EURR-3_SAV.2009100500.nc
 Cannot enable savefile output//EURR-3_SAV.2009100500.nc
 Cannot enable savefile output//EURR-3_SAV.2009100500.nc
 Cannot enable savefile output//EURR-3_SAV.2009100500.nc
 Cannot enable savefile output//EURR-3_SAV.2009100500.nc
 Cannot enable savefile output//EURR-3_SAV.2009100500.nc
 Cannot enable savefile output//EURR-3_SAV.2009100500.nc
 Cannot enable savefile output//EURR-3_SAV.2009100500.nc
 Cannot enable savefile output//EURR-3_SAV.2009100500.nc
 Cannot enable savefile output//EURR-3_SAV.2009100500.nc
 Cannot enable savefile output//EURR-3_SAV.2009100500.nc
 Cannot enable savefile output//EURR-3_SAV.2009100500.nc
 Cannot enable savefile output//EURR-3_SAV.2009100500.nc
 Cannot enable savefile output//EURR-3_SAV.2009100500.nc
 Cannot enable savefile output//EURR-3_SAV.2009100500.nc
 Cannot enable savefile output//EURR-3_SAV.2009100500.nc
 Cannot enable savefile output//EURR-3_SAV.2009100500.nc
 Cannot enable savefile output//EURR-3_SAV.2009100500.nc
 Cannot enable savefile output//EURR-3_SAV.2009100500.nc
 Cannot enable savefile output//EURR-3_SAV.2009100500.nc
 Cannot enable savefile output//EURR-3_SAV.2009100500.nc
 Cannot enable savefile output//EURR-3_SAV.2009100500.nc
 Cannot enable savefile output//EURR-3_SAV.2009100500.nc
 Cannot enable savefile output//EURR-3_SAV.2009100500.nc
 Cannot enable savefile output//EURR-3_SAV.2009100500.nc
 Cannot enable savefile output//EURR-3_SAV.2009100500.nc
 Cannot enable savefile output//EURR-3_SAV.2009100500.nc
 Cannot enable savefile output//EURR-3_SAV.2009100500.nc
 Cannot enable savefile output//EURR-3_SAV.2009100500.nc
 Cannot enable savefile output//EURR-3_SAV.2009100500.nc
 Cannot enable savefile output//EURR-3_SAV.2009100500.nc
 Cannot enable savefile output//EURR-3_SAV.2009100500.nc
 Cannot enable savefile output//EURR-3_SAV.2009100500.nc
 Cannot enable savefile output//EURR-3_SAV.2009100500.nc
 NetCDF: One or more variable sizes violate format constraints                   
 -------------- FATAL CALLED ---------------
  Fatal in file: mod_savefile.F90 at line:     2004
 SAVEFILE
 -------------------------------------------
 Abort called by computing node            49 at 2025-08-11 21:20:28.725 +0200
 Execution terminated because of runtime error
 Cannot enable savefile output//EURR-3_SAV.2009100500.nc
 Cannot enable savefile output//EURR-3_SAV.2009100500.nc
 Cannot enable savefile output//EURR-3_SAV.2009100500.nc
 Cannot enable savefile output//EURR-3_SAV.2009100500.nc
 Cannot enable savefile output//EURR-3_SAV.2009100500.nc
 Cannot enable savefile output//EURR-3_SAV.2009100500.nc
 Cannot enable savefile output//EURR-3_SAV.2009100500.nc
 NetCDF: One or more variable sizes violate format constraints                   
 -------------- FATAL CALLED ---------------
  Fatal in file: mod_savefile.F90 at line:     2004
 SAVEFILE
 -------------------------------------------
 Cannot enable savefile output//EURR-3_SAV.2009100500.nc
 Cannot enable savefile output//EURR-3_SAV.2009100500.nc
 Cannot enable savefile output//EURR-3_SAV.2009100500.nc
 Cannot enable savefile output//EURR-3_SAV.2009100500.nc
 Cannot enable savefile output//EURR-3_SAV.2009100500.nc
 Cannot enable savefile output//EURR-3_SAV.2009100500.nc
 Cannot enable savefile output//EURR-3_SAV.2009100500.nc
 Cannot enable savefile output//EURR-3_SAV.2009100500.nc
 Cannot enable savefile output//EURR-3_SAV.2009100500.nc
 Cannot enable savefile output//EURR-3_SAV.2009100500.nc
 Cannot enable savefile output//EURR-3_SAV.2009100500.nc
 Cannot enable savefile output//EURR-3_SAV.2009100500.nc
 Cannot enable savefile output//EURR-3_SAV.2009100500.nc
 Cannot enable savefile output//EURR-3_SAV.2009100500.nc
 Cannot enable savefile output//EURR-3_SAV.2009100500.nc
 Abort called by computing node            38 at 2025-08-11 21:20:28.726 +0200
 Execution terminated because of runtime error
 Cannot enable savefile output//EURR-3_SAV.2009100500.nc
 Cannot enable savefile output//EURR-3_SAV.2009100500.nc
 Cannot enable savefile output//EURR-3_SAV.2009100500.nc
 Cannot enable savefile output//EURR-3_SAV.2009100500.nc
 Cannot enable savefile output//EURR-3_SAV.2009100500.nc
 Cannot enable savefile output//EURR-3_SAV.2009100500.nc
 Cannot enable savefile output//EURR-3_SAV.2009100500.nc
 Cannot enable savefile output//EURR-3_SAV.2009100500.nc
 Cannot enable savefile output//EURR-3_SAV.2009100500.nc
 Cannot enable savefile output//EURR-3_SAV.2009100500.nc
 Cannot enable savefile output//EURR-3_SAV.2009100500.nc
 Cannot enable savefile output//EURR-3_SAV.2009100500.nc
 Cannot enable savefile output//EURR-3_SAV.2009100500.nc
 Cannot enable savefile output//EURR-3_SAV.2009100500.nc
 Cannot enable savefile output//EURR-3_SAV.2009100500.nc
 NetCDF: One or more variable sizes violate format constraints                   
 -------------- FATAL CALLED ---------------
  Fatal in file: mod_savefile.F90 at line:     2004
 SAVEFILE
 -------------------------------------------
 Cannot enable savefile output//EURR-3_SAV.2009100500.nc
 Cannot enable savefile output//EURR-3_SAV.2009100500.nc
 Cannot enable savefile output//EURR-3_SAV.2009100500.nc
 Cannot enable savefile output//EURR-3_SAV.2009100500.nc
 Cannot enable savefile output//EURR-3_SAV.2009100500.nc
 Cannot enable savefile output//EURR-3_SAV.2009100500.nc
 Cannot enable savefile output//EURR-3_SAV.2009100500.nc
 Cannot enable savefile output//EURR-3_SAV.2009100500.nc
 Cannot enable savefile output//EURR-3_SAV.2009100500.nc
 Cannot enable savefile output//EURR-3_SAV.2009100500.nc
 Cannot enable savefile output//EURR-3_SAV.2009100500.nc
 Cannot enable savefile output//EURR-3_SAV.2009100500.nc
 Cannot enable savefile output//EURR-3_SAV.2009100500.nc
 Cannot enable savefile output//EURR-3_SAV.2009100500.nc
 Cannot enable savefile output//EURR-3_SAV.2009100500.nc
 NetCDF: One or more variable sizes violate format constraints                   
 -------------- FATAL CALLED ---------------
  Fatal in file: mod_savefile.F90 at line:     2004
 SAVEFILE
 -------------------------------------------
 Cannot enable savefile output//EURR-3_SAV.2009100500.nc
 Cannot enable savefile output//EURR-3_SAV.2009100500.nc
 Cannot enable savefile output//EURR-3_SAV.2009100500.nc
 Cannot enable savefile output//EURR-3_SAV.2009100500.nc
 Cannot enable savefile output//EURR-3_SAV.2009100500.nc
 Cannot enable savefile output//EURR-3_SAV.2009100500.nc
 Cannot enable savefile output//EURR-3_SAV.2009100500.nc
 Abort called by computing node             1 at 2025-08-11 21:20:28.726 +0200
 Execution terminated because of runtime error
 Cannot enable savefile output//EURR-3_SAV.2009100500.nc
 Cannot enable savefile output//EURR-3_SAV.2009100500.nc
 Cannot enable savefile output//EURR-3_SAV.2009100500.nc
 Cannot enable savefile output//EURR-3_SAV.2009100500.nc
 Cannot enable savefile output//EURR-3_SAV.2009100500.nc
 Cannot enable savefile output//EURR-3_SAV.2009100500.nc
 Cannot enable savefile output//EURR-3_SAV.2009100500.nc
 Abort called by computing node            56 at 2025-08-11 21:20:28.726 +0200
 Execution terminated because of runtime error
 Cannot enable savefile output//EURR-3_SAV.2009100500.nc
 Cannot enable savefile output//EURR-3_SAV.2009100500.nc
 Cannot enable savefile output//EURR-3_SAV.2009100500.nc
 Cannot enable savefile output//EURR-3_SAV.2009100500.nc
 Cannot enable savefile output//EURR-3_SAV.2009100500.nc
 Cannot enable savefile output//EURR-3_SAV.2009100500.nc
 Cannot enable savefile output//EURR-3_SAV.2009100500.nc
 Cannot enable savefile output//EURR-3_SAV.2009100500.nc
 Cannot enable savefile output//EURR-3_SAV.2009100500.nc
 Cannot enable savefile output//EURR-3_SAV.2009100500.nc
 Cannot enable savefile output//EURR-3_SAV.2009100500.nc
 Cannot enable savefile output//EURR-3_SAV.2009100500.nc
 Cannot enable savefile output//EURR-3_SAV.2009100500.nc
 Cannot enable savefile output//EURR-3_SAV.2009100500.nc
 Cannot enable savefile output//EURR-3_SAV.2009100500.nc
 NetCDF: One or more variable sizes violate format constraints                   
 -------------- FATAL CALLED ---------------
  Fatal in file: mod_savefile.F90 at line:     2004
 SAVEFILE
 -------------------------------------------
 Cannot enable savefile output//EURR-3_SAV.2009100500.nc
 Cannot enable savefile output//EURR-3_SAV.2009100500.nc
 Cannot enable savefile output//EURR-3_SAV.2009100500.nc
 Cannot enable savefile output//EURR-3_SAV.2009100500.nc
 Cannot enable savefile output//EURR-3_SAV.2009100500.nc
 Cannot enable savefile output//EURR-3_SAV.2009100500.nc
 Cannot enable savefile output//EURR-3_SAV.2009100500.nc
 Abort called by computing node            15 at 2025-08-11 21:20:28.726 +0200
 Cannot enable savefile output//EURR-3_SAV.2009100500.nc
 Cannot enable savefile output//EURR-3_SAV.2009100500.nc
 Cannot enable savefile output//EURR-3_SAV.2009100500.nc
 Cannot enable savefile output//EURR-3_SAV.2009100500.nc
 Cannot enable savefile output//EURR-3_SAV.2009100500.nc
 Cannot enable savefile output//EURR-3_SAV.2009100500.nc
 Cannot enable savefile output//EURR-3_SAV.2009100500.nc
 Execution terminated because of runtime error
 Cannot enable savefile output//EURR-3_SAV.2009100500.nc
 Cannot enable savefile output//EURR-3_SAV.2009100500.nc
 Cannot enable savefile output//EURR-3_SAV.2009100500.nc
 Cannot enable savefile output//EURR-3_SAV.2009100500.nc
 Cannot enable savefile output//EURR-3_SAV.2009100500.nc
 Cannot enable savefile output//EURR-3_SAV.2009100500.nc
 Cannot enable savefile output//EURR-3_SAV.2009100500.nc
 NetCDF: One or more variable sizes violate format constraints                   
 -------------- FATAL CALLED ---------------
 Cannot enable savefile output//EURR-3_SAV.2009100500.nc
 Cannot enable savefile output//EURR-3_SAV.2009100500.nc
 Cannot enable savefile output//EURR-3_SAV.2009100500.nc
 Cannot enable savefile output//EURR-3_SAV.2009100500.nc
 Cannot enable savefile output//EURR-3_SAV.2009100500.nc
 Cannot enable savefile output//EURR-3_SAV.2009100500.nc
 Cannot enable savefile output//EURR-3_SAV.2009100500.nc
  Fatal in file: mod_savefile.F90 at line:     2004
 SAVEFILE
 -------------------------------------------
 Cannot enable savefile output//EURR-3_SAV.2009100500.nc
 Cannot enable savefile output//EURR-3_SAV.2009100500.nc
 Cannot enable savefile output//EURR-3_SAV.2009100500.nc
 Cannot enable savefile output//EURR-3_SAV.2009100500.nc
 Cannot enable savefile output//EURR-3_SAV.2009100500.nc
 Cannot enable savefile output//EURR-3_SAV.2009100500.nc
 Cannot enable savefile output//EURR-3_SAV.2009100500.nc
 Abort called by computing node            20 at 2025-08-11 21:20:28.726 +0200
 Execution terminated because of runtime error
 Cannot enable savefile output//EURR-3_SAV.2009100500.nc
 Cannot enable savefile output//EURR-3_SAV.2009100500.nc
 Cannot enable savefile output//EURR-3_SAV.2009100500.nc
 Cannot enable savefile output//EURR-3_SAV.2009100500.nc
 Cannot enable savefile output//EURR-3_SAV.2009100500.nc
 Cannot enable savefile output//EURR-3_SAV.2009100500.nc
 Cannot enable savefile output//EURR-3_SAV.2009100500.nc
 Cannot enable savefile output//EURR-3_SAV.2009100500.nc
 Cannot enable savefile output//EURR-3_SAV.2009100500.nc
 Cannot enable savefile output//EURR-3_SAV.2009100500.nc
 Cannot enable savefile output//EURR-3_SAV.2009100500.nc
 Cannot enable savefile output//EURR-3_SAV.2009100500.nc
 Cannot enable savefile output//EURR-3_SAV.2009100500.nc
 Cannot enable savefile output//EURR-3_SAV.2009100500.nc
 Cannot enable savefile output//EURR-3_SAV.2009100500.nc
 Cannot enable savefile output//EURR-3_SAV.2009100500.nc
 Cannot enable savefile output//EURR-3_SAV.2009100500.nc
 Cannot enable savefile output//EURR-3_SAV.2009100500.nc
 Cannot enable savefile output//EURR-3_SAV.2009100500.nc
 Cannot enable savefile output//EURR-3_SAV.2009100500.nc
 Cannot enable savefile output//EURR-3_SAV.2009100500.nc
 Cannot enable savefile output//EURR-3_SAV.2009100500.nc
 Cannot enable savefile output//EURR-3_SAV.2009100500.nc
 Cannot enable savefile output//EURR-3_SAV.2009100500.nc
 Cannot enable savefile output//EURR-3_SAV.2009100500.nc
 Cannot enable savefile output//EURR-3_SAV.2009100500.nc
 Cannot enable savefile output//EURR-3_SAV.2009100500.nc
 Cannot enable savefile output//EURR-3_SAV.2009100500.nc
 Cannot enable savefile output//EURR-3_SAV.2009100500.nc
 Cannot enable savefile output//EURR-3_SAV.2009100500.nc
 Cannot enable savefile output//EURR-3_SAV.2009100500.nc
 Cannot enable savefile output//EURR-3_SAV.2009100500.nc
 Cannot enable savefile output//EURR-3_SAV.2009100500.nc
 Cannot enable savefile output//EURR-3_SAV.2009100500.nc
 Cannot enable savefile output//EURR-3_SAV.2009100500.nc
 Cannot enable savefile output//EURR-3_SAV.2009100500.nc
 Cannot enable savefile output//EURR-3_SAV.2009100500.nc
 Cannot enable savefile output//EURR-3_SAV.2009100500.nc
 Cannot enable savefile output//EURR-3_SAV.2009100500.nc
 Cannot enable savefile output//EURR-3_SAV.2009100500.nc
 Cannot enable savefile output//EURR-3_SAV.2009100500.nc
 Cannot enable savefile output//EURR-3_SAV.2009100500.nc
 Cannot enable savefile output//EURR-3_SAV.2009100500.nc
 Cannot enable savefile output//EURR-3_SAV.2009100500.nc
 Cannot enable savefile output//EURR-3_SAV.2009100500.nc
 Cannot enable savefile output//EURR-3_SAV.2009100500.nc
 Cannot enable savefile output//EURR-3_SAV.2009100500.nc
 NetCDF: One or more variable sizes violate format constraints                   
 -------------- FATAL CALLED ---------------
  Fatal in file: mod_savefile.F90 at line:     2004
 SAVEFILE
 -------------------------------------------
 Cannot enable savefile output//EURR-3_SAV.2009100500.nc
 Cannot enable savefile output//EURR-3_SAV.2009100500.nc
 Cannot enable savefile output//EURR-3_SAV.2009100500.nc
 Cannot enable savefile output//EURR-3_SAV.2009100500.nc
 Cannot enable savefile output//EURR-3_SAV.2009100500.nc
 Cannot enable savefile output//EURR-3_SAV.2009100500.nc
 Cannot enable savefile output//EURR-3_SAV.2009100500.nc
 Abort called by computing node            40 at 2025-08-11 21:20:28.727 +0200
 Execution terminated because of runtime error
 Cannot enable savefile output//EURR-3_SAV.2009100500.nc
 Cannot enable savefile output//EURR-3_SAV.2009100500.nc
 Cannot enable savefile output//EURR-3_SAV.2009100500.nc
 Cannot enable savefile output//EURR-3_SAV.2009100500.nc
 Cannot enable savefile output//EURR-3_SAV.2009100500.nc
 Cannot enable savefile output//EURR-3_SAV.2009100500.nc
 Cannot enable savefile output//EURR-3_SAV.2009100500.nc
 Cannot enable savefile output//EURR-3_SAV.2009100500.nc
 Cannot enable savefile output//EURR-3_SAV.2009100500.nc
 Cannot enable savefile output//EURR-3_SAV.2009100500.nc
 Cannot enable savefile output//EURR-3_SAV.2009100500.nc
 Cannot enable savefile output//EURR-3_SAV.2009100500.nc
 Cannot enable savefile output//EURR-3_SAV.2009100500.nc
 Cannot enable savefile output//EURR-3_SAV.2009100500.nc
 Cannot enable savefile output//EURR-3_SAV.2009100500.nc
 Cannot enable savefile output//EURR-3_SAV.2009100500.nc
 Cannot enable savefile output//EURR-3_SAV.2009100500.nc
 Cannot enable savefile output//EURR-3_SAV.2009100500.nc
 Cannot enable savefile output//EURR-3_SAV.2009100500.nc
 Cannot enable savefile output//EURR-3_SAV.2009100500.nc
 Cannot enable savefile output//EURR-3_SAV.2009100500.nc
 Cannot enable savefile output//EURR-3_SAV.2009100500.nc
 Cannot enable savefile output//EURR-3_SAV.2009100500.nc
 NetCDF: One or more variable sizes violate format constraints                   
 -------------- FATAL CALLED ---------------
  Fatal in file: mod_savefile.F90 at line:     2004
 SAVEFILE
 -------------------------------------------
 Abort called by computing node            66 at 2025-08-11 21:20:28.727 +0200
 Execution terminated because of runtime error
 Cannot enable savefile output//EURR-3_SAV.2009100500.nc
 Cannot enable savefile output//EURR-3_SAV.2009100500.nc
 Cannot enable savefile output//EURR-3_SAV.2009100500.nc
 Cannot enable savefile output//EURR-3_SAV.2009100500.nc
 Cannot enable savefile output//EURR-3_SAV.2009100500.nc
 Cannot enable savefile output//EURR-3_SAV.2009100500.nc
 Cannot enable savefile output//EURR-3_SAV.2009100500.nc
 Cannot enable savefile output//EURR-3_SAV.2009100500.nc
 Cannot enable savefile output//EURR-3_SAV.2009100500.nc
 Cannot enable savefile output//EURR-3_SAV.2009100500.nc
 Cannot enable savefile output//EURR-3_SAV.2009100500.nc
 Cannot enable savefile output//EURR-3_SAV.2009100500.nc
 Cannot enable savefile output//EURR-3_SAV.2009100500.nc
 Cannot enable savefile output//EURR-3_SAV.2009100500.nc
 Cannot enable savefile output//EURR-3_SAV.2009100500.nc
 Cannot enable savefile output//EURR-3_SAV.2009100500.nc
 Cannot enable savefile output//EURR-3_SAV.2009100500.nc
 Cannot enable savefile output//EURR-3_SAV.2009100500.nc
 Cannot enable savefile output//EURR-3_SAV.2009100500.nc
 Cannot enable savefile output//EURR-3_SAV.2009100500.nc
 Cannot enable savefile output//EURR-3_SAV.2009100500.nc
 Cannot enable savefile output//EURR-3_SAV.2009100500.nc
 Cannot enable savefile output//EURR-3_SAV.2009100500.nc
 Cannot enable savefile output//EURR-3_SAV.2009100500.nc
 Cannot enable savefile output//EURR-3_SAV.2009100500.nc
 Cannot enable savefile output//EURR-3_SAV.2009100500.nc
 Cannot enable savefile output//EURR-3_SAV.2009100500.nc
 Cannot enable savefile output//EURR-3_SAV.2009100500.nc
 Cannot enable savefile output//EURR-3_SAV.2009100500.nc
 Cannot enable savefile output//EURR-3_SAV.2009100500.nc
 Cannot enable savefile output//EURR-3_SAV.2009100500.nc
 Cannot enable savefile output//EURR-3_SAV.2009100500.nc
 Cannot enable savefile output//EURR-3_SAV.2009100500.nc
 Cannot enable savefile output//EURR-3_SAV.2009100500.nc
 Cannot enable savefile output//EURR-3_SAV.2009100500.nc
 Cannot enable savefile output//EURR-3_SAV.2009100500.nc
 Cannot enable savefile output//EURR-3_SAV.2009100500.nc
 Cannot enable savefile output//EURR-3_SAV.2009100500.nc
 Cannot enable savefile output//EURR-3_SAV.2009100500.nc
 NetCDF: One or more variable sizes violate format constraints                   
 -------------- FATAL CALLED ---------------
  Fatal in file: mod_savefile.F90 at line:     2004
 SAVEFILE
 -------------------------------------------
 Abort called by computing node            37 at 2025-08-11 21:20:28.728 +0200
 Execution terminated because of runtime error
 Cannot enable savefile output//EURR-3_SAV.2009100500.nc
 Cannot enable savefile output//EURR-3_SAV.2009100500.nc
 Cannot enable savefile output//EURR-3_SAV.2009100500.nc
 Cannot enable savefile output//EURR-3_SAV.2009100500.nc
 Cannot enable savefile output//EURR-3_SAV.2009100500.nc
 Cannot enable savefile output//EURR-3_SAV.2009100500.nc
 Cannot enable savefile output//EURR-3_SAV.2009100500.nc
 Cannot enable savefile output//EURR-3_SAV.2009100500.nc
 Cannot enable savefile output//EURR-3_SAV.2009100500.nc
 Cannot enable savefile output//EURR-3_SAV.2009100500.nc
 Cannot enable savefile output//EURR-3_SAV.2009100500.nc
 Cannot enable savefile output//EURR-3_SAV.2009100500.nc
 Cannot enable savefile output//EURR-3_SAV.2009100500.nc
 Cannot enable savefile output//EURR-3_SAV.2009100500.nc
 Cannot enable savefile output//EURR-3_SAV.2009100500.nc
 Cannot enable savefile output//EURR-3_SAV.2009100500.nc
 Cannot enable savefile output//EURR-3_SAV.2009100500.nc
 Cannot enable savefile output//EURR-3_SAV.2009100500.nc
 Cannot enable savefile output//EURR-3_SAV.2009100500.nc
 Cannot enable savefile output//EURR-3_SAV.2009100500.nc
 Cannot enable savefile output//EURR-3_SAV.2009100500.nc
 Cannot enable savefile output//EURR-3_SAV.2009100500.nc
 Cannot enable savefile output//EURR-3_SAV.2009100500.nc
 NetCDF: One or more variable sizes violate format constraints                   
 -------------- FATAL CALLED ---------------
  Fatal in file: mod_savefile.F90 at line:     2004
 SAVEFILE
 -------------------------------------------
 Cannot enable savefile output//EURR-3_SAV.2009100500.nc
 Cannot enable savefile output//EURR-3_SAV.2009100500.nc
 Cannot enable savefile output//EURR-3_SAV.2009100500.nc
 Cannot enable savefile output//EURR-3_SAV.2009100500.nc
 Cannot enable savefile output//EURR-3_SAV.2009100500.nc
 Cannot enable savefile output//EURR-3_SAV.2009100500.nc
 Cannot enable savefile output//EURR-3_SAV.2009100500.nc
 Abort called by computing node            72 at 2025-08-11 21:20:28.728 +0200
 Execution terminated because of runtime error
 Cannot enable savefile output//EURR-3_SAV.2009100500.nc
 Cannot enable savefile output//EURR-3_SAV.2009100500.nc
 Cannot enable savefile output//EURR-3_SAV.2009100500.nc
 Cannot enable savefile output//EURR-3_SAV.2009100500.nc
 Cannot enable savefile output//EURR-3_SAV.2009100500.nc
 Cannot enable savefile output//EURR-3_SAV.2009100500.nc
 Cannot enable savefile output//EURR-3_SAV.2009100500.nc
 Cannot enable savefile output//EURR-3_SAV.2009100500.nc
 Cannot enable savefile output//EURR-3_SAV.2009100500.nc
 Cannot enable savefile output//EURR-3_SAV.2009100500.nc
 Cannot enable savefile output//EURR-3_SAV.2009100500.nc
 Cannot enable savefile output//EURR-3_SAV.2009100500.nc
 Cannot enable savefile output//EURR-3_SAV.2009100500.nc
 Cannot enable savefile output//EURR-3_SAV.2009100500.nc
 Cannot enable savefile output//EURR-3_SAV.2009100500.nc
 NetCDF: One or more variable sizes violate format constraints                   
 -------------- FATAL CALLED ---------------
  Fatal in file: mod_savefile.F90 at line:     2004
 SAVEFILE
 -------------------------------------------
 Abort called by computing node            99 at 2025-08-11 21:20:28.728 +0200
 Execution terminated because of runtime error
 Cannot enable savefile output//EURR-3_SAV.2009100500.nc
 Cannot enable savefile output//EURR-3_SAV.2009100500.nc
 Cannot enable savefile output//EURR-3_SAV.2009100500.nc
 Cannot enable savefile output//EURR-3_SAV.2009100500.nc
 Cannot enable savefile output//EURR-3_SAV.2009100500.nc
 Cannot enable savefile output//EURR-3_SAV.2009100500.nc
 Cannot enable savefile output//EURR-3_SAV.2009100500.nc
 Cannot enable savefile output//EURR-3_SAV.2009100500.nc
 Cannot enable savefile output//EURR-3_SAV.2009100500.nc
 Cannot enable savefile output//EURR-3_SAV.2009100500.nc
 Cannot enable savefile output//EURR-3_SAV.2009100500.nc
 Cannot enable savefile output//EURR-3_SAV.2009100500.nc
 Cannot enable savefile output//EURR-3_SAV.2009100500.nc
 Cannot enable savefile output//EURR-3_SAV.2009100500.nc
 Cannot enable savefile output//EURR-3_SAV.2009100500.nc
 Cannot enable savefile output//EURR-3_SAV.2009100500.nc
 Cannot enable savefile output//EURR-3_SAV.2009100500.nc
 Cannot enable savefile output//EURR-3_SAV.2009100500.nc
 Cannot enable savefile output//EURR-3_SAV.2009100500.nc
 Cannot enable savefile output//EURR-3_SAV.2009100500.nc
 Cannot enable savefile output//EURR-3_SAV.2009100500.nc
 Cannot enable savefile output//EURR-3_SAV.2009100500.nc
 Cannot enable savefile output//EURR-3_SAV.2009100500.nc
 NetCDF: One or more variable sizes violate format constraints                   
 -------------- FATAL CALLED ---------------
 Cannot enable savefile output//EURR-3_SAV.2009100500.nc
 Cannot enable savefile output//EURR-3_SAV.2009100500.nc
 Cannot enable savefile output//EURR-3_SAV.2009100500.nc
 Cannot enable savefile output//EURR-3_SAV.2009100500.nc
 Cannot enable savefile output//EURR-3_SAV.2009100500.nc
 Cannot enable savefile output//EURR-3_SAV.2009100500.nc
 Cannot enable savefile output//EURR-3_SAV.2009100500.nc
  Fatal in file: mod_savefile.F90 at line:     2004
 SAVEFILE
 -------------------------------------------
 Cannot enable savefile output//EURR-3_SAV.2009100500.nc
 Cannot enable savefile output//EURR-3_SAV.2009100500.nc
 Cannot enable savefile output//EURR-3_SAV.2009100500.nc
 Cannot enable savefile output//EURR-3_SAV.2009100500.nc
 Cannot enable savefile output//EURR-3_SAV.2009100500.nc
 Cannot enable savefile output//EURR-3_SAV.2009100500.nc
 Cannot enable savefile output//EURR-3_SAV.2009100500.nc
 Cannot enable savefile output//EURR-3_SAV.2009100500.nc
 Cannot enable savefile output//EURR-3_SAV.2009100500.nc
 Cannot enable savefile output//EURR-3_SAV.2009100500.nc
 Cannot enable savefile output//EURR-3_SAV.2009100500.nc
 Cannot enable savefile output//EURR-3_SAV.2009100500.nc
 Cannot enable savefile output//EURR-3_SAV.2009100500.nc
 Cannot enable savefile output//EURR-3_SAV.2009100500.nc
 Cannot enable savefile output//EURR-3_SAV.2009100500.nc
 Abort called by computing node            23 at 2025-08-11 21:20:28.729 +0200
 Execution terminated because of runtime error
 Cannot enable savefile output//EURR-3_SAV.2009100500.nc
 Cannot enable savefile output//EURR-3_SAV.2009100500.nc
 Cannot enable savefile output//EURR-3_SAV.2009100500.nc
 Cannot enable savefile output//EURR-3_SAV.2009100500.nc
 Cannot enable savefile output//EURR-3_SAV.2009100500.nc
 Cannot enable savefile output//EURR-3_SAV.2009100500.nc
 Cannot enable savefile output//EURR-3_SAV.2009100500.nc
 NetCDF: One or more variable sizes violate format constraints                   
 -------------- FATAL CALLED ---------------
  Fatal in file: mod_savefile.F90 at line:     2004
 SAVEFILE
 -------------------------------------------
 Cannot enable savefile output//EURR-3_SAV.2009100500.nc
 Cannot enable savefile output//EURR-3_SAV.2009100500.nc
 Cannot enable savefile output//EURR-3_SAV.2009100500.nc
 Cannot enable savefile output//EURR-3_SAV.2009100500.nc
 Cannot enable savefile output//EURR-3_SAV.2009100500.nc
 Cannot enable savefile output//EURR-3_SAV.2009100500.nc
 Cannot enable savefile output//EURR-3_SAV.2009100500.nc
 Abort called by computing node            35 at 2025-08-11 21:20:28.729 +0200
 Execution terminated because of runtime error
 Cannot enable savefile output//EURR-3_SAV.2009100500.nc
 Cannot enable savefile output//EURR-3_SAV.2009100500.nc
 Cannot enable savefile output//EURR-3_SAV.2009100500.nc
 Cannot enable savefile output//EURR-3_SAV.2009100500.nc
 Cannot enable savefile output//EURR-3_SAV.2009100500.nc
 Cannot enable savefile output//EURR-3_SAV.2009100500.nc
 Cannot enable savefile output//EURR-3_SAV.2009100500.nc
 NetCDF: One or more variable sizes violate format constraints                   
 -------------- FATAL CALLED ---------------
 Cannot enable savefile output//EURR-3_SAV.2009100500.nc
 Cannot enable savefile output//EURR-3_SAV.2009100500.nc
 Cannot enable savefile output//EURR-3_SAV.2009100500.nc
 Cannot enable savefile output//EURR-3_SAV.2009100500.nc
 Cannot enable savefile output//EURR-3_SAV.2009100500.nc
 Cannot enable savefile output//EURR-3_SAV.2009100500.nc
 Cannot enable savefile output//EURR-3_SAV.2009100500.nc
  Fatal in file: mod_savefile.F90 at line:     2004
 SAVEFILE
 -------------------------------------------
 Cannot enable savefile output//EURR-3_SAV.2009100500.nc
 Cannot enable savefile output//EURR-3_SAV.2009100500.nc
 Cannot enable savefile output//EURR-3_SAV.2009100500.nc
 Cannot enable savefile output//EURR-3_SAV.2009100500.nc
 Cannot enable savefile output//EURR-3_SAV.2009100500.nc
 Cannot enable savefile output//EURR-3_SAV.2009100500.nc
 Cannot enable savefile output//EURR-3_SAV.2009100500.nc
 Cannot enable savefile output//EURR-3_SAV.2009100500.nc
 Cannot enable savefile output//EURR-3_SAV.2009100500.nc
 Cannot enable savefile output//EURR-3_SAV.2009100500.nc
 Cannot enable savefile output//EURR-3_SAV.2009100500.nc
 Cannot enable savefile output//EURR-3_SAV.2009100500.nc
 Cannot enable savefile output//EURR-3_SAV.2009100500.nc
 Cannot enable savefile output//EURR-3_SAV.2009100500.nc
 Cannot enable savefile output//EURR-3_SAV.2009100500.nc
 Abort called by computing node            32 at 2025-08-11 21:20:28.729 +0200
 Execution terminated because of runtime error
 Cannot enable savefile output//EURR-3_SAV.2009100500.nc
 Cannot enable savefile output//EURR-3_SAV.2009100500.nc
 Cannot enable savefile output//EURR-3_SAV.2009100500.nc
 Cannot enable savefile output//EURR-3_SAV.2009100500.nc
 Cannot enable savefile output//EURR-3_SAV.2009100500.nc
 Cannot enable savefile output//EURR-3_SAV.2009100500.nc
 Cannot enable savefile output//EURR-3_SAV.2009100500.nc
 NetCDF: One or more variable sizes violate format constraints                   
 Cannot enable savefile output//EURR-3_SAV.2009100500.nc
 Cannot enable savefile output//EURR-3_SAV.2009100500.nc
 Cannot enable savefile output//EURR-3_SAV.2009100500.nc
 Cannot enable savefile output//EURR-3_SAV.2009100500.nc
 Cannot enable savefile output//EURR-3_SAV.2009100500.nc
 Cannot enable savefile output//EURR-3_SAV.2009100500.nc
 Cannot enable savefile output//EURR-3_SAV.2009100500.nc
 Cannot enable savefile output//EURR-3_SAV.2009100500.nc
 Cannot enable savefile output//EURR-3_SAV.2009100500.nc
 Cannot enable savefile output//EURR-3_SAV.2009100500.nc
 Cannot enable savefile output//EURR-3_SAV.2009100500.nc
 Cannot enable savefile output//EURR-3_SAV.2009100500.nc
 Cannot enable savefile output//EURR-3_SAV.2009100500.nc
 Cannot enable savefile output//EURR-3_SAV.2009100500.nc
 Cannot enable savefile output//EURR-3_SAV.2009100500.nc
 -------------- FATAL CALLED ---------------
  Fatal in file: mod_savefile.F90 at line:     2004
 SAVEFILE
 -------------------------------------------
 Cannot enable savefile output//EURR-3_SAV.2009100500.nc
 Cannot enable savefile output//EURR-3_SAV.2009100500.nc
 Cannot enable savefile output//EURR-3_SAV.2009100500.nc
 Cannot enable savefile output//EURR-3_SAV.2009100500.nc
 Cannot enable savefile output//EURR-3_SAV.2009100500.nc
 Cannot enable savefile output//EURR-3_SAV.2009100500.nc
 Cannot enable savefile output//EURR-3_SAV.2009100500.nc
 Abort called by computing node            46 at 2025-08-11 21:20:28.729 +0200
 Execution terminated because of runtime error
 Cannot enable savefile output//EURR-3_SAV.2009100500.nc
 Cannot enable savefile output//EURR-3_SAV.2009100500.nc
 Cannot enable savefile output//EURR-3_SAV.2009100500.nc
 Cannot enable savefile output//EURR-3_SAV.2009100500.nc
 Cannot enable savefile output//EURR-3_SAV.2009100500.nc
 Cannot enable savefile output//EURR-3_SAV.2009100500.nc
 Cannot enable savefile output//EURR-3_SAV.2009100500.nc
 NetCDF: One or more variable sizes violate format constraints                   
 -------------- FATAL CALLED ---------------
  Fatal in file: mod_savefile.F90 at line:     2004
 SAVEFILE
 -------------------------------------------
 Cannot enable savefile output//EURR-3_SAV.2009100500.nc
 Cannot enable savefile output//EURR-3_SAV.2009100500.nc
 Cannot enable savefile output//EURR-3_SAV.2009100500.nc
 Cannot enable savefile output//EURR-3_SAV.2009100500.nc
 Cannot enable savefile output//EURR-3_SAV.2009100500.nc
 Cannot enable savefile output//EURR-3_SAV.2009100500.nc
 Cannot enable savefile output//EURR-3_SAV.2009100500.nc
 Abort called by computing node            45 at 2025-08-11 21:20:28.729 +0200
 Execution terminated because of runtime error
 Cannot enable savefile output//EURR-3_SAV.2009100500.nc
 Cannot enable savefile output//EURR-3_SAV.2009100500.nc
 Cannot enable savefile output//EURR-3_SAV.2009100500.nc
 Cannot enable savefile output//EURR-3_SAV.2009100500.nc
 Cannot enable savefile output//EURR-3_SAV.2009100500.nc
 Cannot enable savefile output//EURR-3_SAV.2009100500.nc
 Cannot enable savefile output//EURR-3_SAV.2009100500.nc
 NetCDF: One or more variable sizes violate format constraints                   
 -------------- FATAL CALLED ---------------
  Fatal in file: mod_savefile.F90 at line:     2004
 SAVEFILE
 -------------------------------------------
 Cannot enable savefile output//EURR-3_SAV.2009100500.nc
 Cannot enable savefile output//EURR-3_SAV.2009100500.nc
 Cannot enable savefile output//EURR-3_SAV.2009100500.nc
 Cannot enable savefile output//EURR-3_SAV.2009100500.nc
 Cannot enable savefile output//EURR-3_SAV.2009100500.nc
 Cannot enable savefile output//EURR-3_SAV.2009100500.nc
 Cannot enable savefile output//EURR-3_SAV.2009100500.nc
 NetCDF: One or more variable sizes violate format constraints                   
 -------------- FATAL CALLED ---------------
  Fatal in file: mod_savefile.F90 at line:     2004
 SAVEFILE
 -------------------------------------------
 Abort called by computing node            59 at 2025-08-11 21:20:28.729 +0200
 Execution terminated because of runtime error
 Cannot enable savefile output//EURR-3_SAV.2009100500.nc
 Cannot enable savefile output//EURR-3_SAV.2009100500.nc
 Cannot enable savefile output//EURR-3_SAV.2009100500.nc
 Cannot enable savefile output//EURR-3_SAV.2009100500.nc
 Cannot enable savefile output//EURR-3_SAV.2009100500.nc
 Cannot enable savefile output//EURR-3_SAV.2009100500.nc
 Cannot enable savefile output//EURR-3_SAV.2009100500.nc
 NetCDF: One or more variable sizes violate format constraints                   
 -------------- FATAL CALLED ---------------
  Fatal in file: mod_savefile.F90 at line:     2004
 SAVEFILE
 -------------------------------------------
 Abort called by computing node            86 at 2025-08-11 21:20:28.729 +0200
 Execution terminated because of runtime error
 Cannot enable savefile output//EURR-3_SAV.2009100500.nc
 Cannot enable savefile output//EURR-3_SAV.2009100500.nc
 Cannot enable savefile output//EURR-3_SAV.2009100500.nc
 Cannot enable savefile output//EURR-3_SAV.2009100500.nc
 Cannot enable savefile output//EURR-3_SAV.2009100500.nc
 Cannot enable savefile output//EURR-3_SAV.2009100500.nc
 Cannot enable savefile output//EURR-3_SAV.2009100500.nc
 Cannot enable savefile output//EURR-3_SAV.2009100500.nc
 Cannot enable savefile output//EURR-3_SAV.2009100500.nc
 Cannot enable savefile output//EURR-3_SAV.2009100500.nc
 Cannot enable savefile output//EURR-3_SAV.2009100500.nc
 Cannot enable savefile output//EURR-3_SAV.2009100500.nc
 Cannot enable savefile output//EURR-3_SAV.2009100500.nc
 Cannot enable savefile output//EURR-3_SAV.2009100500.nc
 Cannot enable savefile output//EURR-3_SAV.2009100500.nc
 Abort called by computing node            50 at 2025-08-11 21:20:28.729 +0200
 Execution terminated because of runtime error
 Cannot enable savefile output//EURR-3_SAV.2009100500.nc
 Cannot enable savefile output//EURR-3_SAV.2009100500.nc
 Cannot enable savefile output//EURR-3_SAV.2009100500.nc
 Cannot enable savefile output//EURR-3_SAV.2009100500.nc
 Cannot enable savefile output//EURR-3_SAV.2009100500.nc
 Cannot enable savefile output//EURR-3_SAV.2009100500.nc
 Cannot enable savefile output//EURR-3_SAV.2009100500.nc
 Cannot enable savefile output//EURR-3_SAV.2009100500.nc
 Cannot enable savefile output//EURR-3_SAV.2009100500.nc
 Cannot enable savefile output//EURR-3_SAV.2009100500.nc
 Cannot enable savefile output//EURR-3_SAV.2009100500.nc
 Cannot enable savefile output//EURR-3_SAV.2009100500.nc
 Cannot enable savefile output//EURR-3_SAV.2009100500.nc
 Cannot enable savefile output//EURR-3_SAV.2009100500.nc
 Cannot enable savefile output//EURR-3_SAV.2009100500.nc
 Cannot enable savefile output//EURR-3_SAV.2009100500.nc
 Cannot enable savefile output//EURR-3_SAV.2009100500.nc
 Cannot enable savefile output//EURR-3_SAV.2009100500.nc
 Cannot enable savefile output//EURR-3_SAV.2009100500.nc
 Cannot enable savefile output//EURR-3_SAV.2009100500.nc
 Cannot enable savefile output//EURR-3_SAV.2009100500.nc
 Cannot enable savefile output//EURR-3_SAV.2009100500.nc
 Cannot enable savefile output//EURR-3_SAV.2009100500.nc
 Cannot enable savefile output//EURR-3_SAV.2009100500.nc
 Cannot enable savefile output//EURR-3_SAV.2009100500.nc
 Cannot enable savefile output//EURR-3_SAV.2009100500.nc
 Cannot enable savefile output//EURR-3_SAV.2009100500.nc
 Cannot enable savefile output//EURR-3_SAV.2009100500.nc
 Cannot enable savefile output//EURR-3_SAV.2009100500.nc
 Cannot enable savefile output//EURR-3_SAV.2009100500.nc
 Cannot enable savefile output//EURR-3_SAV.2009100500.nc
 NetCDF: One or more variable sizes violate format constraints                   
 -------------- FATAL CALLED ---------------
  Fatal in file: mod_savefile.F90 at line:     2004
 SAVEFILE
 -------------------------------------------
 Abort called by computing node            41 at 2025-08-11 21:20:28.730 +0200
 Execution terminated because of runtime error
 Cannot enable savefile output//EURR-3_SAV.2009100500.nc
 Cannot enable savefile output//EURR-3_SAV.2009100500.nc
 Cannot enable savefile output//EURR-3_SAV.2009100500.nc
 Cannot enable savefile output//EURR-3_SAV.2009100500.nc
 Cannot enable savefile output//EURR-3_SAV.2009100500.nc
 Cannot enable savefile output//EURR-3_SAV.2009100500.nc
 Cannot enable savefile output//EURR-3_SAV.2009100500.nc
 Cannot enable savefile output//EURR-3_SAV.2009100500.nc
 Cannot enable savefile output//EURR-3_SAV.2009100500.nc
 Cannot enable savefile output//EURR-3_SAV.2009100500.nc
 Cannot enable savefile output//EURR-3_SAV.2009100500.nc
 Cannot enable savefile output//EURR-3_SAV.2009100500.nc
 Cannot enable savefile output//EURR-3_SAV.2009100500.nc
 Cannot enable savefile output//EURR-3_SAV.2009100500.nc
 Cannot enable savefile output//EURR-3_SAV.2009100500.nc
 Cannot enable savefile output//EURR-3_SAV.2009100500.nc
 Cannot enable savefile output//EURR-3_SAV.2009100500.nc
 Cannot enable savefile output//EURR-3_SAV.2009100500.nc
 Cannot enable savefile output//EURR-3_SAV.2009100500.nc
 Cannot enable savefile output//EURR-3_SAV.2009100500.nc
 Cannot enable savefile output//EURR-3_SAV.2009100500.nc
 Cannot enable savefile output//EURR-3_SAV.2009100500.nc
 Cannot enable savefile output//EURR-3_SAV.2009100500.nc
 Cannot enable savefile output//EURR-3_SAV.2009100500.nc
 Cannot enable savefile output//EURR-3_SAV.2009100500.nc
 Cannot enable savefile output//EURR-3_SAV.2009100500.nc
 Cannot enable savefile output//EURR-3_SAV.2009100500.nc
 Cannot enable savefile output//EURR-3_SAV.2009100500.nc
 Cannot enable savefile output//EURR-3_SAV.2009100500.nc
 Cannot enable savefile output//EURR-3_SAV.2009100500.nc
 Cannot enable savefile output//EURR-3_SAV.2009100500.nc
 NetCDF: One or more variable sizes violate format constraints                   
 -------------- FATAL CALLED ---------------
 Cannot enable savefile output//EURR-3_SAV.2009100500.nc
 Cannot enable savefile output//EURR-3_SAV.2009100500.nc
 Cannot enable savefile output//EURR-3_SAV.2009100500.nc
 Cannot enable savefile output//EURR-3_SAV.2009100500.nc
 Cannot enable savefile output//EURR-3_SAV.2009100500.nc
 Cannot enable savefile output//EURR-3_SAV.2009100500.nc
 Cannot enable savefile output//EURR-3_SAV.2009100500.nc
  Fatal in file: mod_savefile.F90 at line:     2004
 SAVEFILE
 -------------------------------------------
 Cannot enable savefile output//EURR-3_SAV.2009100500.nc
 Cannot enable savefile output//EURR-3_SAV.2009100500.nc
 Cannot enable savefile output//EURR-3_SAV.2009100500.nc
 Cannot enable savefile output//EURR-3_SAV.2009100500.nc
 Cannot enable savefile output//EURR-3_SAV.2009100500.nc
 Cannot enable savefile output//EURR-3_SAV.2009100500.nc
 Cannot enable savefile output//EURR-3_SAV.2009100500.nc
 Abort called by computing node            83 at 2025-08-11 21:20:28.730 +0200
 Execution terminated because of runtime error
 Cannot enable savefile output//EURR-3_SAV.2009100500.nc
 Cannot enable savefile output//EURR-3_SAV.2009100500.nc
 Cannot enable savefile output//EURR-3_SAV.2009100500.nc
 Cannot enable savefile output//EURR-3_SAV.2009100500.nc
 Cannot enable savefile output//EURR-3_SAV.2009100500.nc
 Cannot enable savefile output//EURR-3_SAV.2009100500.nc
 Cannot enable savefile output//EURR-3_SAV.2009100500.nc
 Cannot enable savefile output//EURR-3_SAV.2009100500.nc
 Cannot enable savefile output//EURR-3_SAV.2009100500.nc
 Cannot enable savefile output//EURR-3_SAV.2009100500.nc
 Cannot enable savefile output//EURR-3_SAV.2009100500.nc
 Cannot enable savefile output//EURR-3_SAV.2009100500.nc
 Cannot enable savefile output//EURR-3_SAV.2009100500.nc
 Cannot enable savefile output//EURR-3_SAV.2009100500.nc
 Cannot enable savefile output//EURR-3_SAV.2009100500.nc
 NetCDF: One or more variable sizes violate format constraints                   
 -------------- FATAL CALLED ---------------
  Fatal in file: mod_savefile.F90 at line:     2004
 SAVEFILE
 -------------------------------------------
 Cannot enable savefile output//EURR-3_SAV.2009100500.nc
 Cannot enable savefile output//EURR-3_SAV.2009100500.nc
 Cannot enable savefile output//EURR-3_SAV.2009100500.nc
 Cannot enable savefile output//EURR-3_SAV.2009100500.nc
 Cannot enable savefile output//EURR-3_SAV.2009100500.nc
 Cannot enable savefile output//EURR-3_SAV.2009100500.nc
 Cannot enable savefile output//EURR-3_SAV.2009100500.nc
 NetCDF: One or more variable sizes violate format constraints                   
 -------------- FATAL CALLED ---------------
  Fatal in file: mod_savefile.F90 at line:     2004
 SAVEFILE
 -------------------------------------------
 Cannot enable savefile output//EURR-3_SAV.2009100500.nc
 Cannot enable savefile output//EURR-3_SAV.2009100500.nc
 Cannot enable savefile output//EURR-3_SAV.2009100500.nc
 Cannot enable savefile output//EURR-3_SAV.2009100500.nc
 Cannot enable savefile output//EURR-3_SAV.2009100500.nc
 Cannot enable savefile output//EURR-3_SAV.2009100500.nc
 Cannot enable savefile output//EURR-3_SAV.2009100500.nc
 Abort called by computing node            62 at 2025-08-11 21:20:28.730 +0200
 Execution terminated because of runtime error
 Cannot enable savefile output//EURR-3_SAV.2009100500.nc
 Cannot enable savefile output//EURR-3_SAV.2009100500.nc
 Cannot enable savefile output//EURR-3_SAV.2009100500.nc
 Cannot enable savefile output//EURR-3_SAV.2009100500.nc
 Cannot enable savefile output//EURR-3_SAV.2009100500.nc
 Cannot enable savefile output//EURR-3_SAV.2009100500.nc
 Cannot enable savefile output//EURR-3_SAV.2009100500.nc
 Abort called by computing node             2 at 2025-08-11 21:20:28.730 +0200
 Execution terminated because of runtime error
 Cannot enable savefile output//EURR-3_SAV.2009100500.nc
 Cannot enable savefile output//EURR-3_SAV.2009100500.nc
 Cannot enable savefile output//EURR-3_SAV.2009100500.nc
 Cannot enable savefile output//EURR-3_SAV.2009100500.nc
 Cannot enable savefile output//EURR-3_SAV.2009100500.nc
 Cannot enable savefile output//EURR-3_SAV.2009100500.nc
 Cannot enable savefile output//EURR-3_SAV.2009100500.nc
 NetCDF: One or more variable sizes violate format constraints                   
 -------------- FATAL CALLED ---------------
  Fatal in file: mod_savefile.F90 at line:     2004
 SAVEFILE
 -------------------------------------------
 Cannot enable savefile output//EURR-3_SAV.2009100500.nc
 Cannot enable savefile output//EURR-3_SAV.2009100500.nc
 Cannot enable savefile output//EURR-3_SAV.2009100500.nc
 Cannot enable savefile output//EURR-3_SAV.2009100500.nc
 Cannot enable savefile output//EURR-3_SAV.2009100500.nc
 Cannot enable savefile output//EURR-3_SAV.2009100500.nc
 Cannot enable savefile output//EURR-3_SAV.2009100500.nc
 Abort called by computing node             8 at 2025-08-11 21:20:28.730 +0200
 Execution terminated because of runtime error
 Cannot enable savefile output//EURR-3_SAV.2009100500.nc
 Cannot enable savefile output//EURR-3_SAV.2009100500.nc
 Cannot enable savefile output//EURR-3_SAV.2009100500.nc
 Cannot enable savefile output//EURR-3_SAV.2009100500.nc
 Cannot enable savefile output//EURR-3_SAV.2009100500.nc
 Cannot enable savefile output//EURR-3_SAV.2009100500.nc
 Cannot enable savefile output//EURR-3_SAV.2009100500.nc
 NetCDF: One or more variable sizes violate format constraints                   
 -------------- FATAL CALLED ---------------
 Cannot enable savefile output//EURR-3_SAV.2009100500.nc
 Cannot enable savefile output//EURR-3_SAV.2009100500.nc
 Cannot enable savefile output//EURR-3_SAV.2009100500.nc
 Cannot enable savefile output//EURR-3_SAV.2009100500.nc
 Cannot enable savefile output//EURR-3_SAV.2009100500.nc
 Cannot enable savefile output//EURR-3_SAV.2009100500.nc
 Cannot enable savefile output//EURR-3_SAV.2009100500.nc
 Cannot enable savefile output//EURR-3_SAV.2009100500.nc
 Cannot enable savefile output//EURR-3_SAV.2009100500.nc
 Cannot enable savefile output//EURR-3_SAV.2009100500.nc
 Cannot enable savefile output//EURR-3_SAV.2009100500.nc
 Cannot enable savefile output//EURR-3_SAV.2009100500.nc
 Cannot enable savefile output//EURR-3_SAV.2009100500.nc
 Cannot enable savefile output//EURR-3_SAV.2009100500.nc
 Cannot enable savefile output//EURR-3_SAV.2009100500.nc
 Cannot enable savefile output//EURR-3_SAV.2009100500.nc
 Cannot enable savefile output//EURR-3_SAV.2009100500.nc
 Cannot enable savefile output//EURR-3_SAV.2009100500.nc
 Cannot enable savefile output//EURR-3_SAV.2009100500.nc
 Cannot enable savefile output//EURR-3_SAV.2009100500.nc
 Cannot enable savefile output//EURR-3_SAV.2009100500.nc
 Cannot enable savefile output//EURR-3_SAV.2009100500.nc
 Cannot enable savefile output//EURR-3_SAV.2009100500.nc
  Fatal in file: mod_savefile.F90 at line:     2004
 SAVEFILE
 -------------------------------------------
 Cannot enable savefile output//EURR-3_SAV.2009100500.nc
 Cannot enable savefile output//EURR-3_SAV.2009100500.nc
 Cannot enable savefile output//EURR-3_SAV.2009100500.nc
 Cannot enable savefile output//EURR-3_SAV.2009100500.nc
 Cannot enable savefile output//EURR-3_SAV.2009100500.nc
 Cannot enable savefile output//EURR-3_SAV.2009100500.nc
 Cannot enable savefile output//EURR-3_SAV.2009100500.nc
 Cannot enable savefile output//EURR-3_SAV.2009100500.nc
 Cannot enable savefile output//EURR-3_SAV.2009100500.nc
 Cannot enable savefile output//EURR-3_SAV.2009100500.nc
 Cannot enable savefile output//EURR-3_SAV.2009100500.nc
 Cannot enable savefile output//EURR-3_SAV.2009100500.nc
 Cannot enable savefile output//EURR-3_SAV.2009100500.nc
 Cannot enable savefile output//EURR-3_SAV.2009100500.nc
 Cannot enable savefile output//EURR-3_SAV.2009100500.nc
 Abort called by computing node            79 at 2025-08-11 21:20:28.731 +0200
 Execution terminated because of runtime error
 Cannot enable savefile output//EURR-3_SAV.2009100500.nc
 Cannot enable savefile output//EURR-3_SAV.2009100500.nc
 Cannot enable savefile output//EURR-3_SAV.2009100500.nc
 Cannot enable savefile output//EURR-3_SAV.2009100500.nc
 Cannot enable savefile output//EURR-3_SAV.2009100500.nc
 Cannot enable savefile output//EURR-3_SAV.2009100500.nc
 Cannot enable savefile output//EURR-3_SAV.2009100500.nc
 NetCDF: One or more variable sizes violate format constraints                   
 -------------- FATAL CALLED ---------------
 Cannot enable savefile output//EURR-3_SAV.2009100500.nc
 Cannot enable savefile output//EURR-3_SAV.2009100500.nc
 Cannot enable savefile output//EURR-3_SAV.2009100500.nc
 Cannot enable savefile output//EURR-3_SAV.2009100500.nc
 NetCDF: One or more variable sizes violate format constraints                   
 Cannot enable savefile output//EURR-3_SAV.2009100500.nc
 Cannot enable savefile output//EURR-3_SAV.2009100500.nc
 Cannot enable savefile output//EURR-3_SAV.2009100500.nc
 Cannot enable savefile output//EURR-3_SAV.2009100500.nc
 Cannot enable savefile output//EURR-3_SAV.2009100500.nc
 Cannot enable savefile output//EURR-3_SAV.2009100500.nc
 Cannot enable savefile output//EURR-3_SAV.2009100500.nc
 -------------- FATAL CALLED ---------------
 Cannot enable savefile output//EURR-3_SAV.2009100500.nc
 Cannot enable savefile output//EURR-3_SAV.2009100500.nc
 Cannot enable savefile output//EURR-3_SAV.2009100500.nc
  Fatal in file: mod_savefile.F90 at line:     2004
 SAVEFILE
 -------------------------------------------
 Abort called by computing node            42 at 2025-08-11 21:20:28.731 +0200
 Execution terminated because of runtime error
 Cannot enable savefile output//EURR-3_SAV.2009100500.nc
 Cannot enable savefile output//EURR-3_SAV.2009100500.nc
 Cannot enable savefile output//EURR-3_SAV.2009100500.nc
 NetCDF: One or more variable sizes violate format constraints                   
 -------------- FATAL CALLED ---------------
 Cannot enable savefile output//EURR-3_SAV.2009100500.nc
 Cannot enable savefile output//EURR-3_SAV.2009100500.nc
 Cannot enable savefile output//EURR-3_SAV.2009100500.nc
 Cannot enable savefile output//EURR-3_SAV.2009100500.nc
 Cannot enable savefile output//EURR-3_SAV.2009100500.nc
 Cannot enable savefile output//EURR-3_SAV.2009100500.nc
 Cannot enable savefile output//EURR-3_SAV.2009100500.nc
 NetCDF: One or more variable sizes violate format constraints                   
 -------------- FATAL CALLED ---------------
 Cannot enable savefile output//EURR-3_SAV.2009100500.nc
 Cannot enable savefile output//EURR-3_SAV.2009100500.nc
 Cannot enable savefile output//EURR-3_SAV.2009100500.nc
 NetCDF: One or more variable sizes violate format constraints                   
 -------------- FATAL CALLED ---------------
  Fatal in file: mod_savefile.F90 at line:     2004
 Cannot enable savefile output//EURR-3_SAV.2009100500.nc
 Cannot enable savefile output//EURR-3_SAV.2009100500.nc
 Cannot enable savefile output//EURR-3_SAV.2009100500.nc
 NetCDF: One or more variable sizes violate format constraints                   
 -------------- FATAL CALLED ---------------
 Cannot enable savefile output//EURR-3_SAV.2009100500.nc
 Cannot enable savefile output//EURR-3_SAV.2009100500.nc
 Cannot enable savefile output//EURR-3_SAV.2009100500.nc
 SAVEFILE
 -------------------------------------------
 Cannot enable savefile output//EURR-3_SAV.2009100500.nc
 Cannot enable savefile output//EURR-3_SAV.2009100500.nc
 Cannot enable savefile output//EURR-3_SAV.2009100500.nc
 NetCDF: One or more variable sizes violate format constraints                   
 -------------- FATAL CALLED ---------------
 Cannot enable savefile output//EURR-3_SAV.2009100500.nc
 Cannot enable savefile output//EURR-3_SAV.2009100500.nc
 Cannot enable savefile output//EURR-3_SAV.2009100500.nc
 Abort called by computing node            10 at 2025-08-11 21:20:28.731 +0200
 Execution terminated because of runtime error
 Cannot enable savefile output//EURR-3_SAV.2009100500.nc
 Cannot enable savefile output//EURR-3_SAV.2009100500.nc
 Cannot enable savefile output//EURR-3_SAV.2009100500.nc
 NetCDF: One or more variable sizes violate format constraints                   
 -------------- FATAL CALLED ---------------
 Cannot enable savefile output//EURR-3_SAV.2009100500.nc
 Cannot enable savefile output//EURR-3_SAV.2009100500.nc
 Cannot enable savefile output//EURR-3_SAV.2009100500.nc
 Cannot enable savefile output//EURR-3_SAV.2009100500.nc
 NetCDF: One or more variable sizes violate format constraints                   
 -------------- FATAL CALLED ---------------
 Cannot enable savefile output//EURR-3_SAV.2009100500.nc
 NetCDF: One or more variable sizes violate format constraints                   
 -------------- FATAL CALLED ---------------
 NetCDF: One or more variable sizes violate format constraints                   
 -------------- FATAL CALLED ---------------
 NetCDF: One or more variable sizes violate format constraints                   
 -------------- FATAL CALLED ---------------
 NetCDF: One or more variable sizes violate format constraints                   
 NetCDF: One or more variable sizes violate format constraints                   
 -------------- FATAL CALLED ---------------
 NetCDF: One or more variable sizes violate format constraints                   
 -------------- FATAL CALLED ---------------
  Fatal in file: mod_savefile.F90 at line:     2004
 SAVEFILE
 -------------------------------------------
 Abort called by computing node            34 at 2025-08-11 21:20:28.731 +0200
 Execution terminated because of runtime error
 Cannot enable savefile output//EURR-3_SAV.2009100500.nc
 NetCDF: One or more variable sizes violate format constraints                   
 NetCDF: One or more variable sizes violate format constraints                   
 -------------- FATAL CALLED ---------------
  Fatal in file: mod_savefile.F90 at line:     2004
 SAVEFILE
 -------------------------------------------
 Cannot enable savefile output//EURR-3_SAV.2009100500.nc
 NetCDF: One or more variable sizes violate format constraints                   
 -------------- FATAL CALLED ---------------
 NetCDF: One or more variable sizes violate format constraints                   
 -------------- FATAL CALLED ---------------
 NetCDF: One or more variable sizes violate format constraints                   
 -------------- FATAL CALLED ---------------
  Fatal in file: mod_savefile.F90 at line:     2004
 SAVEFILE
 -------------------------------------------
 NetCDF: One or more variable sizes violate format constraints                   
 -------------- FATAL CALLED ---------------
 NetCDF: One or more variable sizes violate format constraints                   
 -------------- FATAL CALLED ---------------
  Fatal in file: mod_savefile.F90 at line:     2004
 SAVEFILE
 -------------------------------------------
 Abort called by computing node            51 at 2025-08-11 21:20:28.731 +0200
 Execution terminated because of runtime error
 NetCDF: One or more variable sizes violate format constraints                   
 -------------- FATAL CALLED ---------------
 NetCDF: One or more variable sizes violate format constraints                   
 -------------- FATAL CALLED ---------------
  Fatal in file: mod_savefile.F90 at line:     2004
 SAVEFILE
 -------------------------------------------
 NetCDF: One or more variable sizes violate format constraints                   
 -------------- FATAL CALLED ---------------
  Fatal in file: mod_savefile.F90 at line:     2004
 SAVEFILE
 -------------------------------------------
 NetCDF: One or more variable sizes violate format constraints                   
 -------------- FATAL CALLED ---------------
 NetCDF: One or more variable sizes violate format constraints                   
 -------------- FATAL CALLED ---------------
 NetCDF: One or more variable sizes violate format constraints                   
 -------------- FATAL CALLED ---------------
  Fatal in file: mod_savefile.F90 at line:     2004
 SAVEFILE
 -------------------------------------------
 NetCDF: One or more variable sizes violate format constraints                   
 -------------- FATAL CALLED ---------------
 Cannot enable savefile output//EURR-3_SAV.2009100500.nc
 NetCDF: One or more variable sizes violate format constraints                   
 -------------- FATAL CALLED ---------------
 NetCDF: One or more variable sizes violate format constraints                   
 -------------- FATAL CALLED ---------------
  Fatal in file: mod_savefile.F90 at line:     2004
 SAVEFILE
 -------------------------------------------
  Fatal in file: mod_savefile.F90 at line:     2004
 SAVEFILE
 -------------------------------------------
 NetCDF: One or more variable sizes violate format constraints                   
 -------------- FATAL CALLED ---------------
 NetCDF: One or more variable sizes violate format constraints                   
 -------------- FATAL CALLED ---------------
 -------------- FATAL CALLED ---------------
  Fatal in file: mod_savefile.F90 at line:     2004
 SAVEFILE
 -------------------------------------------
 NetCDF: One or more variable sizes violate format constraints                   
 -------------- FATAL CALLED ---------------
 NetCDF: One or more variable sizes violate format constraints                   
 -------------- FATAL CALLED ---------------
  Fatal in file: mod_savefile.F90 at line:     2004
 SAVEFILE
 -------------------------------------------
 Abort called by computing node            60 at 2025-08-11 21:20:28.731 +0200
 Execution terminated because of runtime error
 NetCDF: One or more variable sizes violate format constraints                   
 -------------- FATAL CALLED ---------------
 NetCDF: One or more variable sizes violate format constraints                   
 -------------- FATAL CALLED ---------------
  Fatal in file: mod_savefile.F90 at line:     2004
 SAVEFILE
 -------------------------------------------
 NetCDF: One or more variable sizes violate format constraints                   
 -------------- FATAL CALLED ---------------
  Fatal in file: mod_savefile.F90 at line:     2004
 SAVEFILE
 -------------------------------------------
 NetCDF: One or more variable sizes violate format constraints                   
 -------------- FATAL CALLED ---------------
 NetCDF: One or more variable sizes violate format constraints                   
 -------------- FATAL CALLED ---------------
 NetCDF: One or more variable sizes violate format constraints                   
 -------------- FATAL CALLED ---------------
  Fatal in file: mod_savefile.F90 at line:     2004
 SAVEFILE
 -------------------------------------------
 NetCDF: One or more variable sizes violate format constraints                   
 -------------- FATAL CALLED ---------------
 Cannot enable savefile output//EURR-3_SAV.2009100500.nc
 NetCDF: One or more variable sizes violate format constraints                   
 -------------- FATAL CALLED ---------------
 NetCDF: One or more variable sizes violate format constraints                   
 -------------- FATAL CALLED ---------------
  Fatal in file: mod_savefile.F90 at line:     2004
 SAVEFILE
 -------------------------------------------
 NetCDF: One or more variable sizes violate format constraints                   
 -------------- FATAL CALLED ---------------
  Fatal in file: mod_savefile.F90 at line:     2004
 SAVEFILE
 -------------------------------------------
 NetCDF: One or more variable sizes violate format constraints                   
 -------------- FATAL CALLED ---------------
 NetCDF: One or more variable sizes violate format constraints                   
 -------------- FATAL CALLED ---------------
 NetCDF: One or more variable sizes violate format constraints                   
 -------------- FATAL CALLED ---------------
  Fatal in file: mod_savefile.F90 at line:     2004
 SAVEFILE
 -------------------------------------------
 NetCDF: One or more variable sizes violate format constraints                   
 -------------- FATAL CALLED ---------------
 Cannot enable savefile output//EURR-3_SAV.2009100500.nc
 NetCDF: One or more variable sizes violate format constraints                   
 -------------- FATAL CALLED ---------------
 NetCDF: One or more variable sizes violate format constraints                   
 -------------- FATAL CALLED ---------------
  Fatal in file: mod_savefile.F90 at line:     2004
 SAVEFILE
 -------------------------------------------
 NetCDF: One or more variable sizes violate format constraints                   
 -------------- FATAL CALLED ---------------
  Fatal in file: mod_savefile.F90 at line:     2004
 SAVEFILE
 -------------------------------------------
 NetCDF: One or more variable sizes violate format constraints                   
 -------------- FATAL CALLED ---------------
 NetCDF: One or more variable sizes violate format constraints                   
 -------------- FATAL CALLED ---------------
 NetCDF: One or more variable sizes violate format constraints                   
 -------------- FATAL CALLED ---------------
  Fatal in file: mod_savefile.F90 at line:     2004
 SAVEFILE
 -------------------------------------------
 NetCDF: One or more variable sizes violate format constraints                   
 -------------- FATAL CALLED ---------------
 Cannot enable savefile output//EURR-3_SAV.2009100500.nc
 -------------- FATAL CALLED ---------------
 NetCDF: One or more variable sizes violate format constraints                   
 -------------- FATAL CALLED ---------------
  Fatal in file: mod_savefile.F90 at line:     2004
 SAVEFILE
 -------------------------------------------
 NetCDF: One or more variable sizes violate format constraints                   
 -------------- FATAL CALLED ---------------
  Fatal in file: mod_savefile.F90 at line:     2004
 SAVEFILE
 -------------------------------------------
 NetCDF: One or more variable sizes violate format constraints                   
 -------------- FATAL CALLED ---------------
 NetCDF: One or more variable sizes violate format constraints                   
 -------------- FATAL CALLED ---------------
 NetCDF: One or more variable sizes violate format constraints                   
 -------------- FATAL CALLED ---------------
  Fatal in file: mod_savefile.F90 at line:     2004
 SAVEFILE
 -------------------------------------------
 NetCDF: One or more variable sizes violate format constraints                   
 -------------- FATAL CALLED ---------------
 Cannot enable savefile output//EURR-3_SAV.2009100500.nc
 NetCDF: One or more variable sizes violate format constraints                   
 -------------- FATAL CALLED ---------------
 NetCDF: One or more variable sizes violate format constraints                   
 -------------- FATAL CALLED ---------------
 NetCDF: One or more variable sizes violate format constraints                   
 -------------- FATAL CALLED ---------------
  Fatal in file: mod_savefile.F90 at line:     2004
 SAVEFILE
 -------------------------------------------
 NetCDF: One or more variable sizes violate format constraints                   
 -------------- FATAL CALLED ---------------
 NetCDF: One or more variable sizes violate format constraints                   
 -------------- FATAL CALLED ---------------
 NetCDF: One or more variable sizes violate format constraints                   
 -------------- FATAL CALLED ---------------
  Fatal in file: mod_savefile.F90 at line:     2004
 SAVEFILE
 -------------------------------------------
  Fatal in file: mod_savefile.F90 at line:     2004
 SAVEFILE
 -------------------------------------------
 Cannot enable savefile output//EURR-3_SAV.2009100500.nc
 NetCDF: One or more variable sizes violate format constraints                   
 -------------- FATAL CALLED ---------------
 NetCDF: One or more variable sizes violate format constraints                   
 -------------- FATAL CALLED ---------------
  Fatal in file: mod_savefile.F90 at line:     2004
 SAVEFILE
 -------------------------------------------
 NetCDF: One or more variable sizes violate format constraints                   
 -------------- FATAL CALLED ---------------
  Fatal in file: mod_savefile.F90 at line:     2004
 SAVEFILE
 -------------------------------------------
 NetCDF: One or more variable sizes violate format constraints                   
 -------------- FATAL CALLED ---------------
 NetCDF: One or more variable sizes violate format constraints                   
 -------------- FATAL CALLED ---------------
 NetCDF: One or more variable sizes violate format constraints                   
 -------------- FATAL CALLED ---------------
  Fatal in file: mod_savefile.F90 at line:     2004
 SAVEFILE
 -------------------------------------------
  Fatal in file: mod_savefile.F90 at line:     2004
 SAVEFILE
 -------------------------------------------
 NetCDF: One or more variable sizes violate format constraints                   
 -------------- FATAL CALLED ---------------
 NetCDF: One or more variable sizes violate format constraints                   
 -------------- FATAL CALLED ---------------
 NetCDF: One or more variable sizes violate format constraints                   
 -------------- FATAL CALLED ---------------
  Fatal in file: mod_savefile.F90 at line:     2004
 SAVEFILE
 -------------------------------------------
 NetCDF: One or more variable sizes violate format constraints                   
 -------------- FATAL CALLED ---------------
  Fatal in file: mod_savefile.F90 at line:     2004
 SAVEFILE
 -------------------------------------------
 NetCDF: One or more variable sizes violate format constraints                   
 -------------- FATAL CALLED ---------------
 NetCDF: One or more variable sizes violate format constraints                   
 -------------- FATAL CALLED ---------------
 NetCDF: One or more variable sizes violate format constraints                   
 -------------- FATAL CALLED ---------------
  Fatal in file: mod_savefile.F90 at line:     2004
 SAVEFILE
 -------------------------------------------
  Fatal in file: mod_savefile.F90 at line:     2004
 SAVEFILE
 -------------------------------------------
  Fatal in file: mod_savefile.F90 at line:     2004
 SAVEFILE
 -------------------------------------------
 NetCDF: One or more variable sizes violate format constraints                   
 -------------- FATAL CALLED ---------------
 NetCDF: One or more variable sizes violate format constraints                   
 -------------- FATAL CALLED ---------------
  Fatal in file: mod_savefile.F90 at line:     2004
 SAVEFILE
 -------------------------------------------
 NetCDF: One or more variable sizes violate format constraints                   
 -------------- FATAL CALLED ---------------
  Fatal in file: mod_savefile.F90 at line:     2004
 SAVEFILE
 -------------------------------------------
 NetCDF: One or more variable sizes violate format constraints                   
 -------------- FATAL CALLED ---------------
 NetCDF: One or more variable sizes violate format constraints                   
 -------------- FATAL CALLED ---------------
 NetCDF: One or more variable sizes violate format constraints                   
 -------------- FATAL CALLED ---------------
  Fatal in file: mod_savefile.F90 at line:     2004
 SAVEFILE
 -------------------------------------------
  Fatal in file: mod_savefile.F90 at line:     2004
 SAVEFILE
 -------------------------------------------
 Cannot enable savefile output//EURR-3_SAV.2009100500.nc
 NetCDF: One or more variable sizes violate format constraints                   
 -------------- FATAL CALLED ---------------
 NetCDF: One or more variable sizes violate format constraints                   
 -------------- FATAL CALLED ---------------
  Fatal in file: mod_savefile.F90 at line:     2004
 SAVEFILE
 -------------------------------------------
 NetCDF: One or more variable sizes violate format constraints                   
 -------------- FATAL CALLED ---------------
  Fatal in file: mod_savefile.F90 at line:     2004
 SAVEFILE
 -------------------------------------------
 NetCDF: One or more variable sizes violate format constraints                   
 -------------- FATAL CALLED ---------------
 NetCDF: One or more variable sizes violate format constraints                   
 -------------- FATAL CALLED ---------------
 NetCDF: One or more variable sizes violate format constraints                   
 -------------- FATAL CALLED ---------------
  Fatal in file: mod_savefile.F90 at line:     2004
 SAVEFILE
 -------------------------------------------
  Fatal in file: mod_savefile.F90 at line:     2004
 SAVEFILE
 -------------------------------------------
 Abort called by computing node            11 at 2025-08-11 21:20:28.732 +0200
 Execution terminated because of runtime error
 NetCDF: One or more variable sizes violate format constraints                   
 -------------- FATAL CALLED ---------------
 NetCDF: One or more variable sizes violate format constraints                   
 -------------- FATAL CALLED ---------------
  Fatal in file: mod_savefile.F90 at line:     2004
 SAVEFILE
 -------------------------------------------
 NetCDF: One or more variable sizes violate format constraints                   
 -------------- FATAL CALLED ---------------
  Fatal in file: mod_savefile.F90 at line:     2004
 SAVEFILE
 -------------------------------------------
 NetCDF: One or more variable sizes violate format constraints                   
 -------------- FATAL CALLED ---------------
 NetCDF: One or more variable sizes violate format constraints                   
 -------------- FATAL CALLED ---------------
 NetCDF: One or more variable sizes violate format constraints                   
 -------------- FATAL CALLED ---------------
  Fatal in file: mod_savefile.F90 at line:     2004
 SAVEFILE
 -------------------------------------------
  Fatal in file: mod_savefile.F90 at line:     2004
 SAVEFILE
 -------------------------------------------
 NetCDF: One or more variable sizes violate format constraints                   
 -------------- FATAL CALLED ---------------
 NetCDF: One or more variable sizes violate format constraints                   
 -------------- FATAL CALLED ---------------
 NetCDF: One or more variable sizes violate format constraints                   
 -------------- FATAL CALLED ---------------
  Fatal in file: mod_savefile.F90 at line:     2004
 SAVEFILE
 -------------------------------------------
 NetCDF: One or more variable sizes violate format constraints                   
 -------------- FATAL CALLED ---------------
  Fatal in file: mod_savefile.F90 at line:     2004
 SAVEFILE
 -------------------------------------------
 NetCDF: One or more variable sizes violate format constraints                   
 -------------- FATAL CALLED ---------------
 NetCDF: One or more variable sizes violate format constraints                   
 -------------- FATAL CALLED ---------------
 NetCDF: One or more variable sizes violate format constraints                   
 -------------- FATAL CALLED ---------------
  Fatal in file: mod_savefile.F90 at line:     2004
 SAVEFILE
 -------------------------------------------
 NetCDF: One or more variable sizes violate format constraints                   
 -------------- FATAL CALLED ---------------
  Fatal in file: mod_savefile.F90 at line:     2004
 SAVEFILE
 -------------------------------------------
  Fatal in file: mod_savefile.F90 at line:     2004
 SAVEFILE
 -------------------------------------------
 NetCDF: One or more variable sizes violate format constraints                   
 -------------- FATAL CALLED ---------------
 NetCDF: One or more variable sizes violate format constraints                   
 -------------- FATAL CALLED ---------------
  Fatal in file: mod_savefile.F90 at line:     2004
 SAVEFILE
 -------------------------------------------
 NetCDF: One or more variable sizes violate format constraints                   
 -------------- FATAL CALLED ---------------
  Fatal in file: mod_savefile.F90 at line:     2004
 SAVEFILE
 -------------------------------------------
 NetCDF: One or more variable sizes violate format constraints                   
 -------------- FATAL CALLED ---------------
 NetCDF: One or more variable sizes violate format constraints                   
 -------------- FATAL CALLED ---------------
 NetCDF: One or more variable sizes violate format constraints                   
 -------------- FATAL CALLED ---------------
  Fatal in file: mod_savefile.F90 at line:     2004
 SAVEFILE
 -------------------------------------------
  Fatal in file: mod_savefile.F90 at line:     2004
 SAVEFILE
 -------------------------------------------
 Abort called by computing node            89 at 2025-08-11 21:20:28.732 +0200
 Execution terminated because of runtime error
 NetCDF: One or more variable sizes violate format constraints                   
 -------------- FATAL CALLED ---------------
 NetCDF: One or more variable sizes violate format constraints                   
 -------------- FATAL CALLED ---------------
  Fatal in file: mod_savefile.F90 at line:     2004
 SAVEFILE
 -------------------------------------------
 NetCDF: One or more variable sizes violate format constraints                   
 -------------- FATAL CALLED ---------------
  Fatal in file: mod_savefile.F90 at line:     2004
 SAVEFILE
 -------------------------------------------
 NetCDF: One or more variable sizes violate format constraints                   
 -------------- FATAL CALLED ---------------
 NetCDF: One or more variable sizes violate format constraints                   
 -------------- FATAL CALLED ---------------
 NetCDF: One or more variable sizes violate format constraints                   
 -------------- FATAL CALLED ---------------
  Fatal in file: mod_savefile.F90 at line:     2004
 SAVEFILE
 -------------------------------------------
 NetCDF: One or more variable sizes violate format constraints                   
 -------------- FATAL CALLED ---------------
  Fatal in file: mod_savefile.F90 at line:     2004
 SAVEFILE
 -------------------------------------------
 NetCDF: One or more variable sizes violate format constraints                   
 -------------- FATAL CALLED ---------------
 NetCDF: One or more variable sizes violate format constraints                   
 -------------- FATAL CALLED ---------------
 NetCDF: One or more variable sizes violate format constraints                   
 -------------- FATAL CALLED ---------------
  Fatal in file: mod_savefile.F90 at line:     2004
 SAVEFILE
 -------------------------------------------
 NetCDF: One or more variable sizes violate format constraints                   
 -------------- FATAL CALLED ---------------
  Fatal in file: mod_savefile.F90 at line:     2004
 SAVEFILE
 -------------------------------------------
 NetCDF: One or more variable sizes violate format constraints                   
 -------------- FATAL CALLED ---------------
 NetCDF: One or more variable sizes violate format constraints                   
 -------------- FATAL CALLED ---------------
 NetCDF: One or more variable sizes violate format constraints                   
 -------------- FATAL CALLED ---------------
  Fatal in file: mod_savefile.F90 at line:     2004
 SAVEFILE
 -------------------------------------------
  Fatal in file: mod_savefile.F90 at line:     2004
 SAVEFILE
 -------------------------------------------
  Fatal in file: mod_savefile.F90 at line:     2004
 SAVEFILE
 -------------------------------------------
 NetCDF: One or more variable sizes violate format constraints                   
 -------------- FATAL CALLED ---------------
 NetCDF: One or more variable sizes violate format constraints                   
 -------------- FATAL CALLED ---------------
  Fatal in file: mod_savefile.F90 at line:     2004
 SAVEFILE
 -------------------------------------------
 NetCDF: One or more variable sizes violate format constraints                   
 -------------- FATAL CALLED ---------------
  Fatal in file: mod_savefile.F90 at line:     2004
 SAVEFILE
 -------------------------------------------
 NetCDF: One or more variable sizes violate format constraints                   
 -------------- FATAL CALLED ---------------
 NetCDF: One or more variable sizes violate format constraints                   
 -------------- FATAL CALLED ---------------
 NetCDF: One or more variable sizes violate format constraints                   
 -------------- FATAL CALLED ---------------
  Fatal in file: mod_savefile.F90 at line:     2004
 SAVEFILE
 -------------------------------------------
 NetCDF: One or more variable sizes violate format constraints                   
 -------------- FATAL CALLED ---------------
  Fatal in file: mod_savefile.F90 at line:     2004
 SAVEFILE
 -------------------------------------------
 Cannot enable savefile output//EURR-3_SAV.2009100500.nc
 NetCDF: One or more variable sizes violate format constraints                   
 -------------- FATAL CALLED ---------------
 NetCDF: One or more variable sizes violate format constraints                   
 -------------- FATAL CALLED ---------------
  Fatal in file: mod_savefile.F90 at line:     2004
 SAVEFILE
 -------------------------------------------
 NetCDF: One or more variable sizes violate format constraints                   
 -------------- FATAL CALLED ---------------
  Fatal in file: mod_savefile.F90 at line:     2004
 SAVEFILE
 -------------------------------------------
 NetCDF: One or more variable sizes violate format constraints                   
 -------------- FATAL CALLED ---------------
 NetCDF: One or more variable sizes violate format constraints                   
 -------------- FATAL CALLED ---------------
 NetCDF: One or more variable sizes violate format constraints                   
 -------------- FATAL CALLED ---------------
  Fatal in file: mod_savefile.F90 at line:     2004
 SAVEFILE
 -------------------------------------------
 NetCDF: One or more variable sizes violate format constraints                   
 -------------- FATAL CALLED ---------------
  Fatal in file: mod_savefile.F90 at line:     2004
 SAVEFILE
 -------------------------------------------
 Abort called by computing node            24 at 2025-08-11 21:20:28.732 +0200
 Execution terminated because of runtime error
 NetCDF: One or more variable sizes violate format constraints                   
 -------------- FATAL CALLED ---------------
 NetCDF: One or more variable sizes violate format constraints                   
 -------------- FATAL CALLED ---------------
  Fatal in file: mod_savefile.F90 at line:     2004
 SAVEFILE
 -------------------------------------------
 NetCDF: One or more variable sizes violate format constraints                   
 -------------- FATAL CALLED ---------------
  Fatal in file: mod_savefile.F90 at line:     2004
 SAVEFILE
 -------------------------------------------
 NetCDF: One or more variable sizes violate format constraints                   
 -------------- FATAL CALLED ---------------
 NetCDF: One or more variable sizes violate format constraints                   
 -------------- FATAL CALLED ---------------
 NetCDF: One or more variable sizes violate format constraints                   
 -------------- FATAL CALLED ---------------
  Fatal in file: mod_savefile.F90 at line:     2004
 SAVEFILE
 -------------------------------------------
 NetCDF: One or more variable sizes violate format constraints                   
 -------------- FATAL CALLED ---------------
  Fatal in file: mod_savefile.F90 at line:     2004
 SAVEFILE
 -------------------------------------------
 NetCDF: One or more variable sizes violate format constraints                   
 -------------- FATAL CALLED ---------------
 NetCDF: One or more variable sizes violate format constraints                   
 -------------- FATAL CALLED ---------------
 NetCDF: One or more variable sizes violate format constraints                   
 -------------- FATAL CALLED ---------------
  Fatal in file: mod_savefile.F90 at line:     2004
 SAVEFILE
 -------------------------------------------
 NetCDF: One or more variable sizes violate format constraints                   
 -------------- FATAL CALLED ---------------
  Fatal in file: mod_savefile.F90 at line:     2004
 SAVEFILE
 -------------------------------------------
 NetCDF: One or more variable sizes violate format constraints                   
 -------------- FATAL CALLED ---------------
 NetCDF: One or more variable sizes violate format constraints                   
 -------------- FATAL CALLED ---------------
 NetCDF: One or more variable sizes violate format constraints                   
 -------------- FATAL CALLED ---------------
  Fatal in file: mod_savefile.F90 at line:     2004
 SAVEFILE
 -------------------------------------------
 NetCDF: One or more variable sizes violate format constraints                   
 -------------- FATAL CALLED ---------------
  Fatal in file: mod_savefile.F90 at line:     2004
 SAVEFILE
 -------------------------------------------
 NetCDF: One or more variable sizes violate format constraints                   
 NetCDF: One or more variable sizes violate format constraints                   
 -------------- FATAL CALLED ---------------
 NetCDF: One or more variable sizes violate format constraints                   
 -------------- FATAL CALLED ---------------
  Fatal in file: mod_savefile.F90 at line:     2004
 SAVEFILE
 -------------------------------------------
 NetCDF: One or more variable sizes violate format constraints                   
 -------------- FATAL CALLED ---------------
  Fatal in file: mod_savefile.F90 at line:     2004
 SAVEFILE
 -------------------------------------------
 NetCDF: One or more variable sizes violate format constraints                   
 -------------- FATAL CALLED ---------------
 NetCDF: One or more variable sizes violate format constraints                   
 -------------- FATAL CALLED ---------------
  Fatal in file: mod_savefile.F90 at line:     2004
 SAVEFILE
 -------------------------------------------
 NetCDF: One or more variable sizes violate format constraints                   
 -------------- FATAL CALLED ---------------
  Fatal in file: mod_savefile.F90 at line:     2004
 SAVEFILE
 -------------------------------------------
 NetCDF: One or more variable sizes violate format constraints                   
 -------------- FATAL CALLED ---------------
  Fatal in file: mod_savefile.F90 at line:     2004
 SAVEFILE
 -------------------------------------------
 -------------- FATAL CALLED ---------------
 NetCDF: One or more variable sizes violate format constraints                   
 -------------- FATAL CALLED ---------------
 NetCDF: One or more variable sizes violate format constraints                   
 -------------- FATAL CALLED ---------------
  Fatal in file: mod_savefile.F90 at line:     2004
 SAVEFILE
 -------------------------------------------
 NetCDF: One or more variable sizes violate format constraints                   
 -------------- FATAL CALLED ---------------
  Fatal in file: mod_savefile.F90 at line:     2004
 SAVEFILE
 -------------------------------------------
 NetCDF: One or more variable sizes violate format constraints                   
 -------------- FATAL CALLED ---------------
 NetCDF: One or more variable sizes violate format constraints                   
 -------------- FATAL CALLED ---------------
 NetCDF: One or more variable sizes violate format constraints                   
 -------------- FATAL CALLED ---------------
  Fatal in file: mod_savefile.F90 at line:     2004
 SAVEFILE
 -------------------------------------------
 NetCDF: One or more variable sizes violate format constraints                   
 -------------- FATAL CALLED ---------------
 Cannot enable savefile output//EURR-3_SAV.2009100500.nc
 NetCDF: One or more variable sizes violate format constraints                   
 -------------- FATAL CALLED ---------------
 NetCDF: One or more variable sizes violate format constraints                   
 -------------- FATAL CALLED ---------------
  Fatal in file: mod_savefile.F90 at line:     2004
 SAVEFILE
 -------------------------------------------
 NetCDF: One or more variable sizes violate format constraints                   
 -------------- FATAL CALLED ---------------
  Fatal in file: mod_savefile.F90 at line:     2004
 SAVEFILE
 -------------------------------------------
 NetCDF: One or more variable sizes violate format constraints                   
 -------------- FATAL CALLED ---------------
 NetCDF: One or more variable sizes violate format constraints                   
 -------------- FATAL CALLED ---------------
 NetCDF: One or more variable sizes violate format constraints                   
 -------------- FATAL CALLED ---------------
  Fatal in file: mod_savefile.F90 at line:     2004
 SAVEFILE
 -------------------------------------------
 NetCDF: One or more variable sizes violate format constraints                   
  Fatal in file: mod_savefile.F90 at line:     2004
 SAVEFILE
 -------------------------------------------
 NetCDF: One or more variable sizes violate format constraints                   
 -------------- FATAL CALLED ---------------
 NetCDF: One or more variable sizes violate format constraints                   
 -------------- FATAL CALLED ---------------
  Fatal in file: mod_savefile.F90 at line:     2004
 SAVEFILE
 -------------------------------------------
 Abort called by computing node           206 at 2025-08-11 21:20:28.726 +0200
 Execution terminated because of runtime error
 NetCDF: One or more variable sizes violate format constraints                   
 -------------- FATAL CALLED ---------------
 NetCDF: One or more variable sizes violate format constraints                   
 -------------- FATAL CALLED ---------------
 NetCDF: One or more variable sizes violate format constraints                   
 -------------- FATAL CALLED ---------------
  Fatal in file: mod_savefile.F90 at line:     2004
 SAVEFILE
 -------------------------------------------
 NetCDF: One or more variable sizes violate format constraints                   
 -------------- FATAL CALLED ---------------
  Fatal in file: mod_savefile.F90 at line:     2004
 SAVEFILE
 -------------------------------------------
 NetCDF: One or more variable sizes violate format constraints                   
 -------------- FATAL CALLED ---------------
 NetCDF: One or more variable sizes violate format constraints                   
 -------------- FATAL CALLED ---------------
  Fatal in file: mod_savefile.F90 at line:     2004
 SAVEFILE
 -------------------------------------------
 NetCDF: One or more variable sizes violate format constraints                   
 -------------- FATAL CALLED ---------------
  Fatal in file: mod_savefile.F90 at line:     2004
 SAVEFILE
 -------------------------------------------
 NetCDF: One or more variable sizes violate format constraints                   
 -------------- FATAL CALLED ---------------
 NetCDF: One or more variable sizes violate format constraints                   
 -------------- FATAL CALLED ---------------
 NetCDF: One or more variable sizes violate format constraints                   
 -------------- FATAL CALLED ---------------
  Fatal in file: mod_savefile.F90 at line:     2004
 SAVEFILE
 -------------------------------------------
 NetCDF: One or more variable sizes violate format constraints                   
 -------------- FATAL CALLED ---------------
  Fatal in file: mod_savefile.F90 at line:     2004
 SAVEFILE
 -------------------------------------------
 Abort called by computing node            95 at 2025-08-11 21:20:28.732 +0200
 Execution terminated because of runtime error
 NetCDF: One or more variable sizes violate format constraints                   
 -------------- FATAL CALLED ---------------
 NetCDF: One or more variable sizes violate format constraints                   
 -------------- FATAL CALLED ---------------
  Fatal in file: mod_savefile.F90 at line:     2004
 SAVEFILE
 -------------------------------------------
 NetCDF: One or more variable sizes violate format constraints                   
 -------------- FATAL CALLED ---------------
  Fatal in file: mod_savefile.F90 at line:     2004
 SAVEFILE
 -------------------------------------------
 NetCDF: One or more variable sizes violate format constraints                   
 -------------- FATAL CALLED ---------------
 NetCDF: One or more variable sizes violate format constraints                   
 -------------- FATAL CALLED ---------------
 NetCDF: One or more variable sizes violate format constraints                   
 -------------- FATAL CALLED ---------------
  Fatal in file: mod_savefile.F90 at line:     2004
 SAVEFILE
 -------------------------------------------
 NetCDF: One or more variable sizes violate format constraints                   
 -------------- FATAL CALLED ---------------
  Fatal in file: mod_savefile.F90 at line:     2004
 SAVEFILE
 -------------------------------------------
 NetCDF: One or more variable sizes violate format constraints                   
 NetCDF: One or more variable sizes violate format constraints                   
 -------------- FATAL CALLED ---------------
  Fatal in file: mod_savefile.F90 at line:     2004
 SAVEFILE
 -------------------------------------------
 NetCDF: One or more variable sizes violate format constraints                   
 -------------- FATAL CALLED ---------------
  Fatal in file: mod_savefile.F90 at line:     2004
 SAVEFILE
 -------------------------------------------
 NetCDF: One or more variable sizes violate format constraints                   
 -------------- FATAL CALLED ---------------
 NetCDF: One or more variable sizes violate format constraints                   
 -------------- FATAL CALLED ---------------
 Abort called by computing node           301 at 2025-08-11 21:20:28.728 +0200
 Execution terminated because of runtime error
 NetCDF: One or more variable sizes violate format constraints                   
 -------------- FATAL CALLED ---------------
  Fatal in file: mod_savefile.F90 at line:     2004
 SAVEFILE
 -------------------------------------------
 NetCDF: One or more variable sizes violate format constraints                   
 NetCDF: One or more variable sizes violate format constraints                   
 -------------- FATAL CALLED ---------------
 NetCDF: One or more variable sizes violate format constraints                   
 -------------- FATAL CALLED ---------------
  Fatal in file: mod_savefile.F90 at line:     2004
 SAVEFILE
 -------------------------------------------
 Abort called by computing node           218 at 2025-08-11 21:20:28.726 +0200
 Execution terminated because of runtime error
 NetCDF: One or more variable sizes violate format constraints                   
 -------------- FATAL CALLED ---------------
 NetCDF: One or more variable sizes violate format constraints                   
 -------------- FATAL CALLED ---------------
 NetCDF: One or more variable sizes violate format constraints                   
 -------------- FATAL CALLED ---------------
  Fatal in file: mod_savefile.F90 at line:     2004
 SAVEFILE
 -------------------------------------------
 -------------- FATAL CALLED ---------------
 NetCDF: One or more variable sizes violate format constraints                   
 -------------- FATAL CALLED ---------------
 NetCDF: One or more variable sizes violate format constraints                   
 -------------- FATAL CALLED ---------------
  Fatal in file: mod_savefile.F90 at line:     2004
 SAVEFILE
 -------------------------------------------
 NetCDF: One or more variable sizes violate format constraints                   
 -------------- FATAL CALLED ---------------
  Fatal in file: mod_savefile.F90 at line:     2004
 SAVEFILE
 -------------------------------------------
 Abort called by computing node           223 at 2025-08-11 21:20:28.726 +0200
 Execution terminated because of runtime error
 NetCDF: One or more variable sizes violate format constraints                   
 -------------- FATAL CALLED ---------------
 NetCDF: One or more variable sizes violate format constraints                   
 -------------- FATAL CALLED ---------------
 NetCDF: One or more variable sizes violate format constraints                   
 -------------- FATAL CALLED ---------------
 NetCDF: One or more variable sizes violate format constraints                   
 -------------- FATAL CALLED ---------------
  Fatal in file: mod_savefile.F90 at line:     2004
 SAVEFILE
 -------------------------------------------
 NetCDF: One or more variable sizes violate format constraints                   
 NetCDF: One or more variable sizes violate format constraints                   
 -------------- FATAL CALLED ---------------
 NetCDF: One or more variable sizes violate format constraints                   
 -------------- FATAL CALLED ---------------
  Fatal in file: mod_savefile.F90 at line:     2004
 SAVEFILE
 -------------------------------------------
 Abort called by computing node           224 at 2025-08-11 21:20:28.726 +0200
 Execution terminated because of runtime error
 NetCDF: One or more variable sizes violate format constraints                   
 -------------- FATAL CALLED ---------------
 NetCDF: One or more variable sizes violate format constraints                   
 -------------- FATAL CALLED ---------------
 NetCDF: One or more variable sizes violate format constraints                   
 -------------- FATAL CALLED ---------------
  Fatal in file: mod_savefile.F90 at line:     2004
 SAVEFILE
 -------------------------------------------
 Abort called by computing node           304 at 2025-08-11 21:20:28.728 +0200
 Execution terminated because of runtime error
 NetCDF: One or more variable sizes violate format constraints                   
 -------------- FATAL CALLED ---------------
  Fatal in file: mod_savefile.F90 at line:     2004
 SAVEFILE
 -------------------------------------------
 -------------- FATAL CALLED ---------------
 NetCDF: One or more variable sizes violate format constraints                   
 -------------- FATAL CALLED ---------------
 NetCDF: One or more variable sizes violate format constraints                   
 -------------- FATAL CALLED ---------------
  Fatal in file: mod_savefile.F90 at line:     2004
 SAVEFILE
 -------------------------------------------
 NetCDF: One or more variable sizes violate format constraints                   
 -------------- FATAL CALLED ---------------
  Fatal in file: mod_savefile.F90 at line:     2004
 SAVEFILE
 -------------------------------------------
 Abort called by computing node           226 at 2025-08-11 21:20:28.726 +0200
 Execution terminated because of runtime error
 NetCDF: One or more variable sizes violate format constraints                   
 -------------- FATAL CALLED ---------------
 NetCDF: One or more variable sizes violate format constraints                   
 -------------- FATAL CALLED ---------------
 NetCDF: One or more variable sizes violate format constraints                   
 -------------- FATAL CALLED ---------------
 -------------- FATAL CALLED ---------------
  Fatal in file: mod_savefile.F90 at line:     2004
 SAVEFILE
 -------------------------------------------
 -------------- FATAL CALLED ---------------
 NetCDF: One or more variable sizes violate format constraints                   
 -------------- FATAL CALLED ---------------
 NetCDF: One or more variable sizes violate format constraints                   
 -------------- FATAL CALLED ---------------
  Fatal in file: mod_savefile.F90 at line:     2004
 SAVEFILE
 -------------------------------------------
 NetCDF: One or more variable sizes violate format constraints                   
 -------------- FATAL CALLED ---------------
  Fatal in file: mod_savefile.F90 at line:     2004
 SAVEFILE
 -------------------------------------------
 Abort called by computing node           228 at 2025-08-11 21:20:28.726 +0200
 Execution terminated because of runtime error
 NetCDF: One or more variable sizes violate format constraints                   
 -------------- FATAL CALLED ---------------
  Fatal in file: mod_savefile.F90 at line:     2004
 SAVEFILE
 -------------------------------------------
 NetCDF: One or more variable sizes violate format constraints                   
 -------------- FATAL CALLED ---------------
  Fatal in file: mod_savefile.F90 at line:     2004
 SAVEFILE
 -------------------------------------------
 NetCDF: One or more variable sizes violate format constraints                   
 -------------- FATAL CALLED ---------------
  Fatal in file: mod_savefile.F90 at line:     2004
 SAVEFILE
 -------------------------------------------
 Abort called by computing node           307 at 2025-08-11 21:20:28.728 +0200
 Execution terminated because of runtime error
 NetCDF: One or more variable sizes violate format constraints                   
 -------------- FATAL CALLED ---------------
  Fatal in file: mod_savefile.F90 at line:     2004
 SAVEFILE
 -------------------------------------------
 Abort called by computing node            54 at 2025-08-11 21:20:28.732 +0200
 Execution terminated because of runtime error
 NetCDF: One or more variable sizes violate format constraints                   
 -------------- FATAL CALLED ---------------
 NetCDF: One or more variable sizes violate format constraints                   
 -------------- FATAL CALLED ---------------
  Fatal in file: mod_savefile.F90 at line:     2004
 SAVEFILE
 -------------------------------------------
 Abort called by computing node           230 at 2025-08-11 21:20:28.726 +0200
 Execution terminated because of runtime error
 NetCDF: One or more variable sizes violate format constraints                   
 -------------- FATAL CALLED ---------------
 NetCDF: One or more variable sizes violate format constraints                   
 -------------- FATAL CALLED ---------------
 NetCDF: One or more variable sizes violate format constraints                   
 -------------- FATAL CALLED ---------------
  Fatal in file: mod_savefile.F90 at line:     2004
 SAVEFILE
 -------------------------------------------
 Cannot enable savefile output//EURR-3_SAV.2009100500.nc
 NetCDF: One or more variable sizes violate format constraints                   
 -------------- FATAL CALLED ---------------
 NetCDF: One or more variable sizes violate format constraints                   
 -------------- FATAL CALLED ---------------
  Fatal in file: mod_savefile.F90 at line:     2004
 SAVEFILE
 -------------------------------------------
 NetCDF: One or more variable sizes violate format constraints                   
 -------------- FATAL CALLED ---------------
  Fatal in file: mod_savefile.F90 at line:     2004
 SAVEFILE
 -------------------------------------------
 NetCDF: One or more variable sizes violate format constraints                   
 -------------- FATAL CALLED ---------------
 NetCDF: One or more variable sizes violate format constraints                   
 -------------- FATAL CALLED ---------------
 NetCDF: One or more variable sizes violate format constraints                   
 -------------- FATAL CALLED ---------------
 NetCDF: One or more variable sizes violate format constraints                   
 -------------- FATAL CALLED ---------------
  Fatal in file: mod_savefile.F90 at line:     2004
 SAVEFILE
 -------------------------------------------
 Cannot enable savefile output//EURR-3_SAV.2009100500.nc
 NetCDF: One or more variable sizes violate format constraints                   
 -------------- FATAL CALLED ---------------
 NetCDF: One or more variable sizes violate format constraints                   
 -------------- FATAL CALLED ---------------
  Fatal in file: mod_savefile.F90 at line:     2004
 SAVEFILE
 -------------------------------------------
 NetCDF: One or more variable sizes violate format constraints                   
 -------------- FATAL CALLED ---------------
  Fatal in file: mod_savefile.F90 at line:     2004
 SAVEFILE
 -------------------------------------------
 Abort called by computing node           236 at 2025-08-11 21:20:28.726 +0200
 Execution terminated because of runtime error
 NetCDF: One or more variable sizes violate format constraints                   
 -------------- FATAL CALLED ---------------
  Fatal in file: mod_savefile.F90 at line:     2004
 SAVEFILE
 -------------------------------------------
 Abort called by computing node           147 at 2025-08-11 21:20:28.727 +0200
 Execution terminated because of runtime error
 NetCDF: One or more variable sizes violate format constraints                   
 -------------- FATAL CALLED ---------------
 NetCDF: One or more variable sizes violate format constraints                   
 -------------- FATAL CALLED ---------------
 NetCDF: One or more variable sizes violate format constraints                   
 -------------- FATAL CALLED ---------------
  Fatal in file: mod_savefile.F90 at line:     2004
 SAVEFILE
 -------------------------------------------
  Fatal in file: mod_savefile.F90 at line:     2004
 SAVEFILE
 -------------------------------------------
 NetCDF: One or more variable sizes violate format constraints                   
 -------------- FATAL CALLED ---------------
 NetCDF: One or more variable sizes violate format constraints                   
 -------------- FATAL CALLED ---------------
  Fatal in file: mod_savefile.F90 at line:     2004
 SAVEFILE
 -------------------------------------------
 NetCDF: One or more variable sizes violate format constraints                   
 -------------- FATAL CALLED ---------------
  Fatal in file: mod_savefile.F90 at line:     2004
 SAVEFILE
 -------------------------------------------
 Abort called by computing node           237 at 2025-08-11 21:20:28.726 +0200
 Execution terminated because of runtime error
 NetCDF: One or more variable sizes violate format constraints                   
 -------------- FATAL CALLED ---------------
  Fatal in file: mod_savefile.F90 at line:     2004
 SAVEFILE
 -------------------------------------------
 NetCDF: One or more variable sizes violate format constraints                   
 -------------- FATAL CALLED ---------------
  Fatal in file: mod_savefile.F90 at line:     2004
 SAVEFILE
 -------------------------------------------
 Abort called by computing node           312 at 2025-08-11 21:20:28.728 +0200
 Execution terminated because of runtime error
 NetCDF: One or more variable sizes violate format constraints                   
 -------------- FATAL CALLED ---------------
  Fatal in file: mod_savefile.F90 at line:     2004
 SAVEFILE
 -------------------------------------------
 NetCDF: One or more variable sizes violate format constraints                   
 NetCDF: One or more variable sizes violate format constraints                   
 -------------- FATAL CALLED ---------------
 NetCDF: One or more variable sizes violate format constraints                   
 -------------- FATAL CALLED ---------------
  Fatal in file: mod_savefile.F90 at line:     2004
 SAVEFILE
 -------------------------------------------
 Abort called by computing node           240 at 2025-08-11 21:20:28.726 +0200
 Execution terminated because of runtime error
 NetCDF: One or more variable sizes violate format constraints                   
 -------------- FATAL CALLED ---------------
 NetCDF: One or more variable sizes violate format constraints                   
 -------------- FATAL CALLED ---------------
  Fatal in file: mod_savefile.F90 at line:     2004
 SAVEFILE
 -------------------------------------------
 NetCDF: One or more variable sizes violate format constraints                   
 -------------- FATAL CALLED ---------------
 NetCDF: One or more variable sizes violate format constraints                   
 -------------- FATAL CALLED ---------------
  Fatal in file: mod_savefile.F90 at line:     2004
 SAVEFILE
 -------------------------------------------
  Fatal in file: mod_savefile.F90 at line:     2004
 SAVEFILE
 -------------------------------------------
 NetCDF: One or more variable sizes violate format constraints                   
 -------------- FATAL CALLED ---------------
 NetCDF: One or more variable sizes violate format constraints                   
 -------------- FATAL CALLED ---------------
  Fatal in file: mod_savefile.F90 at line:     2004
 SAVEFILE
 -------------------------------------------
 NetCDF: One or more variable sizes violate format constraints                   
 -------------- FATAL CALLED ---------------
  Fatal in file: mod_savefile.F90 at line:     2004
 SAVEFILE
 -------------------------------------------
 Abort called by computing node           241 at 2025-08-11 21:20:28.726 +0200
 Execution terminated because of runtime error
 NetCDF: One or more variable sizes violate format constraints                   
 -------------- FATAL CALLED ---------------
 NetCDF: One or more variable sizes violate format constraints                   
 -------------- FATAL CALLED ---------------
  Fatal in file: mod_savefile.F90 at line:     2004
 SAVEFILE
 -------------------------------------------
 NetCDF: One or more variable sizes violate format constraints                   
 -------------- FATAL CALLED ---------------
 NetCDF: One or more variable sizes violate format constraints                   
 -------------- FATAL CALLED ---------------
  Fatal in file: mod_savefile.F90 at line:     2004
 SAVEFILE
 -------------------------------------------
  Fatal in file: mod_savefile.F90 at line:     2004
 SAVEFILE
 -------------------------------------------
 NetCDF: One or more variable sizes violate format constraints                   
 -------------- FATAL CALLED ---------------
 NetCDF: One or more variable sizes violate format constraints                   
 -------------- FATAL CALLED ---------------
  Fatal in file: mod_savefile.F90 at line:     2004
 SAVEFILE
 -------------------------------------------
 NetCDF: One or more variable sizes violate format constraints                   
 -------------- FATAL CALLED ---------------
  Fatal in file: mod_savefile.F90 at line:     2004
 SAVEFILE
 -------------------------------------------
 Abort called by computing node           242 at 2025-08-11 21:20:28.726 +0200
 Execution terminated because of runtime error
 NetCDF: One or more variable sizes violate format constraints                   
 -------------- FATAL CALLED ---------------
 NetCDF: One or more variable sizes violate format constraints                   
 -------------- FATAL CALLED ---------------
 NetCDF: One or more variable sizes violate format constraints                   
 -------------- FATAL CALLED ---------------
  Fatal in file: mod_savefile.F90 at line:     2004
 SAVEFILE
 -------------------------------------------
 NetCDF: One or more variable sizes violate format constraints                   
 -------------- FATAL CALLED ---------------
  Fatal in file: mod_savefile.F90 at line:     2004
 SAVEFILE
 -------------------------------------------
 -------------- FATAL CALLED ---------------
 NetCDF: One or more variable sizes violate format constraints                   
 -------------- FATAL CALLED ---------------
 NetCDF: One or more variable sizes violate format constraints                   
 -------------- FATAL CALLED ---------------
  Fatal in file: mod_savefile.F90 at line:     2004
 SAVEFILE
 -------------------------------------------
 NetCDF: One or more variable sizes violate format constraints                   
 -------------- FATAL CALLED ---------------
  Fatal in file: mod_savefile.F90 at line:     2004
 SAVEFILE
 -------------------------------------------
 Abort called by computing node           243 at 2025-08-11 21:20:28.726 +0200
 Execution terminated because of runtime error
 NetCDF: One or more variable sizes violate format constraints                   
 -------------- FATAL CALLED ---------------
 NetCDF: One or more variable sizes violate format constraints                   
 -------------- FATAL CALLED ---------------
 NetCDF: One or more variable sizes violate format constraints                   
 -------------- FATAL CALLED ---------------
  Fatal in file: mod_savefile.F90 at line:     2004
 SAVEFILE
 -------------------------------------------
 Abort called by computing node           316 at 2025-08-11 21:20:28.728 +0200
 Execution terminated because of runtime error
 NetCDF: One or more variable sizes violate format constraints                   
 -------------- FATAL CALLED ---------------
  Fatal in file: mod_savefile.F90 at line:     2004
 SAVEFILE
 -------------------------------------------
 Abort called by computing node             4 at 2025-08-11 21:20:28.732 +0200
 Execution terminated because of runtime error
 NetCDF: One or more variable sizes violate format constraints                   
 -------------- FATAL CALLED ---------------
 NetCDF: One or more variable sizes violate format constraints                   
 -------------- FATAL CALLED ---------------
  Fatal in file: mod_savefile.F90 at line:     2004
 SAVEFILE
 -------------------------------------------
 NetCDF: One or more variable sizes violate format constraints                   
 -------------- FATAL CALLED ---------------
  Fatal in file: mod_savefile.F90 at line:     2004
 SAVEFILE
 -------------------------------------------
 Abort called by computing node           244 at 2025-08-11 21:20:28.726 +0200
 Execution terminated because of runtime error
 NetCDF: One or more variable sizes violate format constraints                   
 -------------- FATAL CALLED ---------------
 NetCDF: One or more variable sizes violate format constraints                   
 -------------- FATAL CALLED ---------------
  Fatal in file: mod_savefile.F90 at line:     2004
 SAVEFILE
 -------------------------------------------
 NetCDF: One or more variable sizes violate format constraints                   
 -------------- FATAL CALLED ---------------
  Fatal in file: mod_savefile.F90 at line:     2004
 SAVEFILE
 -------------------------------------------
 NetCDF: One or more variable sizes violate format constraints                   
 NetCDF: One or more variable sizes violate format constraints                   
 NetCDF: One or more variable sizes violate format constraints                   
 -------------- FATAL CALLED ---------------
 NetCDF: One or more variable sizes violate format constraints                   
 -------------- FATAL CALLED ---------------
  Fatal in file: mod_savefile.F90 at line:     2004
 SAVEFILE
 -------------------------------------------
 NetCDF: One or more variable sizes violate format constraints                   
 -------------- FATAL CALLED ---------------
  Fatal in file: mod_savefile.F90 at line:     2004
 SAVEFILE
 -------------------------------------------
 Abort called by computing node           246 at 2025-08-11 21:20:28.726 +0200
 Execution terminated because of runtime error
 NetCDF: One or more variable sizes violate format constraints                   
 -------------- FATAL CALLED ---------------
 NetCDF: One or more variable sizes violate format constraints                   
 -------------- FATAL CALLED ---------------
 NetCDF: One or more variable sizes violate format constraints                   
 -------------- FATAL CALLED ---------------
 NetCDF: One or more variable sizes violate format constraints                   
 Cannot enable savefile output//EURR-3_SAV.2009100500.nc
 NetCDF: One or more variable sizes violate format constraints                   
 -------------- FATAL CALLED ---------------
 NetCDF: One or more variable sizes violate format constraints                   
 -------------- FATAL CALLED ---------------
  Fatal in file: mod_savefile.F90 at line:     2004
 SAVEFILE
 -------------------------------------------
 Abort called by computing node           247 at 2025-08-11 21:20:28.726 +0200
 Execution terminated because of runtime error
 NetCDF: One or more variable sizes violate format constraints                   
 -------------- FATAL CALLED ---------------
 NetCDF: One or more variable sizes violate format constraints                   
 -------------- FATAL CALLED ---------------
 NetCDF: One or more variable sizes violate format constraints                   
 -------------- FATAL CALLED ---------------
  Fatal in file: mod_savefile.F90 at line:     2004
 SAVEFILE
 -------------------------------------------
 NetCDF: One or more variable sizes violate format constraints                   
 Abort called by computing node            36 at 2025-08-11 21:20:28.732 +0200
 Execution terminated because of runtime error
 NetCDF: One or more variable sizes violate format constraints                   
 -------------- FATAL CALLED ---------------
 NetCDF: One or more variable sizes violate format constraints                   
 -------------- FATAL CALLED ---------------
  Fatal in file: mod_savefile.F90 at line:     2004
 SAVEFILE
 -------------------------------------------
 Abort called by computing node           248 at 2025-08-11 21:20:28.726 +0200
 Execution terminated because of runtime error
 NetCDF: One or more variable sizes violate format constraints                   
 -------------- FATAL CALLED ---------------
 NetCDF: One or more variable sizes violate format constraints                   
 -------------- FATAL CALLED ---------------
 NetCDF: One or more variable sizes violate format constraints                   
 -------------- FATAL CALLED ---------------
 NetCDF: One or more variable sizes violate format constraints                   
 Abort called by computing node            43 at 2025-08-11 21:20:28.732 +0200
 Execution terminated because of runtime error
 NetCDF: One or more variable sizes violate format constraints                   
 -------------- FATAL CALLED ---------------
 NetCDF: One or more variable sizes violate format constraints                   
 -------------- FATAL CALLED ---------------
  Fatal in file: mod_savefile.F90 at line:     2004
 SAVEFILE
 -------------------------------------------
 NetCDF: One or more variable sizes violate format constraints                   
 -------------- FATAL CALLED ---------------
  Fatal in file: mod_savefile.F90 at line:     2004
 SAVEFILE
 -------------------------------------------
 NetCDF: One or more variable sizes violate format constraints                   
 -------------- FATAL CALLED ---------------
  Fatal in file: mod_savefile.F90 at line:     2004
 SAVEFILE
 -------------------------------------------
 NetCDF: One or more variable sizes violate format constraints                   
 -------------- FATAL CALLED ---------------
 NetCDF: One or more variable sizes violate format constraints                   
  Fatal in file: mod_savefile.F90 at line:     2004
 SAVEFILE
 -------------------------------------------
 NetCDF: One or more variable sizes violate format constraints                   
 -------------- FATAL CALLED ---------------
 NetCDF: One or more variable sizes violate format constraints                   
 -------------- FATAL CALLED ---------------
  Fatal in file: mod_savefile.F90 at line:     2004
 SAVEFILE
 -------------------------------------------
 NetCDF: One or more variable sizes violate format constraints                   
 -------------- FATAL CALLED ---------------
  Fatal in file: mod_savefile.F90 at line:     2004
 SAVEFILE
 -------------------------------------------
 Abort called by computing node           262 at 2025-08-11 21:20:28.726 +0200
 Execution terminated because of runtime error
 NetCDF: One or more variable sizes violate format constraints                   
 -------------- FATAL CALLED ---------------
 NetCDF: One or more variable sizes violate format constraints                   
 -------------- FATAL CALLED ---------------
 NetCDF: One or more variable sizes violate format constraints                   
 -------------- FATAL CALLED ---------------
 NetCDF: One or more variable sizes violate format constraints                   
 -------------- FATAL CALLED ---------------
  Fatal in file: mod_savefile.F90 at line:     2004
 SAVEFILE
 -------------------------------------------
 -------------- FATAL CALLED ---------------
 NetCDF: One or more variable sizes violate format constraints                   
 -------------- FATAL CALLED ---------------
 NetCDF: One or more variable sizes violate format constraints                   
 -------------- FATAL CALLED ---------------
  Fatal in file: mod_savefile.F90 at line:     2004
 SAVEFILE
 -------------------------------------------
 NetCDF: One or more variable sizes violate format constraints                   
 -------------- FATAL CALLED ---------------
  Fatal in file: mod_savefile.F90 at line:     2004
 SAVEFILE
 -------------------------------------------
 Abort called by computing node           267 at 2025-08-11 21:20:28.726 +0200
 Execution terminated because of runtime error
 NetCDF: One or more variable sizes violate format constraints                   
 -------------- FATAL CALLED ---------------
  Fatal in file: mod_savefile.F90 at line:     2004
 SAVEFILE
 -------------------------------------------
 Abort called by computing node           168 at 2025-08-11 21:20:28.727 +0200
 Execution terminated because of runtime error
  Fatal in file: mod_savefile.F90 at line:     2004
 SAVEFILE
 -------------------------------------------
 NetCDF: One or more variable sizes violate format constraints                   
 -------------- FATAL CALLED ---------------
 NetCDF: One or more variable sizes violate format constraints                   
 Abort called by computing node            48 at 2025-08-11 21:20:28.732 +0200
 Execution terminated because of runtime error
 NetCDF: One or more variable sizes violate format constraints                   
 -------------- FATAL CALLED ---------------
 NetCDF: One or more variable sizes violate format constraints                   
 -------------- FATAL CALLED ---------------
  Fatal in file: mod_savefile.F90 at line:     2004
 SAVEFILE
 -------------------------------------------
 NetCDF: One or more variable sizes violate format constraints                   
 -------------- FATAL CALLED ---------------
  Fatal in file: mod_savefile.F90 at line:     2004
 SAVEFILE
 -------------------------------------------
 Abort called by computing node           269 at 2025-08-11 21:20:28.726 +0200
 Execution terminated because of runtime error
 NetCDF: One or more variable sizes violate format constraints                   
 -------------- FATAL CALLED ---------------
 NetCDF: One or more variable sizes violate format constraints                   
 -------------- FATAL CALLED ---------------
 Abort called by computing node           327 at 2025-08-11 21:20:28.728 +0200
 Execution terminated because of runtime error
 NetCDF: One or more variable sizes violate format constraints                   
 -------------- FATAL CALLED ---------------
  Fatal in file: mod_savefile.F90 at line:     2004
 SAVEFILE
 -------------------------------------------
 NetCDF: One or more variable sizes violate format constraints                   
 NetCDF: One or more variable sizes violate format constraints                   
 -------------- FATAL CALLED ---------------
 NetCDF: One or more variable sizes violate format constraints                   
 -------------- FATAL CALLED ---------------
  Fatal in file: mod_savefile.F90 at line:     2004
 SAVEFILE
 -------------------------------------------
 NetCDF: One or more variable sizes violate format constraints                   
 -------------- FATAL CALLED ---------------
  Fatal in file: mod_savefile.F90 at line:     2004
 SAVEFILE
 -------------------------------------------
 Abort called by computing node           270 at 2025-08-11 21:20:28.726 +0200
 Execution terminated because of runtime error
 NetCDF: One or more variable sizes violate format constraints                   
 -------------- FATAL CALLED ---------------
  Fatal in file: mod_savefile.F90 at line:     2004
 SAVEFILE
 -------------------------------------------
 NetCDF: One or more variable sizes violate format constraints                   
 -------------- FATAL CALLED ---------------
  Fatal in file: mod_savefile.F90 at line:     2004
 SAVEFILE
 -------------------------------------------
 Abort called by computing node           422 at 2025-08-11 21:20:28.728 +0200
 Execution terminated because of runtime error
 NetCDF: One or more variable sizes violate format constraints                   
 -------------- FATAL CALLED ---------------
 NetCDF: One or more variable sizes violate format constraints                   
 -------------- FATAL CALLED ---------------
  Fatal in file: mod_savefile.F90 at line:     2004
 SAVEFILE
 -------------------------------------------
 -------------- FATAL CALLED ---------------
 NetCDF: One or more variable sizes violate format constraints                   
 -------------- FATAL CALLED ---------------
 NetCDF: One or more variable sizes violate format constraints                   
 -------------- FATAL CALLED ---------------
  Fatal in file: mod_savefile.F90 at line:     2004
 SAVEFILE
 -------------------------------------------
 NetCDF: One or more variable sizes violate format constraints                   
 -------------- FATAL CALLED ---------------
  Fatal in file: mod_savefile.F90 at line:     2004
 SAVEFILE
 -------------------------------------------
 Abort called by computing node           271 at 2025-08-11 21:20:28.726 +0200
 Execution terminated because of runtime error
 NetCDF: One or more variable sizes violate format constraints                   
 -------------- FATAL CALLED ---------------
 NetCDF: One or more variable sizes violate format constraints                   
 -------------- FATAL CALLED ---------------
  Fatal in file: mod_savefile.F90 at line:     2004
 SAVEFILE
 -------------------------------------------
 NetCDF: One or more variable sizes violate format constraints                   
 -------------- FATAL CALLED ---------------
 NetCDF: One or more variable sizes violate format constraints                   
 -------------- FATAL CALLED ---------------
  Fatal in file: mod_savefile.F90 at line:     2004
 SAVEFILE
 -------------------------------------------
 Cannot enable savefile output//EURR-3_SAV.2009100500.nc
 NetCDF: One or more variable sizes violate format constraints                   
 -------------- FATAL CALLED ---------------
 NetCDF: One or more variable sizes violate format constraints                   
 -------------- FATAL CALLED ---------------
  Fatal in file: mod_savefile.F90 at line:     2004
 SAVEFILE
 -------------------------------------------
 NetCDF: One or more variable sizes violate format constraints                   
 -------------- FATAL CALLED ---------------
  Fatal in file: mod_savefile.F90 at line:     2004
 SAVEFILE
 -------------------------------------------
 Abort called by computing node           272 at 2025-08-11 21:20:28.726 +0200
 Execution terminated because of runtime error
 NetCDF: One or more variable sizes violate format constraints                   
 -------------- FATAL CALLED ---------------
  Fatal in file: mod_savefile.F90 at line:     2004
 SAVEFILE
 -------------------------------------------
 NetCDF: One or more variable sizes violate format constraints                   
 -------------- FATAL CALLED ---------------
  Fatal in file: mod_savefile.F90 at line:     2004
 SAVEFILE
 -------------------------------------------
 Abort called by computing node           426 at 2025-08-11 21:20:28.728 +0200
 Execution terminated because of runtime error
 NetCDF: One or more variable sizes violate format constraints                   
 -------------- FATAL CALLED ---------------
  Fatal in file: mod_savefile.F90 at line:     2004
 SAVEFILE
 -------------------------------------------
 Abort called by computing node           331 at 2025-08-11 21:20:28.728 +0200
 Execution terminated because of runtime error
 NetCDF: One or more variable sizes violate format constraints                   
 NetCDF: One or more variable sizes violate format constraints                   
 NetCDF: One or more variable sizes violate format constraints                   
 -------------- FATAL CALLED ---------------
 NetCDF: One or more variable sizes violate format constraints                   
 -------------- FATAL CALLED ---------------
  Fatal in file: mod_savefile.F90 at line:     2004
 SAVEFILE
 -------------------------------------------
 NetCDF: One or more variable sizes violate format constraints                   
 -------------- FATAL CALLED ---------------
  Fatal in file: mod_savefile.F90 at line:     2004
 SAVEFILE
 -------------------------------------------
 Abort called by computing node           276 at 2025-08-11 21:20:28.726 +0200
 Execution terminated because of runtime error
 NetCDF: One or more variable sizes violate format constraints                   
 -------------- FATAL CALLED ---------------
 NetCDF: One or more variable sizes violate format constraints                   
 -------------- FATAL CALLED ---------------
  Fatal in file: mod_savefile.F90 at line:     2004
 SAVEFILE
 -------------------------------------------
 NetCDF: One or more variable sizes violate format constraints                   
 -------------- FATAL CALLED ---------------
 NetCDF: One or more variable sizes violate format constraints                   
 -------------- FATAL CALLED ---------------
  Fatal in file: mod_savefile.F90 at line:     2004
 SAVEFILE
 -------------------------------------------
  Fatal in file: mod_savefile.F90 at line:     2004
 SAVEFILE
 -------------------------------------------
 NetCDF: One or more variable sizes violate format constraints                   
 -------------- FATAL CALLED ---------------
 NetCDF: One or more variable sizes violate format constraints                   
 -------------- FATAL CALLED ---------------
  Fatal in file: mod_savefile.F90 at line:     2004
 SAVEFILE
 -------------------------------------------
 NetCDF: One or more variable sizes violate format constraints                   
 -------------- FATAL CALLED ---------------
  Fatal in file: mod_savefile.F90 at line:     2004
 SAVEFILE
 -------------------------------------------
 Abort called by computing node           280 at 2025-08-11 21:20:28.726 +0200
 Execution terminated because of runtime error
 NetCDF: One or more variable sizes violate format constraints                   
 -------------- FATAL CALLED ---------------
  Fatal in file: mod_savefile.F90 at line:     2004
 SAVEFILE
 -------------------------------------------
 Abort called by computing node           179 at 2025-08-11 21:20:28.727 +0200
 Execution terminated because of runtime error
 NetCDF: One or more variable sizes violate format constraints                   
 -------------- FATAL CALLED ---------------
  Fatal in file: mod_savefile.F90 at line:     2004
 SAVEFILE
 -------------------------------------------
 Abort called by computing node           430 at 2025-08-11 21:20:28.728 +0200
 Execution terminated because of runtime error
 Abort called by computing node           335 at 2025-08-11 21:20:28.728 +0200
 Execution terminated because of runtime error
 NetCDF: One or more variable sizes violate format constraints                   
 -------------- FATAL CALLED ---------------
  Fatal in file: mod_savefile.F90 at line:     2004
 SAVEFILE
 -------------------------------------------
 NetCDF: One or more variable sizes violate format constraints                   
 NetCDF: One or more variable sizes violate format constraints                   
 -------------- FATAL CALLED ---------------
 NetCDF: One or more variable sizes violate format constraints                   
 -------------- FATAL CALLED ---------------
  Fatal in file: mod_savefile.F90 at line:     2004
 SAVEFILE
 -------------------------------------------
 NetCDF: One or more variable sizes violate format constraints                   
 -------------- FATAL CALLED ---------------
  Fatal in file: mod_savefile.F90 at line:     2004
 SAVEFILE
 -------------------------------------------
 Abort called by computing node           281 at 2025-08-11 21:20:28.726 +0200
 Execution terminated because of runtime error
 NetCDF: One or more variable sizes violate format constraints                   
 -------------- FATAL CALLED ---------------
 NetCDF: One or more variable sizes violate format constraints                   
 -------------- FATAL CALLED ---------------
 NetCDF: One or more variable sizes violate format constraints                   
 -------------- FATAL CALLED ---------------
  Fatal in file: mod_savefile.F90 at line:     2004
 SAVEFILE
 -------------------------------------------
 Abort called by computing node           336 at 2025-08-11 21:20:28.728 +0200
 Execution terminated because of runtime error
 NetCDF: One or more variable sizes violate format constraints                   
 -------------- FATAL CALLED ---------------
  Fatal in file: mod_savefile.F90 at line:     2004
 SAVEFILE
 -------------------------------------------
 -------------- FATAL CALLED ---------------
 NetCDF: One or more variable sizes violate format constraints                   
 -------------- FATAL CALLED ---------------
 NetCDF: One or more variable sizes violate format constraints                   
 -------------- FATAL CALLED ---------------
  Fatal in file: mod_savefile.F90 at line:     2004
 SAVEFILE
 -------------------------------------------
 NetCDF: One or more variable sizes violate format constraints                   
 -------------- FATAL CALLED ---------------
  Fatal in file: mod_savefile.F90 at line:     2004
 SAVEFILE
 -------------------------------------------
 Abort called by computing node           284 at 2025-08-11 21:20:28.726 +0200
 Execution terminated because of runtime error
 NetCDF: One or more variable sizes violate format constraints                   
 -------------- FATAL CALLED ---------------
  Fatal in file: mod_savefile.F90 at line:     2004
 SAVEFILE
 -------------------------------------------
 Abort called by computing node           182 at 2025-08-11 21:20:28.727 +0200
 Execution terminated because of runtime error
 NetCDF: One or more variable sizes violate format constraints                   
 -------------- FATAL CALLED ---------------
 NetCDF: One or more variable sizes violate format constraints                   
 -------------- FATAL CALLED ---------------
  Fatal in file: mod_savefile.F90 at line:     2004
 SAVEFILE
 -------------------------------------------
 NetCDF: One or more variable sizes violate format constraints                   
 -------------- FATAL CALLED ---------------
  Fatal in file: mod_savefile.F90 at line:     2004
 SAVEFILE
 -------------------------------------------
 NetCDF: One or more variable sizes violate format constraints                   
 NetCDF: One or more variable sizes violate format constraints                   
 -------------- FATAL CALLED ---------------
 NetCDF: One or more variable sizes violate format constraints                   
 -------------- FATAL CALLED ---------------
  Fatal in file: mod_savefile.F90 at line:     2004
 SAVEFILE
 -------------------------------------------
 Abort called by computing node           285 at 2025-08-11 21:20:28.726 +0200
 Execution terminated because of runtime error
 NetCDF: One or more variable sizes violate format constraints                   
 -------------- FATAL CALLED ---------------
 NetCDF: One or more variable sizes violate format constraints                   
 -------------- FATAL CALLED ---------------
  Fatal in file: mod_savefile.F90 at line:     2004
 SAVEFILE
 -------------------------------------------
 NetCDF: One or more variable sizes violate format constraints                   
 -------------- FATAL CALLED ---------------
  Fatal in file: mod_savefile.F90 at line:     2004
 SAVEFILE
 -------------------------------------------
 Abort called by computing node           338 at 2025-08-11 21:20:28.728 +0200
 Execution terminated because of runtime error
 NetCDF: One or more variable sizes violate format constraints                   
 -------------- FATAL CALLED ---------------
  Fatal in file: mod_savefile.F90 at line:     2004
 SAVEFILE
 -------------------------------------------
 Cannot enable savefile output//EURR-3_SAV.2009100500.nc
 NetCDF: One or more variable sizes violate format constraints                   
 -------------- FATAL CALLED ---------------
 NetCDF: One or more variable sizes violate format constraints                   
 -------------- FATAL CALLED ---------------
  Fatal in file: mod_savefile.F90 at line:     2004
 SAVEFILE
 -------------------------------------------
 Abort called by computing node           287 at 2025-08-11 21:20:28.726 +0200
 Execution terminated because of runtime error
 NetCDF: One or more variable sizes violate format constraints                   
 -------------- FATAL CALLED ---------------
  Fatal in file: mod_savefile.F90 at line:     2004
 SAVEFILE
 -------------------------------------------
 NetCDF: One or more variable sizes violate format constraints                   
 -------------- FATAL CALLED ---------------
 NetCDF: One or more variable sizes violate format constraints                   
 -------------- FATAL CALLED ---------------
  Fatal in file: mod_savefile.F90 at line:     2004
 SAVEFILE
 -------------------------------------------
 -------------- FATAL CALLED ---------------
 NetCDF: One or more variable sizes violate format constraints                   
 -------------- FATAL CALLED ---------------
 NetCDF: One or more variable sizes violate format constraints                   
 -------------- FATAL CALLED ---------------
  Fatal in file: mod_savefile.F90 at line:     2004
 SAVEFILE
 -------------------------------------------
 NetCDF: One or more variable sizes violate format constraints                   
 -------------- FATAL CALLED ---------------
  Fatal in file: mod_savefile.F90 at line:     2004
 SAVEFILE
 -------------------------------------------
 Abort called by computing node           289 at 2025-08-11 21:20:28.726 +0200
 Execution terminated because of runtime error
 Cannot enable savefile output//EURR-3_SAV.2009100500.nc
 NetCDF: One or more variable sizes violate format constraints                   
 -------------- FATAL CALLED ---------------
 NetCDF: One or more variable sizes violate format constraints                   
 -------------- FATAL CALLED ---------------
  Fatal in file: mod_savefile.F90 at line:     2004
 SAVEFILE
 -------------------------------------------
 Abort called by computing node           435 at 2025-08-11 21:20:28.728 +0200
 Execution terminated because of runtime error
 Abort called by computing node           340 at 2025-08-11 21:20:28.728 +0200
 Execution terminated because of runtime error
 NetCDF: One or more variable sizes violate format constraints                   
 -------------- FATAL CALLED ---------------
  Fatal in file: mod_savefile.F90 at line:     2004
 SAVEFILE
 -------------------------------------------
 Abort called by computing node            22 at 2025-08-11 21:20:28.733 +0200
 Execution terminated because of runtime error
 NetCDF: One or more variable sizes violate format constraints                   
 -------------- FATAL CALLED ---------------
 NetCDF: One or more variable sizes violate format constraints                   
 -------------- FATAL CALLED ---------------
  Fatal in file: mod_savefile.F90 at line:     2004
 SAVEFILE
 -------------------------------------------
 NetCDF: One or more variable sizes violate format constraints                   
 -------------- FATAL CALLED ---------------
  Fatal in file: mod_savefile.F90 at line:     2004
 SAVEFILE
 -------------------------------------------
 Abort called by computing node           293 at 2025-08-11 21:20:28.726 +0200
 Execution terminated because of runtime error
 NetCDF: One or more variable sizes violate format constraints                   
 -------------- FATAL CALLED ---------------
  Fatal in file: mod_savefile.F90 at line:     2004
 SAVEFILE
 -------------------------------------------
 NetCDF: One or more variable sizes violate format constraints                   
 -------------- FATAL CALLED ---------------
 NetCDF: One or more variable sizes violate format constraints                   
 -------------- FATAL CALLED ---------------
 NetCDF: One or more variable sizes violate format constraints                   
 -------------- FATAL CALLED ---------------
  Fatal in file: mod_savefile.F90 at line:     2004
 SAVEFILE
 -------------------------------------------
 Abort called by computing node           689 at 2025-08-11 21:20:28.728 +0200
 Execution terminated because of runtime error
 -------------- FATAL CALLED ---------------
 NetCDF: One or more variable sizes violate format constraints                   
 -------------- FATAL CALLED ---------------
 NetCDF: One or more variable sizes violate format constraints                   
 -------------- FATAL CALLED ---------------
  Fatal in file: mod_savefile.F90 at line:     2004
 SAVEFILE
 -------------------------------------------
 NetCDF: One or more variable sizes violate format constraints                   
 -------------- FATAL CALLED ---------------
  Fatal in file: mod_savefile.F90 at line:     2004
 SAVEFILE
 -------------------------------------------
 Abort called by computing node           295 at 2025-08-11 21:20:28.726 +0200
 Execution terminated because of runtime error
 NetCDF: One or more variable sizes violate format constraints                   
 -------------- FATAL CALLED ---------------
  Fatal in file: mod_savefile.F90 at line:     2004
 SAVEFILE
 -------------------------------------------
 Abort called by computing node           189 at 2025-08-11 21:20:28.727 +0200
 Execution terminated because of runtime error
 NetCDF: One or more variable sizes violate format constraints                   
 -------------- FATAL CALLED ---------------
 NetCDF: One or more variable sizes violate format constraints                   
 -------------- FATAL CALLED ---------------
  Fatal in file: mod_savefile.F90 at line:     2004
 SAVEFILE
 -------------------------------------------
 Abort called by computing node           342 at 2025-08-11 21:20:28.728 +0200
 Execution terminated because of runtime error
 NetCDF: One or more variable sizes violate format constraints                   
 -------------- FATAL CALLED ---------------
  Fatal in file: mod_savefile.F90 at line:     2004
 SAVEFILE
 -------------------------------------------
 Abort called by computing node           691 at 2025-08-11 21:20:28.729 +0200
 Execution terminated because of runtime error
 NetCDF: One or more variable sizes violate format constraints                   
 NetCDF: One or more variable sizes violate format constraints                   
 -------------- FATAL CALLED ---------------
 NetCDF: One or more variable sizes violate format constraints                   
 -------------- FATAL CALLED ---------------
  Fatal in file: mod_savefile.F90 at line:     2004
 SAVEFILE
 -------------------------------------------
 NetCDF: One or more variable sizes violate format constraints                   
 -------------- FATAL CALLED ---------------
  Fatal in file: mod_savefile.F90 at line:     2004
 SAVEFILE
 -------------------------------------------
 Abort called by computing node           298 at 2025-08-11 21:20:28.726 +0200
 Execution terminated because of runtime error
 NetCDF: One or more variable sizes violate format constraints                   
 -------------- FATAL CALLED ---------------
 NetCDF: One or more variable sizes violate format constraints                   
 -------------- FATAL CALLED ---------------
  Fatal in file: mod_savefile.F90 at line:     2004
 SAVEFILE
 -------------------------------------------
 Abort called by computing node           438 at 2025-08-11 21:20:28.728 +0200
 Execution terminated because of runtime error
 NetCDF: One or more variable sizes violate format constraints                   
 -------------- FATAL CALLED ---------------
  Fatal in file: mod_savefile.F90 at line:     2004
 SAVEFILE
 -------------------------------------------
 Abort called by computing node           344 at 2025-08-11 21:20:28.728 +0200
 Execution terminated because of runtime error
 NetCDF: One or more variable sizes violate format constraints                   
 -------------- FATAL CALLED ---------------
  Fatal in file: mod_savefile.F90 at line:     2004
 SAVEFILE
 -------------------------------------------
 Abort called by computing node           693 at 2025-08-11 21:20:28.728 +0200
 Execution terminated because of runtime error
  Fatal in file: mod_savefile.F90 at line:     2004
 SAVEFILE
 -------------------------------------------
 NetCDF: One or more variable sizes violate format constraints                   
 -------------- FATAL CALLED ---------------
  Fatal in file: mod_savefile.F90 at line:     2004
 SAVEFILE
 -------------------------------------------
 NetCDF: One or more variable sizes violate format constraints                   
 -------------- FATAL CALLED ---------------
  Fatal in file: mod_savefile.F90 at line:     2004
 SAVEFILE
 -------------------------------------------
 Abort called by computing node           773 at 2025-08-11 21:20:28.726 +0200
 Execution terminated because of runtime error
 NetCDF: One or more variable sizes violate format constraints                   
 -------------- FATAL CALLED ---------------
  Fatal in file: mod_savefile.F90 at line:     2004
 SAVEFILE
 -------------------------------------------
 NetCDF: One or more variable sizes violate format constraints                   
 -------------- FATAL CALLED ---------------
 NetCDF: One or more variable sizes violate format constraints                   
 -------------- FATAL CALLED ---------------
  Fatal in file: mod_savefile.F90 at line:     2004
 SAVEFILE
 -------------------------------------------
 Abort called by computing node           439 at 2025-08-11 21:20:28.728 +0200
 Execution terminated because of runtime error
 NetCDF: One or more variable sizes violate format constraints                   
 -------------- FATAL CALLED ---------------
  Fatal in file: mod_savefile.F90 at line:     2004
 SAVEFILE
 -------------------------------------------
 Abort called by computing node           345 at 2025-08-11 21:20:28.728 +0200
 Execution terminated because of runtime error
 NetCDF: One or more variable sizes violate format constraints                   
 -------------- FATAL CALLED ---------------
  Fatal in file: mod_savefile.F90 at line:     2004
 SAVEFILE
 -------------------------------------------
 Abort called by computing node           698 at 2025-08-11 21:20:28.728 +0200
 Execution terminated because of runtime error
 NetCDF: One or more variable sizes violate format constraints                   
 -------------- FATAL CALLED ---------------
 NetCDF: One or more variable sizes violate format constraints                   
 -------------- FATAL CALLED ---------------
 NetCDF: One or more variable sizes violate format constraints                   
 -------------- FATAL CALLED ---------------
  Fatal in file: mod_savefile.F90 at line:     2004
 SAVEFILE
 -------------------------------------------
 NetCDF: One or more variable sizes violate format constraints                   
 -------------- FATAL CALLED ---------------
  Fatal in file: mod_savefile.F90 at line:     2004
 SAVEFILE
 -------------------------------------------
 NetCDF: One or more variable sizes violate format constraints                   
 -------------- FATAL CALLED ---------------
  Fatal in file: mod_savefile.F90 at line:     2004
 SAVEFILE
 -------------------------------------------
 NetCDF: One or more variable sizes violate format constraints                   
 -------------- FATAL CALLED ---------------
  Fatal in file: mod_savefile.F90 at line:     2004
 SAVEFILE
 -------------------------------------------
 NetCDF: One or more variable sizes violate format constraints                   
 -------------- FATAL CALLED ---------------
  Fatal in file: mod_savefile.F90 at line:     2004
 SAVEFILE
 -------------------------------------------
 Abort called by computing node           346 at 2025-08-11 21:20:28.728 +0200
 Execution terminated because of runtime error
 NetCDF: One or more variable sizes violate format constraints                   
 -------------- FATAL CALLED ---------------
 NetCDF: One or more variable sizes violate format constraints                   
 -------------- FATAL CALLED ---------------
 NetCDF: One or more variable sizes violate format constraints                   
 -------------- FATAL CALLED ---------------
  Fatal in file: mod_savefile.F90 at line:     2004
 SAVEFILE
 -------------------------------------------
 NetCDF: One or more variable sizes violate format constraints                   
 -------------- FATAL CALLED ---------------
  Fatal in file: mod_savefile.F90 at line:     2004
 SAVEFILE
 -------------------------------------------
 NetCDF: One or more variable sizes violate format constraints                   
 -------------- FATAL CALLED ---------------
  Fatal in file: mod_savefile.F90 at line:     2004
 SAVEFILE
 -------------------------------------------
 Abort called by computing node           196 at 2025-08-11 21:20:28.727 +0200
 Execution terminated because of runtime error
 NetCDF: One or more variable sizes violate format constraints                   
 -------------- FATAL CALLED ---------------
  Fatal in file: mod_savefile.F90 at line:     2004
 SAVEFILE
 -------------------------------------------
 Abort called by computing node           442 at 2025-08-11 21:20:28.728 +0200
 Execution terminated because of runtime error
 NetCDF: One or more variable sizes violate format constraints                   
 -------------- FATAL CALLED ---------------
  Fatal in file: mod_savefile.F90 at line:     2004
 SAVEFILE
 -------------------------------------------
 NetCDF: One or more variable sizes violate format constraints                   
 Abort called by computing node            88 at 2025-08-11 21:20:28.733 +0200
 Execution terminated because of runtime error
 NetCDF: One or more variable sizes violate format constraints                   
 -------------- FATAL CALLED ---------------
 NetCDF: One or more variable sizes violate format constraints                   
 -------------- FATAL CALLED ---------------
  Fatal in file: mod_savefile.F90 at line:     2004
 SAVEFILE
 -------------------------------------------
 Abort called by computing node           778 at 2025-08-11 21:20:28.726 +0200
 Execution terminated because of runtime error
 NetCDF: One or more variable sizes violate format constraints                   
 -------------- FATAL CALLED ---------------
  Fatal in file: mod_savefile.F90 at line:     2004
 SAVEFILE
 -------------------------------------------
 NetCDF: One or more variable sizes violate format constraints                   
 -------------- FATAL CALLED ---------------
 NetCDF: One or more variable sizes violate format constraints                   
 -------------- FATAL CALLED ---------------
  Fatal in file: mod_savefile.F90 at line:     2004
 SAVEFILE
 -------------------------------------------
 Abort called by computing node           443 at 2025-08-11 21:20:28.728 +0200
 Execution terminated because of runtime error
 NetCDF: One or more variable sizes violate format constraints                   
 -------------- FATAL CALLED ---------------
 NetCDF: One or more variable sizes violate format constraints                   
  Fatal in file: mod_savefile.F90 at line:     2004
 SAVEFILE
 -------------------------------------------
 NetCDF: One or more variable sizes violate format constraints                   
 -------------- FATAL CALLED ---------------
 NetCDF: One or more variable sizes violate format constraints                   
 -------------- FATAL CALLED ---------------
  Fatal in file: mod_savefile.F90 at line:     2004
 SAVEFILE
 -------------------------------------------
 NetCDF: One or more variable sizes violate format constraints                   
 NetCDF: One or more variable sizes violate format constraints                   
 -------------- FATAL CALLED ---------------
 NetCDF: One or more variable sizes violate format constraints                   
 -------------- FATAL CALLED ---------------
  Fatal in file: mod_savefile.F90 at line:     2004
 SAVEFILE
 -------------------------------------------
 Abort called by computing node           446 at 2025-08-11 21:20:28.728 +0200
 Execution terminated because of runtime error
 NetCDF: One or more variable sizes violate format constraints                   
 -------------- FATAL CALLED ---------------
  Fatal in file: mod_savefile.F90 at line:     2004
 SAVEFILE
 -------------------------------------------
 Abort called by computing node           603 at 2025-08-11 21:20:28.728 +0200
 Execution terminated because of runtime error
 NetCDF: One or more variable sizes violate format constraints                   
 NetCDF: One or more variable sizes violate format constraints                   
 -------------- FATAL CALLED ---------------
  Fatal in file: mod_savefile.F90 at line:     2004
 SAVEFILE
 -------------------------------------------
 NetCDF: One or more variable sizes violate format constraints                   
 -------------- FATAL CALLED ---------------
  Fatal in file: mod_savefile.F90 at line:     2004
 SAVEFILE
 -------------------------------------------
 Abort called by computing node           785 at 2025-08-11 21:20:28.726 +0200
 Execution terminated because of runtime error
 NetCDF: One or more variable sizes violate format constraints                   
 -------------- FATAL CALLED ---------------
  Fatal in file: mod_savefile.F90 at line:     2004
 SAVEFILE
 -------------------------------------------
 NetCDF: One or more variable sizes violate format constraints                   
 -------------- FATAL CALLED ---------------
  Fatal in file: mod_savefile.F90 at line:     2004
 SAVEFILE
 -------------------------------------------
 Abort called by computing node           450 at 2025-08-11 21:20:28.727 +0200
 Execution terminated because of runtime error
 NetCDF: One or more variable sizes violate format constraints                   
 -------------- FATAL CALLED ---------------
  Fatal in file: mod_savefile.F90 at line:     2004
 SAVEFILE
 -------------------------------------------
 NetCDF: One or more variable sizes violate format constraints                   
 NetCDF: One or more variable sizes violate format constraints                   
 NetCDF: One or more variable sizes violate format constraints                   
 -------------- FATAL CALLED ---------------
 NetCDF: One or more variable sizes violate format constraints                   
 -------------- FATAL CALLED ---------------
  Fatal in file: mod_savefile.F90 at line:     2004
 SAVEFILE
 -------------------------------------------
 Abort called by computing node           207 at 2025-08-11 21:20:28.726 +0200
 Execution terminated because of runtime error
 NetCDF: One or more variable sizes violate format constraints                   
 -------------- FATAL CALLED ---------------
 NetCDF: One or more variable sizes violate format constraints                   
 -------------- FATAL CALLED ---------------
  Fatal in file: mod_savefile.F90 at line:     2004
 SAVEFILE
 -------------------------------------------
 Abort called by computing node           451 at 2025-08-11 21:20:28.728 +0200
 Execution terminated because of runtime error
 NetCDF: One or more variable sizes violate format constraints                   
 -------------- FATAL CALLED ---------------
  Fatal in file: mod_savefile.F90 at line:     2004
 SAVEFILE
 -------------------------------------------
 NetCDF: One or more variable sizes violate format constraints                   
 NetCDF: One or more variable sizes violate format constraints                   
 NetCDF: One or more variable sizes violate format constraints                   
 -------------- FATAL CALLED ---------------
 NetCDF: One or more variable sizes violate format constraints                   
 -------------- FATAL CALLED ---------------
  Fatal in file: mod_savefile.F90 at line:     2004
 SAVEFILE
 -------------------------------------------
 Abort called by computing node           788 at 2025-08-11 21:20:28.727 +0200
 Execution terminated because of runtime error
 Abort called by computing node           208 at 2025-08-11 21:20:28.726 +0200
 Execution terminated because of runtime error
  Fatal in file: mod_savefile.F90 at line:     2004
 SAVEFILE
 -------------------------------------------
 Abort called by computing node           104 at 2025-08-11 21:20:28.727 +0200
 Execution terminated because of runtime error
 NetCDF: One or more variable sizes violate format constraints                   
 -------------- FATAL CALLED ---------------
  Fatal in file: mod_savefile.F90 at line:     2004
 SAVEFILE
 -------------------------------------------
 NetCDF: One or more variable sizes violate format constraints                   
 -------------- FATAL CALLED ---------------
  Fatal in file: mod_savefile.F90 at line:     2004
 SAVEFILE
 -------------------------------------------
 Abort called by computing node           606 at 2025-08-11 21:20:28.728 +0200
 Execution terminated because of runtime error
 NetCDF: One or more variable sizes violate format constraints                   
 NetCDF: One or more variable sizes violate format constraints                   
 -------------- FATAL CALLED ---------------
 NetCDF: One or more variable sizes violate format constraints                   
 -------------- FATAL CALLED ---------------
  Fatal in file: mod_savefile.F90 at line:     2004
 SAVEFILE
 -------------------------------------------
 NetCDF: One or more variable sizes violate format constraints                   
 -------------- FATAL CALLED ---------------
  Fatal in file: mod_savefile.F90 at line:     2004
 SAVEFILE
 -------------------------------------------
 Abort called by computing node           209 at 2025-08-11 21:20:28.726 +0200
 Execution terminated because of runtime error
  Fatal in file: mod_savefile.F90 at line:     2004
 SAVEFILE
 -------------------------------------------
 Abort called by computing node           105 at 2025-08-11 21:20:28.727 +0200
 Execution terminated because of runtime error
 NetCDF: One or more variable sizes violate format constraints                   
 -------------- FATAL CALLED ---------------
  Fatal in file: mod_savefile.F90 at line:     2004
 SAVEFILE
 -------------------------------------------
 NetCDF: One or more variable sizes violate format constraints                   
 -------------- FATAL CALLED ---------------
  Fatal in file: mod_savefile.F90 at line:     2004
 SAVEFILE
 -------------------------------------------
 Abort called by computing node           355 at 2025-08-11 21:20:28.728 +0200
 Execution terminated because of runtime error
 NetCDF: One or more variable sizes violate format constraints                   
 -------------- FATAL CALLED ---------------
 -------------- FATAL CALLED ---------------
 NetCDF: One or more variable sizes violate format constraints                   
 -------------- FATAL CALLED ---------------
  Fatal in file: mod_savefile.F90 at line:     2004
 SAVEFILE
 -------------------------------------------
 NetCDF: One or more variable sizes violate format constraints                   
 -------------- FATAL CALLED ---------------
  Fatal in file: mod_savefile.F90 at line:     2004
 SAVEFILE
 -------------------------------------------
 Abort called by computing node           796 at 2025-08-11 21:20:28.726 +0200
 Execution terminated because of runtime error
 NetCDF: One or more variable sizes violate format constraints                   
 -------------- FATAL CALLED ---------------
  Fatal in file: mod_savefile.F90 at line:     2004
 SAVEFILE
 -------------------------------------------
 Abort called by computing node           210 at 2025-08-11 21:20:28.726 +0200
 Execution terminated because of runtime error
  Fatal in file: mod_savefile.F90 at line:     2004
 SAVEFILE
 -------------------------------------------
 Abort called by computing node           106 at 2025-08-11 21:20:28.727 +0200
 Execution terminated because of runtime error
 NetCDF: One or more variable sizes violate format constraints                   
 -------------- FATAL CALLED ---------------
  Fatal in file: mod_savefile.F90 at line:     2004
 SAVEFILE
 -------------------------------------------
 Abort called by computing node           454 at 2025-08-11 21:20:28.728 +0200
 Execution terminated because of runtime error
 NetCDF: One or more variable sizes violate format constraints                   
 -------------- FATAL CALLED ---------------
  Fatal in file: mod_savefile.F90 at line:     2004
 SAVEFILE
 -------------------------------------------
 NetCDF: One or more variable sizes violate format constraints                   
 Abort called by computing node            13 at 2025-08-11 21:20:28.733 +0200
 Execution terminated because of runtime error
 NetCDF: One or more variable sizes violate format constraints                   
 -------------- FATAL CALLED ---------------
 NetCDF: One or more variable sizes violate format constraints                   
 -------------- FATAL CALLED ---------------
  Fatal in file: mod_savefile.F90 at line:     2004
 SAVEFILE
 -------------------------------------------
 Abort called by computing node           211 at 2025-08-11 21:20:28.726 +0200
 Execution terminated because of runtime error
  Fatal in file: mod_savefile.F90 at line:     2004
 SAVEFILE
 -------------------------------------------
 Abort called by computing node           110 at 2025-08-11 21:20:28.727 +0200
 Execution terminated because of runtime error
 NetCDF: One or more variable sizes violate format constraints                   
 -------------- FATAL CALLED ---------------
  Fatal in file: mod_savefile.F90 at line:     2004
 SAVEFILE
 -------------------------------------------
 NetCDF: One or more variable sizes violate format constraints                   
 -------------- FATAL CALLED ---------------
  Fatal in file: mod_savefile.F90 at line:     2004
 SAVEFILE
 -------------------------------------------
 NetCDF: One or more variable sizes violate format constraints                   
  Fatal in file: mod_savefile.F90 at line:     2004
 SAVEFILE
 -------------------------------------------
 NetCDF: One or more variable sizes violate format constraints                   
 -------------- FATAL CALLED ---------------
 NetCDF: One or more variable sizes violate format constraints                   
 -------------- FATAL CALLED ---------------
  Fatal in file: mod_savefile.F90 at line:     2004
 SAVEFILE
 -------------------------------------------
 Abort called by computing node           212 at 2025-08-11 21:20:28.726 +0200
 Execution terminated because of runtime error
 NetCDF: One or more variable sizes violate format constraints                   
 -------------- FATAL CALLED ---------------
  Fatal in file: mod_savefile.F90 at line:     2004
 SAVEFILE
 -------------------------------------------
  Fatal in file: mod_savefile.F90 at line:     2004
 SAVEFILE
 -------------------------------------------
 Abort called by computing node           456 at 2025-08-11 21:20:28.727 +0200
 Execution terminated because of runtime error
 NetCDF: One or more variable sizes violate format constraints                   
 -------------- FATAL CALLED ---------------
  Fatal in file: mod_savefile.F90 at line:     2004
 SAVEFILE
 -------------------------------------------
 Abort called by computing node           359 at 2025-08-11 21:20:28.728 +0200
 Execution terminated because of runtime error
 Abort called by computing node           611 at 2025-08-11 21:20:28.728 +0200
 Execution terminated because of runtime error
 NetCDF: One or more variable sizes violate format constraints                   
 -------------- FATAL CALLED ---------------
 Abort called by computing node           700 at 2025-08-11 21:20:28.726 +0200
 Execution terminated because of runtime error
 NetCDF: One or more variable sizes violate format constraints                   
 -------------- FATAL CALLED ---------------
  Fatal in file: mod_savefile.F90 at line:     2004
 SAVEFILE
 -------------------------------------------
 Cannot enable savefile output//EURR-3_SAV.2009100500.nc
 NetCDF: One or more variable sizes violate format constraints                   
 -------------- FATAL CALLED ---------------
  Fatal in file: mod_savefile.F90 at line:     2004
 SAVEFILE
 -------------------------------------------
 Abort called by computing node           112 at 2025-08-11 21:20:28.727 +0200
 Execution terminated because of runtime error
 NetCDF: One or more variable sizes violate format constraints                   
 -------------- FATAL CALLED ---------------
  Fatal in file: mod_savefile.F90 at line:     2004
 SAVEFILE
 -------------------------------------------
 NetCDF: One or more variable sizes violate format constraints                   
 -------------- FATAL CALLED ---------------
  Fatal in file: mod_savefile.F90 at line:     2004
 SAVEFILE
 -------------------------------------------
 NetCDF: One or more variable sizes violate format constraints                   
 -------------- FATAL CALLED ---------------
  Fatal in file: mod_savefile.F90 at line:     2004
 SAVEFILE
 -------------------------------------------
 Abort called by computing node           612 at 2025-08-11 21:20:28.728 +0200
 Execution terminated because of runtime error
 NetCDF: One or more variable sizes violate format constraints                   
 -------------- FATAL CALLED ---------------
 NetCDF: One or more variable sizes violate format constraints                   
 -------------- FATAL CALLED ---------------
  Fatal in file: mod_savefile.F90 at line:     2004
 SAVEFILE
 -------------------------------------------
 NetCDF: One or more variable sizes violate format constraints                   
 -------------- FATAL CALLED ---------------
  Fatal in file: mod_savefile.F90 at line:     2004
 SAVEFILE
 -------------------------------------------
 Abort called by computing node           214 at 2025-08-11 21:20:28.726 +0200
 Execution terminated because of runtime error
  Fatal in file: mod_savefile.F90 at line:     2004
 SAVEFILE
 -------------------------------------------
 NetCDF: One or more variable sizes violate format constraints                   
 -------------- FATAL CALLED ---------------
  Fatal in file: mod_savefile.F90 at line:     2004
 SAVEFILE
 -------------------------------------------
 Abort called by computing node           458 at 2025-08-11 21:20:28.728 +0200
 Execution terminated because of runtime error
 NetCDF: One or more variable sizes violate format constraints                   
 -------------- FATAL CALLED ---------------
 NetCDF: One or more variable sizes violate format constraints                   
 -------------- FATAL CALLED ---------------
  Fatal in file: mod_savefile.F90 at line:     2004
 SAVEFILE
 -------------------------------------------
 Abort called by computing node           613 at 2025-08-11 21:20:28.729 +0200
 Execution terminated because of runtime error
 NetCDF: One or more variable sizes violate format constraints                   
 -------------- FATAL CALLED ---------------
  Fatal in file: mod_savefile.F90 at line:     2004
 SAVEFILE
 -------------------------------------------
 NetCDF: One or more variable sizes violate format constraints                   
 -------------- FATAL CALLED ---------------
  Fatal in file: mod_savefile.F90 at line:     2004
 SAVEFILE
 -------------------------------------------
 Abort called by computing node           702 at 2025-08-11 21:20:28.726 +0200
 Execution terminated because of runtime error
 NetCDF: One or more variable sizes violate format constraints                   
 -------------- FATAL CALLED ---------------
  Fatal in file: mod_savefile.F90 at line:     2004
 SAVEFILE
 -------------------------------------------
 NetCDF: One or more variable sizes violate format constraints                   
 -------------- FATAL CALLED ---------------
 NetCDF: One or more variable sizes violate format constraints                   
 -------------- FATAL CALLED ---------------
  Fatal in file: mod_savefile.F90 at line:     2004
 SAVEFILE
 -------------------------------------------
 NetCDF: One or more variable sizes violate format constraints                   
 -------------- FATAL CALLED ---------------
  Fatal in file: mod_savefile.F90 at line:     2004
 SAVEFILE
 -------------------------------------------
 Abort called by computing node           362 at 2025-08-11 21:20:28.728 +0200
 Execution terminated because of runtime error
 NetCDF: One or more variable sizes violate format constraints                   
 -------------- FATAL CALLED ---------------
  Fatal in file: mod_savefile.F90 at line:     2004
 SAVEFILE
 -------------------------------------------
 NetCDF: One or more variable sizes violate format constraints                   
 -------------- FATAL CALLED ---------------
 Abort called by computing node           703 at 2025-08-11 21:20:28.726 +0200
 Execution terminated because of runtime error
 NetCDF: One or more variable sizes violate format constraints                   
 -------------- FATAL CALLED ---------------
  Fatal in file: mod_savefile.F90 at line:     2004
 SAVEFILE
 -------------------------------------------
 Abort called by computing node           216 at 2025-08-11 21:20:28.726 +0200
 Execution terminated because of runtime error
 Cannot enable savefile output//EURR-3_SAV.2009100500.nc
 NetCDF: One or more variable sizes violate format constraints                   
 -------------- FATAL CALLED ---------------
  Fatal in file: mod_savefile.F90 at line:     2004
 SAVEFILE
 -------------------------------------------
 Abort called by computing node           120 at 2025-08-11 21:20:28.727 +0200
 Execution terminated because of runtime error
 NetCDF: One or more variable sizes violate format constraints                   
 -------------- FATAL CALLED ---------------
  Fatal in file: mod_savefile.F90 at line:     2004
 SAVEFILE
 -------------------------------------------
 NetCDF: One or more variable sizes violate format constraints                   
 -------------- FATAL CALLED ---------------
  Fatal in file: mod_savefile.F90 at line:     2004
 SAVEFILE
 -------------------------------------------
 Abort called by computing node           363 at 2025-08-11 21:20:28.728 +0200
 Execution terminated because of runtime error
 NetCDF: One or more variable sizes violate format constraints                   
 -------------- FATAL CALLED ---------------
  Fatal in file: mod_savefile.F90 at line:     2004
 SAVEFILE
 -------------------------------------------
 NetCDF: One or more variable sizes violate format constraints                   
  Fatal in file: mod_savefile.F90 at line:     2004
 SAVEFILE
 -------------------------------------------
 NetCDF: One or more variable sizes violate format constraints                   
 -------------- FATAL CALLED ---------------
  Fatal in file: mod_savefile.F90 at line:     2004
 SAVEFILE
 -------------------------------------------
 Abort called by computing node           704 at 2025-08-11 21:20:28.726 +0200
 Execution terminated because of runtime error
 Abort called by computing node           217 at 2025-08-11 21:20:28.726 +0200
 Execution terminated because of runtime error
 Cannot enable savefile output//EURR-3_SAV.2009100500.nc
 NetCDF: One or more variable sizes violate format constraints                   
 -------------- FATAL CALLED ---------------
  Fatal in file: mod_savefile.F90 at line:     2004
 SAVEFILE
 -------------------------------------------
 Abort called by computing node           121 at 2025-08-11 21:20:28.727 +0200
 Execution terminated because of runtime error
 NetCDF: One or more variable sizes violate format constraints                   
 -------------- FATAL CALLED ---------------
  Fatal in file: mod_savefile.F90 at line:     2004
 SAVEFILE
 -------------------------------------------
 Abort called by computing node           461 at 2025-08-11 21:20:28.728 +0200
 Execution terminated because of runtime error
 NetCDF: One or more variable sizes violate format constraints                   
 -------------- FATAL CALLED ---------------
  Fatal in file: mod_savefile.F90 at line:     2004
 SAVEFILE
 -------------------------------------------
 Abort called by computing node           364 at 2025-08-11 21:20:28.728 +0200
 Execution terminated because of runtime error
 Abort called by computing node           617 at 2025-08-11 21:20:28.728 +0200
 Execution terminated because of runtime error
  Fatal in file: mod_savefile.F90 at line:     2004
 SAVEFILE
 -------------------------------------------
 Abort called by computing node           706 at 2025-08-11 21:20:28.726 +0200
 Execution terminated because of runtime error
 Abort called by computing node           219 at 2025-08-11 21:20:28.726 +0200
 Execution terminated because of runtime error
 NetCDF: One or more variable sizes violate format constraints                   
 -------------- FATAL CALLED ---------------
 NetCDF: One or more variable sizes violate format constraints                   
 -------------- FATAL CALLED ---------------
  Fatal in file: mod_savefile.F90 at line:     2004
 SAVEFILE
 -------------------------------------------
 Abort called by computing node           463 at 2025-08-11 21:20:28.728 +0200
 NetCDF: One or more variable sizes violate format constraints                   
 -------------- FATAL CALLED ---------------
  Fatal in file: mod_savefile.F90 at line:     2004
 SAVEFILE
 -------------------------------------------
 Abort called by computing node           365 at 2025-08-11 21:20:28.728 +0200
 Execution terminated because of runtime error
 NetCDF: One or more variable sizes violate format constraints                   
 -------------- FATAL CALLED ---------------
  Fatal in file: mod_savefile.F90 at line:     2004
 -------------- FATAL CALLED ---------------
  Fatal in file: mod_savefile.F90 at line:     2004
 SAVEFILE
 -------------------------------------------
 NetCDF: One or more variable sizes violate format constraints                   
 -------------- FATAL CALLED ---------------
  Fatal in file: mod_savefile.F90 at line:     2004
 SAVEFILE
 -------------------------------------------
 Abort called by computing node           707 at 2025-08-11 21:20:28.727 +0200
 Execution terminated because of runtime error
 NetCDF: One or more variable sizes violate format constraints                   
 -------------- FATAL CALLED ---------------
  Fatal in file: mod_savefile.F90 at line:     2004
 SAVEFILE
 -------------------------------------------
 Abort called by computing node           220 at 2025-08-11 21:20:28.726 +0200
 Execution terminated because of runtime error
 NetCDF: One or more variable sizes violate format constraints                   
 -------------- FATAL CALLED ---------------
  Fatal in file: mod_savefile.F90 at line:     2004
 SAVEFILE
 -------------------------------------------
 NetCDF: One or more variable sizes violate format constraints                   
 -------------- FATAL CALLED ---------------
  Fatal in file: mod_savefile.F90 at line:     2004
 SAVEFILE
 -------------------------------------------
 NetCDF: One or more variable sizes violate format constraints                   
 -------------- FATAL CALLED ---------------
  Fatal in file: mod_savefile.F90 at line:     2004
 SAVEFILE
 -------------------------------------------
 Abort called by computing node           366 at 2025-08-11 21:20:28.728 +0200
 Execution terminated because of runtime error
 Abort called by computing node           619 at 2025-08-11 21:20:28.728 +0200
 Execution terminated because of runtime error
  Fatal in file: mod_savefile.F90 at line:     2004
 SAVEFILE
 -------------------------------------------
 Abort called by computing node           708 at 2025-08-11 21:20:28.726 +0200
 Execution terminated because of runtime error
 NetCDF: One or more variable sizes violate format constraints                   
 -------------- FATAL CALLED ---------------
  Fatal in file: mod_savefile.F90 at line:     2004
 SAVEFILE
 -------------------------------------------
 Abort called by computing node           221 at 2025-08-11 21:20:28.726 +0200
 Execution terminated because of runtime error
 NetCDF: One or more variable sizes violate format constraints                   
 -------------- FATAL CALLED ---------------
  Fatal in file: mod_savefile.F90 at line:     2004
 SAVEFILE
 -------------------------------------------
 NetCDF: One or more variable sizes violate format constraints                   
 -------------- FATAL CALLED ---------------
  Fatal in file: mod_savefile.F90 at line:     2004
 SAVEFILE
 -------------------------------------------
 Abort called by computing node           467 at 2025-08-11 21:20:28.728 +0200
 Execution terminated because of runtime error
 NetCDF: One or more variable sizes violate format constraints                   
 -------------- FATAL CALLED ---------------
  Fatal in file: mod_savefile.F90 at line:     2004
 SAVEFILE
 -------------------------------------------
 Abort called by computing node           367 at 2025-08-11 21:20:28.728 +0200
 Execution terminated because of runtime error
 Abort called by computing node           620 at 2025-08-11 21:20:28.728 +0200
 Execution terminated because of runtime error
 -------------- FATAL CALLED ---------------
 NetCDF: One or more variable sizes violate format constraints                   
 -------------- FATAL CALLED ---------------
 Abort called by computing node           710 at 2025-08-11 21:20:28.726 +0200
 Execution terminated because of runtime error
 NetCDF: One or more variable sizes violate format constraints                   
 -------------- FATAL CALLED ---------------
  Fatal in file: mod_savefile.F90 at line:     2004
 SAVEFILE
 -------------------------------------------
 Abort called by computing node           222 at 2025-08-11 21:20:28.726 +0200
 Execution terminated because of runtime error
 NetCDF: One or more variable sizes violate format constraints                   
 -------------- FATAL CALLED ---------------
  Fatal in file: mod_savefile.F90 at line:     2004
 SAVEFILE
 -------------------------------------------
 Abort called by computing node           133 at 2025-08-11 21:20:28.727 +0200
 Execution terminated because of runtime error
 NetCDF: One or more variable sizes violate format constraints                   
 -------------- FATAL CALLED ---------------
  Fatal in file: mod_savefile.F90 at line:     2004
 SAVEFILE
 -------------------------------------------
 Abort called by computing node           468 at 2025-08-11 21:20:28.728 +0200
 Execution terminated because of runtime error
 Abort called by computing node           369 at 2025-08-11 21:20:28.728 +0200
 Execution terminated because of runtime error
 NetCDF: One or more variable sizes violate format constraints                   
 -------------- FATAL CALLED ---------------
  Fatal in file: mod_savefile.F90 at line:     2004
 SAVEFILE
 -------------------------------------------
  Fatal in file: mod_savefile.F90 at line:     2004
 SAVEFILE
 -------------------------------------------
 NetCDF: One or more variable sizes violate format constraints                   
 -------------- FATAL CALLED ---------------
  Fatal in file: mod_savefile.F90 at line:     2004
 SAVEFILE
 -------------------------------------------
 Abort called by computing node           711 at 2025-08-11 21:20:28.726 +0200
 Execution terminated because of runtime error
 NetCDF: One or more variable sizes violate format constraints                   
 -------------- FATAL CALLED ---------------
  Fatal in file: mod_savefile.F90 at line:     2004
 SAVEFILE
 -------------------------------------------
 Abort called by computing node           225 at 2025-08-11 21:20:28.726 +0200
 Execution terminated because of runtime error
 NetCDF: One or more variable sizes violate format constraints                   
 -------------- FATAL CALLED ---------------
 NetCDF: One or more variable sizes violate format constraints                   
 -------------- FATAL CALLED ---------------
  Fatal in file: mod_savefile.F90 at line:     2004
 SAVEFILE
 -------------------------------------------
 Abort called by computing node           469 at 2025-08-11 21:20:28.728 +0200
 Execution terminated because of runtime error
 NetCDF: One or more variable sizes violate format constraints                   
 -------------- FATAL CALLED ---------------
  Fatal in file: mod_savefile.F90 at line:     2004
 SAVEFILE
 -------------------------------------------
 Abort called by computing node           623 at 2025-08-11 21:20:28.728 +0200
 Execution terminated because of runtime error
  Fatal in file: mod_savefile.F90 at line:     2004
 SAVEFILE
 -------------------------------------------
 Abort called by computing node           712 at 2025-08-11 21:20:28.726 +0200
 Execution terminated because of runtime error
 NetCDF: One or more variable sizes violate format constraints                   
 -------------- FATAL CALLED ---------------
  Fatal in file: mod_savefile.F90 at line:     2004
 SAVEFILE
 -------------------------------------------
 Abort called by computing node           227 at 2025-08-11 21:20:28.726 +0200
 Execution terminated because of runtime error
  Fatal in file: mod_savefile.F90 at line:     2004
 SAVEFILE
 -------------------------------------------
 Abort called by computing node           136 at 2025-08-11 21:20:28.727 +0200
 Execution terminated because of runtime error
 NetCDF: One or more variable sizes violate format constraints                   
 -------------- FATAL CALLED ---------------
  Fatal in file: mod_savefile.F90 at line:     2004
 SAVEFILE
 -------------------------------------------
 Abort called by computing node           470 at 2025-08-11 21:20:28.728 +0200
 Execution terminated because of runtime error
 NetCDF: One or more variable sizes violate format constraints                   
 -------------- FATAL CALLED ---------------
  Fatal in file: mod_savefile.F90 at line:     2004
 SAVEFILE
 -------------------------------------------
 Abort called by computing node           372 at 2025-08-11 21:20:28.728 +0200
 Execution terminated because of runtime error
 NetCDF: One or more variable sizes violate format constraints                   
 -------------- FATAL CALLED ---------------
  Fatal in file: mod_savefile.F90 at line:     2004
 SAVEFILE
 -------------------------------------------
 Abort called by computing node           624 at 2025-08-11 21:20:28.729 +0200
 Execution terminated because of runtime error
 NetCDF: One or more variable sizes violate format constraints                   
 NetCDF: One or more variable sizes violate format constraints                   
 -------------- FATAL CALLED ---------------
  Fatal in file: mod_savefile.F90 at line:     2004
 SAVEFILE
 -------------------------------------------
 Abort called by computing node           713 at 2025-08-11 21:20:28.726 +0200
 Execution terminated because of runtime error
 NetCDF: One or more variable sizes violate format constraints                   
 -------------- FATAL CALLED ---------------
  Fatal in file: mod_savefile.F90 at line:     2004
 SAVEFILE
 -------------------------------------------
 Abort called by computing node           229 at 2025-08-11 21:20:28.726 +0200
 Execution terminated because of runtime error
 Abort called by computing node           142 at 2025-08-11 21:20:28.727 +0200
 Execution terminated because of runtime error
 NetCDF: One or more variable sizes violate format constraints                   
 -------------- FATAL CALLED ---------------
  Fatal in file: mod_savefile.F90 at line:     2004
 SAVEFILE
 -------------------------------------------
 Abort called by computing node           471 at 2025-08-11 21:20:28.728 +0200
 Execution terminated because of runtime error
 NetCDF: One or more variable sizes violate format constraints                   
 -------------- FATAL CALLED ---------------
  Fatal in file: mod_savefile.F90 at line:     2004
 SAVEFILE
 -------------------------------------------
 NetCDF: One or more variable sizes violate format constraints                   
 -------------- FATAL CALLED ---------------
 NetCDF: One or more variable sizes violate format constraints                   
 -------------- FATAL CALLED ---------------
  Fatal in file: mod_savefile.F90 at line:     2004
 SAVEFILE
 -------------------------------------------
 Abort called by computing node           714 at 2025-08-11 21:20:28.726 +0200
 Execution terminated because of runtime error
 Abort called by computing node           231 at 2025-08-11 21:20:28.726 +0200
 Execution terminated because of runtime error
  Fatal in file: mod_savefile.F90 at line:     2004
 SAVEFILE
 -------------------------------------------
 Abort called by computing node           145 at 2025-08-11 21:20:28.727 +0200
 Execution terminated because of runtime error
 NetCDF: One or more variable sizes violate format constraints                   
 -------------- FATAL CALLED ---------------
  Fatal in file: mod_savefile.F90 at line:     2004
 SAVEFILE
 -------------------------------------------
 Abort called by computing node           472 at 2025-08-11 21:20:28.728 +0200
 Execution terminated because of runtime error
 NetCDF: One or more variable sizes violate format constraints                   
 -------------- FATAL CALLED ---------------
  Fatal in file: mod_savefile.F90 at line:     2004
 SAVEFILE
 -------------------------------------------
 Abort called by computing node           375 at 2025-08-11 21:20:28.728 +0200
 Execution terminated because of runtime error
 NetCDF: One or more variable sizes violate format constraints                   
 -------------- FATAL CALLED ---------------
  Fatal in file: mod_savefile.F90 at line:     2004
 SAVEFILE
 -------------------------------------------
 Abort called by computing node           627 at 2025-08-11 21:20:28.728 +0200
 Execution terminated because of runtime error
  Fatal in file: mod_savefile.F90 at line:     2004
 SAVEFILE
 -------------------------------------------
  Fatal in file: mod_savefile.F90 at line:     2004
 SAVEFILE
 -------------------------------------------
 Abort called by computing node           717 at 2025-08-11 21:20:28.726 +0200
 Execution terminated because of runtime error
 Abort called by computing node           232 at 2025-08-11 21:20:28.726 +0200
 Execution terminated because of runtime error
 NetCDF: One or more variable sizes violate format constraints                   
 -------------- FATAL CALLED ---------------
 NetCDF: One or more variable sizes violate format constraints                   
 -------------- FATAL CALLED ---------------
  Fatal in file: mod_savefile.F90 at line:     2004
 SAVEFILE
 -------------------------------------------
 Abort called by computing node           473 at 2025-08-11 21:20:28.727 +0200
 Execution terminated because of runtime error
 NetCDF: One or more variable sizes violate format constraints                   
 -------------- FATAL CALLED ---------------
  Fatal in file: mod_savefile.F90 at line:     2004
 SAVEFILE
 -------------------------------------------
 Abort called by computing node           376 at 2025-08-11 21:20:28.728 +0200
 Execution terminated because of runtime error
 NetCDF: One or more variable sizes violate format constraints                   
 -------------- FATAL CALLED ---------------
 NetCDF: One or more variable sizes violate format constraints                   
 -------------- FATAL CALLED ---------------
  Fatal in file: mod_savefile.F90 at line:     2004
 SAVEFILE
 -------------------------------------------
 Abort called by computing node           718 at 2025-08-11 21:20:28.726 +0200
 Execution terminated because of runtime error
 NetCDF: One or more variable sizes violate format constraints                   
 -------------- FATAL CALLED ---------------
  Fatal in file: mod_savefile.F90 at line:     2004
 SAVEFILE
 -------------------------------------------
 Abort called by computing node           233 at 2025-08-11 21:20:28.726 +0200
 Execution terminated because of runtime error
 NetCDF: One or more variable sizes violate format constraints                   
 -------------- FATAL CALLED ---------------
 NetCDF: One or more variable sizes violate format constraints                   
 -------------- FATAL CALLED ---------------
  Fatal in file: mod_savefile.F90 at line:     2004
 SAVEFILE
 -------------------------------------------
 Abort called by computing node           475 at 2025-08-11 21:20:28.728 +0200
 Execution terminated because of runtime error
 NetCDF: One or more variable sizes violate format constraints                   
 -------------- FATAL CALLED ---------------
  Fatal in file: mod_savefile.F90 at line:     2004
 SAVEFILE
 -------------------------------------------
 Abort called by computing node           377 at 2025-08-11 21:20:28.728 +0200
 Execution terminated because of runtime error
 NetCDF: One or more variable sizes violate format constraints                   
 -------------- FATAL CALLED ---------------
  Fatal in file: mod_savefile.F90 at line:     2004
 SAVEFILE
 -------------------------------------------
  Fatal in file: mod_savefile.F90 at line:     2004
 SAVEFILE
 -------------------------------------------
  Fatal in file: mod_savefile.F90 at line:     2004
 SAVEFILE
 -------------------------------------------
 Abort called by computing node           721 at 2025-08-11 21:20:28.726 +0200
 Execution terminated because of runtime error
 Abort called by computing node           234 at 2025-08-11 21:20:28.726 +0200
 Execution terminated because of runtime error
  Fatal in file: mod_savefile.F90 at line:     2004
 SAVEFILE
 -------------------------------------------
 Abort called by computing node           152 at 2025-08-11 21:20:28.727 +0200
 Execution terminated because of runtime error
 NetCDF: One or more variable sizes violate format constraints                   
 -------------- FATAL CALLED ---------------
  Fatal in file: mod_savefile.F90 at line:     2004
 SAVEFILE
 -------------------------------------------
 Abort called by computing node           476 at 2025-08-11 21:20:28.728 +0200
 Execution terminated because of runtime error
 NetCDF: One or more variable sizes violate format constraints                   
 -------------- FATAL CALLED ---------------
  Fatal in file: mod_savefile.F90 at line:     2004
 SAVEFILE
 -------------------------------------------
 Abort called by computing node           378 at 2025-08-11 21:20:28.728 +0200
 Execution terminated because of runtime error
 -------------- FATAL CALLED ---------------
  Fatal in file: mod_savefile.F90 at line:     2004
 SAVEFILE
 -------------------------------------------
 Abort called by computing node           632 at 2025-08-11 21:20:28.729 +0200
 Execution terminated because of runtime error
  Fatal in file: mod_savefile.F90 at line:     2004
 SAVEFILE
 -------------------------------------------
 NetCDF: One or more variable sizes violate format constraints                   
 -------------- FATAL CALLED ---------------
  Fatal in file: mod_savefile.F90 at line:     2004
 SAVEFILE
 -------------------------------------------
 Abort called by computing node           722 at 2025-08-11 21:20:28.727 +0200
 Execution terminated because of runtime error
 NetCDF: One or more variable sizes violate format constraints                   
 -------------- FATAL CALLED ---------------
  Fatal in file: mod_savefile.F90 at line:     2004
 SAVEFILE
 -------------------------------------------
 Abort called by computing node           235 at 2025-08-11 21:20:28.726 +0200
 Execution terminated because of runtime error
 NetCDF: One or more variable sizes violate format constraints                   
 -------------- FATAL CALLED ---------------
 NetCDF: One or more variable sizes violate format constraints                   
 -------------- FATAL CALLED ---------------
  Fatal in file: mod_savefile.F90 at line:     2004
 SAVEFILE
 -------------------------------------------
 Abort called by computing node           479 at 2025-08-11 21:20:28.728 +0200
 Execution terminated because of runtime error
 NetCDF: One or more variable sizes violate format constraints                   
 -------------- FATAL CALLED ---------------
  Fatal in file: mod_savefile.F90 at line:     2004
 SAVEFILE
 -------------------------------------------
 Abort called by computing node           379 at 2025-08-11 21:20:28.728 +0200
 Execution terminated because of runtime error
 Abort called by computing node           634 at 2025-08-11 21:20:28.728 +0200
 Execution terminated because of runtime error
  Fatal in file: mod_savefile.F90 at line:     2004
 SAVEFILE
 -------------------------------------------
  Fatal in file: mod_savefile.F90 at line:     2004
 SAVEFILE
 -------------------------------------------
 Abort called by computing node           723 at 2025-08-11 21:20:28.726 +0200
 Execution terminated because of runtime error
 NetCDF: One or more variable sizes violate format constraints                   
 -------------- FATAL CALLED ---------------
  Fatal in file: mod_savefile.F90 at line:     2004
 SAVEFILE
 -------------------------------------------
 Abort called by computing node           238 at 2025-08-11 21:20:28.726 +0200
 Execution terminated because of runtime error
  Fatal in file: mod_savefile.F90 at line:     2004
 SAVEFILE
 -------------------------------------------
 Abort called by computing node           158 at 2025-08-11 21:20:28.727 +0200
 Execution terminated because of runtime error
 NetCDF: One or more variable sizes violate format constraints                   
 -------------- FATAL CALLED ---------------
  Fatal in file: mod_savefile.F90 at line:     2004
 SAVEFILE
 -------------------------------------------
 Abort called by computing node           481 at 2025-08-11 21:20:28.727 +0200
 Execution terminated because of runtime error
 NetCDF: One or more variable sizes violate format constraints                   
 -------------- FATAL CALLED ---------------
  Fatal in file: mod_savefile.F90 at line:     2004
 SAVEFILE
 -------------------------------------------
 Abort called by computing node           380 at 2025-08-11 21:20:28.728 +0200
 Execution terminated because of runtime error
 Abort called by computing node           635 at 2025-08-11 21:20:28.728 +0200
 Execution terminated because of runtime error
  Fatal in file: mod_savefile.F90 at line:     2004
 SAVEFILE
 -------------------------------------------
 Abort called by computing node           724 at 2025-08-11 21:20:28.726 +0200
 Execution terminated because of runtime error
 NetCDF: One or more variable sizes violate format constraints                   
 -------------- FATAL CALLED ---------------
  Fatal in file: mod_savefile.F90 at line:     2004
 SAVEFILE
 -------------------------------------------
 Abort called by computing node           239 at 2025-08-11 21:20:28.726 +0200
 Execution terminated because of runtime error
  Fatal in file: mod_savefile.F90 at line:     2004
 SAVEFILE
 -------------------------------------------
 NetCDF: One or more variable sizes violate format constraints                   
 -------------- FATAL CALLED ---------------
  Fatal in file: mod_savefile.F90 at line:     2004
 SAVEFILE
 -------------------------------------------
 Abort called by computing node           482 at 2025-08-11 21:20:28.728 +0200
 Execution terminated because of runtime error
 NetCDF: One or more variable sizes violate format constraints                   
 -------------- FATAL CALLED ---------------
  Fatal in file: mod_savefile.F90 at line:     2004
 SAVEFILE
 -------------------------------------------
 Abort called by computing node           381 at 2025-08-11 21:20:28.728 +0200
 Execution terminated because of runtime error
 -------------- FATAL CALLED ---------------
  Fatal in file: mod_savefile.F90 at line:     2004
 SAVEFILE
 -------------------------------------------
 Abort called by computing node           636 at 2025-08-11 21:20:28.729 +0200
 Execution terminated because of runtime error
 NetCDF: One or more variable sizes violate format constraints                   
 -------------- FATAL CALLED ---------------
 NetCDF: One or more variable sizes violate format constraints                   
 -------------- FATAL CALLED ---------------
  Fatal in file: mod_savefile.F90 at line:     2004
 SAVEFILE
 -------------------------------------------
 Abort called by computing node           725 at 2025-08-11 21:20:28.726 +0200
 Execution terminated because of runtime error
 NetCDF: One or more variable sizes violate format constraints                   
 -------------- FATAL CALLED ---------------
  Fatal in file: mod_savefile.F90 at line:     2004
 SAVEFILE
 -------------------------------------------
 Abort called by computing node           245 at 2025-08-11 21:20:28.726 +0200
 Execution terminated because of runtime error
 NetCDF: One or more variable sizes violate format constraints                   
 -------------- FATAL CALLED ---------------
  Fatal in file: mod_savefile.F90 at line:     2004
 SAVEFILE
 -------------------------------------------
 Abort called by computing node           161 at 2025-08-11 21:20:28.727 +0200
 Execution terminated because of runtime error
 NetCDF: One or more variable sizes violate format constraints                   
 -------------- FATAL CALLED ---------------
  Fatal in file: mod_savefile.F90 at line:     2004
 SAVEFILE
 -------------------------------------------
 Abort called by computing node           483 at 2025-08-11 21:20:28.728 +0200
 Execution terminated because of runtime error
 NetCDF: One or more variable sizes violate format constraints                   
 -------------- FATAL CALLED ---------------
  Fatal in file: mod_savefile.F90 at line:     2004
 SAVEFILE
 -------------------------------------------
 Abort called by computing node           383 at 2025-08-11 21:20:28.728 +0200
 Execution terminated because of runtime error
 NetCDF: One or more variable sizes violate format constraints                   
 -------------- FATAL CALLED ---------------
  Fatal in file: mod_savefile.F90 at line:     2004
 SAVEFILE
 -------------------------------------------
 NetCDF: One or more variable sizes violate format constraints                   
 -------------- FATAL CALLED ---------------
 Abort called by computing node           726 at 2025-08-11 21:20:28.726 +0200
 Execution terminated because of runtime error
 NetCDF: One or more variable sizes violate format constraints                   
 -------------- FATAL CALLED ---------------
  Fatal in file: mod_savefile.F90 at line:     2004
 SAVEFILE
 -------------------------------------------
 Abort called by computing node           249 at 2025-08-11 21:20:28.726 +0200
 Execution terminated because of runtime error
 NetCDF: One or more variable sizes violate format constraints                   
 -------------- FATAL CALLED ---------------
  Fatal in file: mod_savefile.F90 at line:     2004
 SAVEFILE
 -------------------------------------------
 Abort called by computing node           162 at 2025-08-11 21:20:28.727 +0200
 Execution terminated because of runtime error
 NetCDF: One or more variable sizes violate format constraints                   
 -------------- FATAL CALLED ---------------
  Fatal in file: mod_savefile.F90 at line:     2004
 SAVEFILE
 -------------------------------------------
 Abort called by computing node           484 at 2025-08-11 21:20:28.728 +0200
 Execution terminated because of runtime error
 NetCDF: One or more variable sizes violate format constraints                   
 -------------- FATAL CALLED ---------------
  Fatal in file: mod_savefile.F90 at line:     2004
 SAVEFILE
 -------------------------------------------
 Abort called by computing node           384 at 2025-08-11 21:20:28.728 +0200
 Execution terminated because of runtime error
 Abort called by computing node           639 at 2025-08-11 21:20:28.728 +0200
 Execution terminated because of runtime error
 Abort called by computing node            26 at 2025-08-11 21:20:28.733 +0200
 Execution terminated because of runtime error
  Fatal in file: mod_savefile.F90 at line:     2004
 SAVEFILE
 -------------------------------------------
 NetCDF: One or more variable sizes violate format constraints                   
 -------------- FATAL CALLED ---------------
  Fatal in file: mod_savefile.F90 at line:     2004
 SAVEFILE
 -------------------------------------------
 Abort called by computing node           728 at 2025-08-11 21:20:28.726 +0200
 Execution terminated because of runtime error
 NetCDF: One or more variable sizes violate format constraints                   
 -------------- FATAL CALLED ---------------
  Fatal in file: mod_savefile.F90 at line:     2004
 SAVEFILE
 -------------------------------------------
 Abort called by computing node           250 at 2025-08-11 21:20:28.726 +0200
 Execution terminated because of runtime error
 Cannot enable savefile output//EURR-3_SAV.2009100500.nc
 NetCDF: One or more variable sizes violate format constraints                   
 -------------- FATAL CALLED ---------------
  Fatal in file: mod_savefile.F90 at line:     2004
 SAVEFILE
 -------------------------------------------
 Abort called by computing node           163 at 2025-08-11 21:20:28.727 +0200
 Execution terminated because of runtime error
 NetCDF: One or more variable sizes violate format constraints                   
 -------------- FATAL CALLED ---------------
  Fatal in file: mod_savefile.F90 at line:     2004
 SAVEFILE
 -------------------------------------------
 Abort called by computing node           485 at 2025-08-11 21:20:28.728 +0200
 Execution terminated because of runtime error
 NetCDF: One or more variable sizes violate format constraints                   
 -------------- FATAL CALLED ---------------
  Fatal in file: mod_savefile.F90 at line:     2004
 SAVEFILE
 -------------------------------------------
 Abort called by computing node           385 at 2025-08-11 21:20:28.728 +0200
 Execution terminated because of runtime error
 Abort called by computing node           640 at 2025-08-11 21:20:28.728 +0200
 Execution terminated because of runtime error
  Fatal in file: mod_savefile.F90 at line:     2004
 SAVEFILE
 -------------------------------------------
 NetCDF: One or more variable sizes violate format constraints                   
 -------------- FATAL CALLED ---------------
  Fatal in file: mod_savefile.F90 at line:     2004
 SAVEFILE
 -------------------------------------------
 Abort called by computing node           729 at 2025-08-11 21:20:28.726 +0200
 Execution terminated because of runtime error
 NetCDF: One or more variable sizes violate format constraints                   
 -------------- FATAL CALLED ---------------
  Fatal in file: mod_savefile.F90 at line:     2004
 SAVEFILE
 -------------------------------------------
 Abort called by computing node           251 at 2025-08-11 21:20:28.726 +0200
 Execution terminated because of runtime error
 NetCDF: One or more variable sizes violate format constraints                   
 -------------- FATAL CALLED ---------------
  Fatal in file: mod_savefile.F90 at line:     2004
 SAVEFILE
 -------------------------------------------
 NetCDF: One or more variable sizes violate format constraints                   
 -------------- FATAL CALLED ---------------
  Fatal in file: mod_savefile.F90 at line:     2004
 SAVEFILE
 -------------------------------------------
 Abort called by computing node           486 at 2025-08-11 21:20:28.728 +0200
 Execution terminated because of runtime error
 NetCDF: One or more variable sizes violate format constraints                   
 -------------- FATAL CALLED ---------------
  Fatal in file: mod_savefile.F90 at line:     2004
 SAVEFILE
 -------------------------------------------
 Abort called by computing node           386 at 2025-08-11 21:20:28.728 +0200
 Execution terminated because of runtime error
 Abort called by computing node           642 at 2025-08-11 21:20:28.728 +0200
 Execution terminated because of runtime error
 -------------- FATAL CALLED ---------------
  Fatal in file: mod_savefile.F90 at line:     2004
 SAVEFILE
 -------------------------------------------
 Abort called by computing node           730 at 2025-08-11 21:20:28.726 +0200
 Execution terminated because of runtime error
 NetCDF: One or more variable sizes violate format constraints                   
 -------------- FATAL CALLED ---------------
  Fatal in file: mod_savefile.F90 at line:     2004
 SAVEFILE
 -------------------------------------------
 Abort called by computing node           252 at 2025-08-11 21:20:28.726 +0200
 Execution terminated because of runtime error
 NetCDF: One or more variable sizes violate format constraints                   
 -------------- FATAL CALLED ---------------
  Fatal in file: mod_savefile.F90 at line:     2004
 SAVEFILE
 -------------------------------------------
 NetCDF: One or more variable sizes violate format constraints                   
 -------------- FATAL CALLED ---------------
  Fatal in file: mod_savefile.F90 at line:     2004
 SAVEFILE
 -------------------------------------------
 Abort called by computing node           488 at 2025-08-11 21:20:28.728 +0200
 Execution terminated because of runtime error
 NetCDF: One or more variable sizes violate format constraints                   
 -------------- FATAL CALLED ---------------
  Fatal in file: mod_savefile.F90 at line:     2004
 SAVEFILE
 -------------------------------------------
 Abort called by computing node           390 at 2025-08-11 21:20:28.728 +0200
 Execution terminated because of runtime error
 Abort called by computing node           643 at 2025-08-11 21:20:28.728 +0200
 Execution terminated because of runtime error
 NetCDF: One or more variable sizes violate format constraints                   
 -------------- FATAL CALLED ---------------
 Abort called by computing node           731 at 2025-08-11 21:20:28.726 +0200
 Execution terminated because of runtime error
 NetCDF: One or more variable sizes violate format constraints                   
 -------------- FATAL CALLED ---------------
  Fatal in file: mod_savefile.F90 at line:     2004
 SAVEFILE
 -------------------------------------------
 Abort called by computing node           253 at 2025-08-11 21:20:28.726 +0200
 Execution terminated because of runtime error
  Fatal in file: mod_savefile.F90 at line:     2004
 SAVEFILE
 -------------------------------------------
 Abort called by computing node           172 at 2025-08-11 21:20:28.727 +0200
 Execution terminated because of runtime error
 NetCDF: One or more variable sizes violate format constraints                   
 -------------- FATAL CALLED ---------------
  Fatal in file: mod_savefile.F90 at line:     2004
 SAVEFILE
 -------------------------------------------
 Abort called by computing node           489 at 2025-08-11 21:20:28.728 +0200
 Execution terminated because of runtime error
 NetCDF: One or more variable sizes violate format constraints                   
 -------------- FATAL CALLED ---------------
  Fatal in file: mod_savefile.F90 at line:     2004
 SAVEFILE
 -------------------------------------------
 Abort called by computing node           392 at 2025-08-11 21:20:28.728 +0200
 Execution terminated because of runtime error
 NetCDF: One or more variable sizes violate format constraints                   
 -------------- FATAL CALLED ---------------
  Fatal in file: mod_savefile.F90 at line:     2004
 SAVEFILE
 -------------------------------------------
 NetCDF: One or more variable sizes violate format constraints                   
 -------------- FATAL CALLED ---------------
  Fatal in file: mod_savefile.F90 at line:     2004
 SAVEFILE
 -------------------------------------------
 Abort called by computing node           732 at 2025-08-11 21:20:28.726 +0200
 Execution terminated because of runtime error
 NetCDF: One or more variable sizes violate format constraints                   
 -------------- FATAL CALLED ---------------
  Fatal in file: mod_savefile.F90 at line:     2004
 SAVEFILE
 -------------------------------------------
 Abort called by computing node           254 at 2025-08-11 21:20:28.726 +0200
 Execution terminated because of runtime error
 Cannot enable savefile output//EURR-3_SAV.2009100500.nc
 NetCDF: One or more variable sizes violate format constraints                   
 -------------- FATAL CALLED ---------------
 NetCDF: One or more variable sizes violate format constraints                   
 -------------- FATAL CALLED ---------------
  Fatal in file: mod_savefile.F90 at line:     2004
 SAVEFILE
 -------------------------------------------
 Abort called by computing node           490 at 2025-08-11 21:20:28.727 +0200
 Execution terminated because of runtime error
 NetCDF: One or more variable sizes violate format constraints                   
 -------------- FATAL CALLED ---------------
  Fatal in file: mod_savefile.F90 at line:     2004
 SAVEFILE
 -------------------------------------------
 Abort called by computing node           393 at 2025-08-11 21:20:28.728 +0200
 Execution terminated because of runtime error
 Abort called by computing node           645 at 2025-08-11 21:20:28.728 +0200
 Execution terminated because of runtime error
 Cannot enable savefile output//EURR-3_SAV.2009100500.nc
  Fatal in file: mod_savefile.F90 at line:     2004
 SAVEFILE
 -------------------------------------------
 Abort called by computing node           733 at 2025-08-11 21:20:28.726 +0200
 Execution terminated because of runtime error
 NetCDF: One or more variable sizes violate format constraints                   
 -------------- FATAL CALLED ---------------
  Fatal in file: mod_savefile.F90 at line:     2004
 SAVEFILE
 -------------------------------------------
 Abort called by computing node           255 at 2025-08-11 21:20:28.726 +0200
 Execution terminated because of runtime error
 NetCDF: One or more variable sizes violate format constraints                   
 -------------- FATAL CALLED ---------------
  Fatal in file: mod_savefile.F90 at line:     2004
 SAVEFILE
 -------------------------------------------
 Abort called by computing node           174 at 2025-08-11 21:20:28.727 +0200
 Execution terminated because of runtime error
 NetCDF: One or more variable sizes violate format constraints                   
 -------------- FATAL CALLED ---------------
  Fatal in file: mod_savefile.F90 at line:     2004
 SAVEFILE
 -------------------------------------------
 Abort called by computing node           491 at 2025-08-11 21:20:28.728 +0200
 Execution terminated because of runtime error
 NetCDF: One or more variable sizes violate format constraints                   
 -------------- FATAL CALLED ---------------
  Fatal in file: mod_savefile.F90 at line:     2004
 SAVEFILE
 -------------------------------------------
 Abort called by computing node           395 at 2025-08-11 21:20:28.728 +0200
 Execution terminated because of runtime error
 Abort called by computing node           646 at 2025-08-11 21:20:28.728 +0200
 Execution terminated because of runtime error
  Fatal in file: mod_savefile.F90 at line:     2004
 SAVEFILE
 -------------------------------------------
 Abort called by computing node           734 at 2025-08-11 21:20:28.726 +0200
 Execution terminated because of runtime error
 NetCDF: One or more variable sizes violate format constraints                   
 -------------- FATAL CALLED ---------------
  Fatal in file: mod_savefile.F90 at line:     2004
 SAVEFILE
 -------------------------------------------
 Abort called by computing node           256 at 2025-08-11 21:20:28.726 +0200
 Execution terminated because of runtime error
 NetCDF: One or more variable sizes violate format constraints                   
 -------------- FATAL CALLED ---------------
  Fatal in file: mod_savefile.F90 at line:     2004
 SAVEFILE
 -------------------------------------------
  Fatal in file: mod_savefile.F90 at line:     2004
 SAVEFILE
 -------------------------------------------
 Abort called by computing node           492 at 2025-08-11 21:20:28.728 +0200
 Execution terminated because of runtime error
 NetCDF: One or more variable sizes violate format constraints                   
 -------------- FATAL CALLED ---------------
  Fatal in file: mod_savefile.F90 at line:     2004
 SAVEFILE
 -------------------------------------------
 Abort called by computing node           396 at 2025-08-11 21:20:28.728 +0200
 Execution terminated because of runtime error
 NetCDF: One or more variable sizes violate format constraints                   
 -------------- FATAL CALLED ---------------
  Fatal in file: mod_savefile.F90 at line:     2004
 SAVEFILE
 -------------------------------------------
 NetCDF: One or more variable sizes violate format constraints                   
 -------------- FATAL CALLED ---------------
  Fatal in file: mod_savefile.F90 at line:     2004
 SAVEFILE
 -------------------------------------------
 Abort called by computing node           736 at 2025-08-11 21:20:28.726 +0200
 Execution terminated because of runtime error
 NetCDF: One or more variable sizes violate format constraints                   
 -------------- FATAL CALLED ---------------
  Fatal in file: mod_savefile.F90 at line:     2004
 SAVEFILE
 -------------------------------------------
 Abort called by computing node           257 at 2025-08-11 21:20:28.726 +0200
 Execution terminated because of runtime error
  Fatal in file: mod_savefile.F90 at line:     2004
 SAVEFILE
 -------------------------------------------
 Abort called by computing node           181 at 2025-08-11 21:20:28.727 +0200
 Execution terminated because of runtime error
 NetCDF: One or more variable sizes violate format constraints                   
 -------------- FATAL CALLED ---------------
  Fatal in file: mod_savefile.F90 at line:     2004
 SAVEFILE
 -------------------------------------------
 Abort called by computing node           493 at 2025-08-11 21:20:28.728 +0200
 Execution terminated because of runtime error
 NetCDF: One or more variable sizes violate format constraints                   
 -------------- FATAL CALLED ---------------
  Fatal in file: mod_savefile.F90 at line:     2004
 SAVEFILE
 -------------------------------------------
 Abort called by computing node           398 at 2025-08-11 21:20:28.728 +0200
 Execution terminated because of runtime error
 NetCDF: One or more variable sizes violate format constraints                   
 -------------- FATAL CALLED ---------------
  Fatal in file: mod_savefile.F90 at line:     2004
 SAVEFILE
 -------------------------------------------
 Abort called by computing node           648 at 2025-08-11 21:20:28.729 +0200
 Execution terminated because of runtime error
 NetCDF: One or more variable sizes violate format constraints                   
 -------------- FATAL CALLED ---------------
 Abort called by computing node           737 at 2025-08-11 21:20:28.726 +0200
 Execution terminated because of runtime error
 NetCDF: One or more variable sizes violate format constraints                   
 -------------- FATAL CALLED ---------------
  Fatal in file: mod_savefile.F90 at line:     2004
 SAVEFILE
 -------------------------------------------
 Abort called by computing node           259 at 2025-08-11 21:20:28.726 +0200
 Execution terminated because of runtime error
  Fatal in file: mod_savefile.F90 at line:     2004
 SAVEFILE
 -------------------------------------------
 Abort called by computing node           184 at 2025-08-11 21:20:28.727 +0200
 Execution terminated because of runtime error
 NetCDF: One or more variable sizes violate format constraints                   
 -------------- FATAL CALLED ---------------
  Fatal in file: mod_savefile.F90 at line:     2004
 SAVEFILE
 -------------------------------------------
 Abort called by computing node           494 at 2025-08-11 21:20:28.728 +0200
 Execution terminated because of runtime error
 NetCDF: One or more variable sizes violate format constraints                   
 -------------- FATAL CALLED ---------------
  Fatal in file: mod_savefile.F90 at line:     2004
 SAVEFILE
 -------------------------------------------
 Abort called by computing node           399 at 2025-08-11 21:20:28.728 +0200
 Execution terminated because of runtime error
 NetCDF: One or more variable sizes violate format constraints                   
 -------------- FATAL CALLED ---------------
  Fatal in file: mod_savefile.F90 at line:     2004
 SAVEFILE
 -------------------------------------------
 Cannot enable savefile output//EURR-3_SAV.2009100500.nc
 NetCDF: One or more variable sizes violate format constraints                   
 -------------- FATAL CALLED ---------------
 Abort called by computing node           738 at 2025-08-11 21:20:28.726 +0200
 Execution terminated because of runtime error
 Abort called by computing node           260 at 2025-08-11 21:20:28.726 +0200
 Execution terminated because of runtime error
  Fatal in file: mod_savefile.F90 at line:     2004
 SAVEFILE
 -------------------------------------------
 Abort called by computing node           186 at 2025-08-11 21:20:28.727 +0200
 Execution terminated because of runtime error
 NetCDF: One or more variable sizes violate format constraints                   
 -------------- FATAL CALLED ---------------
  Fatal in file: mod_savefile.F90 at line:     2004
 SAVEFILE
 -------------------------------------------
 Abort called by computing node           497 at 2025-08-11 21:20:28.728 +0200
 Execution terminated because of runtime error
 Abort called by computing node           300 at 2025-08-11 21:20:28.728 +0200
 Execution terminated because of runtime error
 Abort called by computing node           650 at 2025-08-11 21:20:28.728 +0200
 Execution terminated because of runtime error
 NetCDF: One or more variable sizes violate format constraints                   
 -------------- FATAL CALLED ---------------
  Fatal in file: mod_savefile.F90 at line:     2004
 SAVEFILE
 -------------------------------------------
 Abort called by computing node           739 at 2025-08-11 21:20:28.726 +0200
 Execution terminated because of runtime error
 NetCDF: One or more variable sizes violate format constraints                   
 -------------- FATAL CALLED ---------------
  Fatal in file: mod_savefile.F90 at line:     2004
 SAVEFILE
 -------------------------------------------
 Abort called by computing node           261 at 2025-08-11 21:20:28.726 +0200
 Execution terminated because of runtime error
 NetCDF: One or more variable sizes violate format constraints                   
 -------------- FATAL CALLED ---------------
  Fatal in file: mod_savefile.F90 at line:     2004
 SAVEFILE
 -------------------------------------------
 Abort called by computing node           190 at 2025-08-11 21:20:28.728 +0200
 Execution terminated because of runtime error
 NetCDF: One or more variable sizes violate format constraints                   
 -------------- FATAL CALLED ---------------
  Fatal in file: mod_savefile.F90 at line:     2004
 SAVEFILE
 -------------------------------------------
 Abort called by computing node           499 at 2025-08-11 21:20:28.728 +0200
 Execution terminated because of runtime error
  Fatal in file: mod_savefile.F90 at line:     2004
 SAVEFILE
 -------------------------------------------
 Abort called by computing node           302 at 2025-08-11 21:20:28.728 +0200
 Execution terminated because of runtime error
 NetCDF: One or more variable sizes violate format constraints                   
 -------------- FATAL CALLED ---------------
  Fatal in file: mod_savefile.F90 at line:     2004
 SAVEFILE
 -------------------------------------------
 Abort called by computing node           651 at 2025-08-11 21:20:28.729 +0200
 Execution terminated because of runtime error
 -------------- FATAL CALLED ---------------
 NetCDF: One or more variable sizes violate format constraints                   
 -------------- FATAL CALLED ---------------
  Fatal in file: mod_savefile.F90 at line:     2004
 SAVEFILE
 -------------------------------------------
 Abort called by computing node           740 at 2025-08-11 21:20:28.726 +0200
 Execution terminated because of runtime error
 Abort called by computing node           263 at 2025-08-11 21:20:28.726 +0200
 Execution terminated because of runtime error
 NetCDF: One or more variable sizes violate format constraints                   
 -------------- FATAL CALLED ---------------
  Fatal in file: mod_savefile.F90 at line:     2004
 SAVEFILE
 -------------------------------------------
  Fatal in file: mod_savefile.F90 at line:     2004
 SAVEFILE
 -------------------------------------------
 Abort called by computing node           400 at 2025-08-11 21:20:28.728 +0200
 Execution terminated because of runtime error
  Fatal in file: mod_savefile.F90 at line:     2004
 SAVEFILE
 -------------------------------------------
 Abort called by computing node           303 at 2025-08-11 21:20:28.728 +0200
 Execution terminated because of runtime error
 NetCDF: One or more variable sizes violate format constraints                   
 -------------- FATAL CALLED ---------------
  Fatal in file: mod_savefile.F90 at line:     2004
 SAVEFILE
 -------------------------------------------
 Abort called by computing node           652 at 2025-08-11 21:20:28.729 +0200
 Execution terminated because of runtime error
 NetCDF: One or more variable sizes violate format constraints                   
 -------------- FATAL CALLED ---------------
  Fatal in file: mod_savefile.F90 at line:     2004
 SAVEFILE
 -------------------------------------------
 Abort called by computing node           741 at 2025-08-11 21:20:28.726 +0200
 Execution terminated because of runtime error
 NetCDF: One or more variable sizes violate format constraints                   
 -------------- FATAL CALLED ---------------
  Fatal in file: mod_savefile.F90 at line:     2004
 SAVEFILE
 -------------------------------------------
 Abort called by computing node           264 at 2025-08-11 21:20:28.726 +0200
 Execution terminated because of runtime error
 Abort called by computing node           194 at 2025-08-11 21:20:28.727 +0200
 Execution terminated because of runtime error
  Fatal in file: mod_savefile.F90 at line:     2004
 SAVEFILE
 -------------------------------------------
 Abort called by computing node           401 at 2025-08-11 21:20:28.728 +0200
 Execution terminated because of runtime error
 Abort called by computing node           305 at 2025-08-11 21:20:28.728 +0200
 Execution terminated because of runtime error
 Abort called by computing node           653 at 2025-08-11 21:20:28.728 +0200
 Execution terminated because of runtime error
  Fatal in file: mod_savefile.F90 at line:     2004
 SAVEFILE
 -------------------------------------------
 Abort called by computing node           743 at 2025-08-11 21:20:28.726 +0200
 Execution terminated because of runtime error
 NetCDF: One or more variable sizes violate format constraints                   
 -------------- FATAL CALLED ---------------
  Fatal in file: mod_savefile.F90 at line:     2004
 SAVEFILE
 -------------------------------------------
 Abort called by computing node           265 at 2025-08-11 21:20:28.726 +0200
 Execution terminated because of runtime error
  Fatal in file: mod_savefile.F90 at line:     2004
 SAVEFILE
 -------------------------------------------
 Abort called by computing node           195 at 2025-08-11 21:20:28.727 +0200
 Execution terminated because of runtime error
  Fatal in file: mod_savefile.F90 at line:     2004
 SAVEFILE
 -------------------------------------------
 Abort called by computing node           402 at 2025-08-11 21:20:28.728 +0200
 Execution terminated because of runtime error
  Fatal in file: mod_savefile.F90 at line:     2004
 SAVEFILE
 -------------------------------------------
 Abort called by computing node           306 at 2025-08-11 21:20:28.728 +0200
 Execution terminated because of runtime error
 Abort called by computing node           654 at 2025-08-11 21:20:28.728 +0200
 Execution terminated because of runtime error
  Fatal in file: mod_savefile.F90 at line:     2004
 SAVEFILE
 -------------------------------------------
 NetCDF: One or more variable sizes violate format constraints                   
 -------------- FATAL CALLED ---------------
 Abort called by computing node           744 at 2025-08-11 21:20:28.726 +0200
 Execution terminated because of runtime error
 Abort called by computing node           266 at 2025-08-11 21:20:28.726 +0200
 Execution terminated because of runtime error
  Fatal in file: mod_savefile.F90 at line:     2004
 SAVEFILE
 -------------------------------------------
 Abort called by computing node           198 at 2025-08-11 21:20:28.727 +0200
 Execution terminated because of runtime error
 Abort called by computing node           403 at 2025-08-11 21:20:28.728 +0200
 Execution terminated because of runtime error
  Fatal in file: mod_savefile.F90 at line:     2004
 SAVEFILE
 -------------------------------------------
 Abort called by computing node           308 at 2025-08-11 21:20:28.728 +0200
 Execution terminated because of runtime error
 Abort called by computing node           655 at 2025-08-11 21:20:28.728 +0200
 Execution terminated because of runtime error
  Fatal in file: mod_savefile.F90 at line:     2004
 SAVEFILE
 -------------------------------------------
 Abort called by computing node           745 at 2025-08-11 21:20:28.726 +0200
 Execution terminated because of runtime error
 Abort called by computing node           268 at 2025-08-11 21:20:28.726 +0200
 Execution terminated because of runtime error
  Fatal in file: mod_savefile.F90 at line:     2004
 SAVEFILE
 -------------------------------------------
 Abort called by computing node           404 at 2025-08-11 21:20:28.727 +0200
 Execution terminated because of runtime error
  Fatal in file: mod_savefile.F90 at line:     2004
 SAVEFILE
 -------------------------------------------
 Abort called by computing node           309 at 2025-08-11 21:20:28.728 +0200
 Execution terminated because of runtime error
 NetCDF: One or more variable sizes violate format constraints                   
 -------------- FATAL CALLED ---------------
  Fatal in file: mod_savefile.F90 at line:     2004
 SAVEFILE
 -------------------------------------------
 Abort called by computing node           657 at 2025-08-11 21:20:28.729 +0200
 Execution terminated because of runtime error
 NetCDF: One or more variable sizes violate format constraints                   
 NetCDF: One or more variable sizes violate format constraints                   
 -------------- FATAL CALLED ---------------
 NetCDF: One or more variable sizes violate format constraints                   
 -------------- FATAL CALLED ---------------
  Fatal in file: mod_savefile.F90 at line:     2004
 SAVEFILE
 -------------------------------------------
 Abort called by computing node           746 at 2025-08-11 21:20:28.726 +0200
 Execution terminated because of runtime error
 NetCDF: One or more variable sizes violate format constraints                   
 -------------- FATAL CALLED ---------------
  Fatal in file: mod_savefile.F90 at line:     2004
 SAVEFILE
 -------------------------------------------
 Abort called by computing node           273 at 2025-08-11 21:20:28.726 +0200
 Execution terminated because of runtime error
  Fatal in file: mod_savefile.F90 at line:     2004
 SAVEFILE
 -------------------------------------------
 Abort called by computing node           101 at 2025-08-11 21:20:28.727 +0200
 Execution terminated because of runtime error
 Abort called by computing node           405 at 2025-08-11 21:20:28.728 +0200
 Execution terminated because of runtime error
  Fatal in file: mod_savefile.F90 at line:     2004
 SAVEFILE
 -------------------------------------------
 Abort called by computing node           310 at 2025-08-11 21:20:28.728 +0200
 Execution terminated because of runtime error
 Abort called by computing node           658 at 2025-08-11 21:20:28.728 +0200
 Execution terminated because of runtime error
 NetCDF: One or more variable sizes violate format constraints                   
 -------------- FATAL CALLED ---------------
 Abort called by computing node           747 at 2025-08-11 21:20:28.726 +0200
 Execution terminated because of runtime error
 Abort called by computing node           274 at 2025-08-11 21:20:28.726 +0200
 Execution terminated because of runtime error
  Fatal in file: mod_savefile.F90 at line:     2004
 SAVEFILE
 -------------------------------------------
 Abort called by computing node           102 at 2025-08-11 21:20:28.728 +0200
 Execution terminated because of runtime error
  Fatal in file: mod_savefile.F90 at line:     2004
 SAVEFILE
 -------------------------------------------
 Abort called by computing node           406 at 2025-08-11 21:20:28.728 +0200
 Execution terminated because of runtime error
 Abort called by computing node           311 at 2025-08-11 21:20:28.728 +0200
 Execution terminated because of runtime error
 NetCDF: One or more variable sizes violate format constraints                   
 -------------- FATAL CALLED ---------------
  Fatal in file: mod_savefile.F90 at line:     2004
 SAVEFILE
 -------------------------------------------
 Abort called by computing node           660 at 2025-08-11 21:20:28.729 +0200
 Execution terminated because of runtime error
 NetCDF: One or more variable sizes violate format constraints                   
 -------------- FATAL CALLED ---------------
  Fatal in file: mod_savefile.F90 at line:     2004
 SAVEFILE
 -------------------------------------------
 NetCDF: One or more variable sizes violate format constraints                   
 -------------- FATAL CALLED ---------------
  Fatal in file: mod_savefile.F90 at line:     2004
 SAVEFILE
 -------------------------------------------
 Abort called by computing node           748 at 2025-08-11 21:20:28.727 +0200
 Execution terminated because of runtime error
 Abort called by computing node           275 at 2025-08-11 21:20:28.726 +0200
 Execution terminated because of runtime error
  Fatal in file: mod_savefile.F90 at line:     2004
 SAVEFILE
 -------------------------------------------
  Fatal in file: mod_savefile.F90 at line:     2004
 SAVEFILE
 -------------------------------------------
 Abort called by computing node           407 at 2025-08-11 21:20:28.728 +0200
 Execution terminated because of runtime error
  Fatal in file: mod_savefile.F90 at line:     2004
 SAVEFILE
 -------------------------------------------
 Abort called by computing node           313 at 2025-08-11 21:20:28.728 +0200
 Execution terminated because of runtime error
 Abort called by computing node           661 at 2025-08-11 21:20:28.728 +0200
 Execution terminated because of runtime error
  Fatal in file: mod_savefile.F90 at line:     2004
 SAVEFILE
 -------------------------------------------
 Abort called by computing node           749 at 2025-08-11 21:20:28.726 +0200
 Execution terminated because of runtime error
 NetCDF: One or more variable sizes violate format constraints                   
 -------------- FATAL CALLED ---------------
  Fatal in file: mod_savefile.F90 at line:     2004
 SAVEFILE
 -------------------------------------------
 Abort called by computing node           277 at 2025-08-11 21:20:28.726 +0200
 Execution terminated because of runtime error
  Fatal in file: mod_savefile.F90 at line:     2004
 SAVEFILE
 -------------------------------------------
 Abort called by computing node           107 at 2025-08-11 21:20:28.728 +0200
 Execution terminated because of runtime error
  Fatal in file: mod_savefile.F90 at line:     2004
 SAVEFILE
 -------------------------------------------
 Abort called by computing node           408 at 2025-08-11 21:20:28.728 +0200
 Execution terminated because of runtime error
  Fatal in file: mod_savefile.F90 at line:     2004
 SAVEFILE
 -------------------------------------------
 Abort called by computing node           314 at 2025-08-11 21:20:28.728 +0200
 Execution terminated because of runtime error
 Abort called by computing node           663 at 2025-08-11 21:20:28.728 +0200
 Execution terminated because of runtime error
 NetCDF: One or more variable sizes violate format constraints                   
 -------------- FATAL CALLED ---------------
  Fatal in file: mod_savefile.F90 at line:     2004
 SAVEFILE
 -------------------------------------------
 NetCDF: One or more variable sizes violate format constraints                   
 -------------- FATAL CALLED ---------------
  Fatal in file: mod_savefile.F90 at line:     2004
 SAVEFILE
 -------------------------------------------
 Abort called by computing node           750 at 2025-08-11 21:20:28.727 +0200
 Execution terminated because of runtime error
 NetCDF: One or more variable sizes violate format constraints                   
 -------------- FATAL CALLED ---------------
  Fatal in file: mod_savefile.F90 at line:     2004
 SAVEFILE
 -------------------------------------------
 Abort called by computing node           278 at 2025-08-11 21:20:28.726 +0200
 Execution terminated because of runtime error
  Fatal in file: mod_savefile.F90 at line:     2004
 SAVEFILE
 -------------------------------------------
 Abort called by computing node           409 at 2025-08-11 21:20:28.727 +0200
 Execution terminated because of runtime error
 Abort called by computing node           315 at 2025-08-11 21:20:28.728 +0200
 Execution terminated because of runtime error
 NetCDF: One or more variable sizes violate format constraints                   
 -------------- FATAL CALLED ---------------
  Fatal in file: mod_savefile.F90 at line:     2004
 SAVEFILE
 -------------------------------------------
 Cannot enable savefile output//EURR-3_SAV.2009100500.nc
  Fatal in file: mod_savefile.F90 at line:     2004
 SAVEFILE
 -------------------------------------------
 NetCDF: One or more variable sizes violate format constraints                   
 -------------- FATAL CALLED ---------------
  Fatal in file: mod_savefile.F90 at line:     2004
 SAVEFILE
 -------------------------------------------
 Abort called by computing node           751 at 2025-08-11 21:20:28.726 +0200
 Execution terminated because of runtime error
 NetCDF: One or more variable sizes violate format constraints                   
 -------------- FATAL CALLED ---------------
  Fatal in file: mod_savefile.F90 at line:     2004
 SAVEFILE
 -------------------------------------------
 Abort called by computing node           279 at 2025-08-11 21:20:28.726 +0200
 Execution terminated because of runtime error
  Fatal in file: mod_savefile.F90 at line:     2004
 SAVEFILE
 -------------------------------------------
 Abort called by computing node           109 at 2025-08-11 21:20:28.728 +0200
 Execution terminated because of runtime error
  Fatal in file: mod_savefile.F90 at line:     2004
 SAVEFILE
 -------------------------------------------
 Abort called by computing node           410 at 2025-08-11 21:20:28.728 +0200
 Execution terminated because of runtime error
 Abort called by computing node           317 at 2025-08-11 21:20:28.728 +0200
 Execution terminated because of runtime error
 Abort called by computing node           666 at 2025-08-11 21:20:28.728 +0200
 Execution terminated because of runtime error
  Fatal in file: mod_savefile.F90 at line:     2004
 SAVEFILE
 -------------------------------------------
 NetCDF: One or more variable sizes violate format constraints                   
 -------------- FATAL CALLED ---------------
  Fatal in file: mod_savefile.F90 at line:     2004
 SAVEFILE
 -------------------------------------------
 Abort called by computing node           752 at 2025-08-11 21:20:28.726 +0200
 Execution terminated because of runtime error
 NetCDF: One or more variable sizes violate format constraints                   
 -------------- FATAL CALLED ---------------
  Fatal in file: mod_savefile.F90 at line:     2004
 SAVEFILE
 -------------------------------------------
 Abort called by computing node           282 at 2025-08-11 21:20:28.726 +0200
 Execution terminated because of runtime error
 Abort called by computing node           111 at 2025-08-11 21:20:28.727 +0200
 Execution terminated because of runtime error
  Fatal in file: mod_savefile.F90 at line:     2004
 SAVEFILE
 -------------------------------------------
 Abort called by computing node           411 at 2025-08-11 21:20:28.728 +0200
 Execution terminated because of runtime error
  Fatal in file: mod_savefile.F90 at line:     2004
 SAVEFILE
 -------------------------------------------
 Abort called by computing node           318 at 2025-08-11 21:20:28.728 +0200
 Execution terminated because of runtime error
 Abort called by computing node           667 at 2025-08-11 21:20:28.728 +0200
 Execution terminated because of runtime error
 Abort called by computing node            80 at 2025-08-11 21:20:28.733 +0200
 Execution terminated because of runtime error
  Fatal in file: mod_savefile.F90 at line:     2004
 SAVEFILE
 -------------------------------------------
 Abort called by computing node           753 at 2025-08-11 21:20:28.726 +0200
 Execution terminated because of runtime error
 NetCDF: One or more variable sizes violate format constraints                   
 -------------- FATAL CALLED ---------------
  Fatal in file: mod_savefile.F90 at line:     2004
 SAVEFILE
 -------------------------------------------
 Abort called by computing node           283 at 2025-08-11 21:20:28.726 +0200
 Execution terminated because of runtime error
 Abort called by computing node           113 at 2025-08-11 21:20:28.727 +0200
 Execution terminated because of runtime error
  Fatal in file: mod_savefile.F90 at line:     2004
 SAVEFILE
 -------------------------------------------
 Abort called by computing node           412 at 2025-08-11 21:20:28.728 +0200
 Execution terminated because of runtime error
 Abort called by computing node           319 at 2025-08-11 21:20:28.728 +0200
 Execution terminated because of runtime error
 NetCDF: One or more variable sizes violate format constraints                   
 -------------- FATAL CALLED ---------------
  Fatal in file: mod_savefile.F90 at line:     2004
 SAVEFILE
 -------------------------------------------
 Abort called by computing node           669 at 2025-08-11 21:20:28.729 +0200
 Execution terminated because of runtime error
 NetCDF: One or more variable sizes violate format constraints                   
 -------------- FATAL CALLED ---------------
 NetCDF: One or more variable sizes violate format constraints                   
 -------------- FATAL CALLED ---------------
  Fatal in file: mod_savefile.F90 at line:     2004
 SAVEFILE
 -------------------------------------------
 Abort called by computing node           756 at 2025-08-11 21:20:28.727 +0200
 Execution terminated because of runtime error
 NetCDF: One or more variable sizes violate format constraints                   
 -------------- FATAL CALLED ---------------
  Fatal in file: mod_savefile.F90 at line:     2004
 SAVEFILE
 -------------------------------------------
 Abort called by computing node           286 at 2025-08-11 21:20:28.726 +0200
 Execution terminated because of runtime error
  Fatal in file: mod_savefile.F90 at line:     2004
 SAVEFILE
 -------------------------------------------
 Abort called by computing node           114 at 2025-08-11 21:20:28.727 +0200
 Execution terminated because of runtime error
  Fatal in file: mod_savefile.F90 at line:     2004
 SAVEFILE
 -------------------------------------------
 Abort called by computing node           413 at 2025-08-11 21:20:28.728 +0200
 Execution terminated because of runtime error
 Abort called by computing node           320 at 2025-08-11 21:20:28.728 +0200
 Execution terminated because of runtime error
 NetCDF: One or more variable sizes violate format constraints                   
 -------------- FATAL CALLED ---------------
  Fatal in file: mod_savefile.F90 at line:     2004
 SAVEFILE
 -------------------------------------------
 -------------- FATAL CALLED ---------------
 NetCDF: One or more variable sizes violate format constraints                   
 -------------- FATAL CALLED ---------------
 Abort called by computing node           757 at 2025-08-11 21:20:28.726 +0200
 Execution terminated because of runtime error
 Abort called by computing node           288 at 2025-08-11 21:20:28.726 +0200
 Execution terminated because of runtime error
  Fatal in file: mod_savefile.F90 at line:     2004
 SAVEFILE
 -------------------------------------------
 Abort called by computing node           115 at 2025-08-11 21:20:28.728 +0200
 Execution terminated because of runtime error
  Fatal in file: mod_savefile.F90 at line:     2004
 SAVEFILE
 -------------------------------------------
 Abort called by computing node           414 at 2025-08-11 21:20:28.728 +0200
 Execution terminated because of runtime error
  Fatal in file: mod_savefile.F90 at line:     2004
 SAVEFILE
 -------------------------------------------
 Abort called by computing node           321 at 2025-08-11 21:20:28.729 +0200
 Execution terminated because of runtime error
 Abort called by computing node           671 at 2025-08-11 21:20:28.729 +0200
 Execution terminated because of runtime error
  Fatal in file: mod_savefile.F90 at line:     2004
 SAVEFILE
 -------------------------------------------
 NetCDF: One or more variable sizes violate format constraints                   
 -------------- FATAL CALLED ---------------
  Fatal in file: mod_savefile.F90 at line:     2004
 SAVEFILE
 -------------------------------------------
 Abort called by computing node           758 at 2025-08-11 21:20:28.727 +0200
 Execution terminated because of runtime error
 NetCDF: One or more variable sizes violate format constraints                   
 -------------- FATAL CALLED ---------------
  Fatal in file: mod_savefile.F90 at line:     2004
 SAVEFILE
 -------------------------------------------
 Abort called by computing node           290 at 2025-08-11 21:20:28.726 +0200
 Execution terminated because of runtime error
  Fatal in file: mod_savefile.F90 at line:     2004
 SAVEFILE
 -------------------------------------------
 Abort called by computing node           116 at 2025-08-11 21:20:28.728 +0200
 Execution terminated because of runtime error
  Fatal in file: mod_savefile.F90 at line:     2004
 SAVEFILE
 -------------------------------------------
 Abort called by computing node           415 at 2025-08-11 21:20:28.728 +0200
 Execution terminated because of runtime error
  Fatal in file: mod_savefile.F90 at line:     2004
 SAVEFILE
 -------------------------------------------
 Abort called by computing node           322 at 2025-08-11 21:20:28.728 +0200
 Execution terminated because of runtime error
 NetCDF: One or more variable sizes violate format constraints                   
 -------------- FATAL CALLED ---------------
  Fatal in file: mod_savefile.F90 at line:     2004
 SAVEFILE
 -------------------------------------------
 Abort called by computing node           672 at 2025-08-11 21:20:28.729 +0200
 Execution terminated because of runtime error
 NetCDF: One or more variable sizes violate format constraints                   
 NetCDF: One or more variable sizes violate format constraints                   
 -------------- FATAL CALLED ---------------
 NetCDF: One or more variable sizes violate format constraints                   
 -------------- FATAL CALLED ---------------
  Fatal in file: mod_savefile.F90 at line:     2004
 SAVEFILE
 -------------------------------------------
 Abort called by computing node           759 at 2025-08-11 21:20:28.727 +0200
 Execution terminated because of runtime error
 NetCDF: One or more variable sizes violate format constraints                   
 -------------- FATAL CALLED ---------------
  Fatal in file: mod_savefile.F90 at line:     2004
 SAVEFILE
 -------------------------------------------
 Abort called by computing node           291 at 2025-08-11 21:20:28.726 +0200
 Execution terminated because of runtime error
  Fatal in file: mod_savefile.F90 at line:     2004
 SAVEFILE
 -------------------------------------------
 Abort called by computing node           117 at 2025-08-11 21:20:28.728 +0200
 Execution terminated because of runtime error
 Abort called by computing node           416 at 2025-08-11 21:20:28.727 +0200
 Execution terminated because of runtime error
 Abort called by computing node           323 at 2025-08-11 21:20:28.728 +0200
 Execution terminated because of runtime error
 NetCDF: One or more variable sizes violate format constraints                   
 -------------- FATAL CALLED ---------------
  Fatal in file: mod_savefile.F90 at line:     2004
 SAVEFILE
 -------------------------------------------
 NetCDF: One or more variable sizes violate format constraints                   
 -------------- FATAL CALLED ---------------
  Fatal in file: mod_savefile.F90 at line:     2004
 SAVEFILE
 -------------------------------------------
 Abort called by computing node           761 at 2025-08-11 21:20:28.726 +0200
 Execution terminated because of runtime error
 NetCDF: One or more variable sizes violate format constraints                   
 -------------- FATAL CALLED ---------------
  Fatal in file: mod_savefile.F90 at line:     2004
 SAVEFILE
 -------------------------------------------
 Abort called by computing node           292 at 2025-08-11 21:20:28.726 +0200
 Execution terminated because of runtime error
  Fatal in file: mod_savefile.F90 at line:     2004
 SAVEFILE
 -------------------------------------------
 Abort called by computing node           118 at 2025-08-11 21:20:28.728 +0200
 Execution terminated because of runtime error
  Fatal in file: mod_savefile.F90 at line:     2004
 SAVEFILE
 -------------------------------------------
 Abort called by computing node           417 at 2025-08-11 21:20:28.728 +0200
 Execution terminated because of runtime error
 Abort called by computing node           324 at 2025-08-11 21:20:28.728 +0200
 Execution terminated because of runtime error
 NetCDF: One or more variable sizes violate format constraints                   
 -------------- FATAL CALLED ---------------
  Fatal in file: mod_savefile.F90 at line:     2004
 SAVEFILE
 -------------------------------------------
 Abort called by computing node           675 at 2025-08-11 21:20:28.729 +0200
 Execution terminated because of runtime error
 Abort called by computing node            14 at 2025-08-11 21:20:28.733 +0200
 Execution terminated because of runtime error
  Fatal in file: mod_savefile.F90 at line:     2004
 SAVEFILE
 -------------------------------------------
 NetCDF: One or more variable sizes violate format constraints                   
 -------------- FATAL CALLED ---------------
  Fatal in file: mod_savefile.F90 at line:     2004
 SAVEFILE
 -------------------------------------------
 Abort called by computing node           762 at 2025-08-11 21:20:28.726 +0200
 Execution terminated because of runtime error
 NetCDF: One or more variable sizes violate format constraints                   
 -------------- FATAL CALLED ---------------
  Fatal in file: mod_savefile.F90 at line:     2004
 SAVEFILE
 -------------------------------------------
 Abort called by computing node           294 at 2025-08-11 21:20:28.726 +0200
 Execution terminated because of runtime error
  Fatal in file: mod_savefile.F90 at line:     2004
 SAVEFILE
 -------------------------------------------
 Abort called by computing node           418 at 2025-08-11 21:20:28.727 +0200
 Execution terminated because of runtime error
  Fatal in file: mod_savefile.F90 at line:     2004
 SAVEFILE
 -------------------------------------------
 Abort called by computing node           325 at 2025-08-11 21:20:28.728 +0200
 Execution terminated because of runtime error
 NetCDF: One or more variable sizes violate format constraints                   
 -------------- FATAL CALLED ---------------
  Fatal in file: mod_savefile.F90 at line:     2004
 SAVEFILE
 -------------------------------------------
 Abort called by computing node           677 at 2025-08-11 21:20:28.729 +0200
 Execution terminated because of runtime error
 NetCDF: One or more variable sizes violate format constraints                   
 -------------- FATAL CALLED ---------------
 Abort called by computing node           763 at 2025-08-11 21:20:28.726 +0200
 Execution terminated because of runtime error
 Abort called by computing node           296 at 2025-08-11 21:20:28.726 +0200
 Execution terminated because of runtime error
  Fatal in file: mod_savefile.F90 at line:     2004
 SAVEFILE
 -------------------------------------------
 Abort called by computing node           122 at 2025-08-11 21:20:28.728 +0200
 Execution terminated because of runtime error
  Fatal in file: mod_savefile.F90 at line:     2004
 SAVEFILE
 -------------------------------------------
 Abort called by computing node           419 at 2025-08-11 21:20:28.728 +0200
 Execution terminated because of runtime error
  Fatal in file: mod_savefile.F90 at line:     2004
 SAVEFILE
 -------------------------------------------
 Abort called by computing node           326 at 2025-08-11 21:20:28.728 +0200
 Execution terminated because of runtime error
 NetCDF: One or more variable sizes violate format constraints                   
 -------------- FATAL CALLED ---------------
  Fatal in file: mod_savefile.F90 at line:     2004
 SAVEFILE
 -------------------------------------------
 Abort called by computing node           678 at 2025-08-11 21:20:28.729 +0200
 Execution terminated because of runtime error
  Fatal in file: mod_savefile.F90 at line:     2004
 SAVEFILE
 -------------------------------------------
 Abort called by computing node           765 at 2025-08-11 21:20:28.726 +0200
 Execution terminated because of runtime error
 Abort called by computing node           297 at 2025-08-11 21:20:28.726 +0200
 Execution terminated because of runtime error
  Fatal in file: mod_savefile.F90 at line:     2004
 SAVEFILE
 -------------------------------------------
 Abort called by computing node           123 at 2025-08-11 21:20:28.728 +0200
 Execution terminated because of runtime error
  Fatal in file: mod_savefile.F90 at line:     2004
 SAVEFILE
 -------------------------------------------
 Abort called by computing node           420 at 2025-08-11 21:20:28.728 +0200
 Execution terminated because of runtime error
  Fatal in file: mod_savefile.F90 at line:     2004
 SAVEFILE
 -------------------------------------------
 Abort called by computing node           328 at 2025-08-11 21:20:28.728 +0200
 Execution terminated because of runtime error
 NetCDF: One or more variable sizes violate format constraints                   
 -------------- FATAL CALLED ---------------
  Fatal in file: mod_savefile.F90 at line:     2004
 SAVEFILE
 -------------------------------------------
 -------------- FATAL CALLED ---------------
 NetCDF: One or more variable sizes violate format constraints                   
 -------------- FATAL CALLED ---------------
 Abort called by computing node           766 at 2025-08-11 21:20:28.726 +0200
 Execution terminated because of runtime error
 NetCDF: One or more variable sizes violate format constraints                   
 -------------- FATAL CALLED ---------------
  Fatal in file: mod_savefile.F90 at line:     2004
 SAVEFILE
 -------------------------------------------
 Abort called by computing node           299 at 2025-08-11 21:20:28.726 +0200
 Execution terminated because of runtime error
  Fatal in file: mod_savefile.F90 at line:     2004
 SAVEFILE
 -------------------------------------------
  Fatal in file: mod_savefile.F90 at line:     2004
 SAVEFILE
 -------------------------------------------
 Abort called by computing node           421 at 2025-08-11 21:20:28.728 +0200
 Execution terminated because of runtime error
 Abort called by computing node           329 at 2025-08-11 21:20:28.728 +0200
 Execution terminated because of runtime error
 NetCDF: One or more variable sizes violate format constraints                   
 -------------- FATAL CALLED ---------------
  Fatal in file: mod_savefile.F90 at line:     2004
 SAVEFILE
 -------------------------------------------
 NetCDF: One or more variable sizes violate format constraints                   
 -------------- FATAL CALLED ---------------
  Fatal in file: mod_savefile.F90 at line:     2004
 SAVEFILE
 -------------------------------------------
 Abort called by computing node           769 at 2025-08-11 21:20:28.726 +0200
 Execution terminated because of runtime error
 Abort called by computing node           200 at 2025-08-11 21:20:28.726 +0200
 Execution terminated because of runtime error
  Fatal in file: mod_savefile.F90 at line:     2004
 SAVEFILE
 -------------------------------------------
 Abort called by computing node           125 at 2025-08-11 21:20:28.728 +0200
 Execution terminated because of runtime error
  Fatal in file: mod_savefile.F90 at line:     2004
 SAVEFILE
 -------------------------------------------
 Abort called by computing node           423 at 2025-08-11 21:20:28.728 +0200
 Execution terminated because of runtime error
  Fatal in file: mod_savefile.F90 at line:     2004
 SAVEFILE
 -------------------------------------------
 Abort called by computing node           330 at 2025-08-11 21:20:28.728 +0200
 Execution terminated because of runtime error
 NetCDF: One or more variable sizes violate format constraints                   
 -------------- FATAL CALLED ---------------
  Fatal in file: mod_savefile.F90 at line:     2004
 SAVEFILE
 -------------------------------------------
 Abort called by computing node           681 at 2025-08-11 21:20:28.729 +0200
 Execution terminated because of runtime error
 Abort called by computing node            65 at 2025-08-11 21:20:28.733 +0200
 Execution terminated because of runtime error
  Fatal in file: mod_savefile.F90 at line:     2004
 SAVEFILE
 -------------------------------------------
 Abort called by computing node           770 at 2025-08-11 21:20:28.726 +0200
 Execution terminated because of runtime error
 Abort called by computing node           201 at 2025-08-11 21:20:28.726 +0200
 Execution terminated because of runtime error
  Fatal in file: mod_savefile.F90 at line:     2004
 SAVEFILE
 -------------------------------------------
 Abort called by computing node           126 at 2025-08-11 21:20:28.728 +0200
 Execution terminated because of runtime error
 Abort called by computing node           424 at 2025-08-11 21:20:28.728 +0200
 Execution terminated because of runtime error
 Abort called by computing node           332 at 2025-08-11 21:20:28.728 +0200
 Execution terminated because of runtime error
 NetCDF: One or more variable sizes violate format constraints                   
 -------------- FATAL CALLED ---------------
  Fatal in file: mod_savefile.F90 at line:     2004
 SAVEFILE
 -------------------------------------------
 Abort called by computing node           682 at 2025-08-11 21:20:28.729 +0200
 Execution terminated because of runtime error
  Fatal in file: mod_savefile.F90 at line:     2004
 SAVEFILE
 -------------------------------------------
 Abort called by computing node           772 at 2025-08-11 21:20:28.726 +0200
 Execution terminated because of runtime error
  Fatal in file: mod_savefile.F90 at line:     2004
 SAVEFILE
 -------------------------------------------
 Abort called by computing node           127 at 2025-08-11 21:20:28.728 +0200
 Execution terminated because of runtime error
  Fatal in file: mod_savefile.F90 at line:     2004
 SAVEFILE
 -------------------------------------------
 Abort called by computing node           425 at 2025-08-11 21:20:28.728 +0200
 Execution terminated because of runtime error
 Abort called by computing node           333 at 2025-08-11 21:20:28.728 +0200
 Execution terminated because of runtime error
 NetCDF: One or more variable sizes violate format constraints                   
 -------------- FATAL CALLED ---------------
  Fatal in file: mod_savefile.F90 at line:     2004
 SAVEFILE
 -------------------------------------------
 Abort called by computing node           684 at 2025-08-11 21:20:28.729 +0200
  Fatal in file: mod_savefile.F90 at line:     2004
 SAVEFILE
 -------------------------------------------
  Fatal in file: mod_savefile.F90 at line:     2004
 SAVEFILE
 -------------------------------------------
 NetCDF: One or more variable sizes violate format constraints                   
 -------------- FATAL CALLED ---------------
  Fatal in file: mod_savefile.F90 at line:     2004
 SAVEFILE
 -------------------------------------------
 Abort called by computing node           775 at 2025-08-11 21:20:28.726 +0200
 Execution terminated because of runtime error
 Abort called by computing node           202 at 2025-08-11 21:20:28.726 +0200
 Execution terminated because of runtime error
  Fatal in file: mod_savefile.F90 at line:     2004
 SAVEFILE
 -------------------------------------------
 Abort called by computing node           128 at 2025-08-11 21:20:28.728 +0200
 Execution terminated because of runtime error
 Abort called by computing node           427 at 2025-08-11 21:20:28.728 +0200
 Execution terminated because of runtime error
  Fatal in file: mod_savefile.F90 at line:     2004
 SAVEFILE
 -------------------------------------------
 Abort called by computing node           334 at 2025-08-11 21:20:28.729 +0200
 Execution terminated because of runtime error
 NetCDF: One or more variable sizes violate format constraints                   
 -------------- FATAL CALLED ---------------
  Fatal in file: mod_savefile.F90 at line:     2004
 SAVEFILE
 -------------------------------------------
 Abort called by computing node           686 at 2025-08-11 21:20:28.729 +0200
 Execution terminated because of runtime error
  Fatal in file: mod_savefile.F90 at line:     2004
 SAVEFILE
 -------------------------------------------
 Abort called by computing node           776 at 2025-08-11 21:20:28.726 +0200
 Execution terminated because of runtime error
 Abort called by computing node           203 at 2025-08-11 21:20:28.726 +0200
 Execution terminated because of runtime error
  Fatal in file: mod_savefile.F90 at line:     2004
 SAVEFILE
 -------------------------------------------
 Abort called by computing node           129 at 2025-08-11 21:20:28.728 +0200
 Execution terminated because of runtime error
  Fatal in file: mod_savefile.F90 at line:     2004
 SAVEFILE
 -------------------------------------------
 Abort called by computing node           428 at 2025-08-11 21:20:28.728 +0200
 Execution terminated because of runtime error
 Abort called by computing node           337 at 2025-08-11 21:20:28.728 +0200
 Execution terminated because of runtime error
 Abort called by computing node           687 at 2025-08-11 21:20:28.729 +0200
 Execution terminated because of runtime error
  Fatal in file: mod_savefile.F90 at line:     2004
 SAVEFILE
 -------------------------------------------
 Abort called by computing node           777 at 2025-08-11 21:20:28.726 +0200
 Execution terminated because of runtime error
 -------------- FATAL CALLED ---------------
  Fatal in file: mod_savefile.F90 at line:     2004
 SAVEFILE
 -------------------------------------------
 Abort called by computing node           204 at 2025-08-11 21:20:28.726 +0200
 Execution terminated because of runtime error
 Abort called by computing node           130 at 2025-08-11 21:20:28.727 +0200
 Execution terminated because of runtime error
  Fatal in file: mod_savefile.F90 at line:     2004
 SAVEFILE
 -------------------------------------------
 Abort called by computing node           429 at 2025-08-11 21:20:28.728 +0200
 Execution terminated because of runtime error
  Fatal in file: mod_savefile.F90 at line:     2004
 SAVEFILE
 -------------------------------------------
 Abort called by computing node           339 at 2025-08-11 21:20:28.728 +0200
 Execution terminated because of runtime error
 NetCDF: One or more variable sizes violate format constraints                   
 -------------- FATAL CALLED ---------------
  Fatal in file: mod_savefile.F90 at line:     2004
 SAVEFILE
 -------------------------------------------
 Abort called by computing node           692 at 2025-08-11 21:20:28.729 +0200
 Execution terminated because of runtime error
 NetCDF: One or more variable sizes violate format constraints                   
  Fatal in file: mod_savefile.F90 at line:     2004
 SAVEFILE
 -------------------------------------------
 NetCDF: One or more variable sizes violate format constraints                   
 -------------- FATAL CALLED ---------------
  Fatal in file: mod_savefile.F90 at line:     2004
 SAVEFILE
 -------------------------------------------
 Abort called by computing node           779 at 2025-08-11 21:20:28.726 +0200
 Execution terminated because of runtime error
 Abort called by computing node           205 at 2025-08-11 21:20:28.726 +0200
 Execution terminated because of runtime error
 Abort called by computing node           131 at 2025-08-11 21:20:28.728 +0200
 Execution terminated because of runtime error
  Fatal in file: mod_savefile.F90 at line:     2004
 SAVEFILE
 -------------------------------------------
 Abort called by computing node           431 at 2025-08-11 21:20:28.728 +0200
 Execution terminated because of runtime error
  Fatal in file: mod_savefile.F90 at line:     2004
 SAVEFILE
 -------------------------------------------
 Abort called by computing node           341 at 2025-08-11 21:20:28.729 +0200
 Execution terminated because of runtime error
 NetCDF: One or more variable sizes violate format constraints                   
 -------------- FATAL CALLED ---------------
  Fatal in file: mod_savefile.F90 at line:     2004
 SAVEFILE
 -------------------------------------------
  Fatal in file: mod_savefile.F90 at line:     2004
 SAVEFILE
 -------------------------------------------
 Abort called by computing node           510 at 2025-08-11 21:20:28.728 +0200
 Execution terminated because of runtime error
 Abort called by computing node           780 at 2025-08-11 21:20:28.726 +0200
 Execution terminated because of runtime error
 Abort called by computing node           213 at 2025-08-11 21:20:28.726 +0200
 Execution terminated because of runtime error
  Fatal in file: mod_savefile.F90 at line:     2004
 SAVEFILE
 -------------------------------------------
 Abort called by computing node           132 at 2025-08-11 21:20:28.728 +0200
 Execution terminated because of runtime error
  Fatal in file: mod_savefile.F90 at line:     2004
 SAVEFILE
 -------------------------------------------
 Abort called by computing node           432 at 2025-08-11 21:20:28.728 +0200
 Execution terminated because of runtime error
 Abort called by computing node           343 at 2025-08-11 21:20:28.728 +0200
 Execution terminated because of runtime error
 NetCDF: One or more variable sizes violate format constraints                   
 -------------- FATAL CALLED ---------------
  Fatal in file: mod_savefile.F90 at line:     2004
 SAVEFILE
 -------------------------------------------
 Abort called by computing node           697 at 2025-08-11 21:20:28.729 +0200
 Execution terminated because of runtime error
  Fatal in file: mod_savefile.F90 at line:     2004
 SAVEFILE
 -------------------------------------------
 Abort called by computing node            76 at 2025-08-11 21:20:28.733 +0200
 Execution terminated because of runtime error
  Fatal in file: mod_savefile.F90 at line:     2004
 SAVEFILE
 -------------------------------------------
 Abort called by computing node           781 at 2025-08-11 21:20:28.726 +0200
 Execution terminated because of runtime error
 Abort called by computing node           215 at 2025-08-11 21:20:28.726 +0200
 Execution terminated because of runtime error
  Fatal in file: mod_savefile.F90 at line:     2004
 SAVEFILE
 -------------------------------------------
 Abort called by computing node           134 at 2025-08-11 21:20:28.727 +0200
 Execution terminated because of runtime error
 Abort called by computing node           433 at 2025-08-11 21:20:28.728 +0200
 Execution terminated because of runtime error
 Abort called by computing node           347 at 2025-08-11 21:20:28.728 +0200
 Execution terminated because of runtime error
 NetCDF: One or more variable sizes violate format constraints                   
 -------------- FATAL CALLED ---------------
  Fatal in file: mod_savefile.F90 at line:     2004
 SAVEFILE
 -------------------------------------------
 Abort called by computing node           699 at 2025-08-11 21:20:28.729 +0200
 Execution terminated because of runtime error
  Fatal in file: mod_savefile.F90 at line:     2004
 SAVEFILE
 -------------------------------------------
 Abort called by computing node           512 at 2025-08-11 21:20:28.729 +0200
 Execution terminated because of runtime error
 NetCDF: One or more variable sizes violate format constraints                   
 -------------- FATAL CALLED ---------------
  Fatal in file: mod_savefile.F90 at line:     2004
 SAVEFILE
 -------------------------------------------
 Abort called by computing node           782 at 2025-08-11 21:20:28.726 +0200
 Execution terminated because of runtime error
 Abort called by computing node           258 at 2025-08-11 21:20:28.726 +0200
 Execution terminated because of runtime error
  Fatal in file: mod_savefile.F90 at line:     2004
 SAVEFILE
 -------------------------------------------
 Abort called by computing node           135 at 2025-08-11 21:20:28.728 +0200
 Execution terminated because of runtime error
 Abort called by computing node           434 at 2025-08-11 21:20:28.728 +0200
 Execution terminated because of runtime error
  Fatal in file: mod_savefile.F90 at line:     2004
 SAVEFILE
 -------------------------------------------
 Abort called by computing node           348 at 2025-08-11 21:20:28.729 +0200
 Execution terminated because of runtime error
 -------------- FATAL CALLED ---------------
  Fatal in file: mod_savefile.F90 at line:     2004
 SAVEFILE
 -------------------------------------------
 Abort called by computing node           600 at 2025-08-11 21:20:28.729 +0200
 Execution terminated because of runtime error
 NetCDF: One or more variable sizes violate format constraints                   
  Fatal in file: mod_savefile.F90 at line:     2004
 SAVEFILE
 -------------------------------------------
 Abort called by computing node           516 at 2025-08-11 21:20:28.729 +0200
 Execution terminated because of runtime error
 NetCDF: One or more variable sizes violate format constraints                   
 -------------- FATAL CALLED ---------------
  Fatal in file: mod_savefile.F90 at line:     2004
 SAVEFILE
 -------------------------------------------
 Abort called by computing node           783 at 2025-08-11 21:20:28.726 +0200
 Execution terminated because of runtime error
  Fatal in file: mod_savefile.F90 at line:     2004
 SAVEFILE
 -------------------------------------------
 Abort called by computing node           137 at 2025-08-11 21:20:28.728 +0200
 Execution terminated because of runtime error
  Fatal in file: mod_savefile.F90 at line:     2004
 SAVEFILE
 -------------------------------------------
 Abort called by computing node           436 at 2025-08-11 21:20:28.728 +0200
 Execution terminated because of runtime error
 Abort called by computing node           349 at 2025-08-11 21:20:28.728 +0200
 Execution terminated because of runtime error
 -------------- FATAL CALLED ---------------
  Fatal in file: mod_savefile.F90 at line:     2004
 SAVEFILE
 -------------------------------------------
 Abort called by computing node           601 at 2025-08-11 21:20:28.729 +0200
 Execution terminated because of runtime error
  Fatal in file: mod_savefile.F90 at line:     2004
 SAVEFILE
 -------------------------------------------
 NetCDF: One or more variable sizes violate format constraints                   
 -------------- FATAL CALLED ---------------
  Fatal in file: mod_savefile.F90 at line:     2004
 SAVEFILE
 -------------------------------------------
 Abort called by computing node           784 at 2025-08-11 21:20:28.726 +0200
 Execution terminated because of runtime error
  Fatal in file: mod_savefile.F90 at line:     2004
 SAVEFILE
 -------------------------------------------
 Abort called by computing node           138 at 2025-08-11 21:20:28.728 +0200
 Execution terminated because of runtime error
  Fatal in file: mod_savefile.F90 at line:     2004
 SAVEFILE
 -------------------------------------------
 Abort called by computing node           437 at 2025-08-11 21:20:28.728 +0200
 Execution terminated because of runtime error
 Abort called by computing node           350 at 2025-08-11 21:20:28.728 +0200
 Execution terminated because of runtime error
 -------------- FATAL CALLED ---------------
  Fatal in file: mod_savefile.F90 at line:     2004
 SAVEFILE
 -------------------------------------------
 Abort called by computing node           602 at 2025-08-11 21:20:28.729 +0200
 Execution terminated because of runtime error
  Fatal in file: mod_savefile.F90 at line:     2004
 SAVEFILE
 -------------------------------------------
 Abort called by computing node           518 at 2025-08-11 21:20:28.728 +0200
 Execution terminated because of runtime error
 Abort called by computing node           786 at 2025-08-11 21:20:28.727 +0200
 Execution terminated because of runtime error
  Fatal in file: mod_savefile.F90 at line:     2004
 SAVEFILE
 -------------------------------------------
 Abort called by computing node           139 at 2025-08-11 21:20:28.728 +0200
 Execution terminated because of runtime error
  Fatal in file: mod_savefile.F90 at line:     2004
 SAVEFILE
 -------------------------------------------
 Abort called by computing node           440 at 2025-08-11 21:20:28.728 +0200
 Execution terminated because of runtime error
 NetCDF: One or more variable sizes violate format constraints                   
 -------------- FATAL CALLED ---------------
  Fatal in file: mod_savefile.F90 at line:     2004
 SAVEFILE
 -------------------------------------------
 Abort called by computing node           351 at 2025-08-11 21:20:28.729 +0200
 Execution terminated because of runtime error
 -------------- FATAL CALLED ---------------
  Fatal in file: mod_savefile.F90 at line:     2004
 SAVEFILE
 -------------------------------------------
 Abort called by computing node           604 at 2025-08-11 21:20:28.729 +0200
 Execution terminated because of runtime error
  Fatal in file: mod_savefile.F90 at line:     2004
 SAVEFILE
 -------------------------------------------
  Fatal in file: mod_savefile.F90 at line:     2004
 SAVEFILE
 -------------------------------------------
 NetCDF: One or more variable sizes violate format constraints                   
 -------------- FATAL CALLED ---------------
  Fatal in file: mod_savefile.F90 at line:     2004
 SAVEFILE
 -------------------------------------------
 Abort called by computing node           787 at 2025-08-11 21:20:28.726 +0200
 Execution terminated because of runtime error
  Fatal in file: mod_savefile.F90 at line:     2004
 SAVEFILE
 -------------------------------------------
 Abort called by computing node           140 at 2025-08-11 21:20:28.728 +0200
 Execution terminated because of runtime error
 Abort called by computing node           441 at 2025-08-11 21:20:28.728 +0200
 Execution terminated because of runtime error
 Abort called by computing node           352 at 2025-08-11 21:20:28.728 +0200
 Execution terminated because of runtime error
 -------------- FATAL CALLED ---------------
  Fatal in file: mod_savefile.F90 at line:     2004
 SAVEFILE
 -------------------------------------------
 Abort called by computing node           605 at 2025-08-11 21:20:28.729 +0200
 Execution terminated because of runtime error
 Abort called by computing node           522 at 2025-08-11 21:20:28.728 +0200
 Execution terminated because of runtime error
 NetCDF: One or more variable sizes violate format constraints                   
 -------------- FATAL CALLED ---------------
  Fatal in file: mod_savefile.F90 at line:     2004
 SAVEFILE
 -------------------------------------------
 Abort called by computing node           789 at 2025-08-11 21:20:28.727 +0200
 Execution terminated because of runtime error
  Fatal in file: mod_savefile.F90 at line:     2004
 SAVEFILE
 -------------------------------------------
 Abort called by computing node           141 at 2025-08-11 21:20:28.728 +0200
 Execution terminated because of runtime error
  Fatal in file: mod_savefile.F90 at line:     2004
 SAVEFILE
 -------------------------------------------
 Abort called by computing node           444 at 2025-08-11 21:20:28.728 +0200
 Execution terminated because of runtime error
 Abort called by computing node           353 at 2025-08-11 21:20:28.728 +0200
 Execution terminated because of runtime error
  Fatal in file: mod_savefile.F90 at line:     2004
 SAVEFILE
 -------------------------------------------
 Abort called by computing node           607 at 2025-08-11 21:20:28.729 +0200
 Execution terminated because of runtime error
 NetCDF: One or more variable sizes violate format constraints                   
  Fatal in file: mod_savefile.F90 at line:     2004
 SAVEFILE
 -------------------------------------------
 Abort called by computing node           527 at 2025-08-11 21:20:28.728 +0200
 Execution terminated because of runtime error
 Abort called by computing node           790 at 2025-08-11 21:20:28.726 +0200
 Execution terminated because of runtime error
  Fatal in file: mod_savefile.F90 at line:     2004
 SAVEFILE
 -------------------------------------------
 Abort called by computing node           143 at 2025-08-11 21:20:28.728 +0200
 Execution terminated because of runtime error
  Fatal in file: mod_savefile.F90 at line:     2004
 SAVEFILE
 -------------------------------------------
 Abort called by computing node           445 at 2025-08-11 21:20:28.728 +0200
 Execution terminated because of runtime error
 Abort called by computing node           354 at 2025-08-11 21:20:28.728 +0200
 Execution terminated because of runtime error
 -------------- FATAL CALLED ---------------
  Fatal in file: mod_savefile.F90 at line:     2004
 SAVEFILE
 -------------------------------------------
 Abort called by computing node           608 at 2025-08-11 21:20:28.729 +0200
 Execution terminated because of runtime error
  Fatal in file: mod_savefile.F90 at line:     2004
 SAVEFILE
 -------------------------------------------
 Abort called by computing node           528 at 2025-08-11 21:20:28.728 +0200
 Execution terminated because of runtime error
 Abort called by computing node           791 at 2025-08-11 21:20:28.726 +0200
 Execution terminated because of runtime error
 Cannot enable savefile output//EURR-3_SAV.2009100500.nc
 NetCDF: One or more variable sizes violate format constraints                   
 -------------- FATAL CALLED ---------------
  Fatal in file: mod_savefile.F90 at line:     2004
 SAVEFILE
 -------------------------------------------
 Abort called by computing node           144 at 2025-08-11 21:20:28.728 +0200
 Execution terminated because of runtime error
  Fatal in file: mod_savefile.F90 at line:     2004
 SAVEFILE
 -------------------------------------------
 Abort called by computing node           447 at 2025-08-11 21:20:28.728 +0200
 Execution terminated because of runtime error
 Abort called by computing node           356 at 2025-08-11 21:20:28.728 +0200
 Execution terminated because of runtime error
 Abort called by computing node           609 at 2025-08-11 21:20:28.728 +0200
 Execution terminated because of runtime error
  Fatal in file: mod_savefile.F90 at line:     2004
 SAVEFILE
 -------------------------------------------
 Abort called by computing node           532 at 2025-08-11 21:20:28.728 +0200
 Execution terminated because of runtime error
 Abort called by computing node           793 at 2025-08-11 21:20:28.726 +0200
 Execution terminated because of runtime error
  Fatal in file: mod_savefile.F90 at line:     2004
 SAVEFILE
 -------------------------------------------
 Abort called by computing node           146 at 2025-08-11 21:20:28.728 +0200
 Execution terminated because of runtime error
 Abort called by computing node           448 at 2025-08-11 21:20:28.727 +0200
 Execution terminated because of runtime error
 Abort called by computing node           357 at 2025-08-11 21:20:28.728 +0200
 Execution terminated because of runtime error
 -------------- FATAL CALLED ---------------
  Fatal in file: mod_savefile.F90 at line:     2004
 SAVEFILE
 -------------------------------------------
 Abort called by computing node           610 at 2025-08-11 21:20:28.729 +0200
 Execution terminated because of runtime error
  Fatal in file: mod_savefile.F90 at line:     2004
 SAVEFILE
 -------------------------------------------
 NetCDF: One or more variable sizes violate format constraints                   
 -------------- FATAL CALLED ---------------
  Fatal in file: mod_savefile.F90 at line:     2004
 SAVEFILE
 -------------------------------------------
 Abort called by computing node           794 at 2025-08-11 21:20:28.727 +0200
 Execution terminated because of runtime error
  Fatal in file: mod_savefile.F90 at line:     2004
 SAVEFILE
 -------------------------------------------
 Abort called by computing node           148 at 2025-08-11 21:20:28.728 +0200
 Execution terminated because of runtime error
  Fatal in file: mod_savefile.F90 at line:     2004
 SAVEFILE
 -------------------------------------------
 Abort called by computing node           449 at 2025-08-11 21:20:28.728 +0200
 Execution terminated because of runtime error
 Abort called by computing node           358 at 2025-08-11 21:20:28.728 +0200
 Execution terminated because of runtime error
 Abort called by computing node           614 at 2025-08-11 21:20:28.729 +0200
 Execution terminated because of runtime error
 -------------- FATAL CALLED ---------------
  Fatal in file: mod_savefile.F90 at line:     2004
 SAVEFILE
 -------------------------------------------
  Fatal in file: mod_savefile.F90 at line:     2004
 SAVEFILE
 -------------------------------------------
 Abort called by computing node           795 at 2025-08-11 21:20:28.726 +0200
 Execution terminated because of runtime error
  Fatal in file: mod_savefile.F90 at line:     2004
 SAVEFILE
 -------------------------------------------
 Abort called by computing node           149 at 2025-08-11 21:20:28.728 +0200
 Execution terminated because of runtime error
 Abort called by computing node           452 at 2025-08-11 21:20:28.728 +0200
 Execution terminated because of runtime error
 Abort called by computing node           360 at 2025-08-11 21:20:28.728 +0200
 Execution terminated because of runtime error
 Abort called by computing node           615 at 2025-08-11 21:20:28.728 +0200
 Execution terminated because of runtime error
  Fatal in file: mod_savefile.F90 at line:     2004
 SAVEFILE
 -------------------------------------------
 Abort called by computing node           797 at 2025-08-11 21:20:28.726 +0200
 Execution terminated because of runtime error
  Fatal in file: mod_savefile.F90 at line:     2004
 SAVEFILE
 -------------------------------------------
 Abort called by computing node           150 at 2025-08-11 21:20:28.728 +0200
 Execution terminated because of runtime error
 Abort called by computing node           453 at 2025-08-11 21:20:28.728 +0200
 Execution terminated because of runtime error
 Abort called by computing node           616 at 2025-08-11 21:20:28.729 +0200
 Execution terminated because of runtime error
  Fatal in file: mod_savefile.F90 at line:     2004
 SAVEFILE
 -------------------------------------------
 Abort called by computing node           568 at 2025-08-11 21:20:28.728 +0200
 Execution terminated because of runtime error
 NetCDF: One or more variable sizes violate format constraints                   
 -------------- FATAL CALLED ---------------
  Fatal in file: mod_savefile.F90 at line:     2004
 SAVEFILE
 -------------------------------------------
 Abort called by computing node           799 at 2025-08-11 21:20:28.726 +0200
 Execution terminated because of runtime error
  Fatal in file: mod_savefile.F90 at line:     2004
 SAVEFILE
 -------------------------------------------
 Abort called by computing node           151 at 2025-08-11 21:20:28.728 +0200
 Execution terminated because of runtime error
 Abort called by computing node           455 at 2025-08-11 21:20:28.727 +0200
 Execution terminated because of runtime error
  Fatal in file: mod_savefile.F90 at line:     2004
 SAVEFILE
 -------------------------------------------
 Abort called by computing node           361 at 2025-08-11 21:20:28.729 +0200
 Execution terminated because of runtime error
 SAVEFILE
 -------------------------------------------
 Abort called by computing node           618 at 2025-08-11 21:20:28.729 +0200
 Execution terminated because of runtime error
 Cannot enable savefile output//EURR-3_SAV.2009100500.nc
  Fatal in file: mod_savefile.F90 at line:     2004
 SAVEFILE
 -------------------------------------------
 Abort called by computing node           570 at 2025-08-11 21:20:28.728 +0200
 Execution terminated because of runtime error
 Abort called by computing node           701 at 2025-08-11 21:20:28.726 +0200
 Execution terminated because of runtime error
  Fatal in file: mod_savefile.F90 at line:     2004
 SAVEFILE
 -------------------------------------------
 Abort called by computing node           153 at 2025-08-11 21:20:28.728 +0200
 Execution terminated because of runtime error
 Abort called by computing node           457 at 2025-08-11 21:20:28.728 +0200
 Execution terminated because of runtime error
 Abort called by computing node           368 at 2025-08-11 21:20:28.728 +0200
 Execution terminated because of runtime error
 Abort called by computing node           621 at 2025-08-11 21:20:28.729 +0200
 Execution terminated because of runtime error
  Fatal in file: mod_savefile.F90 at line:     2004
 SAVEFILE
 -------------------------------------------
 Abort called by computing node           580 at 2025-08-11 21:20:28.728 +0200
 Execution terminated because of runtime error
 Abort called by computing node           705 at 2025-08-11 21:20:28.726 +0200
 Execution terminated because of runtime error
  Fatal in file: mod_savefile.F90 at line:     2004
 SAVEFILE
 -------------------------------------------
 Abort called by computing node           154 at 2025-08-11 21:20:28.728 +0200
 Execution terminated because of runtime error
 Abort called by computing node           459 at 2025-08-11 21:20:28.728 +0200
 Execution terminated because of runtime error
 Abort called by computing node           370 at 2025-08-11 21:20:28.728 +0200
 Execution terminated because of runtime error
 -------------- FATAL CALLED ---------------
  Fatal in file: mod_savefile.F90 at line:     2004
 SAVEFILE
 -------------------------------------------
 Abort called by computing node           622 at 2025-08-11 21:20:28.729 +0200
 Execution terminated because of runtime error
  Fatal in file: mod_savefile.F90 at line:     2004
 SAVEFILE
 -------------------------------------------
  Fatal in file: mod_savefile.F90 at line:     2004
 SAVEFILE
 -------------------------------------------
 Abort called by computing node           709 at 2025-08-11 21:20:28.726 +0200
 Execution terminated because of runtime error
  Fatal in file: mod_savefile.F90 at line:     2004
 SAVEFILE
 -------------------------------------------
 Abort called by computing node           155 at 2025-08-11 21:20:28.728 +0200
 Execution terminated because of runtime error
 Abort called by computing node           460 at 2025-08-11 21:20:28.728 +0200
 Execution terminated because of runtime error
 Abort called by computing node           371 at 2025-08-11 21:20:28.728 +0200
 Execution terminated because of runtime error
  Fatal in file: mod_savefile.F90 at line:     2004
 SAVEFILE
 -------------------------------------------
 Abort called by computing node           625 at 2025-08-11 21:20:28.729 +0200
 Execution terminated because of runtime error
  Fatal in file: mod_savefile.F90 at line:     2004
 SAVEFILE
 -------------------------------------------
 Abort called by computing node           585 at 2025-08-11 21:20:28.729 +0200
 Execution terminated because of runtime error
 Abort called by computing node           715 at 2025-08-11 21:20:28.726 +0200
 Execution terminated because of runtime error
  Fatal in file: mod_savefile.F90 at line:     2004
 SAVEFILE
 -------------------------------------------
 Abort called by computing node           156 at 2025-08-11 21:20:28.728 +0200
 Execution terminated because of runtime error
  Fatal in file: mod_savefile.F90 at line:     2004
 SAVEFILE
 -------------------------------------------
 Abort called by computing node           462 at 2025-08-11 21:20:28.728 +0200
 Execution terminated because of runtime error
 Abort called by computing node           373 at 2025-08-11 21:20:28.729 +0200
 Execution terminated because of runtime error
 -------------- FATAL CALLED ---------------
  Fatal in file: mod_savefile.F90 at line:     2004
 SAVEFILE
 -------------------------------------------
 Abort called by computing node           626 at 2025-08-11 21:20:28.729 +0200
 Execution terminated because of runtime error
 Abort called by computing node            39 at 2025-08-11 21:20:28.733 +0200
 Execution terminated because of runtime error
  Fatal in file: mod_savefile.F90 at line:     2004
 SAVEFILE
 -------------------------------------------
 Abort called by computing node           587 at 2025-08-11 21:20:28.728 +0200
 Execution terminated because of runtime error
 Abort called by computing node           716 at 2025-08-11 21:20:28.726 +0200
 Execution terminated because of runtime error
  Fatal in file: mod_savefile.F90 at line:     2004
 SAVEFILE
 -------------------------------------------
 Abort called by computing node           157 at 2025-08-11 21:20:28.728 +0200
 Execution terminated because of runtime error
 Execution terminated because of runtime error
 Abort called by computing node           374 at 2025-08-11 21:20:28.728 +0200
 Execution terminated because of runtime error
  Fatal in file: mod_savefile.F90 at line:     2004
 SAVEFILE
 -------------------------------------------
 Abort called by computing node           628 at 2025-08-11 21:20:28.729 +0200
 Execution terminated because of runtime error
  Fatal in file: mod_savefile.F90 at line:     2004
 SAVEFILE
 -------------------------------------------
 Abort called by computing node           719 at 2025-08-11 21:20:28.726 +0200
 Execution terminated because of runtime error
 Abort called by computing node           159 at 2025-08-11 21:20:28.727 +0200
 Execution terminated because of runtime error
  Fatal in file: mod_savefile.F90 at line:     2004
 SAVEFILE
 -------------------------------------------
 Abort called by computing node           464 at 2025-08-11 21:20:28.728 +0200
 Execution terminated because of runtime error
 Abort called by computing node           382 at 2025-08-11 21:20:28.728 +0200
 Execution terminated because of runtime error
 NetCDF: One or more variable sizes violate format constraints                   
 -------------- FATAL CALLED ---------------
  Fatal in file: mod_savefile.F90 at line:     2004
 SAVEFILE
 -------------------------------------------
 Abort called by computing node           629 at 2025-08-11 21:20:28.729 +0200
 Execution terminated because of runtime error
 Abort called by computing node           590 at 2025-08-11 21:20:28.728 +0200
 Execution terminated because of runtime error
 Abort called by computing node           720 at 2025-08-11 21:20:28.726 +0200
 Execution terminated because of runtime error
  Fatal in file: mod_savefile.F90 at line:     2004
 SAVEFILE
 -------------------------------------------
 Abort called by computing node           160 at 2025-08-11 21:20:28.728 +0200
 Execution terminated because of runtime error
 Abort called by computing node           465 at 2025-08-11 21:20:28.728 +0200
 Execution terminated because of runtime error
 Abort called by computing node           387 at 2025-08-11 21:20:28.728 +0200
 Execution terminated because of runtime error
 Abort called by computing node           630 at 2025-08-11 21:20:28.729 +0200
 Execution terminated because of runtime error
 NetCDF: One or more variable sizes violate format constraints                   
  Fatal in file: mod_savefile.F90 at line:     2004
 SAVEFILE
 -------------------------------------------
 Abort called by computing node           727 at 2025-08-11 21:20:28.726 +0200
 Execution terminated because of runtime error
  Fatal in file: mod_savefile.F90 at line:     2004
 SAVEFILE
 -------------------------------------------
 Abort called by computing node           164 at 2025-08-11 21:20:28.728 +0200
 Execution terminated because of runtime error
  Fatal in file: mod_savefile.F90 at line:     2004
 SAVEFILE
 -------------------------------------------
 Abort called by computing node           466 at 2025-08-11 21:20:28.728 +0200
 Execution terminated because of runtime error
 Abort called by computing node           388 at 2025-08-11 21:20:28.728 +0200
 Execution terminated because of runtime error
 -------------- FATAL CALLED ---------------
  Fatal in file: mod_savefile.F90 at line:     2004
 SAVEFILE
 -------------------------------------------
 Abort called by computing node           631 at 2025-08-11 21:20:28.729 +0200
 Execution terminated because of runtime error
  Fatal in file: mod_savefile.F90 at line:     2004
 SAVEFILE
 -------------------------------------------
 Abort called by computing node           592 at 2025-08-11 21:20:28.728 +0200
 Execution terminated because of runtime error
 Abort called by computing node           735 at 2025-08-11 21:20:28.726 +0200
 Execution terminated because of runtime error
  Fatal in file: mod_savefile.F90 at line:     2004
 SAVEFILE
 -------------------------------------------
 Abort called by computing node           165 at 2025-08-11 21:20:28.728 +0200
 Execution terminated because of runtime error
  Fatal in file: mod_savefile.F90 at line:     2004
 SAVEFILE
 -------------------------------------------
 Abort called by computing node           474 at 2025-08-11 21:20:28.728 +0200
 Execution terminated because of runtime error
 Abort called by computing node           389 at 2025-08-11 21:20:28.728 +0200
 Execution terminated because of runtime error
 -------------- FATAL CALLED ---------------
  Fatal in file: mod_savefile.F90 at line:     2004
 SAVEFILE
 -------------------------------------------
 Abort called by computing node           633 at 2025-08-11 21:20:28.729 +0200
 Execution terminated because of runtime error
 Cannot enable savefile output//EURR-3_SAV.2009100500.nc
  Fatal in file: mod_savefile.F90 at line:     2004
 SAVEFILE
 -------------------------------------------
 Abort called by computing node           593 at 2025-08-11 21:20:28.728 +0200
 Execution terminated because of runtime error
 Abort called by computing node           742 at 2025-08-11 21:20:28.726 +0200
 Execution terminated because of runtime error
 Abort called by computing node           166 at 2025-08-11 21:20:28.728 +0200
 Execution terminated because of runtime error
  Fatal in file: mod_savefile.F90 at line:     2004
 SAVEFILE
 -------------------------------------------
 Abort called by computing node           477 at 2025-08-11 21:20:28.728 +0200
 Execution terminated because of runtime error
 Abort called by computing node           391 at 2025-08-11 21:20:28.728 +0200
 Execution terminated because of runtime error
 Abort called by computing node           637 at 2025-08-11 21:20:28.729 +0200
 Execution terminated because of runtime error
  Fatal in file: mod_savefile.F90 at line:     2004
 SAVEFILE
 -------------------------------------------
 Abort called by computing node           754 at 2025-08-11 21:20:28.726 +0200
 Execution terminated because of runtime error
  Fatal in file: mod_savefile.F90 at line:     2004
 SAVEFILE
 -------------------------------------------
 Abort called by computing node           167 at 2025-08-11 21:20:28.728 +0200
 Execution terminated because of runtime error
  Fatal in file: mod_savefile.F90 at line:     2004
 SAVEFILE
 -------------------------------------------
 Abort called by computing node           478 at 2025-08-11 21:20:28.728 +0200
 Execution terminated because of runtime error
 Abort called by computing node           394 at 2025-08-11 21:20:28.728 +0200
 Execution terminated because of runtime error
 Abort called by computing node           638 at 2025-08-11 21:20:28.728 +0200
 Execution terminated because of runtime error
 Abort called by computing node           505 at 2025-08-11 21:20:28.728 +0200
 Execution terminated because of runtime error
 Abort called by computing node           755 at 2025-08-11 21:20:28.726 +0200
 Execution terminated because of runtime error
  Fatal in file: mod_savefile.F90 at line:     2004
 SAVEFILE
 -------------------------------------------
 Abort called by computing node           170 at 2025-08-11 21:20:28.728 +0200
 Execution terminated because of runtime error
  Fatal in file: mod_savefile.F90 at line:     2004
 SAVEFILE
 -------------------------------------------
 Abort called by computing node           480 at 2025-08-11 21:20:28.728 +0200
 Execution terminated because of runtime error
 Abort called by computing node           397 at 2025-08-11 21:20:28.728 +0200
 Execution terminated because of runtime error
 Abort called by computing node           641 at 2025-08-11 21:20:28.728 +0200
 Execution terminated because of runtime error
 NetCDF: One or more variable sizes violate format constraints                   
 -------------- FATAL CALLED ---------------
  Fatal in file: mod_savefile.F90 at line:     2004
 SAVEFILE
 -------------------------------------------
  Fatal in file: mod_savefile.F90 at line:     2004
 SAVEFILE
 -------------------------------------------
 Abort called by computing node           760 at 2025-08-11 21:20:28.726 +0200
 Execution terminated because of runtime error
 Abort called by computing node           171 at 2025-08-11 21:20:28.727 +0200
 Execution terminated because of runtime error
  Fatal in file: mod_savefile.F90 at line:     2004
 SAVEFILE
 -------------------------------------------
 Abort called by computing node           644 at 2025-08-11 21:20:28.729 +0200
 Execution terminated because of runtime error
  Fatal in file: mod_savefile.F90 at line:     2004
 SAVEFILE
 -------------------------------------------
 Abort called by computing node           764 at 2025-08-11 21:20:28.726 +0200
 Execution terminated because of runtime error
  Fatal in file: mod_savefile.F90 at line:     2004
 SAVEFILE
 -------------------------------------------
 Abort called by computing node           173 at 2025-08-11 21:20:28.728 +0200
 Execution terminated because of runtime error
 Abort called by computing node           647 at 2025-08-11 21:20:28.729 +0200
 Execution terminated because of runtime error
 Abort called by computing node           529 at 2025-08-11 21:20:28.728 +0200
 Execution terminated because of runtime error
 Abort called by computing node           767 at 2025-08-11 21:20:28.726 +0200
 Execution terminated because of runtime error
  Fatal in file: mod_savefile.F90 at line:     2004
 SAVEFILE
 -------------------------------------------
 Abort called by computing node           175 at 2025-08-11 21:20:28.728 +0200
 Execution terminated because of runtime error
 Abort called by computing node           649 at 2025-08-11 21:20:28.729 +0200
 Execution terminated because of runtime error
  Fatal in file: mod_savefile.F90 at line:     2004
 SAVEFILE
 -------------------------------------------
  Fatal in file: mod_savefile.F90 at line:     2004
 SAVEFILE
 -------------------------------------------
 Abort called by computing node           768 at 2025-08-11 21:20:28.726 +0200
 Execution terminated because of runtime error
 Abort called by computing node           176 at 2025-08-11 21:20:28.728 +0200
 Execution terminated because of runtime error
 Abort called by computing node           656 at 2025-08-11 21:20:28.728 +0200
 Execution terminated because of runtime error
  Fatal in file: mod_savefile.F90 at line:     2004
 SAVEFILE
 -------------------------------------------
 Abort called by computing node           771 at 2025-08-11 21:20:28.726 +0200
 Execution terminated because of runtime error
 Abort called by computing node           177 at 2025-08-11 21:20:28.727 +0200
 Execution terminated because of runtime error
  Fatal in file: mod_savefile.F90 at line:     2004
 SAVEFILE
 -------------------------------------------
 Abort called by computing node           487 at 2025-08-11 21:20:28.728 +0200
 Execution terminated because of runtime error
 Abort called by computing node           659 at 2025-08-11 21:20:28.728 +0200
 Execution terminated because of runtime error
 Abort called by computing node           533 at 2025-08-11 21:20:28.728 +0200
 Execution terminated because of runtime error
 Abort called by computing node           774 at 2025-08-11 21:20:28.726 +0200
 Execution terminated because of runtime error
  Fatal in file: mod_savefile.F90 at line:     2004
 SAVEFILE
 -------------------------------------------
 Abort called by computing node           178 at 2025-08-11 21:20:28.728 +0200
 Execution terminated because of runtime error
  Fatal in file: mod_savefile.F90 at line:     2004
 SAVEFILE
 -------------------------------------------
 Abort called by computing node           495 at 2025-08-11 21:20:28.728 +0200
 Execution terminated because of runtime error
 -------------- FATAL CALLED ---------------
  Fatal in file: mod_savefile.F90 at line:     2004
 SAVEFILE
 -------------------------------------------
 Abort called by computing node           662 at 2025-08-11 21:20:28.729 +0200
 Execution terminated because of runtime error
  Fatal in file: mod_savefile.F90 at line:     2004
 SAVEFILE
 -------------------------------------------
  Fatal in file: mod_savefile.F90 at line:     2004
 SAVEFILE
 -------------------------------------------
 Abort called by computing node           792 at 2025-08-11 21:20:28.726 +0200
 Execution terminated because of runtime error
  Fatal in file: mod_savefile.F90 at line:     2004
 SAVEFILE
 -------------------------------------------
 Abort called by computing node           180 at 2025-08-11 21:20:28.728 +0200
 Execution terminated because of runtime error
 Abort called by computing node           496 at 2025-08-11 21:20:28.728 +0200
 Execution terminated because of runtime error
 Abort called by computing node           664 at 2025-08-11 21:20:28.729 +0200
 Execution terminated because of runtime error
  Fatal in file: mod_savefile.F90 at line:     2004
 SAVEFILE
 -------------------------------------------
 Abort called by computing node           183 at 2025-08-11 21:20:28.728 +0200
 Execution terminated because of runtime error
  Fatal in file: mod_savefile.F90 at line:     2004
 SAVEFILE
 -------------------------------------------
 Abort called by computing node           498 at 2025-08-11 21:20:28.728 +0200
 Execution terminated because of runtime error
 Abort called by computing node           665 at 2025-08-11 21:20:28.728 +0200
 Execution terminated because of runtime error
 Abort called by computing node           537 at 2025-08-11 21:20:28.728 +0200
 Execution terminated because of runtime error
  Fatal in file: mod_savefile.F90 at line:     2004
 SAVEFILE
 -------------------------------------------
 Abort called by computing node           185 at 2025-08-11 21:20:28.728 +0200
 Execution terminated because of runtime error
 Abort called by computing node           668 at 2025-08-11 21:20:28.728 +0200
 Execution terminated because of runtime error
 Abort called by computing node            96 at 2025-08-11 21:20:28.733 +0200
 Execution terminated because of runtime error
  Fatal in file: mod_savefile.F90 at line:     2004
 SAVEFILE
 -------------------------------------------
  Fatal in file: mod_savefile.F90 at line:     2004
 SAVEFILE
 -------------------------------------------
 Abort called by computing node           187 at 2025-08-11 21:20:28.728 +0200
 Execution terminated because of runtime error
 Abort called by computing node           670 at 2025-08-11 21:20:28.729 +0200
 Execution terminated because of runtime error
  Fatal in file: mod_savefile.F90 at line:     2004
 SAVEFILE
 -------------------------------------------
 Abort called by computing node           188 at 2025-08-11 21:20:28.727 +0200
 Execution terminated because of runtime error
 Abort called by computing node           673 at 2025-08-11 21:20:28.729 +0200
 Execution terminated because of runtime error
  Fatal in file: mod_savefile.F90 at line:     2004
 SAVEFILE
 -------------------------------------------
  Fatal in file: mod_savefile.F90 at line:     2004
 SAVEFILE
 -------------------------------------------
 Abort called by computing node           192 at 2025-08-11 21:20:28.728 +0200
 Execution terminated because of runtime error
 Abort called by computing node           674 at 2025-08-11 21:20:28.729 +0200
 Execution terminated because of runtime error
  Fatal in file: mod_savefile.F90 at line:     2004
 SAVEFILE
 -------------------------------------------
 Abort called by computing node           553 at 2025-08-11 21:20:28.729 +0200
 Execution terminated because of runtime error
  Fatal in file: mod_savefile.F90 at line:     2004
 SAVEFILE
 -------------------------------------------
 Abort called by computing node           193 at 2025-08-11 21:20:28.728 +0200
 Execution terminated because of runtime error
 Abort called by computing node           676 at 2025-08-11 21:20:28.728 +0200
 Execution terminated because of runtime error
  Fatal in file: mod_savefile.F90 at line:     2004
 SAVEFILE
 -------------------------------------------
 Abort called by computing node            97 at 2025-08-11 21:20:28.734 +0200
 Execution terminated because of runtime error
  Fatal in file: mod_savefile.F90 at line:     2004
 SAVEFILE
 -------------------------------------------
 Abort called by computing node           558 at 2025-08-11 21:20:28.729 +0200
 Execution terminated because of runtime error
  Fatal in file: mod_savefile.F90 at line:     2004
 SAVEFILE
 -------------------------------------------
 Abort called by computing node           197 at 2025-08-11 21:20:28.728 +0200
 Execution terminated because of runtime error
 Abort called by computing node           679 at 2025-08-11 21:20:28.729 +0200
 Execution terminated because of runtime error
  Fatal in file: mod_savefile.F90 at line:     2004
 SAVEFILE
 -------------------------------------------
  Fatal in file: mod_savefile.F90 at line:     2004
 SAVEFILE
 -------------------------------------------
 Abort called by computing node           199 at 2025-08-11 21:20:28.728 +0200
 Execution terminated because of runtime error
 Abort called by computing node           680 at 2025-08-11 21:20:28.729 +0200
 Execution terminated because of runtime error
 -------------- FATAL CALLED ---------------
  Fatal in file: mod_savefile.F90 at line:     2004
 SAVEFILE
 -------------------------------------------
 Abort called by computing node           798 at 2025-08-11 21:20:28.727 +0200
 Execution terminated because of runtime error
 Abort called by computing node           100 at 2025-08-11 21:20:28.728 +0200
 Execution terminated because of runtime error
 Abort called by computing node           683 at 2025-08-11 21:20:28.728 +0200
 Execution terminated because of runtime error
  Fatal in file: mod_savefile.F90 at line:     2004
 SAVEFILE
 -------------------------------------------
 Abort called by computing node           103 at 2025-08-11 21:20:28.728 +0200
 Execution terminated because of runtime error
 Execution terminated because of runtime error
  Fatal in file: mod_savefile.F90 at line:     2004
 SAVEFILE
 -------------------------------------------
 Abort called by computing node           575 at 2025-08-11 21:20:28.729 +0200
 Execution terminated because of runtime error
 Abort called by computing node           108 at 2025-08-11 21:20:28.728 +0200
 Execution terminated because of runtime error
 Abort called by computing node           685 at 2025-08-11 21:20:28.728 +0200
 Execution terminated because of runtime error
  Fatal in file: mod_savefile.F90 at line:     2004
 SAVEFILE
 -------------------------------------------
 Abort called by computing node           576 at 2025-08-11 21:20:28.729 +0200
 Execution terminated because of runtime error
 Abort called by computing node           119 at 2025-08-11 21:20:28.728 +0200
 Execution terminated because of runtime error
 Abort called by computing node           688 at 2025-08-11 21:20:28.728 +0200
 Execution terminated because of runtime error
 NetCDF: One or more variable sizes violate format constraints                   
 -------------- FATAL CALLED ---------------
  Fatal in file: mod_savefile.F90 at line:     2004
 SAVEFILE
 -------------------------------------------
 Abort called by computing node           124 at 2025-08-11 21:20:28.728 +0200
 Execution terminated because of runtime error
 Abort called by computing node           690 at 2025-08-11 21:20:28.728 +0200
 Execution terminated because of runtime error
 Abort called by computing node           169 at 2025-08-11 21:20:28.728 +0200
 Execution terminated because of runtime error
 Abort called by computing node           694 at 2025-08-11 21:20:28.728 +0200
 Execution terminated because of runtime error
 Abort called by computing node           191 at 2025-08-11 21:20:28.728 +0200
 Execution terminated because of runtime error
 Abort called by computing node           695 at 2025-08-11 21:20:28.729 +0200
 Execution terminated because of runtime error
 Abort called by computing node           597 at 2025-08-11 21:20:28.728 +0200
 Execution terminated because of runtime error
 -------------- FATAL CALLED ---------------
  Fatal in file: mod_savefile.F90 at line:     2004
 SAVEFILE
 -------------------------------------------
 Abort called by computing node           599 at 2025-08-11 21:20:28.729 +0200
 Execution terminated because of runtime error
 Abort called by computing node           696 at 2025-08-11 21:20:28.728 +0200
 Execution terminated because of runtime error
 Abort called by computing node           503 at 2025-08-11 21:20:28.728 +0200
 Execution terminated because of runtime error
 Abort called by computing node           506 at 2025-08-11 21:20:28.728 +0200
 Execution terminated because of runtime error
 Abort called by computing node           508 at 2025-08-11 21:20:28.729 +0200
 Execution terminated because of runtime error
 Abort called by computing node           515 at 2025-08-11 21:20:28.728 +0200
 Execution terminated because of runtime error
 Abort called by computing node            67 at 2025-08-11 21:20:28.733 +0200
 Execution terminated because of runtime error
 Abort called by computing node           523 at 2025-08-11 21:20:28.728 +0200
 Execution terminated because of runtime error
 Abort called by computing node           525 at 2025-08-11 21:20:28.728 +0200
 Execution terminated because of runtime error
 -------------- FATAL CALLED ---------------
  Fatal in file: mod_savefile.F90 at line:     2004
 SAVEFILE
 -------------------------------------------
  Fatal in file: mod_savefile.F90 at line:     2004
 SAVEFILE
 -------------------------------------------
 Abort called by computing node           540 at 2025-08-11 21:20:28.729 +0200
 Execution terminated because of runtime error
  Fatal in file: mod_savefile.F90 at line:     2004
 SAVEFILE
 -------------------------------------------
 Abort called by computing node            70 at 2025-08-11 21:20:28.734 +0200
 Execution terminated because of runtime error
  Fatal in file: mod_savefile.F90 at line:     2004
 SAVEFILE
 -------------------------------------------
 Abort called by computing node            81 at 2025-08-11 21:20:28.734 +0200
 Execution terminated because of runtime error
  Fatal in file: mod_savefile.F90 at line:     2004
 SAVEFILE
 -------------------------------------------
 Abort called by computing node           551 at 2025-08-11 21:20:28.729 +0200
 Execution terminated because of runtime error
 -------------- FATAL CALLED ---------------
 Abort called by computing node           555 at 2025-08-11 21:20:28.728 +0200
 Execution terminated because of runtime error
 Abort called by computing node           556 at 2025-08-11 21:20:28.728 +0200
 Execution terminated because of runtime error
 NetCDF: One or more variable sizes violate format constraints                   
 -------------- FATAL CALLED ---------------
  Fatal in file: mod_savefile.F90 at line:     2004
 SAVEFILE
 -------------------------------------------
  Fatal in file: mod_savefile.F90 at line:     2004
 SAVEFILE
 -------------------------------------------
 Abort called by computing node           560 at 2025-08-11 21:20:28.729 +0200
 Execution terminated because of runtime error
 Abort called by computing node             7 at 2025-08-11 21:20:28.734 +0200
 Execution terminated because of runtime error
  Fatal in file: mod_savefile.F90 at line:     2004
 SAVEFILE
 -------------------------------------------
 Abort called by computing node           562 at 2025-08-11 21:20:28.729 +0200
 Execution terminated because of runtime error
 Abort called by computing node           564 at 2025-08-11 21:20:28.728 +0200
 Execution terminated because of runtime error
  Fatal in file: mod_savefile.F90 at line:     2004
 SAVEFILE
 -------------------------------------------
  Fatal in file: mod_savefile.F90 at line:     2004
 SAVEFILE
 -------------------------------------------
 Abort called by computing node           565 at 2025-08-11 21:20:28.729 +0200
 Execution terminated because of runtime error
  Fatal in file: mod_savefile.F90 at line:     2004
 SAVEFILE
 -------------------------------------------
  Fatal in file: mod_savefile.F90 at line:     2004
 SAVEFILE
 -------------------------------------------
 Abort called by computing node           569 at 2025-08-11 21:20:28.729 +0200
 Execution terminated because of runtime error
 Abort called by computing node            69 at 2025-08-11 21:20:28.734 +0200
 Execution terminated because of runtime error
  Fatal in file: mod_savefile.F90 at line:     2004
 SAVEFILE
 -------------------------------------------
 Abort called by computing node           581 at 2025-08-11 21:20:28.729 +0200
 Execution terminated because of runtime error
  Fatal in file: mod_savefile.F90 at line:     2004
 SAVEFILE
 -------------------------------------------
 NetCDF: One or more variable sizes violate format constraints                   
 -------------- FATAL CALLED ---------------
  Fatal in file: mod_savefile.F90 at line:     2004
 SAVEFILE
 -------------------------------------------
 Abort called by computing node           584 at 2025-08-11 21:20:28.729 +0200
 Execution terminated because of runtime error
 Cannot enable savefile output//EURR-3_SAV.2009100500.nc
 Abort called by computing node           586 at 2025-08-11 21:20:28.728 +0200
 Execution terminated because of runtime error
 Abort called by computing node            82 at 2025-08-11 21:20:28.734 +0200
 Execution terminated because of runtime error
  Fatal in file: mod_savefile.F90 at line:     2004
 SAVEFILE
 -------------------------------------------
 Abort called by computing node           595 at 2025-08-11 21:20:28.729 +0200
 Execution terminated because of runtime error
 Abort called by computing node            27 at 2025-08-11 21:20:28.734 +0200
 Execution terminated because of runtime error
 Abort called by computing node           500 at 2025-08-11 21:20:28.728 +0200
 Execution terminated because of runtime error
 Abort called by computing node           509 at 2025-08-11 21:20:28.728 +0200
 Execution terminated because of runtime error
  Fatal in file: mod_savefile.F90 at line:     2004
 SAVEFILE
 -------------------------------------------
 Abort called by computing node           511 at 2025-08-11 21:20:28.728 +0200
 Execution terminated because of runtime error
 Abort called by computing node           514 at 2025-08-11 21:20:28.728 +0200
 Execution terminated because of runtime error
 NetCDF: One or more variable sizes violate format constraints                   
 -------------- FATAL CALLED ---------------
 Abort called by computing node           517 at 2025-08-11 21:20:28.729 +0200
 Execution terminated because of runtime error
 Abort called by computing node            92 at 2025-08-11 21:20:28.734 +0200
 Execution terminated because of runtime error
 Abort called by computing node           520 at 2025-08-11 21:20:28.728 +0200
 Execution terminated because of runtime error
 Cannot enable savefile output//EURR-3_SAV.2009100500.nc
 Abort called by computing node           521 at 2025-08-11 21:20:28.728 +0200
 Execution terminated because of runtime error
 Abort called by computing node           539 at 2025-08-11 21:20:28.728 +0200
 Execution terminated because of runtime error
 Abort called by computing node            52 at 2025-08-11 21:20:28.734 +0200
 Execution terminated because of runtime error
 Abort called by computing node           543 at 2025-08-11 21:20:28.728 +0200
 Execution terminated because of runtime error
 Abort called by computing node           546 at 2025-08-11 21:20:28.729 +0200
 Execution terminated because of runtime error
 Cannot enable savefile output//EURR-3_SAV.2009100500.nc
 Abort called by computing node           548 at 2025-08-11 21:20:28.728 +0200
 Execution terminated because of runtime error
 Abort called by computing node            74 at 2025-08-11 21:20:28.734 +0200
 Execution terminated because of runtime error
 Abort called by computing node           554 at 2025-08-11 21:20:28.729 +0200
 Execution terminated because of runtime error
 Abort called by computing node           557 at 2025-08-11 21:20:28.728 +0200
 Execution terminated because of runtime error
  Fatal in file: mod_savefile.F90 at line:     2004
 SAVEFILE
 -------------------------------------------
 Abort called by computing node           563 at 2025-08-11 21:20:28.728 +0200
 Execution terminated because of runtime error
 Abort called by computing node            44 at 2025-08-11 21:20:28.734 +0200
 Execution terminated because of runtime error
 Abort called by computing node           566 at 2025-08-11 21:20:28.728 +0200
 Execution terminated because of runtime error
 Abort called by computing node           571 at 2025-08-11 21:20:28.728 +0200
 Execution terminated because of runtime error
 Cannot enable savefile output//EURR-3_SAV.2009100500.nc
 Abort called by computing node           573 at 2025-08-11 21:20:28.728 +0200
 Execution terminated because of runtime error
 Cannot enable savefile output//EURR-3_SAV.2009100500.nc
 Abort called by computing node           574 at 2025-08-11 21:20:28.728 +0200
 Execution terminated because of runtime error
 Abort called by computing node           578 at 2025-08-11 21:20:28.728 +0200
 Execution terminated because of runtime error
 Abort called by computing node            73 at 2025-08-11 21:20:28.734 +0200
 Execution terminated because of runtime error
 Abort called by computing node           579 at 2025-08-11 21:20:28.728 +0200
 Execution terminated because of runtime error
  Fatal in file: mod_savefile.F90 at line:     2004
 SAVEFILE
 -------------------------------------------
 Abort called by computing node           582 at 2025-08-11 21:20:28.728 +0200
 Execution terminated because of runtime error
  Fatal in file: mod_savefile.F90 at line:     2004
 SAVEFILE
 -------------------------------------------
 mod_savefile.F90 :     2004:             1
 Abort called by computing node           588 at 2025-08-11 21:20:28.728 +0200
 Execution terminated because of runtime error
 Abort called by computing node           589 at 2025-08-11 21:20:28.729 +0200
 Execution terminated because of runtime error
 Cannot enable savefile output//EURR-3_SAV.2009100500.nc
 Abort called by computing node           594 at 2025-08-11 21:20:28.728 +0200
 Execution terminated because of runtime error
 NetCDF: One or more variable sizes violate format constraints                   
 -------------- FATAL CALLED ---------------
 Abort called by computing node           596 at 2025-08-11 21:20:28.728 +0200
 Execution terminated because of runtime error
 Abort called by computing node            77 at 2025-08-11 21:20:28.734 +0200
 Execution terminated because of runtime error
 Abort called by computing node           598 at 2025-08-11 21:20:28.728 +0200
 Execution terminated because of runtime error
 Abort called by computing node            87 at 2025-08-11 21:20:28.734 +0200
 Execution terminated because of runtime error
 Abort called by computing node           501 at 2025-08-11 21:20:28.729 +0200
 Execution terminated because of runtime error
 Abort called by computing node             9 at 2025-08-11 21:20:28.734 +0200
 Execution terminated because of runtime error
 Abort called by computing node           502 at 2025-08-11 21:20:28.729 +0200
 Execution terminated because of runtime error
 Cannot enable savefile output//EURR-3_SAV.2009100500.nc
  Fatal in file: mod_savefile.F90 at line:     2004
 SAVEFILE
 -------------------------------------------
 Abort called by computing node           504 at 2025-08-11 21:20:28.729 +0200
 Execution terminated because of runtime error
 NetCDF: One or more variable sizes violate format constraints                   
 -------------- FATAL CALLED ---------------
 Abort called by computing node           507 at 2025-08-11 21:20:28.728 +0200
 Execution terminated because of runtime error
 NetCDF: One or more variable sizes violate format constraints                   
 -------------- FATAL CALLED ---------------
 Abort called by computing node           513 at 2025-08-11 21:20:28.728 +0200
 Execution terminated because of runtime error
 NetCDF: One or more variable sizes violate format constraints                   
 Abort called by computing node           519 at 2025-08-11 21:20:28.728 +0200
 Execution terminated because of runtime error
 Abort called by computing node             0 at 2025-08-11 21:20:28.734 +0200
 Execution terminated because of runtime error
 Abort called by computing node           524 at 2025-08-11 21:20:28.728 +0200
 Execution terminated because of runtime error
 Abort called by computing node           526 at 2025-08-11 21:20:28.729 +0200
 Execution terminated because of runtime error
 NetCDF: One or more variable sizes violate format constraints                   
 Abort called by computing node           530 at 2025-08-11 21:20:28.729 +0200
 Execution terminated because of runtime error
 -------------- FATAL CALLED ---------------
 Abort called by computing node           531 at 2025-08-11 21:20:28.729 +0200
 Execution terminated because of runtime error
 Cannot enable savefile output//EURR-3_SAV.2009100500.nc
 Abort called by computing node           534 at 2025-08-11 21:20:28.728 +0200
 Execution terminated because of runtime error
 Cannot enable savefile output//EURR-3_SAV.2009100500.nc
 Abort called by computing node           535 at 2025-08-11 21:20:28.729 +0200
 Execution terminated because of runtime error
 -------------- FATAL CALLED ---------------
 Abort called by computing node           536 at 2025-08-11 21:20:28.728 +0200
 Execution terminated because of runtime error
  Fatal in file: mod_savefile.F90 at line:     2004
 SAVEFILE
 -------------------------------------------
 Abort called by computing node           538 at 2025-08-11 21:20:28.728 +0200
 Execution terminated because of runtime error
 Abort called by computing node           541 at 2025-08-11 21:20:28.729 +0200
 Execution terminated because of runtime error
 NetCDF: One or more variable sizes violate format constraints                   
 -------------- FATAL CALLED ---------------
 Abort called by computing node           542 at 2025-08-11 21:20:28.729 +0200
 Execution terminated because of runtime error
  Fatal in file: mod_savefile.F90 at line:     2004
 SAVEFILE
 -------------------------------------------
 Abort called by computing node           544 at 2025-08-11 21:20:28.728 +0200
 Execution terminated because of runtime error
 Abort called by computing node           545 at 2025-08-11 21:20:28.728 +0200
 Execution terminated because of runtime error
 Cannot enable savefile output//EURR-3_SAV.2009100500.nc
 Abort called by computing node           547 at 2025-08-11 21:20:28.728 +0200
 Execution terminated because of runtime error
  Fatal in file: mod_savefile.F90 at line:     2004
 SAVEFILE
 -------------------------------------------
 Abort called by computing node            58 at 2025-08-11 21:20:28.734 +0200
 Execution terminated because of runtime error
 Abort called by computing node           549 at 2025-08-11 21:20:28.729 +0200
 Execution terminated because of runtime error
 Abort called by computing node           550 at 2025-08-11 21:20:28.728 +0200
 Execution terminated because of runtime error
 Cannot enable savefile output//EURR-3_SAV.2009100500.nc
 Abort called by computing node           552 at 2025-08-11 21:20:28.729 +0200
 Execution terminated because of runtime error
 Abort called by computing node            18 at 2025-08-11 21:20:28.734 +0200
 Execution terminated because of runtime error
 Abort called by computing node           559 at 2025-08-11 21:20:28.728 +0200
 Execution terminated because of runtime error
  Fatal in file: mod_savefile.F90 at line:     2004
 SAVEFILE
 -------------------------------------------
 Abort called by computing node           561 at 2025-08-11 21:20:28.729 +0200
 Execution terminated because of runtime error
 Abort called by computing node           567 at 2025-08-11 21:20:28.729 +0200
 Execution terminated because of runtime error
 NetCDF: One or more variable sizes violate format constraints                   
 Abort called by computing node           572 at 2025-08-11 21:20:28.729 +0200
 Execution terminated because of runtime error
 NetCDF: One or more variable sizes violate format constraints                   
 -------------- FATAL CALLED ---------------
 Abort called by computing node           577 at 2025-08-11 21:20:28.729 +0200
 Execution terminated because of runtime error
 Cannot enable savefile output//EURR-3_SAV.2009100500.nc
 Abort called by computing node           583 at 2025-08-11 21:20:28.729 +0200
 Execution terminated because of runtime error
  Fatal in file: mod_savefile.F90 at line:     2004
 SAVEFILE
 -------------------------------------------
 Abort called by computing node           591 at 2025-08-11 21:20:28.728 +0200
 Execution terminated because of runtime error
 Abort called by computing node            55 at 2025-08-11 21:20:28.734 +0200
 Execution terminated because of runtime error
 NetCDF: One or more variable sizes violate format constraints                   
 -------------- FATAL CALLED ---------------
 Abort called by computing node            63 at 2025-08-11 21:20:28.735 +0200
 Execution terminated because of runtime error
 -------------- FATAL CALLED ---------------
 Cannot enable savefile output//EURR-3_SAV.2009100500.nc
 Cannot enable savefile output//EURR-3_SAV.2009100500.nc
  Fatal in file: mod_savefile.F90 at line:     2004
 SAVEFILE
 -------------------------------------------
 NetCDF: One or more variable sizes violate format constraints                   
 -------------- FATAL CALLED ---------------
 Cannot enable savefile output//EURR-3_SAV.2009100500.nc
 Abort called by computing node            30 at 2025-08-11 21:20:28.735 +0200
 Execution terminated because of runtime error
  Fatal in file: mod_savefile.F90 at line:     2004
 SAVEFILE
 -------------------------------------------
  Fatal in file: mod_savefile.F90 at line:     2004
 SAVEFILE
 -------------------------------------------
 NetCDF: One or more variable sizes violate format constraints                   
 -------------- FATAL CALLED ---------------
 NetCDF: One or more variable sizes violate format constraints                   
 Abort called by computing node             6 at 2025-08-11 21:20:28.735 +0200
 Execution terminated because of runtime error
  Fatal in file: mod_savefile.F90 at line:     2004
 SAVEFILE
 -------------------------------------------
 Cannot enable savefile output//EURR-3_SAV.2009100500.nc
 Abort called by computing node            47 at 2025-08-11 21:20:28.735 +0200
 Execution terminated because of runtime error
  Fatal in file: mod_savefile.F90 at line:     2004
 SAVEFILE
 -------------------------------------------
 Abort called by computing node            78 at 2025-08-11 21:20:28.735 +0200
 Execution terminated because of runtime error
  Fatal in file: mod_savefile.F90 at line:     2004
 SAVEFILE
 -------------------------------------------
 Abort called by computing node            84 at 2025-08-11 21:20:28.735 +0200
 Execution terminated because of runtime error
  Fatal in file: mod_savefile.F90 at line:     2004
 SAVEFILE
 -------------------------------------------
 NetCDF: One or more variable sizes violate format constraints                   
 -------------- FATAL CALLED ---------------
 -------------- FATAL CALLED ---------------
 Abort called by computing node            16 at 2025-08-11 21:20:28.735 +0200
 Execution terminated because of runtime error
 NetCDF: One or more variable sizes violate format constraints                   
 -------------- FATAL CALLED ---------------
 Cannot enable savefile output//EURR-3_SAV.2009100500.nc
 Abort called by computing node            57 at 2025-08-11 21:20:28.735 +0200
 Execution terminated because of runtime error
  Fatal in file: mod_savefile.F90 at line:     2004
 SAVEFILE
 -------------------------------------------
  Fatal in file: mod_savefile.F90 at line:     2004
 SAVEFILE
 -------------------------------------------
 NetCDF: One or more variable sizes violate format constraints                   
 -------------- FATAL CALLED ---------------
 Cannot enable savefile output//EURR-3_SAV.2009100500.nc
  Fatal in file: mod_savefile.F90 at line:     2004
 SAVEFILE
 -------------------------------------------
 NetCDF: One or more variable sizes violate format constraints                   
 Cannot enable savefile output//EURR-3_SAV.2009100500.nc
 Cannot enable savefile output//EURR-3_SAV.2009100500.nc
 Abort called by computing node            85 at 2025-08-11 21:20:28.735 +0200
 Execution terminated because of runtime error
 Cannot enable savefile output//EURR-3_SAV.2009100500.nc
 Abort called by computing node             5 at 2025-08-11 21:20:28.735 +0200
 Execution terminated because of runtime error
 -------------- FATAL CALLED ---------------
 NetCDF: One or more variable sizes violate format constraints                   
 Cannot enable savefile output//EURR-3_SAV.2009100500.nc
 Abort called by computing node            98 at 2025-08-11 21:20:28.735 +0200
 Execution terminated because of runtime error
 Cannot enable savefile output//EURR-3_SAV.2009100500.nc
  Fatal in file: mod_savefile.F90 at line:     2004
 SAVEFILE
 -------------------------------------------
 NetCDF: One or more variable sizes violate format constraints                   
 -------------- FATAL CALLED ---------------
 Abort called by computing node            28 at 2025-08-11 21:20:28.735 +0200
 Execution terminated because of runtime error
 Cannot enable savefile output//EURR-3_SAV.2009100500.nc
 -------------- FATAL CALLED ---------------
 Abort called by computing node            17 at 2025-08-11 21:20:28.735 +0200
 Execution terminated because of runtime error
  Fatal in file: mod_savefile.F90 at line:     2004
 SAVEFILE
 -------------------------------------------
 NetCDF: One or more variable sizes violate format constraints                   
 -------------- FATAL CALLED ---------------
 Cannot enable savefile output//EURR-3_SAV.2009100500.nc
  Fatal in file: mod_savefile.F90 at line:     2004
 SAVEFILE
 -------------------------------------------
 Cannot enable savefile output//EURR-3_SAV.2009100500.nc
 NetCDF: One or more variable sizes violate format constraints                   
 -------------- FATAL CALLED ---------------
  Fatal in file: mod_savefile.F90 at line:     2004
 SAVEFILE
 -------------------------------------------
 Abort called by computing node            31 at 2025-08-11 21:20:28.735 +0200
 Execution terminated because of runtime error
  Fatal in file: mod_savefile.F90 at line:     2004
 SAVEFILE
 -------------------------------------------
 Cannot enable savefile output//EURR-3_SAV.2009100500.nc
 NetCDF: One or more variable sizes violate format constraints                   
 -------------- FATAL CALLED ---------------
  Fatal in file: mod_savefile.F90 at line:     2004
 SAVEFILE
 -------------------------------------------
 Cannot enable savefile output//EURR-3_SAV.2009100500.nc
 NetCDF: One or more variable sizes violate format constraints                   
 -------------- FATAL CALLED ---------------
  Fatal in file: mod_savefile.F90 at line:     2004
 SAVEFILE
 -------------------------------------------
 NetCDF: One or more variable sizes violate format constraints                   
 -------------- FATAL CALLED ---------------
 Cannot enable savefile output//EURR-3_SAV.2009100500.nc
 Cannot enable savefile output//EURR-3_SAV.2009100500.nc
 Abort called by computing node            25 at 2025-08-11 21:20:28.735 +0200
 Execution terminated because of runtime error
 Cannot enable savefile output//EURR-3_SAV.2009100500.nc
 Cannot enable savefile output//EURR-3_SAV.2009100500.nc
 NetCDF: One or more variable sizes violate format constraints                   
 -------------- FATAL CALLED ---------------
 Cannot enable savefile output//EURR-3_SAV.2009100500.nc
 Abort called by computing node            75 at 2025-08-11 21:20:28.735 +0200
 Execution terminated because of runtime error
 NetCDF: One or more variable sizes violate format constraints                   
 -------------- FATAL CALLED ---------------
  Fatal in file: mod_savefile.F90 at line:     2004
 SAVEFILE
 -------------------------------------------
 Abort called by computing node            91 at 2025-08-11 21:20:28.735 +0200
 Execution terminated because of runtime error
 NetCDF: One or more variable sizes violate format constraints                   
 -------------- FATAL CALLED ---------------
  Fatal in file: mod_savefile.F90 at line:     2004
 SAVEFILE
 -------------------------------------------
  Fatal in file: mod_savefile.F90 at line:     2004
 SAVEFILE
 -------------------------------------------
 Abort called by computing node             3 at 2025-08-11 21:20:28.735 +0200
 Execution terminated because of runtime error
 Cannot enable savefile output//EURR-3_SAV.2009100500.nc
 Abort called by computing node            33 at 2025-08-11 21:20:28.735 +0200
 Execution terminated because of runtime error
 NetCDF: One or more variable sizes violate format constraints                   
 -------------- FATAL CALLED ---------------
  Fatal in file: mod_savefile.F90 at line:     2004
 SAVEFILE
 -------------------------------------------
  Fatal in file: mod_savefile.F90 at line:     2004
 SAVEFILE
 -------------------------------------------
 Abort called by computing node            61 at 2025-08-11 21:20:28.735 +0200
 Execution terminated because of runtime error
  Fatal in file: mod_savefile.F90 at line:     2004
 SAVEFILE
 -------------------------------------------
 Abort called by computing node            68 at 2025-08-11 21:20:28.735 +0200
 Execution terminated because of runtime error
 Abort called by computing node            90 at 2025-08-11 21:20:28.735 +0200
 Execution terminated because of runtime error
 Abort called by computing node            94 at 2025-08-11 21:20:28.735 +0200
 Execution terminated because of runtime error
 NetCDF: One or more variable sizes violate format constraints                   
 -------------- FATAL CALLED ---------------
  Fatal in file: mod_savefile.F90 at line:     2004
 SAVEFILE
 -------------------------------------------
 Abort called by computing node            53 at 2025-08-11 21:20:28.735 +0200
 Execution terminated because of runtime error
 Abort called by computing node            93 at 2025-08-11 21:20:28.735 +0200
 Execution terminated because of runtime error
 NetCDF: One or more variable sizes violate format constraints                   
 -------------- FATAL CALLED ---------------
  Fatal in file: mod_savefile.F90 at line:     2004
 SAVEFILE
 -------------------------------------------
 Abort called by computing node            29 at 2025-08-11 21:20:28.735 +0200
 Execution terminated because of runtime error
 NetCDF: One or more variable sizes violate format constraints                   
 -------------- FATAL CALLED ---------------
  Fatal in file: mod_savefile.F90 at line:     2004
 SAVEFILE
 NetCDF: One or more variable sizes violate format constraints                   
 -------------- FATAL CALLED ---------------
 Abort called by computing node            19 at 2025-08-11 21:20:28.735 +0200
 Execution terminated because of runtime error
 NetCDF: One or more variable sizes violate format constraints                   
 -------------- FATAL CALLED ---------------
  Fatal in file: mod_savefile.F90 at line:     2004
 SAVEFILE
 -------------------------------------------
 -------------------------------------------
 Abort called by computing node            64 at 2025-08-11 21:20:28.735 +0200
 Execution terminated because of runtime error
 NetCDF: One or more variable sizes violate format constraints                   
 -------------- FATAL CALLED ---------------
  Fatal in file: mod_savefile.F90 at line:     2004
 SAVEFILE
 -------------------------------------------
  Fatal in file: mod_savefile.F90 at line:     2004
 SAVEFILE
 -------------------------------------------
 Abort called by computing node            21 at 2025-08-11 21:20:28.735 +0200
 Execution terminated because of runtime error
 Abort called by computing node            12 at 2025-08-11 21:20:28.735 +0200
 Execution terminated because of runtime error
 Abort called by computing node            71 at 2025-08-11 21:20:28.735 +0200
 Execution terminated because of runtime error
--------------------------------------------------------------------------
MPI_ABORT was invoked on rank 39 in communicator MPI COMMUNICATOR 3 DUP FROM 0
with errorcode 1.

NOTE: invoking MPI_ABORT causes Open MPI to kill all MPI processes.
You may or may not see output from other processes, depending on
exactly when Open MPI kills them.
--------------------------------------------------------------------------
--------------------------------------------------------------------------
MPI_ABORT was invoked on rank 54 in communicator MPI COMMUNICATOR 3 DUP FROM 0
with errorcode 1.

NOTE: invoking MPI_ABORT causes Open MPI to kill all MPI processes.
You may or may not see output from other processes, depending on
exactly when Open MPI kills them.
--------------------------------------------------------------------------
--------------------------------------------------------------------------
MPI_ABORT was invoked on rank 69 in communicator MPI COMMUNICATOR 3 DUP FROM 0
with errorcode 1.

NOTE: invoking MPI_ABORT causes Open MPI to kill all MPI processes.
You may or may not see output from other processes, depending on
exactly when Open MPI kills them.
--------------------------------------------------------------------------
--------------------------------------------------------------------------
MPI_ABORT was invoked on rank 85 in communicator MPI COMMUNICATOR 3 DUP FROM 0
with errorcode 1.

NOTE: invoking MPI_ABORT causes Open MPI to kill all MPI processes.
You may or may not see output from other processes, depending on
exactly when Open MPI kills them.
--------------------------------------------------------------------------
--------------------------------------------------------------------------
MPI_ABORT was invoked on rank 64 in communicator MPI COMMUNICATOR 3 DUP FROM 0
with errorcode 1.

NOTE: invoking MPI_ABORT causes Open MPI to kill all MPI processes.
You may or may not see output from other processes, depending on
exactly when Open MPI kills them.
--------------------------------------------------------------------------
--------------------------------------------------------------------------
MPI_ABORT was invoked on rank 89 in communicator MPI COMMUNICATOR 3 DUP FROM 0
with errorcode 1.

NOTE: invoking MPI_ABORT causes Open MPI to kill all MPI processes.
You may or may not see output from other processes, depending on
exactly when Open MPI kills them.
--------------------------------------------------------------------------
--------------------------------------------------------------------------
MPI_ABORT was invoked on rank 10 in communicator MPI COMMUNICATOR 3 DUP FROM 0
with errorcode 1.

NOTE: invoking MPI_ABORT causes Open MPI to kill all MPI processes.
You may or may not see output from other processes, depending on
exactly when Open MPI kills them.
--------------------------------------------------------------------------
--------------------------------------------------------------------------
MPI_ABORT was invoked on rank 15 in communicator MPI COMMUNICATOR 3 DUP FROM 0
with errorcode 1.

NOTE: invoking MPI_ABORT causes Open MPI to kill all MPI processes.
You may or may not see output from other processes, depending on
exactly when Open MPI kills them.
--------------------------------------------------------------------------
--------------------------------------------------------------------------
MPI_ABORT was invoked on rank 21 in communicator MPI COMMUNICATOR 3 DUP FROM 0
with errorcode 1.

NOTE: invoking MPI_ABORT causes Open MPI to kill all MPI processes.
You may or may not see output from other processes, depending on
exactly when Open MPI kills them.
--------------------------------------------------------------------------
--------------------------------------------------------------------------
MPI_ABORT was invoked on rank 96 in communicator MPI COMMUNICATOR 3 DUP FROM 0
with errorcode 1.

NOTE: invoking MPI_ABORT causes Open MPI to kill all MPI processes.
You may or may not see output from other processes, depending on
exactly when Open MPI kills them.
--------------------------------------------------------------------------
--------------------------------------------------------------------------
MPI_ABORT was invoked on rank 82 in communicator MPI COMMUNICATOR 3 DUP FROM 0
with errorcode 1.

NOTE: invoking MPI_ABORT causes Open MPI to kill all MPI processes.
You may or may not see output from other processes, depending on
exactly when Open MPI kills them.
--------------------------------------------------------------------------
--------------------------------------------------------------------------
MPI_ABORT was invoked on rank 14 in communicator MPI COMMUNICATOR 3 DUP FROM 0
with errorcode 1.

NOTE: invoking MPI_ABORT causes Open MPI to kill all MPI processes.
You may or may not see output from other processes, depending on
exactly when Open MPI kills them.
--------------------------------------------------------------------------
--------------------------------------------------------------------------
MPI_ABORT was invoked on rank 74 in communicator MPI COMMUNICATOR 3 DUP FROM 0
with errorcode 1.

NOTE: invoking MPI_ABORT causes Open MPI to kill all MPI processes.
You may or may not see output from other processes, depending on
exactly when Open MPI kills them.
--------------------------------------------------------------------------
--------------------------------------------------------------------------
MPI_ABORT was invoked on rank 56 in communicator MPI COMMUNICATOR 3 DUP FROM 0
with errorcode 1.

NOTE: invoking MPI_ABORT causes Open MPI to kill all MPI processes.
You may or may not see output from other processes, depending on
exactly when Open MPI kills them.
--------------------------------------------------------------------------
--------------------------------------------------------------------------
MPI_ABORT was invoked on rank 8 in communicator MPI COMMUNICATOR 3 DUP FROM 0
with errorcode 1.

NOTE: invoking MPI_ABORT causes Open MPI to kill all MPI processes.
You may or may not see output from other processes, depending on
exactly when Open MPI kills them.
--------------------------------------------------------------------------
--------------------------------------------------------------------------
MPI_ABORT was invoked on rank 45 in communicator MPI COMMUNICATOR 3 DUP FROM 0
with errorcode 1.

NOTE: invoking MPI_ABORT causes Open MPI to kill all MPI processes.
You may or may not see output from other processes, depending on
exactly when Open MPI kills them.
--------------------------------------------------------------------------
--------------------------------------------------------------------------
MPI_ABORT was invoked on rank 53 in communicator MPI COMMUNICATOR 3 DUP FROM 0
with errorcode 1.

NOTE: invoking MPI_ABORT causes Open MPI to kill all MPI processes.
You may or may not see output from other processes, depending on
exactly when Open MPI kills them.
--------------------------------------------------------------------------
--------------------------------------------------------------------------
MPI_ABORT was invoked on rank 81 in communicator MPI COMMUNICATOR 3 DUP FROM 0
with errorcode 1.

NOTE: invoking MPI_ABORT causes Open MPI to kill all MPI processes.
You may or may not see output from other processes, depending on
exactly when Open MPI kills them.
--------------------------------------------------------------------------
--------------------------------------------------------------------------
MPI_ABORT was invoked on rank 98 in communicator MPI COMMUNICATOR 3 DUP FROM 0
with errorcode 1.

NOTE: invoking MPI_ABORT causes Open MPI to kill all MPI processes.
You may or may not see output from other processes, depending on
exactly when Open MPI kills them.
--------------------------------------------------------------------------
--------------------------------------------------------------------------
MPI_ABORT was invoked on rank 73 in communicator MPI COMMUNICATOR 3 DUP FROM 0
with errorcode 1.

NOTE: invoking MPI_ABORT causes Open MPI to kill all MPI processes.
You may or may not see output from other processes, depending on
exactly when Open MPI kills them.
--------------------------------------------------------------------------
--------------------------------------------------------------------------
MPI_ABORT was invoked on rank 77 in communicator MPI COMMUNICATOR 3 DUP FROM 0
with errorcode 1.

NOTE: invoking MPI_ABORT causes Open MPI to kill all MPI processes.
You may or may not see output from other processes, depending on
exactly when Open MPI kills them.
--------------------------------------------------------------------------
--------------------------------------------------------------------------
MPI_ABORT was invoked on rank 79 in communicator MPI COMMUNICATOR 3 DUP FROM 0
with errorcode 1.

NOTE: invoking MPI_ABORT causes Open MPI to kill all MPI processes.
You may or may not see output from other processes, depending on
exactly when Open MPI kills them.
--------------------------------------------------------------------------
--------------------------------------------------------------------------
MPI_ABORT was invoked on rank 17 in communicator MPI COMMUNICATOR 3 DUP FROM 0
with errorcode 1.

NOTE: invoking MPI_ABORT causes Open MPI to kill all MPI processes.
You may or may not see output from other processes, depending on
exactly when Open MPI kills them.
--------------------------------------------------------------------------
--------------------------------------------------------------------------
MPI_ABORT was invoked on rank 59 in communicator MPI COMMUNICATOR 3 DUP FROM 0
with errorcode 1.

NOTE: invoking MPI_ABORT causes Open MPI to kill all MPI processes.
You may or may not see output from other processes, depending on
exactly when Open MPI kills them.
--------------------------------------------------------------------------
--------------------------------------------------------------------------
MPI_ABORT was invoked on rank 83 in communicator MPI COMMUNICATOR 3 DUP FROM 0
with errorcode 1.

NOTE: invoking MPI_ABORT causes Open MPI to kill all MPI processes.
You may or may not see output from other processes, depending on
exactly when Open MPI kills them.
--------------------------------------------------------------------------
--------------------------------------------------------------------------
MPI_ABORT was invoked on rank 2 in communicator MPI COMMUNICATOR 3 DUP FROM 0
with errorcode 1.

NOTE: invoking MPI_ABORT causes Open MPI to kill all MPI processes.
You may or may not see output from other processes, depending on
exactly when Open MPI kills them.
--------------------------------------------------------------------------
--------------------------------------------------------------------------
MPI_ABORT was invoked on rank 18 in communicator MPI COMMUNICATOR 3 DUP FROM 0
with errorcode 1.

NOTE: invoking MPI_ABORT causes Open MPI to kill all MPI processes.
You may or may not see output from other processes, depending on
exactly when Open MPI kills them.
--------------------------------------------------------------------------
--------------------------------------------------------------------------
MPI_ABORT was invoked on rank 78 in communicator MPI COMMUNICATOR 3 DUP FROM 0
with errorcode 1.

NOTE: invoking MPI_ABORT causes Open MPI to kill all MPI processes.
You may or may not see output from other processes, depending on
exactly when Open MPI kills them.
--------------------------------------------------------------------------
--------------------------------------------------------------------------
MPI_ABORT was invoked on rank 65 in communicator MPI COMMUNICATOR 3 DUP FROM 0
with errorcode 1.

NOTE: invoking MPI_ABORT causes Open MPI to kill all MPI processes.
You may or may not see output from other processes, depending on
exactly when Open MPI kills them.
--------------------------------------------------------------------------
--------------------------------------------------------------------------
MPI_ABORT was invoked on rank 34 in communicator MPI COMMUNICATOR 3 DUP FROM 0
with errorcode 1.

NOTE: invoking MPI_ABORT causes Open MPI to kill all MPI processes.
You may or may not see output from other processes, depending on
exactly when Open MPI kills them.
--------------------------------------------------------------------------
--------------------------------------------------------------------------
MPI_ABORT was invoked on rank 49 in communicator MPI COMMUNICATOR 3 DUP FROM 0
with errorcode 1.

NOTE: invoking MPI_ABORT causes Open MPI to kill all MPI processes.
You may or may not see output from other processes, depending on
exactly when Open MPI kills them.
--------------------------------------------------------------------------
--------------------------------------------------------------------------
MPI_ABORT was invoked on rank 63 in communicator MPI COMMUNICATOR 3 DUP FROM 0
with errorcode 1.

NOTE: invoking MPI_ABORT causes Open MPI to kill all MPI processes.
You may or may not see output from other processes, depending on
exactly when Open MPI kills them.
--------------------------------------------------------------------------
--------------------------------------------------------------------------
MPI_ABORT was invoked on rank 12 in communicator MPI COMMUNICATOR 3 DUP FROM 0
with errorcode 1.

NOTE: invoking MPI_ABORT causes Open MPI to kill all MPI processes.
You may or may not see output from other processes, depending on
exactly when Open MPI kills them.
--------------------------------------------------------------------------
--------------------------------------------------------------------------
MPI_ABORT was invoked on rank 86 in communicator MPI COMMUNICATOR 3 DUP FROM 0
with errorcode 1.

NOTE: invoking MPI_ABORT causes Open MPI to kill all MPI processes.
You may or may not see output from other processes, depending on
exactly when Open MPI kills them.
--------------------------------------------------------------------------
--------------------------------------------------------------------------
MPI_ABORT was invoked on rank 99 in communicator MPI COMMUNICATOR 3 DUP FROM 0
with errorcode 1.

NOTE: invoking MPI_ABORT causes Open MPI to kill all MPI processes.
You may or may not see output from other processes, depending on
exactly when Open MPI kills them.
--------------------------------------------------------------------------
--------------------------------------------------------------------------
MPI_ABORT was invoked on rank 35 in communicator MPI COMMUNICATOR 3 DUP FROM 0
with errorcode 1.

NOTE: invoking MPI_ABORT causes Open MPI to kill all MPI processes.
You may or may not see output from other processes, depending on
exactly when Open MPI kills them.
--------------------------------------------------------------------------
--------------------------------------------------------------------------
MPI_ABORT was invoked on rank 23 in communicator MPI COMMUNICATOR 3 DUP FROM 0
with errorcode 1.

NOTE: invoking MPI_ABORT causes Open MPI to kill all MPI processes.
You may or may not see output from other processes, depending on
exactly when Open MPI kills them.
--------------------------------------------------------------------------
--------------------------------------------------------------------------
MPI_ABORT was invoked on rank 27 in communicator MPI COMMUNICATOR 3 DUP FROM 0
with errorcode 1.

NOTE: invoking MPI_ABORT causes Open MPI to kill all MPI processes.
You may or may not see output from other processes, depending on
exactly when Open MPI kills them.
--------------------------------------------------------------------------
--------------------------------------------------------------------------
MPI_ABORT was invoked on rank 47 in communicator MPI COMMUNICATOR 3 DUP FROM 0
with errorcode 1.

NOTE: invoking MPI_ABORT causes Open MPI to kill all MPI processes.
You may or may not see output from other processes, depending on
exactly when Open MPI kills them.
--------------------------------------------------------------------------
--------------------------------------------------------------------------
MPI_ABORT was invoked on rank 33 in communicator MPI COMMUNICATOR 3 DUP FROM 0
with errorcode 1.

NOTE: invoking MPI_ABORT causes Open MPI to kill all MPI processes.
You may or may not see output from other processes, depending on
exactly when Open MPI kills them.
--------------------------------------------------------------------------
--------------------------------------------------------------------------
MPI_ABORT was invoked on rank 3 in communicator MPI COMMUNICATOR 3 DUP FROM 0
with errorcode 1.

NOTE: invoking MPI_ABORT causes Open MPI to kill all MPI processes.
You may or may not see output from other processes, depending on
exactly when Open MPI kills them.
--------------------------------------------------------------------------
--------------------------------------------------------------------------
MPI_ABORT was invoked on rank 61 in communicator MPI COMMUNICATOR 3 DUP FROM 0
with errorcode 1.

NOTE: invoking MPI_ABORT causes Open MPI to kill all MPI processes.
You may or may not see output from other processes, depending on
exactly when Open MPI kills them.
--------------------------------------------------------------------------
--------------------------------------------------------------------------
MPI_ABORT was invoked on rank 22 in communicator MPI COMMUNICATOR 3 DUP FROM 0
with errorcode 1.

NOTE: invoking MPI_ABORT causes Open MPI to kill all MPI processes.
You may or may not see output from other processes, depending on
exactly when Open MPI kills them.
--------------------------------------------------------------------------
--------------------------------------------------------------------------
MPI_ABORT was invoked on rank 68 in communicator MPI COMMUNICATOR 3 DUP FROM 0
with errorcode 1.

NOTE: invoking MPI_ABORT causes Open MPI to kill all MPI processes.
You may or may not see output from other processes, depending on
exactly when Open MPI kills them.
--------------------------------------------------------------------------
--------------------------------------------------------------------------
MPI_ABORT was invoked on rank 42 in communicator MPI COMMUNICATOR 3 DUP FROM 0
with errorcode 1.

NOTE: invoking MPI_ABORT causes Open MPI to kill all MPI processes.
You may or may not see output from other processes, depending on
exactly when Open MPI kills them.
--------------------------------------------------------------------------
--------------------------------------------------------------------------
MPI_ABORT was invoked on rank 20 in communicator MPI COMMUNICATOR 3 DUP FROM 0
with errorcode 1.

NOTE: invoking MPI_ABORT causes Open MPI to kill all MPI processes.
You may or may not see output from other processes, depending on
exactly when Open MPI kills them.
--------------------------------------------------------------------------
--------------------------------------------------------------------------
MPI_ABORT was invoked on rank 71 in communicator MPI COMMUNICATOR 3 DUP FROM 0
with errorcode 1.

NOTE: invoking MPI_ABORT causes Open MPI to kill all MPI processes.
You may or may not see output from other processes, depending on
exactly when Open MPI kills them.
--------------------------------------------------------------------------
--------------------------------------------------------------------------
MPI_ABORT was invoked on rank 50 in communicator MPI COMMUNICATOR 3 DUP FROM 0
with errorcode 1.

NOTE: invoking MPI_ABORT causes Open MPI to kill all MPI processes.
You may or may not see output from other processes, depending on
exactly when Open MPI kills them.
--------------------------------------------------------------------------
--------------------------------------------------------------------------
MPI_ABORT was invoked on rank 76 in communicator MPI COMMUNICATOR 3 DUP FROM 0
with errorcode 1.

NOTE: invoking MPI_ABORT causes Open MPI to kill all MPI processes.
You may or may not see output from other processes, depending on
exactly when Open MPI kills them.
--------------------------------------------------------------------------
--------------------------------------------------------------------------
MPI_ABORT was invoked on rank 75 in communicator MPI COMMUNICATOR 3 DUP FROM 0
with errorcode 1.

NOTE: invoking MPI_ABORT causes Open MPI to kill all MPI processes.
You may or may not see output from other processes, depending on
exactly when Open MPI kills them.
--------------------------------------------------------------------------
--------------------------------------------------------------------------
MPI_ABORT was invoked on rank 48 in communicator MPI COMMUNICATOR 3 DUP FROM 0
with errorcode 1.

NOTE: invoking MPI_ABORT causes Open MPI to kill all MPI processes.
You may or may not see output from other processes, depending on
exactly when Open MPI kills them.
--------------------------------------------------------------------------
--------------------------------------------------------------------------
MPI_ABORT was invoked on rank 84 in communicator MPI COMMUNICATOR 3 DUP FROM 0
with errorcode 1.

NOTE: invoking MPI_ABORT causes Open MPI to kill all MPI processes.
You may or may not see output from other processes, depending on
exactly when Open MPI kills them.
--------------------------------------------------------------------------
--------------------------------------------------------------------------
MPI_ABORT was invoked on rank 13 in communicator MPI COMMUNICATOR 3 DUP FROM 0
with errorcode 1.

NOTE: invoking MPI_ABORT causes Open MPI to kill all MPI processes.
You may or may not see output from other processes, depending on
exactly when Open MPI kills them.
--------------------------------------------------------------------------
--------------------------------------------------------------------------
MPI_ABORT was invoked on rank 58 in communicator MPI COMMUNICATOR 3 DUP FROM 0
with errorcode 1.

NOTE: invoking MPI_ABORT causes Open MPI to kill all MPI processes.
You may or may not see output from other processes, depending on
exactly when Open MPI kills them.
--------------------------------------------------------------------------
--------------------------------------------------------------------------
MPI_ABORT was invoked on rank 41 in communicator MPI COMMUNICATOR 3 DUP FROM 0
with errorcode 1.

NOTE: invoking MPI_ABORT causes Open MPI to kill all MPI processes.
You may or may not see output from other processes, depending on
exactly when Open MPI kills them.
--------------------------------------------------------------------------
srun: Job step aborted: Waiting up to 92 seconds for job step to finish.
--------------------------------------------------------------------------
MPI_ABORT was invoked on rank 36 in communicator MPI COMMUNICATOR 3 DUP FROM 0
with errorcode 1.

NOTE: invoking MPI_ABORT causes Open MPI to kill all MPI processes.
You may or may not see output from other processes, depending on
exactly when Open MPI kills them.
--------------------------------------------------------------------------
--------------------------------------------------------------------------
MPI_ABORT was invoked on rank 30 in communicator MPI COMMUNICATOR 3 DUP FROM 0
with errorcode 1.

NOTE: invoking MPI_ABORT causes Open MPI to kill all MPI processes.
You may or may not see output from other processes, depending on
exactly when Open MPI kills them.
--------------------------------------------------------------------------
--------------------------------------------------------------------------
MPI_ABORT was invoked on rank 44 in communicator MPI COMMUNICATOR 3 DUP FROM 0
with errorcode 1.

NOTE: invoking MPI_ABORT causes Open MPI to kill all MPI processes.
You may or may not see output from other processes, depending on
exactly when Open MPI kills them.
--------------------------------------------------------------------------
--------------------------------------------------------------------------
MPI_ABORT was invoked on rank 62 in communicator MPI COMMUNICATOR 3 DUP FROM 0
with errorcode 1.

NOTE: invoking MPI_ABORT causes Open MPI to kill all MPI processes.
You may or may not see output from other processes, depending on
exactly when Open MPI kills them.
--------------------------------------------------------------------------
--------------------------------------------------------------------------
MPI_ABORT was invoked on rank 95 in communicator MPI COMMUNICATOR 3 DUP FROM 0
with errorcode 1.

NOTE: invoking MPI_ABORT causes Open MPI to kill all MPI processes.
You may or may not see output from other processes, depending on
exactly when Open MPI kills them.
--------------------------------------------------------------------------
--------------------------------------------------------------------------
MPI_ABORT was invoked on rank 57 in communicator MPI COMMUNICATOR 3 DUP FROM 0
with errorcode 1.

NOTE: invoking MPI_ABORT causes Open MPI to kill all MPI processes.
You may or may not see output from other processes, depending on
exactly when Open MPI kills them.
--------------------------------------------------------------------------
--------------------------------------------------------------------------
MPI_ABORT was invoked on rank 72 in communicator MPI COMMUNICATOR 3 DUP FROM 0
with errorcode 1.

NOTE: invoking MPI_ABORT causes Open MPI to kill all MPI processes.
You may or may not see output from other processes, depending on
exactly when Open MPI kills them.
--------------------------------------------------------------------------
--------------------------------------------------------------------------
MPI_ABORT was invoked on rank 67 in communicator MPI COMMUNICATOR 3 DUP FROM 0
with errorcode 1.

NOTE: invoking MPI_ABORT causes Open MPI to kill all MPI processes.
You may or may not see output from other processes, depending on
exactly when Open MPI kills them.
--------------------------------------------------------------------------
--------------------------------------------------------------------------
MPI_ABORT was invoked on rank 5 in communicator MPI COMMUNICATOR 3 DUP FROM 0
with errorcode 1.

NOTE: invoking MPI_ABORT causes Open MPI to kill all MPI processes.
You may or may not see output from other processes, depending on
exactly when Open MPI kills them.
--------------------------------------------------------------------------
--------------------------------------------------------------------------
MPI_ABORT was invoked on rank 25 in communicator MPI COMMUNICATOR 3 DUP FROM 0
with errorcode 1.

NOTE: invoking MPI_ABORT causes Open MPI to kill all MPI processes.
You may or may not see output from other processes, depending on
exactly when Open MPI kills them.
--------------------------------------------------------------------------
--------------------------------------------------------------------------
MPI_ABORT was invoked on rank 80 in communicator MPI COMMUNICATOR 3 DUP FROM 0
with errorcode 1.

NOTE: invoking MPI_ABORT causes Open MPI to kill all MPI processes.
You may or may not see output from other processes, depending on
exactly when Open MPI kills them.
--------------------------------------------------------------------------
--------------------------------------------------------------------------
MPI_ABORT was invoked on rank 4 in communicator MPI COMMUNICATOR 3 DUP FROM 0
with errorcode 1.

NOTE: invoking MPI_ABORT causes Open MPI to kill all MPI processes.
You may or may not see output from other processes, depending on
exactly when Open MPI kills them.
--------------------------------------------------------------------------
--------------------------------------------------------------------------
MPI_ABORT was invoked on rank 55 in communicator MPI COMMUNICATOR 3 DUP FROM 0
with errorcode 1.

NOTE: invoking MPI_ABORT causes Open MPI to kill all MPI processes.
You may or may not see output from other processes, depending on
exactly when Open MPI kills them.
--------------------------------------------------------------------------
--------------------------------------------------------------------------
MPI_ABORT was invoked on rank 88 in communicator MPI COMMUNICATOR 3 DUP FROM 0
with errorcode 1.

NOTE: invoking MPI_ABORT causes Open MPI to kill all MPI processes.
You may or may not see output from other processes, depending on
exactly when Open MPI kills them.
--------------------------------------------------------------------------
--------------------------------------------------------------------------
MPI_ABORT was invoked on rank 1 in communicator MPI COMMUNICATOR 3 DUP FROM 0
with errorcode 1.

NOTE: invoking MPI_ABORT causes Open MPI to kill all MPI processes.
You may or may not see output from other processes, depending on
exactly when Open MPI kills them.
--------------------------------------------------------------------------
--------------------------------------------------------------------------
MPI_ABORT was invoked on rank 38 in communicator MPI COMMUNICATOR 3 DUP FROM 0
with errorcode 1.

NOTE: invoking MPI_ABORT causes Open MPI to kill all MPI processes.
You may or may not see output from other processes, depending on
exactly when Open MPI kills them.
--------------------------------------------------------------------------
--------------------------------------------------------------------------
MPI_ABORT was invoked on rank 94 in communicator MPI COMMUNICATOR 3 DUP FROM 0
with errorcode 1.

NOTE: invoking MPI_ABORT causes Open MPI to kill all MPI processes.
You may or may not see output from other processes, depending on
exactly when Open MPI kills them.
--------------------------------------------------------------------------
--------------------------------------------------------------------------
MPI_ABORT was invoked on rank 32 in communicator MPI COMMUNICATOR 3 DUP FROM 0
with errorcode 1.

NOTE: invoking MPI_ABORT causes Open MPI to kill all MPI processes.
You may or may not see output from other processes, depending on
exactly when Open MPI kills them.
--------------------------------------------------------------------------
--------------------------------------------------------------------------
MPI_ABORT was invoked on rank 37 in communicator MPI COMMUNICATOR 3 DUP FROM 0
with errorcode 1.

NOTE: invoking MPI_ABORT causes Open MPI to kill all MPI processes.
You may or may not see output from other processes, depending on
exactly when Open MPI kills them.
--------------------------------------------------------------------------
--------------------------------------------------------------------------
MPI_ABORT was invoked on rank 60 in communicator MPI COMMUNICATOR 3 DUP FROM 0
with errorcode 1.

NOTE: invoking MPI_ABORT causes Open MPI to kill all MPI processes.
You may or may not see output from other processes, depending on
exactly when Open MPI kills them.
--------------------------------------------------------------------------
--------------------------------------------------------------------------
MPI_ABORT was invoked on rank 9 in communicator MPI COMMUNICATOR 3 DUP FROM 0
with errorcode 1.

NOTE: invoking MPI_ABORT causes Open MPI to kill all MPI processes.
You may or may not see output from other processes, depending on
exactly when Open MPI kills them.
--------------------------------------------------------------------------
--------------------------------------------------------------------------
MPI_ABORT was invoked on rank 11 in communicator MPI COMMUNICATOR 3 DUP FROM 0
with errorcode 1.

NOTE: invoking MPI_ABORT causes Open MPI to kill all MPI processes.
You may or may not see output from other processes, depending on
exactly when Open MPI kills them.
--------------------------------------------------------------------------
--------------------------------------------------------------------------
MPI_ABORT was invoked on rank 29 in communicator MPI COMMUNICATOR 3 DUP FROM 0
with errorcode 1.

NOTE: invoking MPI_ABORT causes Open MPI to kill all MPI processes.
You may or may not see output from other processes, depending on
exactly when Open MPI kills them.
--------------------------------------------------------------------------
--------------------------------------------------------------------------
MPI_ABORT was invoked on rank 40 in communicator MPI COMMUNICATOR 3 DUP FROM 0
with errorcode 1.

NOTE: invoking MPI_ABORT causes Open MPI to kill all MPI processes.
You may or may not see output from other processes, depending on
exactly when Open MPI kills them.
--------------------------------------------------------------------------
--------------------------------------------------------------------------
MPI_ABORT was invoked on rank 70 in communicator MPI COMMUNICATOR 3 DUP FROM 0
with errorcode 1.

NOTE: invoking MPI_ABORT causes Open MPI to kill all MPI processes.
You may or may not see output from other processes, depending on
exactly when Open MPI kills them.
--------------------------------------------------------------------------
--------------------------------------------------------------------------
MPI_ABORT was invoked on rank 7 in communicator MPI COMMUNICATOR 3 DUP FROM 0
with errorcode 1.

NOTE: invoking MPI_ABORT causes Open MPI to kill all MPI processes.
You may or may not see output from other processes, depending on
exactly when Open MPI kills them.
--------------------------------------------------------------------------
--------------------------------------------------------------------------
MPI_ABORT was invoked on rank 16 in communicator MPI COMMUNICATOR 3 DUP FROM 0
with errorcode 1.

NOTE: invoking MPI_ABORT causes Open MPI to kill all MPI processes.
You may or may not see output from other processes, depending on
exactly when Open MPI kills them.
--------------------------------------------------------------------------
--------------------------------------------------------------------------
MPI_ABORT was invoked on rank 26 in communicator MPI COMMUNICATOR 3 DUP FROM 0
with errorcode 1.

NOTE: invoking MPI_ABORT causes Open MPI to kill all MPI processes.
You may or may not see output from other processes, depending on
exactly when Open MPI kills them.
--------------------------------------------------------------------------
--------------------------------------------------------------------------
MPI_ABORT was invoked on rank 28 in communicator MPI COMMUNICATOR 3 DUP FROM 0
with errorcode 1.

NOTE: invoking MPI_ABORT causes Open MPI to kill all MPI processes.
You may or may not see output from other processes, depending on
exactly when Open MPI kills them.
--------------------------------------------------------------------------
--------------------------------------------------------------------------
MPI_ABORT was invoked on rank 31 in communicator MPI COMMUNICATOR 3 DUP FROM 0
with errorcode 1.

NOTE: invoking MPI_ABORT causes Open MPI to kill all MPI processes.
You may or may not see output from other processes, depending on
exactly when Open MPI kills them.
--------------------------------------------------------------------------
--------------------------------------------------------------------------
MPI_ABORT was invoked on rank 43 in communicator MPI COMMUNICATOR 3 DUP FROM 0
with errorcode 1.

NOTE: invoking MPI_ABORT causes Open MPI to kill all MPI processes.
You may or may not see output from other processes, depending on
exactly when Open MPI kills them.
--------------------------------------------------------------------------
--------------------------------------------------------------------------
MPI_ABORT was invoked on rank 51 in communicator MPI COMMUNICATOR 3 DUP FROM 0
with errorcode 1.

NOTE: invoking MPI_ABORT causes Open MPI to kill all MPI processes.
You may or may not see output from other processes, depending on
exactly when Open MPI kills them.
--------------------------------------------------------------------------
--------------------------------------------------------------------------
MPI_ABORT was invoked on rank 66 in communicator MPI COMMUNICATOR 3 DUP FROM 0
with errorcode 1.

NOTE: invoking MPI_ABORT causes Open MPI to kill all MPI processes.
You may or may not see output from other processes, depending on
exactly when Open MPI kills them.
--------------------------------------------------------------------------
--------------------------------------------------------------------------
MPI_ABORT was invoked on rank 87 in communicator MPI COMMUNICATOR 3 DUP FROM 0
with errorcode 1.

NOTE: invoking MPI_ABORT causes Open MPI to kill all MPI processes.
You may or may not see output from other processes, depending on
exactly when Open MPI kills them.
--------------------------------------------------------------------------
--------------------------------------------------------------------------
MPI_ABORT was invoked on rank 0 in communicator MPI COMMUNICATOR 3 DUP FROM 0
with errorcode 1.

NOTE: invoking MPI_ABORT causes Open MPI to kill all MPI processes.
You may or may not see output from other processes, depending on
exactly when Open MPI kills them.
--------------------------------------------------------------------------
--------------------------------------------------------------------------
MPI_ABORT was invoked on rank 6 in communicator MPI COMMUNICATOR 3 DUP FROM 0
with errorcode 1.

NOTE: invoking MPI_ABORT causes Open MPI to kill all MPI processes.
You may or may not see output from other processes, depending on
exactly when Open MPI kills them.
--------------------------------------------------------------------------
--------------------------------------------------------------------------
MPI_ABORT was invoked on rank 19 in communicator MPI COMMUNICATOR 3 DUP FROM 0
with errorcode 1.

NOTE: invoking MPI_ABORT causes Open MPI to kill all MPI processes.
You may or may not see output from other processes, depending on
exactly when Open MPI kills them.
--------------------------------------------------------------------------
--------------------------------------------------------------------------
MPI_ABORT was invoked on rank 24 in communicator MPI COMMUNICATOR 3 DUP FROM 0
with errorcode 1.

NOTE: invoking MPI_ABORT causes Open MPI to kill all MPI processes.
You may or may not see output from other processes, depending on
exactly when Open MPI kills them.
--------------------------------------------------------------------------
--------------------------------------------------------------------------
MPI_ABORT was invoked on rank 46 in communicator MPI COMMUNICATOR 3 DUP FROM 0
with errorcode 1.

NOTE: invoking MPI_ABORT causes Open MPI to kill all MPI processes.
You may or may not see output from other processes, depending on
exactly when Open MPI kills them.
--------------------------------------------------------------------------
--------------------------------------------------------------------------
MPI_ABORT was invoked on rank 52 in communicator MPI COMMUNICATOR 3 DUP FROM 0
with errorcode 1.

NOTE: invoking MPI_ABORT causes Open MPI to kill all MPI processes.
You may or may not see output from other processes, depending on
exactly when Open MPI kills them.
--------------------------------------------------------------------------
--------------------------------------------------------------------------
MPI_ABORT was invoked on rank 90 in communicator MPI COMMUNICATOR 3 DUP FROM 0
with errorcode 1.

NOTE: invoking MPI_ABORT causes Open MPI to kill all MPI processes.
You may or may not see output from other processes, depending on
exactly when Open MPI kills them.
--------------------------------------------------------------------------
--------------------------------------------------------------------------
MPI_ABORT was invoked on rank 91 in communicator MPI COMMUNICATOR 3 DUP FROM 0
with errorcode 1.

NOTE: invoking MPI_ABORT causes Open MPI to kill all MPI processes.
You may or may not see output from other processes, depending on
exactly when Open MPI kills them.
--------------------------------------------------------------------------
--------------------------------------------------------------------------
MPI_ABORT was invoked on rank 92 in communicator MPI COMMUNICATOR 3 DUP FROM 0
with errorcode 1.

NOTE: invoking MPI_ABORT causes Open MPI to kill all MPI processes.
You may or may not see output from other processes, depending on
exactly when Open MPI kills them.
--------------------------------------------------------------------------
--------------------------------------------------------------------------
MPI_ABORT was invoked on rank 93 in communicator MPI COMMUNICATOR 3 DUP FROM 0
with errorcode 1.

NOTE: invoking MPI_ABORT causes Open MPI to kill all MPI processes.
You may or may not see output from other processes, depending on
exactly when Open MPI kills them.
--------------------------------------------------------------------------
--------------------------------------------------------------------------
MPI_ABORT was invoked on rank 97 in communicator MPI COMMUNICATOR 3 DUP FROM 0
with errorcode 1.

NOTE: invoking MPI_ABORT causes Open MPI to kill all MPI processes.
You may or may not see output from other processes, depending on
exactly when Open MPI kills them.
--------------------------------------------------------------------------
slurmstepd: error: *** STEP 18793055.0 ON lrdn3794 CANCELLED AT 2025-08-11T21:20:28 ***
srun: error: lrdn4608: tasks 700,705,712,715,723-724,732,734,736,742,749,752,758,763,766,768,770,775-776,778,782,787,791,796,799: Killed
srun: error: lrdn4349: tasks 302,310,325,333,341,346,348,355,357,359-360,362,369,373,377,379,381,384,396: Killed
srun: error: lrdn4472: tasks 402,408,412,414,421-422,425,429,431,433,438-439,443,448,450,455-456,464,466,475,491,494,498: Killed
srun: error: lrdn4608: tasks 701-704,706-711,713-714,716-722,725-731,733,735,737-741,743-744,746-748,750-751,753-757,759-762,764-765,767,769,771-774,777,779-781,783-786,788-790,792-795,797-798: Killed
srun: error: lrdn3794: tasks 1-14,16-99: Killed
srun: error: lrdn3794: task 15: Exited with exit code 1
srun: error: lrdn4244: tasks 200-205,207-299: Killed
srun: error: lrdn4518: tasks 500-522,524-599: Killed
srun: error: lrdn4157: tasks 100-130,132-199: Killed
srun: error: lrdn4592: tasks 600-610,612-699: Killed
srun: error: lrdn4349: tasks 300-301,303-309,311-324,326-332,334-340,342-344,347,349-354,356,358,361,363-368,370-372,374-376,378,380,382-383,385-395,397-399: Killed
srun: error: lrdn4472: tasks 400-401,403-407,409-411,413,415-420,423-424,426-428,430,432,434-437,440-442,444-447,449,451-453,457-463,465,467-474,476-490,492-493,495-497,499: Killed
srun: error: lrdn4608: task 745: Killed
srun: error: lrdn4244: task 206: Killed
srun: error: lrdn4518: task 523: Killed
srun: error: lrdn4157: task 131: Killed
srun: error: lrdn4472: task 454: Killed
srun: error: lrdn4592: task 611: Killed
srun: error: lrdn4349: task 345: Killed
srun: error: lrdn3794: task 0: Killed
