Making install in external
make[1]: Entering directory '/leonardo/home/userexternal/ctica000/MS_thesis/RegCM/external'
make[2]: Entering directory '/leonardo/home/userexternal/ctica000/MS_thesis/RegCM/external'
make[2]: Nothing to be done for 'install-exec-am'.
make[2]: Nothing to be done for 'install-data-am'.
make[2]: Leaving directory '/leonardo/home/userexternal/ctica000/MS_thesis/RegCM/external'
make[1]: Leaving directory '/leonardo/home/userexternal/ctica000/MS_thesis/RegCM/external'
Making install in Share
make[1]: Entering directory '/leonardo/home/userexternal/ctica000/MS_thesis/RegCM/Share'
/leonardo/prod/spack/06/install/0.22/linux-rhel8-icelake/gcc-8.5.0/nvhpc-24.5-torlmnyzcexnrs6pq4cccabv7ehkv3xy/Linux_x86_64/24.5/compilers/bin/nvfortran -I/leonardo/home/userexternal/ctica000/MS_thesis/RegCM/external -DNCFILTERS_AVAIL -DNETCDF4_HDF5 -I/leonardo/prod/spack/06/install/0.22/linux-rhel8-icelake/nvhpc-24.5/netcdf-c-4.9.2-ggbu5c62vlol4oe6sgxpjxzvapbge2hk/include -I/leonardo/prod/spack/06/install/0.22/linux-rhel8-icelake/nvhpc-24.5/netcdf-fortran-4.6.1-nvymynen3aoyohew4d7t646sjig4ufl6/include -I/leonardo/prod/spack/06/install/0.22/linux-rhel8-icelake/nvhpc-24.5/netcdf-fortran-4.6.1-nvymynen3aoyohew4d7t646sjig4ufl6/include -I/leonardo/prod/spack/06/install/0.22/linux-rhel8-icelake/nvhpc-24.5/netcdf-c-4.9.2-ggbu5c62vlol4oe6sgxpjxzvapbge2hk/include -I/leonardo/prod/spack/06/install/0.22/linux-rhel8-icelake/nvhpc-24.5/netcdf-fortran-4.6.1-nvymynen3aoyohew4d7t646sjig4ufl6/include -I/leonardo/prod/spack/06/install/0.22/linux-rhel8-icelake/nvhpc-24.5/netcdf-fortran-4.6.1-nvymynen3aoyohew4d7t646sjig4ufl6/include -DCLM45 -DOPENACC -DGPU  -DSTDPAR -I/leonardo/home/userexternal/ctica000/MS_thesis/RegCM/Share -mp -DGIT_VER=\"5.0.0-944-g5801-dirty\" -DUSE_MPI3 -DF2008 -O3 -fast -fastsse -g -byteswapio -g -stdpar=gpu           -gpu=ccall-major,lineinfo,mem:managed -Minfo=accel -c mod_interp.F90
single_interp1d_r4:
     87, Generating acc routine seq
         Generating NVIDIA GPU code
interp1d_r4:
    188, Generating acc routine seq
         Generating NVIDIA GPU code
single_interp1d_r8:
    307, Generating acc routine seq
         Generating NVIDIA GPU code
interp1d_r8:
    408, Generating acc routine seq
         Generating NVIDIA GPU code
interp1d_r8_gpu:
    512, Generating acc routine seq
         Generating NVIDIA GPU code
bilinx_2d:
    644, Generating implicit private(q2,q1,p2,p1,i1,j2,j1,i2)
         Generating NVIDIA GPU code
        644,   ! blockidx%x threadidx%x auto-collapsed
             Loop parallelized across CUDA thread blocks, CUDA threads(128) collapse(2) ! blockidx%x threadidx%x collapsed-innermost
    644, Generating implicit copyin(b2(:,:)) [if not already present]
         Generating implicit copy(alon(:,:),b3(:jx,:iy)) [if not already present]
         Generating implicit copyin(hlon(:),hlat(:),nlat,nlon) [if not already present]
         Generating implicit copy(alat(:,:)) [if not already present]
kernsmooth2:
   1075, Generating NVIDIA GPU code
       1075,   ! blockidx%x threadidx%x auto-collapsed
             Loop parallelized across CUDA thread blocks, CUDA threads(128) collapse(2) ! blockidx%x threadidx%x collapsed-innermost
   1075, Generating implicit copyin(f(:nx,:ny)) [if not already present]
         Generating implicit copyout(newf(2:nx-1,2:ny-1)) [if not already present]
kernsmooth3:
   1108, Generating NVIDIA GPU code
       1108,   ! blockidx%x threadidx%x auto-collapsed
             Loop parallelized across CUDA thread blocks, CUDA threads(128) collapse(2) ! blockidx%x threadidx%x collapsed-innermost
   1108, Generating implicit copyin(f(:nx,:ny,k)) [if not already present]
         Generating implicit copyout(newf(2:nx-1,2:ny-1)) [if not already present]
whereislon:
   1134, Generating acc routine seq
         Generating NVIDIA GPU code
whereislat:
   1161, Generating acc routine seq
         Generating NVIDIA GPU code
/leonardo/prod/spack/06/install/0.22/linux-rhel8-icelake/gcc-8.5.0/nvhpc-24.5-torlmnyzcexnrs6pq4cccabv7ehkv3xy/Linux_x86_64/24.5/compilers/bin/nvfortran -I/leonardo/home/userexternal/ctica000/MS_thesis/RegCM/external -DNCFILTERS_AVAIL -DNETCDF4_HDF5 -I/leonardo/prod/spack/06/install/0.22/linux-rhel8-icelake/nvhpc-24.5/netcdf-c-4.9.2-ggbu5c62vlol4oe6sgxpjxzvapbge2hk/include -I/leonardo/prod/spack/06/install/0.22/linux-rhel8-icelake/nvhpc-24.5/netcdf-fortran-4.6.1-nvymynen3aoyohew4d7t646sjig4ufl6/include -I/leonardo/prod/spack/06/install/0.22/linux-rhel8-icelake/nvhpc-24.5/netcdf-fortran-4.6.1-nvymynen3aoyohew4d7t646sjig4ufl6/include -I/leonardo/prod/spack/06/install/0.22/linux-rhel8-icelake/nvhpc-24.5/netcdf-c-4.9.2-ggbu5c62vlol4oe6sgxpjxzvapbge2hk/include -I/leonardo/prod/spack/06/install/0.22/linux-rhel8-icelake/nvhpc-24.5/netcdf-fortran-4.6.1-nvymynen3aoyohew4d7t646sjig4ufl6/include -I/leonardo/prod/spack/06/install/0.22/linux-rhel8-icelake/nvhpc-24.5/netcdf-fortran-4.6.1-nvymynen3aoyohew4d7t646sjig4ufl6/include -DCLM45 -DOPENACC -DGPU  -DSTDPAR -I/leonardo/home/userexternal/ctica000/MS_thesis/RegCM/Share -mp -DGIT_VER=\"5.0.0-944-g5801-dirty\" -DUSE_MPI3 -DF2008 -O3 -fast -fastsse -g -byteswapio -g -stdpar=gpu           -gpu=ccall-major,lineinfo,mem:managed -Minfo=accel -c mod_vertint.F90
intlinreg_p:
    101, Generating NVIDIA GPU code
        101,   ! blockidx%x threadidx%x auto-collapsed
             Loop parallelized across CUDA thread blocks, CUDA threads(128) collapse(3) ! blockidx%x threadidx%x collapsed-innermost
    101, Generating implicit copy(fp(:,:,:)) [if not already present]
intlinprof:
    249, Generating NVIDIA GPU code
        249,   ! blockidx%x threadidx%x auto-collapsed
             Loop parallelized across CUDA thread blocks, CUDA threads(128) collapse(3) ! blockidx%x threadidx%x collapsed-innermost
    249, Generating implicit copy(fp(:,:,:)) [if not already present]
intlin_o_single:
    541, Generating implicit firstprivate(jm,km,im,kp)
         Generating NVIDIA GPU code
        542, !$acc loop gang collapse(2) ! blockidx%x
        543,   ! blockidx%x collapsed
        544, !$acc loop vector(128) ! threadidx%x
    541, Generating implicit copyin(sig(:),ps(:im,:jm)) [if not already present]
         Generating implicit copy(fp(:im,:jm,:kp)) [if not already present]
         Generating implicit copyin(p(:kp),f(:im,:jm,:)) [if not already present]
    543, Generating implicit firstprivate(n)
    544, Loop is parallelizable
         Generating implicit firstprivate(knx,pt,k,wp,w1,sigp)
intpsn:
   1082, Generating NVIDIA GPU code
       1082,   ! blockidx%x threadidx%x auto-collapsed
             Loop parallelized across CUDA thread blocks, CUDA threads(128) collapse(2) ! blockidx%x threadidx%x
   1082, Generating implicit copyin(pa(:ni,:nj),tlayer(:ni,:nj),zrcm(:ni,:nj),za(:ni,:nj)) [if not already present]
         Generating implicit copyout(psrcm(:ni,:nj)) [if not already present]
intp1_pointer:
   1258, Generating exit data delete(xr3d(:,:,:),zg3d(:,:,:),fc3d(:,:,:),xc3d(:,:,:),fr3d(:,:,:),zi3d(:,:,:))
   1267, Generating enter data create(xr3d(:,:,:),zi3d(:,:,:),zg3d(:,:,:),fc3d(:,:,:),xc3d(:,:,:),fr3d(:,:,:))
   1284, Generating copy(frcm(:,:,:)) [if not already present]
         Generating copyin(pccm(:,:,:),fccm(:,:,:)) [if not already present]
         Generating present(fr3d(:,:,:),xc3d(:,:,:),fc3d(:,:,:),zi3d(:,:,:),zg3d(:,:,:),xr3d(:,:,:))
         Generating copyin(prcm(:,:,:)) [if not already present]
   1285, Generating NVIDIA GPU code
       1285, Loop parallelized across CUDA thread blocks, CUDA threads(128) collapse(2) ! blockidx%x threadidx%x
               ! blockidx%x threadidx%x auto-collapsed
       1286, Loop run sequentially 
       1291, Loop run sequentially 
       1298, Loop run sequentially 
   1285, Generating implicit copyin(e2,e1,a) [if not already present]
rm -f librcmlib.a
ar cru librcmlib.a mod_constants.o mod_date.o mod_space.o mod_hgt.o mod_message.o mod_memutil.o mod_projections.o mod_dynparam.o mod_ensemble.o mod_stdio.o mod_humid.o mod_realkinds.o mod_interp.o mod_nchelper.o mod_vertint.o mod_spline.o mod_domain.o mod_intkinds.o mod_ncstream_types.o mod_ncstream.o mod_sunorbit.o mod_nhinterp.o mod_sigma.o mod_capecin.o mod_stdatm.o mod_rdldtr.o mod_intldtr.o mod_kdtree2_priority.o mod_kdtree2.o mod_earth.o mod_kdinterp.o mod_spbarcoord.o mod_posix.o mod_zita.o mod_isaatm.o mod_hash.o mod_sort.o mod_heatindex.o 
ranlib librcmlib.a
make[2]: Entering directory '/leonardo/home/userexternal/ctica000/MS_thesis/RegCM/Share'
make[2]: Nothing to be done for 'install-exec-am'.
make[2]: Nothing to be done for 'install-data-am'.
make[2]: Leaving directory '/leonardo/home/userexternal/ctica000/MS_thesis/RegCM/Share'
make[1]: Leaving directory '/leonardo/home/userexternal/ctica000/MS_thesis/RegCM/Share'
Making install in PreProc
make[1]: Entering directory '/leonardo/home/userexternal/ctica000/MS_thesis/RegCM/PreProc'
Making install in Terrain
make[2]: Entering directory '/leonardo/home/userexternal/ctica000/MS_thesis/RegCM/PreProc/Terrain'
make[3]: Entering directory '/leonardo/home/userexternal/ctica000/MS_thesis/RegCM/PreProc/Terrain'
 /usr/bin/mkdir -p '/leonardo/home/userexternal/ctica000/MS_thesis/RegCM/bin'
  /bin/sh ../../libtool   --mode=install /usr/bin/install -c terrain '/leonardo/home/userexternal/ctica000/MS_thesis/RegCM/bin/./terrainCLM45_OPENACC_GPU_STDPAR'
libtool: install: /usr/bin/install -c terrain /leonardo/home/userexternal/ctica000/MS_thesis/RegCM/bin/./terrainCLM45_OPENACC_GPU_STDPAR
make[3]: Nothing to be done for 'install-data-am'.
make[3]: Leaving directory '/leonardo/home/userexternal/ctica000/MS_thesis/RegCM/PreProc/Terrain'
make[2]: Leaving directory '/leonardo/home/userexternal/ctica000/MS_thesis/RegCM/PreProc/Terrain'
Making install in ICBC
make[2]: Entering directory '/leonardo/home/userexternal/ctica000/MS_thesis/RegCM/PreProc/ICBC'
Making install in cmip6
make[3]: Entering directory '/leonardo/home/userexternal/ctica000/MS_thesis/RegCM/PreProc/ICBC/cmip6'
make[4]: Entering directory '/leonardo/home/userexternal/ctica000/MS_thesis/RegCM/PreProc/ICBC/cmip6'
make[4]: Nothing to be done for 'install-exec-am'.
make[4]: Nothing to be done for 'install-data-am'.
make[4]: Leaving directory '/leonardo/home/userexternal/ctica000/MS_thesis/RegCM/PreProc/ICBC/cmip6'
make[3]: Leaving directory '/leonardo/home/userexternal/ctica000/MS_thesis/RegCM/PreProc/ICBC/cmip6'
make[3]: Entering directory '/leonardo/home/userexternal/ctica000/MS_thesis/RegCM/PreProc/ICBC'
mpifort -I/leonardo/home/userexternal/ctica000/MS_thesis/RegCM/external -DNCFILTERS_AVAIL -DNETCDF4_HDF5 -I/leonardo/prod/spack/06/install/0.22/linux-rhel8-icelake/nvhpc-24.5/netcdf-c-4.9.2-ggbu5c62vlol4oe6sgxpjxzvapbge2hk/include -I/leonardo/prod/spack/06/install/0.22/linux-rhel8-icelake/nvhpc-24.5/netcdf-fortran-4.6.1-nvymynen3aoyohew4d7t646sjig4ufl6/include -I/leonardo/prod/spack/06/install/0.22/linux-rhel8-icelake/nvhpc-24.5/netcdf-fortran-4.6.1-nvymynen3aoyohew4d7t646sjig4ufl6/include -I/leonardo/prod/spack/06/install/0.22/linux-rhel8-icelake/nvhpc-24.5/netcdf-c-4.9.2-ggbu5c62vlol4oe6sgxpjxzvapbge2hk/include -I/leonardo/prod/spack/06/install/0.22/linux-rhel8-icelake/nvhpc-24.5/netcdf-fortran-4.6.1-nvymynen3aoyohew4d7t646sjig4ufl6/include -I/leonardo/prod/spack/06/install/0.22/linux-rhel8-icelake/nvhpc-24.5/netcdf-fortran-4.6.1-nvymynen3aoyohew4d7t646sjig4ufl6/include -DCLM45 -DOPENACC -DGPU  -DSTDPAR -I/leonardo/home/userexternal/ctica000/MS_thesis/RegCM/Share  -Icmip6 -mp -DGIT_VER=\"5.0.0-944-g5801-dirty\" -DUSE_MPI3 -DF2008 -O3 -fast -fastsse -g -byteswapio -g -stdpar=gpu           -gpu=ccall-major,lineinfo,mem:managed -Minfo=accel -c mod_ein.F90
mpifort -I/leonardo/home/userexternal/ctica000/MS_thesis/RegCM/external -DNCFILTERS_AVAIL -DNETCDF4_HDF5 -I/leonardo/prod/spack/06/install/0.22/linux-rhel8-icelake/nvhpc-24.5/netcdf-c-4.9.2-ggbu5c62vlol4oe6sgxpjxzvapbge2hk/include -I/leonardo/prod/spack/06/install/0.22/linux-rhel8-icelake/nvhpc-24.5/netcdf-fortran-4.6.1-nvymynen3aoyohew4d7t646sjig4ufl6/include -I/leonardo/prod/spack/06/install/0.22/linux-rhel8-icelake/nvhpc-24.5/netcdf-fortran-4.6.1-nvymynen3aoyohew4d7t646sjig4ufl6/include -I/leonardo/prod/spack/06/install/0.22/linux-rhel8-icelake/nvhpc-24.5/netcdf-c-4.9.2-ggbu5c62vlol4oe6sgxpjxzvapbge2hk/include -I/leonardo/prod/spack/06/install/0.22/linux-rhel8-icelake/nvhpc-24.5/netcdf-fortran-4.6.1-nvymynen3aoyohew4d7t646sjig4ufl6/include -I/leonardo/prod/spack/06/install/0.22/linux-rhel8-icelake/nvhpc-24.5/netcdf-fortran-4.6.1-nvymynen3aoyohew4d7t646sjig4ufl6/include -DCLM45 -DOPENACC -DGPU  -DSTDPAR -I/leonardo/home/userexternal/ctica000/MS_thesis/RegCM/Share  -Icmip6 -mp -DGIT_VER=\"5.0.0-944-g5801-dirty\" -DUSE_MPI3 -DF2008 -O3 -fast -fastsse -g -byteswapio -g -stdpar=gpu           -gpu=ccall-major,lineinfo,mem:managed -Minfo=accel -c mod_ncep.F90
mpifort -I/leonardo/home/userexternal/ctica000/MS_thesis/RegCM/external -DNCFILTERS_AVAIL -DNETCDF4_HDF5 -I/leonardo/prod/spack/06/install/0.22/linux-rhel8-icelake/nvhpc-24.5/netcdf-c-4.9.2-ggbu5c62vlol4oe6sgxpjxzvapbge2hk/include -I/leonardo/prod/spack/06/install/0.22/linux-rhel8-icelake/nvhpc-24.5/netcdf-fortran-4.6.1-nvymynen3aoyohew4d7t646sjig4ufl6/include -I/leonardo/prod/spack/06/install/0.22/linux-rhel8-icelake/nvhpc-24.5/netcdf-fortran-4.6.1-nvymynen3aoyohew4d7t646sjig4ufl6/include -I/leonardo/prod/spack/06/install/0.22/linux-rhel8-icelake/nvhpc-24.5/netcdf-c-4.9.2-ggbu5c62vlol4oe6sgxpjxzvapbge2hk/include -I/leonardo/prod/spack/06/install/0.22/linux-rhel8-icelake/nvhpc-24.5/netcdf-fortran-4.6.1-nvymynen3aoyohew4d7t646sjig4ufl6/include -I/leonardo/prod/spack/06/install/0.22/linux-rhel8-icelake/nvhpc-24.5/netcdf-fortran-4.6.1-nvymynen3aoyohew4d7t646sjig4ufl6/include -DCLM45 -DOPENACC -DGPU  -DSTDPAR -I/leonardo/home/userexternal/ctica000/MS_thesis/RegCM/Share  -Icmip6 -mp -DGIT_VER=\"5.0.0-944-g5801-dirty\" -DUSE_MPI3 -DF2008 -O3 -fast -fastsse -g -byteswapio -g -stdpar=gpu           -gpu=ccall-major,lineinfo,mem:managed -Minfo=accel -c mod_nest.F90
mpifort -I/leonardo/home/userexternal/ctica000/MS_thesis/RegCM/external -DNCFILTERS_AVAIL -DNETCDF4_HDF5 -I/leonardo/prod/spack/06/install/0.22/linux-rhel8-icelake/nvhpc-24.5/netcdf-c-4.9.2-ggbu5c62vlol4oe6sgxpjxzvapbge2hk/include -I/leonardo/prod/spack/06/install/0.22/linux-rhel8-icelake/nvhpc-24.5/netcdf-fortran-4.6.1-nvymynen3aoyohew4d7t646sjig4ufl6/include -I/leonardo/prod/spack/06/install/0.22/linux-rhel8-icelake/nvhpc-24.5/netcdf-fortran-4.6.1-nvymynen3aoyohew4d7t646sjig4ufl6/include -I/leonardo/prod/spack/06/install/0.22/linux-rhel8-icelake/nvhpc-24.5/netcdf-c-4.9.2-ggbu5c62vlol4oe6sgxpjxzvapbge2hk/include -I/leonardo/prod/spack/06/install/0.22/linux-rhel8-icelake/nvhpc-24.5/netcdf-fortran-4.6.1-nvymynen3aoyohew4d7t646sjig4ufl6/include -I/leonardo/prod/spack/06/install/0.22/linux-rhel8-icelake/nvhpc-24.5/netcdf-fortran-4.6.1-nvymynen3aoyohew4d7t646sjig4ufl6/include -DCLM45 -DOPENACC -DGPU  -DSTDPAR -I/leonardo/home/userexternal/ctica000/MS_thesis/RegCM/Share  -Icmip6 -mp -DGIT_VER=\"5.0.0-944-g5801-dirty\" -DUSE_MPI3 -DF2008 -O3 -fast -fastsse -g -byteswapio -g -stdpar=gpu           -gpu=ccall-major,lineinfo,mem:managed -Minfo=accel -c mod_gn6hnc.F90
mpifort -I/leonardo/home/userexternal/ctica000/MS_thesis/RegCM/external -DNCFILTERS_AVAIL -DNETCDF4_HDF5 -I/leonardo/prod/spack/06/install/0.22/linux-rhel8-icelake/nvhpc-24.5/netcdf-c-4.9.2-ggbu5c62vlol4oe6sgxpjxzvapbge2hk/include -I/leonardo/prod/spack/06/install/0.22/linux-rhel8-icelake/nvhpc-24.5/netcdf-fortran-4.6.1-nvymynen3aoyohew4d7t646sjig4ufl6/include -I/leonardo/prod/spack/06/install/0.22/linux-rhel8-icelake/nvhpc-24.5/netcdf-fortran-4.6.1-nvymynen3aoyohew4d7t646sjig4ufl6/include -I/leonardo/prod/spack/06/install/0.22/linux-rhel8-icelake/nvhpc-24.5/netcdf-c-4.9.2-ggbu5c62vlol4oe6sgxpjxzvapbge2hk/include -I/leonardo/prod/spack/06/install/0.22/linux-rhel8-icelake/nvhpc-24.5/netcdf-fortran-4.6.1-nvymynen3aoyohew4d7t646sjig4ufl6/include -I/leonardo/prod/spack/06/install/0.22/linux-rhel8-icelake/nvhpc-24.5/netcdf-fortran-4.6.1-nvymynen3aoyohew4d7t646sjig4ufl6/include -DCLM45 -DOPENACC -DGPU  -DSTDPAR -I/leonardo/home/userexternal/ctica000/MS_thesis/RegCM/Share  -Icmip6 -mp -DGIT_VER=\"5.0.0-944-g5801-dirty\" -DUSE_MPI3 -DF2008 -O3 -fast -fastsse -g -byteswapio -g -stdpar=gpu           -gpu=ccall-major,lineinfo,mem:managed -Minfo=accel -c mod_ifs.F90
mpifort -I/leonardo/home/userexternal/ctica000/MS_thesis/RegCM/external -DNCFILTERS_AVAIL -DNETCDF4_HDF5 -I/leonardo/prod/spack/06/install/0.22/linux-rhel8-icelake/nvhpc-24.5/netcdf-c-4.9.2-ggbu5c62vlol4oe6sgxpjxzvapbge2hk/include -I/leonardo/prod/spack/06/install/0.22/linux-rhel8-icelake/nvhpc-24.5/netcdf-fortran-4.6.1-nvymynen3aoyohew4d7t646sjig4ufl6/include -I/leonardo/prod/spack/06/install/0.22/linux-rhel8-icelake/nvhpc-24.5/netcdf-fortran-4.6.1-nvymynen3aoyohew4d7t646sjig4ufl6/include -I/leonardo/prod/spack/06/install/0.22/linux-rhel8-icelake/nvhpc-24.5/netcdf-c-4.9.2-ggbu5c62vlol4oe6sgxpjxzvapbge2hk/include -I/leonardo/prod/spack/06/install/0.22/linux-rhel8-icelake/nvhpc-24.5/netcdf-fortran-4.6.1-nvymynen3aoyohew4d7t646sjig4ufl6/include -I/leonardo/prod/spack/06/install/0.22/linux-rhel8-icelake/nvhpc-24.5/netcdf-fortran-4.6.1-nvymynen3aoyohew4d7t646sjig4ufl6/include -DCLM45 -DOPENACC -DGPU  -DSTDPAR -I/leonardo/home/userexternal/ctica000/MS_thesis/RegCM/Share  -Icmip6 -mp -DGIT_VER=\"5.0.0-944-g5801-dirty\" -DUSE_MPI3 -DF2008 -O3 -fast -fastsse -g -byteswapio -g -stdpar=gpu           -gpu=ccall-major,lineinfo,mem:managed -Minfo=accel -c mod_era5.F90
mpifort -I/leonardo/home/userexternal/ctica000/MS_thesis/RegCM/external -DNCFILTERS_AVAIL -DNETCDF4_HDF5 -I/leonardo/prod/spack/06/install/0.22/linux-rhel8-icelake/nvhpc-24.5/netcdf-c-4.9.2-ggbu5c62vlol4oe6sgxpjxzvapbge2hk/include -I/leonardo/prod/spack/06/install/0.22/linux-rhel8-icelake/nvhpc-24.5/netcdf-fortran-4.6.1-nvymynen3aoyohew4d7t646sjig4ufl6/include -I/leonardo/prod/spack/06/install/0.22/linux-rhel8-icelake/nvhpc-24.5/netcdf-fortran-4.6.1-nvymynen3aoyohew4d7t646sjig4ufl6/include -I/leonardo/prod/spack/06/install/0.22/linux-rhel8-icelake/nvhpc-24.5/netcdf-c-4.9.2-ggbu5c62vlol4oe6sgxpjxzvapbge2hk/include -I/leonardo/prod/spack/06/install/0.22/linux-rhel8-icelake/nvhpc-24.5/netcdf-fortran-4.6.1-nvymynen3aoyohew4d7t646sjig4ufl6/include -I/leonardo/prod/spack/06/install/0.22/linux-rhel8-icelake/nvhpc-24.5/netcdf-fortran-4.6.1-nvymynen3aoyohew4d7t646sjig4ufl6/include -DCLM45 -DOPENACC -DGPU  -DSTDPAR -I/leonardo/home/userexternal/ctica000/MS_thesis/RegCM/Share  -Icmip6 -mp -DGIT_VER=\"5.0.0-944-g5801-dirty\" -DUSE_MPI3 -DF2008 -O3 -fast -fastsse -g -byteswapio -g -stdpar=gpu           -gpu=ccall-major,lineinfo,mem:managed -Minfo=accel -c mod_era5RDA.F90
mpifort -I/leonardo/home/userexternal/ctica000/MS_thesis/RegCM/external -DNCFILTERS_AVAIL -DNETCDF4_HDF5 -I/leonardo/prod/spack/06/install/0.22/linux-rhel8-icelake/nvhpc-24.5/netcdf-c-4.9.2-ggbu5c62vlol4oe6sgxpjxzvapbge2hk/include -I/leonardo/prod/spack/06/install/0.22/linux-rhel8-icelake/nvhpc-24.5/netcdf-fortran-4.6.1-nvymynen3aoyohew4d7t646sjig4ufl6/include -I/leonardo/prod/spack/06/install/0.22/linux-rhel8-icelake/nvhpc-24.5/netcdf-fortran-4.6.1-nvymynen3aoyohew4d7t646sjig4ufl6/include -I/leonardo/prod/spack/06/install/0.22/linux-rhel8-icelake/nvhpc-24.5/netcdf-c-4.9.2-ggbu5c62vlol4oe6sgxpjxzvapbge2hk/include -I/leonardo/prod/spack/06/install/0.22/linux-rhel8-icelake/nvhpc-24.5/netcdf-fortran-4.6.1-nvymynen3aoyohew4d7t646sjig4ufl6/include -I/leonardo/prod/spack/06/install/0.22/linux-rhel8-icelake/nvhpc-24.5/netcdf-fortran-4.6.1-nvymynen3aoyohew4d7t646sjig4ufl6/include -DCLM45 -DOPENACC -DGPU  -DSTDPAR -I/leonardo/home/userexternal/ctica000/MS_thesis/RegCM/Share  -Icmip6 -mp -DGIT_VER=\"5.0.0-944-g5801-dirty\" -DUSE_MPI3 -DF2008 -O3 -fast -fastsse -g -byteswapio -g -stdpar=gpu           -gpu=ccall-major,lineinfo,mem:managed -Minfo=accel -c mod_cmip6.F90
mpifort -I/leonardo/home/userexternal/ctica000/MS_thesis/RegCM/external -DNCFILTERS_AVAIL -DNETCDF4_HDF5 -I/leonardo/prod/spack/06/install/0.22/linux-rhel8-icelake/nvhpc-24.5/netcdf-c-4.9.2-ggbu5c62vlol4oe6sgxpjxzvapbge2hk/include -I/leonardo/prod/spack/06/install/0.22/linux-rhel8-icelake/nvhpc-24.5/netcdf-fortran-4.6.1-nvymynen3aoyohew4d7t646sjig4ufl6/include -I/leonardo/prod/spack/06/install/0.22/linux-rhel8-icelake/nvhpc-24.5/netcdf-fortran-4.6.1-nvymynen3aoyohew4d7t646sjig4ufl6/include -I/leonardo/prod/spack/06/install/0.22/linux-rhel8-icelake/nvhpc-24.5/netcdf-c-4.9.2-ggbu5c62vlol4oe6sgxpjxzvapbge2hk/include -I/leonardo/prod/spack/06/install/0.22/linux-rhel8-icelake/nvhpc-24.5/netcdf-fortran-4.6.1-nvymynen3aoyohew4d7t646sjig4ufl6/include -I/leonardo/prod/spack/06/install/0.22/linux-rhel8-icelake/nvhpc-24.5/netcdf-fortran-4.6.1-nvymynen3aoyohew4d7t646sjig4ufl6/include -DCLM45 -DOPENACC -DGPU  -DSTDPAR -I/leonardo/home/userexternal/ctica000/MS_thesis/RegCM/Share  -Icmip6 -mp -DGIT_VER=\"5.0.0-944-g5801-dirty\" -DUSE_MPI3 -DF2008 -O3 -fast -fastsse -g -byteswapio -g -stdpar=gpu           -gpu=ccall-major,lineinfo,mem:managed -Minfo=accel -c icbc.F90
/bin/sh ../../libtool  --tag=FC   --mode=link mpifort  -DUSE_MPI3 -DF2008 -O3 -fast -fastsse -g -byteswapio -g -stdpar=gpu           -gpu=ccall-major,lineinfo,mem:managed -Minfo=accel -L/leonardo/home/userexternal/ctica000/MS_thesis/RegCM/external -L/leonardo/prod/spack/06/install/0.22/linux-rhel8-icelake/nvhpc-24.5/netcdf-fortran-4.6.1-nvymynen3aoyohew4d7t646sjig4ufl6/lib -L/leonardo/prod/spack/06/install/0.22/linux-rhel8-icelake/nvhpc-24.5/netcdf-c-4.9.2-ggbu5c62vlol4oe6sgxpjxzvapbge2hk/lib  -traceback -cudalib=nvtx,cusparse -o icbc mod_vectutil.o mod_ein.o mod_grid.o mod_ncep.o mod_nest.o mod_write.o mod_header.o mod_mksst.o mod_gn6hnc.o mod_ifs.o mod_ccsm3_helper.o mod_hadgem_helper.o mod_csiro_helper.o mod_canesm_helper.o mod_miroc_helper.o mod_ipsl_helper.o mod_gfdl_helper.o mod_cnrm_helper.o mod_mpiesm_helper.o mod_ecearth_helper.o mod_noresm_helper.o mod_era5.o mod_era5RDA.o mod_lgm_helper.o mod_ccsm4_helper.o mod_cmip6.o icbc.o -mp -Lcmip6 -lcmip6 -L/leonardo/home/userexternal/ctica000/MS_thesis/RegCM/Share -lrcmlib -lnetcdff  -L/leonardo/prod/spack/06/install/0.22/linux-rhel8-icelake/nvhpc-24.5/netcdf-c-4.9.2-ggbu5c62vlol4oe6sgxpjxzvapbge2hk/lib -lnetcdf -L/leonardo/prod/spack/06/install/0.22/linux-rhel8-icelake/nvhpc-24.5/netcdf-fortran-4.6.1-nvymynen3aoyohew4d7t646sjig4ufl6/lib -lnetcdff -lnetcdf -lnetcdf -lm
libtool: link: mpifort -DUSE_MPI3 -DF2008 -O3 -fast -fastsse -g -byteswapio -g -stdpar=gpu -gpu=ccall-major,lineinfo,mem:managed -Minfo=accel -traceback -cudalib=nvtx,cusparse -o icbc mod_vectutil.o mod_ein.o mod_grid.o mod_ncep.o mod_nest.o mod_write.o mod_header.o mod_mksst.o mod_gn6hnc.o mod_ifs.o mod_ccsm3_helper.o mod_hadgem_helper.o mod_csiro_helper.o mod_canesm_helper.o mod_miroc_helper.o mod_ipsl_helper.o mod_gfdl_helper.o mod_cnrm_helper.o mod_mpiesm_helper.o mod_ecearth_helper.o mod_noresm_helper.o mod_era5.o mod_era5RDA.o mod_lgm_helper.o mod_ccsm4_helper.o mod_cmip6.o icbc.o -mp  -L/leonardo/home/userexternal/ctica000/MS_thesis/RegCM/external -L/leonardo/prod/spack/06/install/0.22/linux-rhel8-icelake/nvhpc-24.5/netcdf-fortran-4.6.1-nvymynen3aoyohew4d7t646sjig4ufl6/lib -L/leonardo/prod/spack/06/install/0.22/linux-rhel8-icelake/nvhpc-24.5/netcdf-c-4.9.2-ggbu5c62vlol4oe6sgxpjxzvapbge2hk/lib -Lcmip6 -lcmip6 -L/leonardo/home/userexternal/ctica000/MS_thesis/RegCM/Share -lrcmlib -lnetcdff -lnetcdf -lm -mp
/leonardo/pub/userexternal/ggiulian/nvhpc/bin/ld: warning: /scratch_local/pgcudafatHHBKcJO6tf5Fe.o: missing .note.GNU-stack section implies executable stack
/leonardo/pub/userexternal/ggiulian/nvhpc/bin/ld: NOTE: This behaviour is deprecated and will be removed in a future version of the linker
mpifort -I/leonardo/home/userexternal/ctica000/MS_thesis/RegCM/external -DNCFILTERS_AVAIL -DNETCDF4_HDF5 -I/leonardo/prod/spack/06/install/0.22/linux-rhel8-icelake/nvhpc-24.5/netcdf-c-4.9.2-ggbu5c62vlol4oe6sgxpjxzvapbge2hk/include -I/leonardo/prod/spack/06/install/0.22/linux-rhel8-icelake/nvhpc-24.5/netcdf-fortran-4.6.1-nvymynen3aoyohew4d7t646sjig4ufl6/include -I/leonardo/prod/spack/06/install/0.22/linux-rhel8-icelake/nvhpc-24.5/netcdf-fortran-4.6.1-nvymynen3aoyohew4d7t646sjig4ufl6/include -I/leonardo/prod/spack/06/install/0.22/linux-rhel8-icelake/nvhpc-24.5/netcdf-c-4.9.2-ggbu5c62vlol4oe6sgxpjxzvapbge2hk/include -I/leonardo/prod/spack/06/install/0.22/linux-rhel8-icelake/nvhpc-24.5/netcdf-fortran-4.6.1-nvymynen3aoyohew4d7t646sjig4ufl6/include -I/leonardo/prod/spack/06/install/0.22/linux-rhel8-icelake/nvhpc-24.5/netcdf-fortran-4.6.1-nvymynen3aoyohew4d7t646sjig4ufl6/include -DCLM45 -DOPENACC -DGPU  -DSTDPAR -I/leonardo/home/userexternal/ctica000/MS_thesis/RegCM/Share  -Icmip6 -mp -DGIT_VER=\"5.0.0-944-g5801-dirty\" -DUSE_MPI3 -DF2008 -O3 -fast -fastsse -g -byteswapio -g -stdpar=gpu           -gpu=ccall-major,lineinfo,mem:managed -Minfo=accel -c mod_ch_cams.F90
mpifort -I/leonardo/home/userexternal/ctica000/MS_thesis/RegCM/external -DNCFILTERS_AVAIL -DNETCDF4_HDF5 -I/leonardo/prod/spack/06/install/0.22/linux-rhel8-icelake/nvhpc-24.5/netcdf-c-4.9.2-ggbu5c62vlol4oe6sgxpjxzvapbge2hk/include -I/leonardo/prod/spack/06/install/0.22/linux-rhel8-icelake/nvhpc-24.5/netcdf-fortran-4.6.1-nvymynen3aoyohew4d7t646sjig4ufl6/include -I/leonardo/prod/spack/06/install/0.22/linux-rhel8-icelake/nvhpc-24.5/netcdf-fortran-4.6.1-nvymynen3aoyohew4d7t646sjig4ufl6/include -I/leonardo/prod/spack/06/install/0.22/linux-rhel8-icelake/nvhpc-24.5/netcdf-c-4.9.2-ggbu5c62vlol4oe6sgxpjxzvapbge2hk/include -I/leonardo/prod/spack/06/install/0.22/linux-rhel8-icelake/nvhpc-24.5/netcdf-fortran-4.6.1-nvymynen3aoyohew4d7t646sjig4ufl6/include -I/leonardo/prod/spack/06/install/0.22/linux-rhel8-icelake/nvhpc-24.5/netcdf-fortran-4.6.1-nvymynen3aoyohew4d7t646sjig4ufl6/include -DCLM45 -DOPENACC -DGPU  -DSTDPAR -I/leonardo/home/userexternal/ctica000/MS_thesis/RegCM/Share  -Icmip6 -mp -DGIT_VER=\"5.0.0-944-g5801-dirty\" -DUSE_MPI3 -DF2008 -O3 -fast -fastsse -g -byteswapio -g -stdpar=gpu           -gpu=ccall-major,lineinfo,mem:managed -Minfo=accel -c mod_ch_fnest.F90
mpifort -I/leonardo/home/userexternal/ctica000/MS_thesis/RegCM/external -DNCFILTERS_AVAIL -DNETCDF4_HDF5 -I/leonardo/prod/spack/06/install/0.22/linux-rhel8-icelake/nvhpc-24.5/netcdf-c-4.9.2-ggbu5c62vlol4oe6sgxpjxzvapbge2hk/include -I/leonardo/prod/spack/06/install/0.22/linux-rhel8-icelake/nvhpc-24.5/netcdf-fortran-4.6.1-nvymynen3aoyohew4d7t646sjig4ufl6/include -I/leonardo/prod/spack/06/install/0.22/linux-rhel8-icelake/nvhpc-24.5/netcdf-fortran-4.6.1-nvymynen3aoyohew4d7t646sjig4ufl6/include -I/leonardo/prod/spack/06/install/0.22/linux-rhel8-icelake/nvhpc-24.5/netcdf-c-4.9.2-ggbu5c62vlol4oe6sgxpjxzvapbge2hk/include -I/leonardo/prod/spack/06/install/0.22/linux-rhel8-icelake/nvhpc-24.5/netcdf-fortran-4.6.1-nvymynen3aoyohew4d7t646sjig4ufl6/include -I/leonardo/prod/spack/06/install/0.22/linux-rhel8-icelake/nvhpc-24.5/netcdf-fortran-4.6.1-nvymynen3aoyohew4d7t646sjig4ufl6/include -DCLM45 -DOPENACC -DGPU  -DSTDPAR -I/leonardo/home/userexternal/ctica000/MS_thesis/RegCM/Share  -Icmip6 -mp -DGIT_VER=\"5.0.0-944-g5801-dirty\" -DUSE_MPI3 -DF2008 -O3 -fast -fastsse -g -byteswapio -g -stdpar=gpu           -gpu=ccall-major,lineinfo,mem:managed -Minfo=accel -c chem_icbc.F90
/bin/sh ../../libtool  --tag=FC   --mode=link mpifort  -DUSE_MPI3 -DF2008 -O3 -fast -fastsse -g -byteswapio -g -stdpar=gpu           -gpu=ccall-major,lineinfo,mem:managed -Minfo=accel -L/leonardo/home/userexternal/ctica000/MS_thesis/RegCM/external -L/leonardo/prod/spack/06/install/0.22/linux-rhel8-icelake/nvhpc-24.5/netcdf-fortran-4.6.1-nvymynen3aoyohew4d7t646sjig4ufl6/lib -L/leonardo/prod/spack/06/install/0.22/linux-rhel8-icelake/nvhpc-24.5/netcdf-c-4.9.2-ggbu5c62vlol4oe6sgxpjxzvapbge2hk/lib  -traceback -cudalib=nvtx,cusparse -o chem_icbc mod_vectutil.o mod_ch_param.o mod_ch_icbc.o mod_ch_icbc_clim.o mod_ox_icbc.o mod_ae_icbc.o mod_wrtoxd.o mod_ch_cams.o mod_ch_fnest.o mod_grid.o mod_header.o chem_icbc.o -mp -Lcmip6 -lcmip6 -L/leonardo/home/userexternal/ctica000/MS_thesis/RegCM/Share -lrcmlib -lnetcdff  -L/leonardo/prod/spack/06/install/0.22/linux-rhel8-icelake/nvhpc-24.5/netcdf-c-4.9.2-ggbu5c62vlol4oe6sgxpjxzvapbge2hk/lib -lnetcdf -L/leonardo/prod/spack/06/install/0.22/linux-rhel8-icelake/nvhpc-24.5/netcdf-fortran-4.6.1-nvymynen3aoyohew4d7t646sjig4ufl6/lib -lnetcdff -lnetcdf -lnetcdf -lm
libtool: link: mpifort -DUSE_MPI3 -DF2008 -O3 -fast -fastsse -g -byteswapio -g -stdpar=gpu -gpu=ccall-major,lineinfo,mem:managed -Minfo=accel -traceback -cudalib=nvtx,cusparse -o chem_icbc mod_vectutil.o mod_ch_param.o mod_ch_icbc.o mod_ch_icbc_clim.o mod_ox_icbc.o mod_ae_icbc.o mod_wrtoxd.o mod_ch_cams.o mod_ch_fnest.o mod_grid.o mod_header.o chem_icbc.o -mp  -L/leonardo/home/userexternal/ctica000/MS_thesis/RegCM/external -L/leonardo/prod/spack/06/install/0.22/linux-rhel8-icelake/nvhpc-24.5/netcdf-fortran-4.6.1-nvymynen3aoyohew4d7t646sjig4ufl6/lib -L/leonardo/prod/spack/06/install/0.22/linux-rhel8-icelake/nvhpc-24.5/netcdf-c-4.9.2-ggbu5c62vlol4oe6sgxpjxzvapbge2hk/lib -Lcmip6 -lcmip6 -L/leonardo/home/userexternal/ctica000/MS_thesis/RegCM/Share -lrcmlib -lnetcdff -lnetcdf -lm -mp
/leonardo/pub/userexternal/ggiulian/nvhpc/bin/ld: warning: /scratch_local/pgcudafatuphLc8bEXyfAZ.o: missing .note.GNU-stack section implies executable stack
/leonardo/pub/userexternal/ggiulian/nvhpc/bin/ld: NOTE: This behaviour is deprecated and will be removed in a future version of the linker
mpifort -I/leonardo/home/userexternal/ctica000/MS_thesis/RegCM/external -DNCFILTERS_AVAIL -DNETCDF4_HDF5 -I/leonardo/prod/spack/06/install/0.22/linux-rhel8-icelake/nvhpc-24.5/netcdf-c-4.9.2-ggbu5c62vlol4oe6sgxpjxzvapbge2hk/include -I/leonardo/prod/spack/06/install/0.22/linux-rhel8-icelake/nvhpc-24.5/netcdf-fortran-4.6.1-nvymynen3aoyohew4d7t646sjig4ufl6/include -I/leonardo/prod/spack/06/install/0.22/linux-rhel8-icelake/nvhpc-24.5/netcdf-fortran-4.6.1-nvymynen3aoyohew4d7t646sjig4ufl6/include -I/leonardo/prod/spack/06/install/0.22/linux-rhel8-icelake/nvhpc-24.5/netcdf-c-4.9.2-ggbu5c62vlol4oe6sgxpjxzvapbge2hk/include -I/leonardo/prod/spack/06/install/0.22/linux-rhel8-icelake/nvhpc-24.5/netcdf-fortran-4.6.1-nvymynen3aoyohew4d7t646sjig4ufl6/include -I/leonardo/prod/spack/06/install/0.22/linux-rhel8-icelake/nvhpc-24.5/netcdf-fortran-4.6.1-nvymynen3aoyohew4d7t646sjig4ufl6/include -DCLM45 -DOPENACC -DGPU  -DSTDPAR -I/leonardo/home/userexternal/ctica000/MS_thesis/RegCM/Share  -Icmip6 -mp -DGIT_VER=\"5.0.0-944-g5801-dirty\" -DUSE_MPI3 -DF2008 -O3 -fast -fastsse -g -byteswapio -g -stdpar=gpu           -gpu=ccall-major,lineinfo,mem:managed -Minfo=accel -c clmbc.F90
/bin/sh ../../libtool  --tag=FC   --mode=link mpifort  -DUSE_MPI3 -DF2008 -O3 -fast -fastsse -g -byteswapio -g -stdpar=gpu           -gpu=ccall-major,lineinfo,mem:managed -Minfo=accel -L/leonardo/home/userexternal/ctica000/MS_thesis/RegCM/external -L/leonardo/prod/spack/06/install/0.22/linux-rhel8-icelake/nvhpc-24.5/netcdf-fortran-4.6.1-nvymynen3aoyohew4d7t646sjig4ufl6/lib -L/leonardo/prod/spack/06/install/0.22/linux-rhel8-icelake/nvhpc-24.5/netcdf-c-4.9.2-ggbu5c62vlol4oe6sgxpjxzvapbge2hk/lib  -traceback -cudalib=nvtx,cusparse -o clmbc mod_vectutil.o mod_grid.o mod_write.o mod_header.o mod_mksst.o mod_era5.o clmbc.o -mp -Lcmip6 -lcmip6 -L/leonardo/home/userexternal/ctica000/MS_thesis/RegCM/Share -lrcmlib -lnetcdff  -L/leonardo/prod/spack/06/install/0.22/linux-rhel8-icelake/nvhpc-24.5/netcdf-c-4.9.2-ggbu5c62vlol4oe6sgxpjxzvapbge2hk/lib -lnetcdf -L/leonardo/prod/spack/06/install/0.22/linux-rhel8-icelake/nvhpc-24.5/netcdf-fortran-4.6.1-nvymynen3aoyohew4d7t646sjig4ufl6/lib -lnetcdff -lnetcdf -lnetcdf -lm
libtool: link: mpifort -DUSE_MPI3 -DF2008 -O3 -fast -fastsse -g -byteswapio -g -stdpar=gpu -gpu=ccall-major,lineinfo,mem:managed -Minfo=accel -traceback -cudalib=nvtx,cusparse -o clmbc mod_vectutil.o mod_grid.o mod_write.o mod_header.o mod_mksst.o mod_era5.o clmbc.o -mp  -L/leonardo/home/userexternal/ctica000/MS_thesis/RegCM/external -L/leonardo/prod/spack/06/install/0.22/linux-rhel8-icelake/nvhpc-24.5/netcdf-fortran-4.6.1-nvymynen3aoyohew4d7t646sjig4ufl6/lib -L/leonardo/prod/spack/06/install/0.22/linux-rhel8-icelake/nvhpc-24.5/netcdf-c-4.9.2-ggbu5c62vlol4oe6sgxpjxzvapbge2hk/lib -Lcmip6 -lcmip6 -L/leonardo/home/userexternal/ctica000/MS_thesis/RegCM/Share -lrcmlib -lnetcdff -lnetcdf -lm -mp
/leonardo/pub/userexternal/ggiulian/nvhpc/bin/ld: warning: /scratch_local/pgcudafatCkBLcuONEq42G.o: missing .note.GNU-stack section implies executable stack
/leonardo/pub/userexternal/ggiulian/nvhpc/bin/ld: NOTE: This behaviour is deprecated and will be removed in a future version of the linker
mpifort -I/leonardo/home/userexternal/ctica000/MS_thesis/RegCM/external -DNCFILTERS_AVAIL -DNETCDF4_HDF5 -I/leonardo/prod/spack/06/install/0.22/linux-rhel8-icelake/nvhpc-24.5/netcdf-c-4.9.2-ggbu5c62vlol4oe6sgxpjxzvapbge2hk/include -I/leonardo/prod/spack/06/install/0.22/linux-rhel8-icelake/nvhpc-24.5/netcdf-fortran-4.6.1-nvymynen3aoyohew4d7t646sjig4ufl6/include -I/leonardo/prod/spack/06/install/0.22/linux-rhel8-icelake/nvhpc-24.5/netcdf-fortran-4.6.1-nvymynen3aoyohew4d7t646sjig4ufl6/include -I/leonardo/prod/spack/06/install/0.22/linux-rhel8-icelake/nvhpc-24.5/netcdf-c-4.9.2-ggbu5c62vlol4oe6sgxpjxzvapbge2hk/include -I/leonardo/prod/spack/06/install/0.22/linux-rhel8-icelake/nvhpc-24.5/netcdf-fortran-4.6.1-nvymynen3aoyohew4d7t646sjig4ufl6/include -I/leonardo/prod/spack/06/install/0.22/linux-rhel8-icelake/nvhpc-24.5/netcdf-fortran-4.6.1-nvymynen3aoyohew4d7t646sjig4ufl6/include -DCLM45 -DOPENACC -DGPU  -DSTDPAR -I/leonardo/home/userexternal/ctica000/MS_thesis/RegCM/Share  -Icmip6 -mp -DGIT_VER=\"5.0.0-944-g5801-dirty\" -DUSE_MPI3 -DF2008 -O3 -fast -fastsse -g -byteswapio -g -stdpar=gpu           -gpu=ccall-major,lineinfo,mem:managed -Minfo=accel -c mod_pgw.F90
mpifort -I/leonardo/home/userexternal/ctica000/MS_thesis/RegCM/external -DNCFILTERS_AVAIL -DNETCDF4_HDF5 -I/leonardo/prod/spack/06/install/0.22/linux-rhel8-icelake/nvhpc-24.5/netcdf-c-4.9.2-ggbu5c62vlol4oe6sgxpjxzvapbge2hk/include -I/leonardo/prod/spack/06/install/0.22/linux-rhel8-icelake/nvhpc-24.5/netcdf-fortran-4.6.1-nvymynen3aoyohew4d7t646sjig4ufl6/include -I/leonardo/prod/spack/06/install/0.22/linux-rhel8-icelake/nvhpc-24.5/netcdf-fortran-4.6.1-nvymynen3aoyohew4d7t646sjig4ufl6/include -I/leonardo/prod/spack/06/install/0.22/linux-rhel8-icelake/nvhpc-24.5/netcdf-c-4.9.2-ggbu5c62vlol4oe6sgxpjxzvapbge2hk/include -I/leonardo/prod/spack/06/install/0.22/linux-rhel8-icelake/nvhpc-24.5/netcdf-fortran-4.6.1-nvymynen3aoyohew4d7t646sjig4ufl6/include -I/leonardo/prod/spack/06/install/0.22/linux-rhel8-icelake/nvhpc-24.5/netcdf-fortran-4.6.1-nvymynen3aoyohew4d7t646sjig4ufl6/include -DCLM45 -DOPENACC -DGPU  -DSTDPAR -I/leonardo/home/userexternal/ctica000/MS_thesis/RegCM/Share  -Icmip6 -mp -DGIT_VER=\"5.0.0-944-g5801-dirty\" -DUSE_MPI3 -DF2008 -O3 -fast -fastsse -g -byteswapio -g -stdpar=gpu           -gpu=ccall-major,lineinfo,mem:managed -Minfo=accel -c pgwbc.F90
/bin/sh ../../libtool  --tag=FC   --mode=link mpifort  -DUSE_MPI3 -DF2008 -O3 -fast -fastsse -g -byteswapio -g -stdpar=gpu           -gpu=ccall-major,lineinfo,mem:managed -Minfo=accel -L/leonardo/home/userexternal/ctica000/MS_thesis/RegCM/external -L/leonardo/prod/spack/06/install/0.22/linux-rhel8-icelake/nvhpc-24.5/netcdf-fortran-4.6.1-nvymynen3aoyohew4d7t646sjig4ufl6/lib -L/leonardo/prod/spack/06/install/0.22/linux-rhel8-icelake/nvhpc-24.5/netcdf-c-4.9.2-ggbu5c62vlol4oe6sgxpjxzvapbge2hk/lib  -traceback -cudalib=nvtx,cusparse -o pgwbc mod_vectutil.o mod_grid.o mod_write.o mod_header.o mod_pgw.o pgwbc.o -mp -Lcmip6 -lcmip6 -L/leonardo/home/userexternal/ctica000/MS_thesis/RegCM/Share -lrcmlib -lnetcdff  -L/leonardo/prod/spack/06/install/0.22/linux-rhel8-icelake/nvhpc-24.5/netcdf-c-4.9.2-ggbu5c62vlol4oe6sgxpjxzvapbge2hk/lib -lnetcdf -L/leonardo/prod/spack/06/install/0.22/linux-rhel8-icelake/nvhpc-24.5/netcdf-fortran-4.6.1-nvymynen3aoyohew4d7t646sjig4ufl6/lib -lnetcdff -lnetcdf -lnetcdf -lm
libtool: link: mpifort -DUSE_MPI3 -DF2008 -O3 -fast -fastsse -g -byteswapio -g -stdpar=gpu -gpu=ccall-major,lineinfo,mem:managed -Minfo=accel -traceback -cudalib=nvtx,cusparse -o pgwbc mod_vectutil.o mod_grid.o mod_write.o mod_header.o mod_pgw.o pgwbc.o -mp  -L/leonardo/home/userexternal/ctica000/MS_thesis/RegCM/external -L/leonardo/prod/spack/06/install/0.22/linux-rhel8-icelake/nvhpc-24.5/netcdf-fortran-4.6.1-nvymynen3aoyohew4d7t646sjig4ufl6/lib -L/leonardo/prod/spack/06/install/0.22/linux-rhel8-icelake/nvhpc-24.5/netcdf-c-4.9.2-ggbu5c62vlol4oe6sgxpjxzvapbge2hk/lib -Lcmip6 -lcmip6 -L/leonardo/home/userexternal/ctica000/MS_thesis/RegCM/Share -lrcmlib -lnetcdff -lnetcdf -lm -mp
/leonardo/pub/userexternal/ggiulian/nvhpc/bin/ld: warning: /scratch_local/pgcudafatYkZLcwdo3UkkB.o: missing .note.GNU-stack section implies executable stack
/leonardo/pub/userexternal/ggiulian/nvhpc/bin/ld: NOTE: This behaviour is deprecated and will be removed in a future version of the linker
mpifort -I/leonardo/home/userexternal/ctica000/MS_thesis/RegCM/external -DNCFILTERS_AVAIL -DNETCDF4_HDF5 -I/leonardo/prod/spack/06/install/0.22/linux-rhel8-icelake/nvhpc-24.5/netcdf-c-4.9.2-ggbu5c62vlol4oe6sgxpjxzvapbge2hk/include -I/leonardo/prod/spack/06/install/0.22/linux-rhel8-icelake/nvhpc-24.5/netcdf-fortran-4.6.1-nvymynen3aoyohew4d7t646sjig4ufl6/include -I/leonardo/prod/spack/06/install/0.22/linux-rhel8-icelake/nvhpc-24.5/netcdf-fortran-4.6.1-nvymynen3aoyohew4d7t646sjig4ufl6/include -I/leonardo/prod/spack/06/install/0.22/linux-rhel8-icelake/nvhpc-24.5/netcdf-c-4.9.2-ggbu5c62vlol4oe6sgxpjxzvapbge2hk/include -I/leonardo/prod/spack/06/install/0.22/linux-rhel8-icelake/nvhpc-24.5/netcdf-fortran-4.6.1-nvymynen3aoyohew4d7t646sjig4ufl6/include -I/leonardo/prod/spack/06/install/0.22/linux-rhel8-icelake/nvhpc-24.5/netcdf-fortran-4.6.1-nvymynen3aoyohew4d7t646sjig4ufl6/include -DCLM45 -DOPENACC -DGPU  -DSTDPAR -I/leonardo/home/userexternal/ctica000/MS_thesis/RegCM/Share  -Icmip6 -mp -DGIT_VER=\"5.0.0-944-g5801-dirty\" -DUSE_MPI3 -DF2008 -O3 -fast -fastsse -g -byteswapio -g -stdpar=gpu           -gpu=ccall-major,lineinfo,mem:managed -Minfo=accel -c pgw_icbc.F90
/bin/sh ../../libtool  --tag=FC   --mode=link mpifort  -DUSE_MPI3 -DF2008 -O3 -fast -fastsse -g -byteswapio -g -stdpar=gpu           -gpu=ccall-major,lineinfo,mem:managed -Minfo=accel -L/leonardo/home/userexternal/ctica000/MS_thesis/RegCM/external -L/leonardo/prod/spack/06/install/0.22/linux-rhel8-icelake/nvhpc-24.5/netcdf-fortran-4.6.1-nvymynen3aoyohew4d7t646sjig4ufl6/lib -L/leonardo/prod/spack/06/install/0.22/linux-rhel8-icelake/nvhpc-24.5/netcdf-c-4.9.2-ggbu5c62vlol4oe6sgxpjxzvapbge2hk/lib  -traceback -cudalib=nvtx,cusparse -o pgw_icbc mod_header.o pgw_icbc.o mod_vectutil.o -mp -Lcmip6 -lcmip6 -L/leonardo/home/userexternal/ctica000/MS_thesis/RegCM/Share -lrcmlib -lnetcdff  -L/leonardo/prod/spack/06/install/0.22/linux-rhel8-icelake/nvhpc-24.5/netcdf-c-4.9.2-ggbu5c62vlol4oe6sgxpjxzvapbge2hk/lib -lnetcdf -L/leonardo/prod/spack/06/install/0.22/linux-rhel8-icelake/nvhpc-24.5/netcdf-fortran-4.6.1-nvymynen3aoyohew4d7t646sjig4ufl6/lib -lnetcdff -lnetcdf -lnetcdf -lm
libtool: link: mpifort -DUSE_MPI3 -DF2008 -O3 -fast -fastsse -g -byteswapio -g -stdpar=gpu -gpu=ccall-major,lineinfo,mem:managed -Minfo=accel -traceback -cudalib=nvtx,cusparse -o pgw_icbc mod_header.o pgw_icbc.o mod_vectutil.o -mp  -L/leonardo/home/userexternal/ctica000/MS_thesis/RegCM/external -L/leonardo/prod/spack/06/install/0.22/linux-rhel8-icelake/nvhpc-24.5/netcdf-fortran-4.6.1-nvymynen3aoyohew4d7t646sjig4ufl6/lib -L/leonardo/prod/spack/06/install/0.22/linux-rhel8-icelake/nvhpc-24.5/netcdf-c-4.9.2-ggbu5c62vlol4oe6sgxpjxzvapbge2hk/lib -Lcmip6 -lcmip6 -L/leonardo/home/userexternal/ctica000/MS_thesis/RegCM/Share -lrcmlib -lnetcdff -lnetcdf -lm -mp
/leonardo/pub/userexternal/ggiulian/nvhpc/bin/ld: warning: /scratch_local/pgcudafato2sMcQSGlsfcT.o: missing .note.GNU-stack section implies executable stack
/leonardo/pub/userexternal/ggiulian/nvhpc/bin/ld: NOTE: This behaviour is deprecated and will be removed in a future version of the linker
make[4]: Entering directory '/leonardo/home/userexternal/ctica000/MS_thesis/RegCM/PreProc/ICBC'
 /usr/bin/mkdir -p '/leonardo/home/userexternal/ctica000/MS_thesis/RegCM/bin'
  /bin/sh ../../libtool   --mode=install /usr/bin/install -c sst '/leonardo/home/userexternal/ctica000/MS_thesis/RegCM/bin/./sstCLM45_OPENACC_GPU_STDPAR'
libtool: install: /usr/bin/install -c sst /leonardo/home/userexternal/ctica000/MS_thesis/RegCM/bin/./sstCLM45_OPENACC_GPU_STDPAR
  /bin/sh ../../libtool   --mode=install /usr/bin/install -c icbc '/leonardo/home/userexternal/ctica000/MS_thesis/RegCM/bin/./icbcCLM45_OPENACC_GPU_STDPAR'
libtool: install: /usr/bin/install -c icbc /leonardo/home/userexternal/ctica000/MS_thesis/RegCM/bin/./icbcCLM45_OPENACC_GPU_STDPAR
  /bin/sh ../../libtool   --mode=install /usr/bin/install -c chem_icbc '/leonardo/home/userexternal/ctica000/MS_thesis/RegCM/bin/./chem_icbcCLM45_OPENACC_GPU_STDPAR'
libtool: install: /usr/bin/install -c chem_icbc /leonardo/home/userexternal/ctica000/MS_thesis/RegCM/bin/./chem_icbcCLM45_OPENACC_GPU_STDPAR
  /bin/sh ../../libtool   --mode=install /usr/bin/install -c clmbc '/leonardo/home/userexternal/ctica000/MS_thesis/RegCM/bin/./clmbcCLM45_OPENACC_GPU_STDPAR'
libtool: install: /usr/bin/install -c clmbc /leonardo/home/userexternal/ctica000/MS_thesis/RegCM/bin/./clmbcCLM45_OPENACC_GPU_STDPAR
  /bin/sh ../../libtool   --mode=install /usr/bin/install -c pgwbc '/leonardo/home/userexternal/ctica000/MS_thesis/RegCM/bin/./pgwbcCLM45_OPENACC_GPU_STDPAR'
libtool: install: /usr/bin/install -c pgwbc /leonardo/home/userexternal/ctica000/MS_thesis/RegCM/bin/./pgwbcCLM45_OPENACC_GPU_STDPAR
  /bin/sh ../../libtool   --mode=install /usr/bin/install -c pgw_icbc '/leonardo/home/userexternal/ctica000/MS_thesis/RegCM/bin/./pgw_icbcCLM45_OPENACC_GPU_STDPAR'
libtool: install: /usr/bin/install -c pgw_icbc /leonardo/home/userexternal/ctica000/MS_thesis/RegCM/bin/./pgw_icbcCLM45_OPENACC_GPU_STDPAR
make[4]: Nothing to be done for 'install-data-am'.
make[4]: Leaving directory '/leonardo/home/userexternal/ctica000/MS_thesis/RegCM/PreProc/ICBC'
make[3]: Leaving directory '/leonardo/home/userexternal/ctica000/MS_thesis/RegCM/PreProc/ICBC'
make[2]: Leaving directory '/leonardo/home/userexternal/ctica000/MS_thesis/RegCM/PreProc/ICBC'
Making install in CLM
make[2]: Entering directory '/leonardo/home/userexternal/ctica000/MS_thesis/RegCM/PreProc/CLM'
make[3]: Entering directory '/leonardo/home/userexternal/ctica000/MS_thesis/RegCM/PreProc/CLM'
make[3]: Nothing to be done for 'install-data-am'.
make[3]: Leaving directory '/leonardo/home/userexternal/ctica000/MS_thesis/RegCM/PreProc/CLM'
make[2]: Leaving directory '/leonardo/home/userexternal/ctica000/MS_thesis/RegCM/PreProc/CLM'
Making install in CLM45
make[2]: Entering directory '/leonardo/home/userexternal/ctica000/MS_thesis/RegCM/PreProc/CLM45'
make[3]: Entering directory '/leonardo/home/userexternal/ctica000/MS_thesis/RegCM/PreProc/CLM45'
 /usr/bin/mkdir -p '/leonardo/home/userexternal/ctica000/MS_thesis/RegCM/bin'
  /bin/sh ../../libtool   --mode=install /usr/bin/install -c mksurfdata '/leonardo/home/userexternal/ctica000/MS_thesis/RegCM/bin/./mksurfdataCLM45_OPENACC_GPU_STDPAR'
libtool: install: /usr/bin/install -c mksurfdata /leonardo/home/userexternal/ctica000/MS_thesis/RegCM/bin/./mksurfdataCLM45_OPENACC_GPU_STDPAR
  /bin/sh ../../libtool   --mode=install /usr/bin/install -c interpinic '/leonardo/home/userexternal/ctica000/MS_thesis/RegCM/bin/./interpinicCLM45_OPENACC_GPU_STDPAR'
libtool: install: /usr/bin/install -c interpinic /leonardo/home/userexternal/ctica000/MS_thesis/RegCM/bin/./interpinicCLM45_OPENACC_GPU_STDPAR
make[3]: Nothing to be done for 'install-data-am'.
make[3]: Leaving directory '/leonardo/home/userexternal/ctica000/MS_thesis/RegCM/PreProc/CLM45'
make[2]: Leaving directory '/leonardo/home/userexternal/ctica000/MS_thesis/RegCM/PreProc/CLM45'
Making install in CH_EMISSIONS
make[2]: Entering directory '/leonardo/home/userexternal/ctica000/MS_thesis/RegCM/PreProc/CH_EMISSIONS'
Making install in interpolation
make[3]: Entering directory '/leonardo/home/userexternal/ctica000/MS_thesis/RegCM/PreProc/CH_EMISSIONS/interpolation'
Making install in tools
make[4]: Entering directory '/leonardo/home/userexternal/ctica000/MS_thesis/RegCM/PreProc/CH_EMISSIONS/interpolation/tools'
Making install in REGCM_grid
make[5]: Entering directory '/leonardo/home/userexternal/ctica000/MS_thesis/RegCM/PreProc/CH_EMISSIONS/interpolation/tools/REGCM_grid'
make[6]: Entering directory '/leonardo/home/userexternal/ctica000/MS_thesis/RegCM/PreProc/CH_EMISSIONS/interpolation/tools/REGCM_grid'
 /usr/bin/mkdir -p '/leonardo/home/userexternal/ctica000/MS_thesis/RegCM/bin'
  /bin/sh ../../../../../libtool   --mode=install /usr/bin/install -c emcre_grid '/leonardo/home/userexternal/ctica000/MS_thesis/RegCM/bin/./emcre_gridCLM45_OPENACC_GPU_STDPAR'
libtool: install: /usr/bin/install -c emcre_grid /leonardo/home/userexternal/ctica000/MS_thesis/RegCM/bin/./emcre_gridCLM45_OPENACC_GPU_STDPAR
make[6]: Nothing to be done for 'install-data-am'.
make[6]: Leaving directory '/leonardo/home/userexternal/ctica000/MS_thesis/RegCM/PreProc/CH_EMISSIONS/interpolation/tools/REGCM_grid'
make[5]: Leaving directory '/leonardo/home/userexternal/ctica000/MS_thesis/RegCM/PreProc/CH_EMISSIONS/interpolation/tools/REGCM_grid'
make[5]: Entering directory '/leonardo/home/userexternal/ctica000/MS_thesis/RegCM/PreProc/CH_EMISSIONS/interpolation/tools'
make[6]: Entering directory '/leonardo/home/userexternal/ctica000/MS_thesis/RegCM/PreProc/CH_EMISSIONS/interpolation/tools'
make[6]: Nothing to be done for 'install-exec-am'.
make[6]: Nothing to be done for 'install-data-am'.
make[6]: Leaving directory '/leonardo/home/userexternal/ctica000/MS_thesis/RegCM/PreProc/CH_EMISSIONS/interpolation/tools'
make[5]: Leaving directory '/leonardo/home/userexternal/ctica000/MS_thesis/RegCM/PreProc/CH_EMISSIONS/interpolation/tools'
make[4]: Leaving directory '/leonardo/home/userexternal/ctica000/MS_thesis/RegCM/PreProc/CH_EMISSIONS/interpolation/tools'
make[4]: Entering directory '/leonardo/home/userexternal/ctica000/MS_thesis/RegCM/PreProc/CH_EMISSIONS/interpolation'
make[5]: Entering directory '/leonardo/home/userexternal/ctica000/MS_thesis/RegCM/PreProc/CH_EMISSIONS/interpolation'
make  install-exec-hook
make[6]: Entering directory '/leonardo/home/userexternal/ctica000/MS_thesis/RegCM/PreProc/CH_EMISSIONS/interpolation'
cp interp_emissions.sh /leonardo/home/userexternal/ctica000/MS_thesis/RegCM/bin/interp_emissions
cp interp_pollen.sh /leonardo/home/userexternal/ctica000/MS_thesis/RegCM/bin/interp_pollen
cp interp_bionox.sh /leonardo/home/userexternal/ctica000/MS_thesis/RegCM/bin/interp_bionox
cp interp_dustparam.sh /leonardo/home/userexternal/ctica000/MS_thesis/RegCM/bin/interp_dustparam
cp interp_emissions_bioburn.sh /leonardo/home/userexternal/ctica000/MS_thesis/RegCM/bin/interp_emissions_bioburn.sh
make[6]: Leaving directory '/leonardo/home/userexternal/ctica000/MS_thesis/RegCM/PreProc/CH_EMISSIONS/interpolation'
make[5]: Nothing to be done for 'install-data-am'.
make[5]: Leaving directory '/leonardo/home/userexternal/ctica000/MS_thesis/RegCM/PreProc/CH_EMISSIONS/interpolation'
make[4]: Leaving directory '/leonardo/home/userexternal/ctica000/MS_thesis/RegCM/PreProc/CH_EMISSIONS/interpolation'
make[3]: Leaving directory '/leonardo/home/userexternal/ctica000/MS_thesis/RegCM/PreProc/CH_EMISSIONS/interpolation'
make[3]: Entering directory '/leonardo/home/userexternal/ctica000/MS_thesis/RegCM/PreProc/CH_EMISSIONS'
make[4]: Entering directory '/leonardo/home/userexternal/ctica000/MS_thesis/RegCM/PreProc/CH_EMISSIONS'
make[4]: Nothing to be done for 'install-exec-am'.
make[4]: Nothing to be done for 'install-data-am'.
make[4]: Leaving directory '/leonardo/home/userexternal/ctica000/MS_thesis/RegCM/PreProc/CH_EMISSIONS'
make[3]: Leaving directory '/leonardo/home/userexternal/ctica000/MS_thesis/RegCM/PreProc/CH_EMISSIONS'
make[2]: Leaving directory '/leonardo/home/userexternal/ctica000/MS_thesis/RegCM/PreProc/CH_EMISSIONS'
make[2]: Entering directory '/leonardo/home/userexternal/ctica000/MS_thesis/RegCM/PreProc'
make[3]: Entering directory '/leonardo/home/userexternal/ctica000/MS_thesis/RegCM/PreProc'
make[3]: Nothing to be done for 'install-exec-am'.
make[3]: Nothing to be done for 'install-data-am'.
make[3]: Leaving directory '/leonardo/home/userexternal/ctica000/MS_thesis/RegCM/PreProc'
make[2]: Leaving directory '/leonardo/home/userexternal/ctica000/MS_thesis/RegCM/PreProc'
make[1]: Leaving directory '/leonardo/home/userexternal/ctica000/MS_thesis/RegCM/PreProc'
Making install in Main
make[1]: Entering directory '/leonardo/home/userexternal/ctica000/MS_thesis/RegCM/Main'
Making install in mpplib
make[2]: Entering directory '/leonardo/home/userexternal/ctica000/MS_thesis/RegCM/Main/mpplib'
make[3]: Entering directory '/leonardo/home/userexternal/ctica000/MS_thesis/RegCM/Main/mpplib'
make[3]: Nothing to be done for 'install-exec-am'.
make[3]: Nothing to be done for 'install-data-am'.
make[3]: Leaving directory '/leonardo/home/userexternal/ctica000/MS_thesis/RegCM/Main/mpplib'
make[2]: Leaving directory '/leonardo/home/userexternal/ctica000/MS_thesis/RegCM/Main/mpplib'
Making install in netlib
make[2]: Entering directory '/leonardo/home/userexternal/ctica000/MS_thesis/RegCM/Main/netlib'
make[3]: Entering directory '/leonardo/home/userexternal/ctica000/MS_thesis/RegCM/Main/netlib'
make[3]: Nothing to be done for 'install-exec-am'.
make[3]: Nothing to be done for 'install-data-am'.
make[3]: Leaving directory '/leonardo/home/userexternal/ctica000/MS_thesis/RegCM/Main/netlib'
make[2]: Leaving directory '/leonardo/home/userexternal/ctica000/MS_thesis/RegCM/Main/netlib'
Making install in batslib
make[2]: Entering directory '/leonardo/home/userexternal/ctica000/MS_thesis/RegCM/Main/batslib'
make[3]: Entering directory '/leonardo/home/userexternal/ctica000/MS_thesis/RegCM/Main/batslib'
make[3]: Nothing to be done for 'install-exec-am'.
make[3]: Nothing to be done for 'install-data-am'.
make[3]: Leaving directory '/leonardo/home/userexternal/ctica000/MS_thesis/RegCM/Main/batslib'
make[2]: Leaving directory '/leonardo/home/userexternal/ctica000/MS_thesis/RegCM/Main/batslib'
Making install in ocnlib
make[2]: Entering directory '/leonardo/home/userexternal/ctica000/MS_thesis/RegCM/Main/ocnlib'
make[3]: Entering directory '/leonardo/home/userexternal/ctica000/MS_thesis/RegCM/Main/ocnlib'
make[3]: Nothing to be done for 'install-exec-am'.
make[3]: Nothing to be done for 'install-data-am'.
make[3]: Leaving directory '/leonardo/home/userexternal/ctica000/MS_thesis/RegCM/Main/ocnlib'
make[2]: Leaving directory '/leonardo/home/userexternal/ctica000/MS_thesis/RegCM/Main/ocnlib'
Making install in chemlib
make[2]: Entering directory '/leonardo/home/userexternal/ctica000/MS_thesis/RegCM/Main/chemlib'
Making install in GAS_CBMZ_NEW
make[3]: Entering directory '/leonardo/home/userexternal/ctica000/MS_thesis/RegCM/Main/chemlib/GAS_CBMZ_NEW'
make[4]: Entering directory '/leonardo/home/userexternal/ctica000/MS_thesis/RegCM/Main/chemlib/GAS_CBMZ_NEW'
make[4]: Nothing to be done for 'install-exec-am'.
make[4]: Nothing to be done for 'install-data-am'.
make[4]: Leaving directory '/leonardo/home/userexternal/ctica000/MS_thesis/RegCM/Main/chemlib/GAS_CBMZ_NEW'
make[3]: Leaving directory '/leonardo/home/userexternal/ctica000/MS_thesis/RegCM/Main/chemlib/GAS_CBMZ_NEW'
make[3]: Entering directory '/leonardo/home/userexternal/ctica000/MS_thesis/RegCM/Main/chemlib'
make[4]: Entering directory '/leonardo/home/userexternal/ctica000/MS_thesis/RegCM/Main/chemlib'
make[4]: Nothing to be done for 'install-exec-am'.
make[4]: Nothing to be done for 'install-data-am'.
make[4]: Leaving directory '/leonardo/home/userexternal/ctica000/MS_thesis/RegCM/Main/chemlib'
make[3]: Leaving directory '/leonardo/home/userexternal/ctica000/MS_thesis/RegCM/Main/chemlib'
make[2]: Leaving directory '/leonardo/home/userexternal/ctica000/MS_thesis/RegCM/Main/chemlib'
Making install in clmlib
make[2]: Entering directory '/leonardo/home/userexternal/ctica000/MS_thesis/RegCM/Main/clmlib'
Making install in clm4.5
make[3]: Entering directory '/leonardo/home/userexternal/ctica000/MS_thesis/RegCM/Main/clmlib/clm4.5'
make[4]: Entering directory '/leonardo/home/userexternal/ctica000/MS_thesis/RegCM/Main/clmlib/clm4.5'
make[4]: Nothing to be done for 'install-exec-am'.
make[4]: Nothing to be done for 'install-data-am'.
make[4]: Leaving directory '/leonardo/home/userexternal/ctica000/MS_thesis/RegCM/Main/clmlib/clm4.5'
make[3]: Leaving directory '/leonardo/home/userexternal/ctica000/MS_thesis/RegCM/Main/clmlib/clm4.5'
make[3]: Entering directory '/leonardo/home/userexternal/ctica000/MS_thesis/RegCM/Main/clmlib'
make[4]: Entering directory '/leonardo/home/userexternal/ctica000/MS_thesis/RegCM/Main/clmlib'
make[4]: Nothing to be done for 'install-exec-am'.
make[4]: Nothing to be done for 'install-data-am'.
make[4]: Leaving directory '/leonardo/home/userexternal/ctica000/MS_thesis/RegCM/Main/clmlib'
make[3]: Leaving directory '/leonardo/home/userexternal/ctica000/MS_thesis/RegCM/Main/clmlib'
make[2]: Leaving directory '/leonardo/home/userexternal/ctica000/MS_thesis/RegCM/Main/clmlib'
Making install in microlib
make[2]: Entering directory '/leonardo/home/userexternal/ctica000/MS_thesis/RegCM/Main/microlib'
make[3]: Entering directory '/leonardo/home/userexternal/ctica000/MS_thesis/RegCM/Main/microlib'
make[3]: Nothing to be done for 'install-exec-am'.
make[3]: Nothing to be done for 'install-data-am'.
make[3]: Leaving directory '/leonardo/home/userexternal/ctica000/MS_thesis/RegCM/Main/microlib'
make[2]: Leaving directory '/leonardo/home/userexternal/ctica000/MS_thesis/RegCM/Main/microlib'
Making install in cloudlib
make[2]: Entering directory '/leonardo/home/userexternal/ctica000/MS_thesis/RegCM/Main/cloudlib'
make[3]: Entering directory '/leonardo/home/userexternal/ctica000/MS_thesis/RegCM/Main/cloudlib'
make[3]: Nothing to be done for 'install-exec-am'.
make[3]: Nothing to be done for 'install-data-am'.
make[3]: Leaving directory '/leonardo/home/userexternal/ctica000/MS_thesis/RegCM/Main/cloudlib'
make[2]: Leaving directory '/leonardo/home/userexternal/ctica000/MS_thesis/RegCM/Main/cloudlib'
Making install in cumlib
make[2]: Entering directory '/leonardo/home/userexternal/ctica000/MS_thesis/RegCM/Main/cumlib'
make[3]: Entering directory '/leonardo/home/userexternal/ctica000/MS_thesis/RegCM/Main/cumlib'
make[3]: Nothing to be done for 'install-exec-am'.
make[3]: Nothing to be done for 'install-data-am'.
make[3]: Leaving directory '/leonardo/home/userexternal/ctica000/MS_thesis/RegCM/Main/cumlib'
make[2]: Leaving directory '/leonardo/home/userexternal/ctica000/MS_thesis/RegCM/Main/cumlib'
Making install in radlib
make[2]: Entering directory '/leonardo/home/userexternal/ctica000/MS_thesis/RegCM/Main/radlib'
Making install in RRTMG
make[3]: Entering directory '/leonardo/home/userexternal/ctica000/MS_thesis/RegCM/Main/radlib/RRTMG'
make[4]: Entering directory '/leonardo/home/userexternal/ctica000/MS_thesis/RegCM/Main/radlib/RRTMG'
make[4]: Nothing to be done for 'install-exec-am'.
make[4]: Nothing to be done for 'install-data-am'.
make[4]: Leaving directory '/leonardo/home/userexternal/ctica000/MS_thesis/RegCM/Main/radlib/RRTMG'
make[3]: Leaving directory '/leonardo/home/userexternal/ctica000/MS_thesis/RegCM/Main/radlib/RRTMG'
make[3]: Entering directory '/leonardo/home/userexternal/ctica000/MS_thesis/RegCM/Main/radlib'
mpifort -I/leonardo/home/userexternal/ctica000/MS_thesis/RegCM/external -DNCFILTERS_AVAIL -DNETCDF4_HDF5 -I/leonardo/prod/spack/06/install/0.22/linux-rhel8-icelake/nvhpc-24.5/netcdf-c-4.9.2-ggbu5c62vlol4oe6sgxpjxzvapbge2hk/include -I/leonardo/prod/spack/06/install/0.22/linux-rhel8-icelake/nvhpc-24.5/netcdf-fortran-4.6.1-nvymynen3aoyohew4d7t646sjig4ufl6/include -I/leonardo/prod/spack/06/install/0.22/linux-rhel8-icelake/nvhpc-24.5/netcdf-fortran-4.6.1-nvymynen3aoyohew4d7t646sjig4ufl6/include -I/leonardo/prod/spack/06/install/0.22/linux-rhel8-icelake/nvhpc-24.5/netcdf-c-4.9.2-ggbu5c62vlol4oe6sgxpjxzvapbge2hk/include -I/leonardo/prod/spack/06/install/0.22/linux-rhel8-icelake/nvhpc-24.5/netcdf-fortran-4.6.1-nvymynen3aoyohew4d7t646sjig4ufl6/include -I/leonardo/prod/spack/06/install/0.22/linux-rhel8-icelake/nvhpc-24.5/netcdf-fortran-4.6.1-nvymynen3aoyohew4d7t646sjig4ufl6/include -DCLM45 -DOPENACC -DGPU  -DSTDPAR -I/leonardo/home/userexternal/ctica000/MS_thesis/RegCM/Share  -IRRTMG -DGIT_VER=\"5.0.0-944-g5801-dirty\" -DUSE_MPI3 -DF2008 -O3 -fast -fastsse -g -byteswapio -g -stdpar=gpu           -gpu=ccall-major,lineinfo,mem:managed -Minfo=accel  -I/leonardo/home/userexternal/ctica000/MS_thesis/RegCM/Main/mpplib -I/leonardo/home/userexternal/ctica000/MS_thesis/RegCM/external -c mod_rad_o3blk.F90
rm -f librad.a
ar cru librad.a mod_rad_colmod3.o mod_rad_o3blk.o mod_rad_outrad.o mod_rad_common.o mod_rad_radiation.o mod_rad_tracer.o mod_rad_aerosol.o mod_atm_msis.o mod_rrtmg_driver.o rrtmg_sw_cldprmc.o rrtmg_sw_read_nc.o rrtmg_sw_spcvmc.o rrtmg_sw_vrtqdr.o rrtmg_sw_cldprop.o rrtmg_sw_rad.o rrtmg_sw_reftra.o rrtmg_sw_spcvrt.o rrtmg_sw_init.o rrtmg_sw_rad.nomcica.o rrtmg_sw_setcoef.o rrtmg_sw_taumol.o mcica_random_numbers.o mcica_subcol_gen_sw.o rrtmg_lw_cldprop.o rrtmg_lw_rad.o rrtmg_lw_rtrn.o rrtmg_lw_setcoef.o mcica_subcol_gen_lw.o rrtmg_lw_init.o rrtmg_lw_rad.nomcica.o rrtmg_lw_rtrnmc.o rrtmg_lw_taumol.o rrtmg_lw_cldprmc.o rrtmg_lw_read_nc.o rrtmg_lw_rtrnmr.o 
ranlib librad.a
make[4]: Entering directory '/leonardo/home/userexternal/ctica000/MS_thesis/RegCM/Main/radlib'
make[4]: Nothing to be done for 'install-exec-am'.
make[4]: Nothing to be done for 'install-data-am'.
make[4]: Leaving directory '/leonardo/home/userexternal/ctica000/MS_thesis/RegCM/Main/radlib'
make[3]: Leaving directory '/leonardo/home/userexternal/ctica000/MS_thesis/RegCM/Main/radlib'
make[2]: Leaving directory '/leonardo/home/userexternal/ctica000/MS_thesis/RegCM/Main/radlib'
Making install in pbllib
make[2]: Entering directory '/leonardo/home/userexternal/ctica000/MS_thesis/RegCM/Main/pbllib'
make[3]: Entering directory '/leonardo/home/userexternal/ctica000/MS_thesis/RegCM/Main/pbllib'
make[3]: Nothing to be done for 'install-exec-am'.
make[3]: Nothing to be done for 'install-data-am'.
make[3]: Leaving directory '/leonardo/home/userexternal/ctica000/MS_thesis/RegCM/Main/pbllib'
make[2]: Leaving directory '/leonardo/home/userexternal/ctica000/MS_thesis/RegCM/Main/pbllib'
Making install in oasislib
make[2]: Entering directory '/leonardo/home/userexternal/ctica000/MS_thesis/RegCM/Main/oasislib'
make[3]: Entering directory '/leonardo/home/userexternal/ctica000/MS_thesis/RegCM/Main/oasislib'
make[3]: Nothing to be done for 'install-exec-am'.
make[3]: Nothing to be done for 'install-data-am'.
make[3]: Leaving directory '/leonardo/home/userexternal/ctica000/MS_thesis/RegCM/Main/oasislib'
make[2]: Leaving directory '/leonardo/home/userexternal/ctica000/MS_thesis/RegCM/Main/oasislib'
make[2]: Entering directory '/leonardo/home/userexternal/ctica000/MS_thesis/RegCM/Main'
mpifort -I/leonardo/home/userexternal/ctica000/MS_thesis/RegCM/external -DNCFILTERS_AVAIL -DNETCDF4_HDF5 -I/leonardo/prod/spack/06/install/0.22/linux-rhel8-icelake/nvhpc-24.5/netcdf-c-4.9.2-ggbu5c62vlol4oe6sgxpjxzvapbge2hk/include -I/leonardo/prod/spack/06/install/0.22/linux-rhel8-icelake/nvhpc-24.5/netcdf-fortran-4.6.1-nvymynen3aoyohew4d7t646sjig4ufl6/include -I/leonardo/prod/spack/06/install/0.22/linux-rhel8-icelake/nvhpc-24.5/netcdf-fortran-4.6.1-nvymynen3aoyohew4d7t646sjig4ufl6/include -I/leonardo/prod/spack/06/install/0.22/linux-rhel8-icelake/nvhpc-24.5/netcdf-c-4.9.2-ggbu5c62vlol4oe6sgxpjxzvapbge2hk/include -I/leonardo/prod/spack/06/install/0.22/linux-rhel8-icelake/nvhpc-24.5/netcdf-fortran-4.6.1-nvymynen3aoyohew4d7t646sjig4ufl6/include -I/leonardo/prod/spack/06/install/0.22/linux-rhel8-icelake/nvhpc-24.5/netcdf-fortran-4.6.1-nvymynen3aoyohew4d7t646sjig4ufl6/include -DCLM45 -DOPENACC -DGPU  -DSTDPAR -I/leonardo/home/userexternal/ctica000/MS_thesis/RegCM/Share  -I./mpplib -I./clmlib -I./netlib -Ichemlib/GAS_CBMZ_NEW -I./chemlib -I./batslib -I./ocnlib -I./cumlib -I./microlib -I./cloudlib -I./radlib -I./pbllib -Iradlib/RRTMG -I./clmlib/clm4.5 -I./oasislib -DGIT_VER=\"5.0.0-944-g5801-dirty\" -DUSE_MPI3 -DF2008 -O3 -fast -fastsse -g -byteswapio -g -stdpar=gpu           -gpu=ccall-major,lineinfo,mem:managed -Minfo=accel -c mod_rad_interface.F90
export_data_from_rad:
    254, Generating NVIDIA GPU code
        254,   ! blockidx%x threadidx%x auto-collapsed
             Loop parallelized across CUDA thread blocks, CUDA threads(128) collapse(3) ! blockidx%x threadidx%x collapsed-innermost
    254, Generating implicit copy(expfie) [if not already present]
         Generating implicit copyout(expfie%cldlwc(jci1:jci2,ici1:ici2,1:kz)) [if not already present]
         Generating implicit copyin(m2r,m2r%cldlwc(jci1:jci2,ici1:ici2,1:kz),m2r%cldfrc(jci1:jci2,ici1:ici2,1:kz)) [if not already present]
         Generating implicit copyout(expfie%cldfrc(jci1:jci2,ici1:ici2,1:kz)) [if not already present]
mpifort -I/leonardo/home/userexternal/ctica000/MS_thesis/RegCM/external -DNCFILTERS_AVAIL -DNETCDF4_HDF5 -I/leonardo/prod/spack/06/install/0.22/linux-rhel8-icelake/nvhpc-24.5/netcdf-c-4.9.2-ggbu5c62vlol4oe6sgxpjxzvapbge2hk/include -I/leonardo/prod/spack/06/install/0.22/linux-rhel8-icelake/nvhpc-24.5/netcdf-fortran-4.6.1-nvymynen3aoyohew4d7t646sjig4ufl6/include -I/leonardo/prod/spack/06/install/0.22/linux-rhel8-icelake/nvhpc-24.5/netcdf-fortran-4.6.1-nvymynen3aoyohew4d7t646sjig4ufl6/include -I/leonardo/prod/spack/06/install/0.22/linux-rhel8-icelake/nvhpc-24.5/netcdf-c-4.9.2-ggbu5c62vlol4oe6sgxpjxzvapbge2hk/include -I/leonardo/prod/spack/06/install/0.22/linux-rhel8-icelake/nvhpc-24.5/netcdf-fortran-4.6.1-nvymynen3aoyohew4d7t646sjig4ufl6/include -I/leonardo/prod/spack/06/install/0.22/linux-rhel8-icelake/nvhpc-24.5/netcdf-fortran-4.6.1-nvymynen3aoyohew4d7t646sjig4ufl6/include -DCLM45 -DOPENACC -DGPU  -DSTDPAR -I/leonardo/home/userexternal/ctica000/MS_thesis/RegCM/Share  -I./mpplib -I./clmlib -I./netlib -Ichemlib/GAS_CBMZ_NEW -I./chemlib -I./batslib -I./ocnlib -I./cumlib -I./microlib -I./cloudlib -I./radlib -I./pbllib -Iradlib/RRTMG -I./clmlib/clm4.5 -I./oasislib -DGIT_VER=\"5.0.0-944-g5801-dirty\" -DUSE_MPI3 -DF2008 -O3 -fast -fastsse -g -byteswapio -g -stdpar=gpu           -gpu=ccall-major,lineinfo,mem:managed -Minfo=accel -c mod_che_interface.F90
mpifort -I/leonardo/home/userexternal/ctica000/MS_thesis/RegCM/external -DNCFILTERS_AVAIL -DNETCDF4_HDF5 -I/leonardo/prod/spack/06/install/0.22/linux-rhel8-icelake/nvhpc-24.5/netcdf-c-4.9.2-ggbu5c62vlol4oe6sgxpjxzvapbge2hk/include -I/leonardo/prod/spack/06/install/0.22/linux-rhel8-icelake/nvhpc-24.5/netcdf-fortran-4.6.1-nvymynen3aoyohew4d7t646sjig4ufl6/include -I/leonardo/prod/spack/06/install/0.22/linux-rhel8-icelake/nvhpc-24.5/netcdf-fortran-4.6.1-nvymynen3aoyohew4d7t646sjig4ufl6/include -I/leonardo/prod/spack/06/install/0.22/linux-rhel8-icelake/nvhpc-24.5/netcdf-c-4.9.2-ggbu5c62vlol4oe6sgxpjxzvapbge2hk/include -I/leonardo/prod/spack/06/install/0.22/linux-rhel8-icelake/nvhpc-24.5/netcdf-fortran-4.6.1-nvymynen3aoyohew4d7t646sjig4ufl6/include -I/leonardo/prod/spack/06/install/0.22/linux-rhel8-icelake/nvhpc-24.5/netcdf-fortran-4.6.1-nvymynen3aoyohew4d7t646sjig4ufl6/include -DCLM45 -DOPENACC -DGPU  -DSTDPAR -I/leonardo/home/userexternal/ctica000/MS_thesis/RegCM/Share  -I./mpplib -I./clmlib -I./netlib -Ichemlib/GAS_CBMZ_NEW -I./chemlib -I./batslib -I./ocnlib -I./cumlib -I./microlib -I./cloudlib -I./radlib -I./pbllib -Iradlib/RRTMG -I./clmlib/clm4.5 -I./oasislib -DGIT_VER=\"5.0.0-944-g5801-dirty\" -DUSE_MPI3 -DF2008 -O3 -fast -fastsse -g -byteswapio -g -stdpar=gpu           -gpu=ccall-major,lineinfo,mem:managed -Minfo=accel -c mod_pbl_interface.F90
allocate_pblscheme:
     64, Generating enter data create(kmxpbl(:,:))
pblscheme:
    204, Generating NVIDIA GPU code
        204,   ! blockidx%x threadidx%x auto-collapsed
             Loop parallelized across CUDA thread blocks, CUDA threads(128) collapse(3) ! blockidx%x threadidx%x collapsed-innermost
    204, Generating implicit copy(p2m%vten(jci1:jci2,idi1:idi2,1:kz)) [if not already present]
         Generating implicit copyin(vtend(jci1:jci2,idi1:idi2,1:kz),p2m) [if not already present]
    207, Generating NVIDIA GPU code
        207,   ! blockidx%x threadidx%x auto-collapsed
             Loop parallelized across CUDA thread blocks, CUDA threads(128) collapse(3) ! blockidx%x threadidx%x collapsed-innermost
    207, Generating implicit copyin(utend(jdi1:jdi2,ici1:ici2,1:kz)) [if not already present]
         Generating implicit copy(p2m%uten(jdi1:jdi2,ici1:ici2,1:kz)) [if not already present]
         Generating implicit copyin(p2m) [if not already present]
    212, Generating NVIDIA GPU code
        212,   ! blockidx%x threadidx%x auto-collapsed
             Loop parallelized across CUDA thread blocks, CUDA threads(128) collapse(3) ! blockidx%x threadidx%x collapsed-innermost
    212, Generating implicit copyin(m2p%psdotb(jdi1:jdi2,idi1:idi2),p2m) [if not already present]
         Generating implicit copy(p2m%vten(jdi1:jdi2,idi1:idi2,1:kz)) [if not already present]
         Generating implicit copyin(m2p,vtend(jdi1:jdi2,idi1:idi2,1:kz),utend(jdi1:jdi2,idi1:idi2,1:kz)) [if not already present]
         Generating implicit copy(p2m%uten(jdi1:jdi2,idi1:idi2,1:kz)) [if not already present]
    225, Generating NVIDIA GPU code
        225,   ! blockidx%x threadidx%x auto-collapsed
             Loop parallelized across CUDA thread blocks, CUDA threads(128) collapse(3) ! blockidx%x threadidx%x collapsed-innermost
    225, Generating implicit copyin(vtend(jci1:jci2,idi1:idi2,1:kz)) [if not already present]
         Generating implicit copy(p2m%vten(jci1:jci2,idi1:idi2,1:kz)) [if not already present]
         Generating implicit copyin(p2m) [if not already present]
    228, Generating NVIDIA GPU code
        228,   ! blockidx%x threadidx%x auto-collapsed
             Loop parallelized across CUDA thread blocks, CUDA threads(128) collapse(3) ! blockidx%x threadidx%x collapsed-innermost
    228, Generating implicit copyin(utend(jdi1:jdi2,ici1:ici2,1:kz)) [if not already present]
         Generating implicit copy(p2m%uten(jdi1:jdi2,ici1:ici2,1:kz)) [if not already present]
         Generating implicit copyin(p2m) [if not already present]
    233, Generating NVIDIA GPU code
        233,   ! blockidx%x threadidx%x auto-collapsed
             Loop parallelized across CUDA thread blocks, CUDA threads(128) collapse(3) ! blockidx%x threadidx%x collapsed-innermost
    233, Generating implicit copyin(m2p%psdotb(jdi1:jdi2,idi1:idi2),p2m) [if not already present]
         Generating implicit copy(p2m%vten(jdi1:jdi2,idi1:idi2,1:kz)) [if not already present]
         Generating implicit copyin(m2p,vtend(jdi1:jdi2,idi1:idi2,1:kz),utend(jdi1:jdi2,idi1:idi2,1:kz)) [if not already present]
         Generating implicit copy(p2m%uten(jdi1:jdi2,idi1:idi2,1:kz)) [if not already present]
    246, Generating NVIDIA GPU code
        246,   ! blockidx%x threadidx%x auto-collapsed
             Loop parallelized across CUDA thread blocks, CUDA threads(128) collapse(3) ! blockidx%x threadidx%x collapsed-innermost
    246, Generating implicit copyin(vtend(jci1:jci2,idi1:idi2,1:kz)) [if not already present]
         Generating implicit copy(p2m%vten(jci1:jci2,idi1:idi2,1:kz)) [if not already present]
         Generating implicit copyin(p2m) [if not already present]
    249, Generating NVIDIA GPU code
        249,   ! blockidx%x threadidx%x auto-collapsed
             Loop parallelized across CUDA thread blocks, CUDA threads(128) collapse(3) ! blockidx%x threadidx%x collapsed-innermost
    249, Generating implicit copyin(utend(jdi1:jdi2,ici1:ici2,1:kz)) [if not already present]
         Generating implicit copy(p2m%uten(jdi1:jdi2,ici1:ici2,1:kz)) [if not already present]
         Generating implicit copyin(p2m) [if not already present]
    254, Generating NVIDIA GPU code
        254,   ! blockidx%x threadidx%x auto-collapsed
             Loop parallelized across CUDA thread blocks, CUDA threads(128) collapse(3) ! blockidx%x threadidx%x collapsed-innermost
    254, Generating implicit copyin(m2p%psdotb(jdi1:jdi2,idi1:idi2),p2m) [if not already present]
         Generating implicit copy(p2m%vten(jdi1:jdi2,idi1:idi2,1:kz)) [if not already present]
         Generating implicit copyin(m2p,vtend(jdi1:jdi2,idi1:idi2,1:kz),utend(jdi1:jdi2,idi1:idi2,1:kz)) [if not already present]
         Generating implicit copy(p2m%uten(jdi1:jdi2,idi1:idi2,1:kz)) [if not already present]
    267, Generating NVIDIA GPU code
        267,   ! blockidx%x threadidx%x auto-collapsed
             Loop parallelized across CUDA thread blocks, CUDA threads(128) collapse(3) ! blockidx%x threadidx%x collapsed-innermost
    267, Generating implicit copyin(vtend(jci1:jci2,idi1:idi2,1:kz)) [if not already present]
         Generating implicit copy(p2m%vten(jci1:jci2,idi1:idi2,1:kz)) [if not already present]
         Generating implicit copyin(p2m) [if not already present]
    270, Generating NVIDIA GPU code
        270,   ! blockidx%x threadidx%x auto-collapsed
             Loop parallelized across CUDA thread blocks, CUDA threads(128) collapse(3) ! blockidx%x threadidx%x collapsed-innermost
    270, Generating implicit copyin(utend(jdi1:jdi2,ici1:ici2,1:kz)) [if not already present]
         Generating implicit copy(p2m%uten(jdi1:jdi2,ici1:ici2,1:kz)) [if not already present]
         Generating implicit copyin(p2m) [if not already present]
    275, Generating NVIDIA GPU code
        275,   ! blockidx%x threadidx%x auto-collapsed
             Loop parallelized across CUDA thread blocks, CUDA threads(128) collapse(3) ! blockidx%x threadidx%x collapsed-innermost
    275, Generating implicit copyin(m2p%psdotb(jdi1:jdi2,idi1:idi2),p2m) [if not already present]
         Generating implicit copy(p2m%vten(jdi1:jdi2,idi1:idi2,1:kz)) [if not already present]
         Generating implicit copyin(m2p,vtend(jdi1:jdi2,idi1:idi2,1:kz),utend(jdi1:jdi2,idi1:idi2,1:kz)) [if not already present]
         Generating implicit copy(p2m%uten(jdi1:jdi2,idi1:idi2,1:kz)) [if not already present]
mpifort -I/leonardo/home/userexternal/ctica000/MS_thesis/RegCM/external -DNCFILTERS_AVAIL -DNETCDF4_HDF5 -I/leonardo/prod/spack/06/install/0.22/linux-rhel8-icelake/nvhpc-24.5/netcdf-c-4.9.2-ggbu5c62vlol4oe6sgxpjxzvapbge2hk/include -I/leonardo/prod/spack/06/install/0.22/linux-rhel8-icelake/nvhpc-24.5/netcdf-fortran-4.6.1-nvymynen3aoyohew4d7t646sjig4ufl6/include -I/leonardo/prod/spack/06/install/0.22/linux-rhel8-icelake/nvhpc-24.5/netcdf-fortran-4.6.1-nvymynen3aoyohew4d7t646sjig4ufl6/include -I/leonardo/prod/spack/06/install/0.22/linux-rhel8-icelake/nvhpc-24.5/netcdf-c-4.9.2-ggbu5c62vlol4oe6sgxpjxzvapbge2hk/include -I/leonardo/prod/spack/06/install/0.22/linux-rhel8-icelake/nvhpc-24.5/netcdf-fortran-4.6.1-nvymynen3aoyohew4d7t646sjig4ufl6/include -I/leonardo/prod/spack/06/install/0.22/linux-rhel8-icelake/nvhpc-24.5/netcdf-fortran-4.6.1-nvymynen3aoyohew4d7t646sjig4ufl6/include -DCLM45 -DOPENACC -DGPU  -DSTDPAR -I/leonardo/home/userexternal/ctica000/MS_thesis/RegCM/Share  -I./mpplib -I./clmlib -I./netlib -Ichemlib/GAS_CBMZ_NEW -I./chemlib -I./batslib -I./ocnlib -I./cumlib -I./microlib -I./cloudlib -I./radlib -I./pbllib -Iradlib/RRTMG -I./clmlib/clm4.5 -I./oasislib -DGIT_VER=\"5.0.0-944-g5801-dirty\" -DUSE_MPI3 -DF2008 -O3 -fast -fastsse -g -byteswapio -g -stdpar=gpu           -gpu=ccall-major,lineinfo,mem:managed -Minfo=accel -c mod_slice.F90
mkslice:
    116, Generating NVIDIA GPU code
        116,   ! blockidx%x threadidx%x auto-collapsed
             Loop parallelized across CUDA thread blocks, CUDA threads(128) collapse(2) ! blockidx%x threadidx%x collapsed-innermost
    116, Generating implicit copyin(atms) [if not already present]
         Generating implicit copyout(atms%pf3d(jce1:jce2,ice1:ice2,kzp1)) [if not already present]
         Generating implicit copyin(atms%ps2d(jce1:jce2,ice1:ice2)) [if not already present]
    119, Generating NVIDIA GPU code
        119,   ! blockidx%x threadidx%x auto-collapsed
             Loop parallelized across CUDA thread blocks, CUDA threads(128) collapse(3) ! blockidx%x threadidx%x collapsed-innermost
    119, Generating implicit copyout(atms%pf3d(jce1:jce2,ice1:ice2,2:kz)) [if not already present]
         Generating implicit copyin(mo_atm,mo_atm%pai(jce1:jce2,ice1:ice2,1:kz),atms) [if not already present]
    123, Generating NVIDIA GPU code
        123,   ! blockidx%x threadidx%x auto-collapsed
             Loop parallelized across CUDA thread blocks, CUDA threads(128) collapse(2) ! blockidx%x threadidx%x collapsed-innermost
    123, Generating implicit copyin(atms%pf3d(jce1:jce2,ice1:ice2,2)) [if not already present]
         Generating implicit copyin(atms,atms%rhob3d(jce1:jce2,ice1:ice2,1),atms%zq(jce1:jce2,ice1:ice2,1:2)) [if not already present]
         Generating implicit allocate(atms%pf3d(jce1:jce2,ice1:ice2,1:2)) [if not already present]
         Generating implicit copyout(atms%pf3d(jce1:jce2,ice1:ice2,1)) [if not already present]
    127, Generating NVIDIA GPU code
        127,   ! blockidx%x threadidx%x auto-collapsed
             Loop parallelized across CUDA thread blocks, CUDA threads(128) collapse(2) ! blockidx%x threadidx%x collapsed-innermost
    127, Generating implicit copyin(atms%tb3d(jci1:jci2,ici1:ici2,kz)) [if not already present]
         Generating implicit copyout(atms%tp2d(jci1:jci2,ici1:ici2)) [if not already present]
         Generating implicit copyin(atms,atms%pb3d(jci1:jci2,ici1:ici2,kz)) [if not already present]
         Generating implicit copyout(atms%rhox2d(jci1:jci2,ici1:ici2)) [if not already present]
         Generating implicit copyin(atms%ps2d(jci1:jci2,ici1:ici2)) [if not already present]
    132, Generating NVIDIA GPU code
        132,   ! blockidx%x threadidx%x auto-collapsed
             Loop parallelized across CUDA thread blocks, CUDA threads(128) collapse(3) ! blockidx%x threadidx%x collapsed-innermost
    132, Generating implicit copyin(atms%pb3d(jce1:jce2,ice1:ice2,1:kz),atms,atms%tb3d(jce1:jce2,ice1:ice2,1:kz)) [if not already present]
         Generating implicit copyout(atms%th3d(jce1:jce2,ice1:ice2,1:kz)) [if not already present]
    136, Generating NVIDIA GPU code
        136,   ! blockidx%x threadidx%x auto-collapsed
             Loop parallelized across CUDA thread blocks, CUDA threads(128) collapse(3) ! blockidx%x threadidx%x collapsed-innermost
    136, Generating implicit copyin(atms) [if not already present]
         Generating implicit copy(atms%qxb3d(jci1:jci2,ici1:ici2,1:kz,1)) [if not already present]
    139, Generating NVIDIA GPU code
        139,   ! blockidx%x threadidx%x auto-collapsed
             Loop parallelized across CUDA thread blocks, CUDA threads(128) collapse(4) ! blockidx%x threadidx%x collapsed-innermost
    139, Generating implicit copy(atms%qxb3d(jci1:jci2,ici1:ici2,1:kz,iqfrst:nqx)) [if not already present]
         Generating implicit copyin(atms) [if not already present]
    144, Generating NVIDIA GPU code
        144,   ! blockidx%x threadidx%x auto-collapsed
             Loop parallelized across CUDA thread blocks, CUDA threads(128) collapse(4) ! blockidx%x threadidx%x collapsed-innermost
    144, Generating implicit copy(atms%chib3d(jci1:jci2,ici1:ici2,1:kz,1:ntr)) [if not already present]
         Generating implicit copyin(atms) [if not already present]
    150, Generating NVIDIA GPU code
        150,   ! blockidx%x threadidx%x auto-collapsed
             Loop parallelized across CUDA thread blocks, CUDA threads(128) collapse(3) ! blockidx%x threadidx%x collapsed-innermost
    150, Generating implicit copyin(atms%qsb3d(jci1:jci2,ici1:ici2,1:kz),atms) [if not already present]
         Generating implicit copyout(atms%rhb3d(jci1:jci2,ici1:ici2,1:kz)) [if not already present]
         Generating implicit copyin(atms%qxb3d(jci1:jci2,ici1:ici2,1:kz,1)) [if not already present]
    154, Generating NVIDIA GPU code
        154,   ! blockidx%x threadidx%x auto-collapsed
             Loop parallelized across CUDA thread blocks, CUDA threads(128) collapse(3) ! blockidx%x threadidx%x collapsed-innermost
    154, Generating implicit copyout(atms%wpx3d(jci1:jci2,ici1:ici2,1:kz)) [if not already present]
         Generating implicit copyin(mo_atm%w(jci1:jci2,ici1:ici2,1:kz+1),mo_atm,atms,atms%rhob3d(jci1:jci2,ici1:ici2,1:kz)) [if not already present]
    162, Generating implicit private(w1,w2,k)
         Generating NVIDIA GPU code
        162,   ! blockidx%x threadidx%x auto-collapsed
             Loop parallelized across CUDA thread blocks, CUDA threads(128) collapse(2) ! blockidx%x threadidx%x collapsed-innermost
    162, Generating implicit copyin(atms%pb3d(jci1:jci2,ici1:ici2,:),atms%th3d(jci1:jci2,ici1:ici2,:)) [if not already present]
         Generating implicit copy(atms%th700(jci1:jci2,ici1:ici2)) [if not already present]
         Generating implicit copyin(atms) [if not already present]
    164, Inner sequential loop scheduled on accelerator
         Generating implicit private(k)
    165, Accelerator restriction: induction variable live-out from loop: k
    173, Accelerator restriction: induction variable live-out from loop: k
    179, Generating NVIDIA GPU code
        179,   ! blockidx%x threadidx%x auto-collapsed
             Loop parallelized across CUDA thread blocks, CUDA threads(128) collapse(2) ! blockidx%x threadidx%x collapsed-innermost
    179, Generating implicit copyout(rpsb(jx1:jx2,ix1:ix2)) [if not already present]
         Generating implicit copyin(sfs%psb(jx1:jx2,ix1:ix2),sfs) [if not already present]
    182, Generating NVIDIA GPU code
        182,   ! blockidx%x threadidx%x auto-collapsed
             Loop parallelized across CUDA thread blocks, CUDA threads(128) collapse(2) ! blockidx%x threadidx%x collapsed-innermost
    182, Generating implicit copyout(rpsdotb(jd1:jd2,id1:id2)) [if not already present]
         Generating implicit copyin(sfs%psdotb(jd1:jd2,id1:id2),sfs) [if not already present]
    186, Generating NVIDIA GPU code
        186,   ! blockidx%x threadidx%x auto-collapsed
             Loop parallelized across CUDA thread blocks, CUDA threads(128) collapse(3) ! blockidx%x threadidx%x collapsed-innermost
    186, Generating implicit copyin(atm2%v(jd1:jd2,id1:id2,1:kz),atms,atm2,rpsdotb(jd1:jd2,id1:id2)) [if not already present]
         Generating implicit copyout(atms%vbd3d(jd1:jd2,id1:id2,1:kz)) [if not already present]
         Generating implicit copyin(atm2%u(jd1:jd2,id1:id2,1:kz)) [if not already present]
         Generating implicit copyout(atms%ubd3d(jd1:jd2,id1:id2,1:kz)) [if not already present]
    191, Generating NVIDIA GPU code
        191,   ! blockidx%x threadidx%x auto-collapsed
             Loop parallelized across CUDA thread blocks, CUDA threads(128) collapse(3) ! blockidx%x threadidx%x collapsed-innermost
    191, Generating implicit copyin(atms%ubd3d(jce1:jce2+1,ice1:ice2+1,1:kz),atms) [if not already present]
         Generating implicit copyout(atms%ubx3d(jce1:jce2,ice1:ice2,1:kz),atms%vbx3d(jce1:jce2,ice1:ice2,1:kz)) [if not already present]
         Generating implicit copyin(atms%vbd3d(jce1:jce2+1,ice1:ice2+1,1:kz)) [if not already present]
    199, Generating NVIDIA GPU code
        199,   ! blockidx%x threadidx%x auto-collapsed
             Loop parallelized across CUDA thread blocks, CUDA threads(128) collapse(3) ! blockidx%x threadidx%x collapsed-innermost
    199, Generating implicit copyin(atm2%t(jx1:jx2,ix1:ix2,1:kz)) [if not already present]
         Generating implicit copyout(atms%qxb3d(jx1:jx2,ix1:ix2,1:kz,1)) [if not already present]
         Generating implicit copyin(atm2%qx(jx1:jx2,ix1:ix2,1:kz,1),rpsb(jx1:jx2,ix1:ix2)) [if not already present]
         Generating implicit copyout(atms%tb3d(jx1:jx2,ix1:ix2,1:kz)) [if not already present]
         Generating implicit copyin(atm2,atms) [if not already present]
    203, Generating NVIDIA GPU code
        203,   ! blockidx%x threadidx%x auto-collapsed
             Loop parallelized across CUDA thread blocks, CUDA threads(128) collapse(4) ! blockidx%x threadidx%x collapsed-innermost
    203, Generating implicit copyin(atm2%qx(jx1:jx2,ix1:ix2,1:kz,iqfrst:nqx),atms,atm2,rpsb(jx1:jx2,ix1:ix2)) [if not already present]
         Generating implicit copyout(atms%qxb3d(jx1:jx2,ix1:ix2,1:kz,iqfrst:nqx)) [if not already present]
    207, Generating NVIDIA GPU code
        207,   ! blockidx%x threadidx%x auto-collapsed
             Loop parallelized across CUDA thread blocks, CUDA threads(128) collapse(4) ! blockidx%x threadidx%x collapsed-innermost
    207, Generating implicit copyin(atm2%chi(jx1:jx2,ix1:ix2,1:kz,1:ntr),atms,atm2,rpsb(jx1:jx2,ix1:ix2)) [if not already present]
         Generating implicit copyout(atms%chib3d(jx1:jx2,ix1:ix2,1:kz,1:ntr)) [if not already present]
    213, Generating NVIDIA GPU code
        213,   ! blockidx%x threadidx%x auto-collapsed
             Loop parallelized across CUDA thread blocks, CUDA threads(128) collapse(3) ! blockidx%x threadidx%x collapsed-innermost
    213, Generating implicit copyin(atms,atms%qxb3d(jce1ga:jce2ga,ice1ga:ice2ga,1:kz,1:2)) [if not already present]
         Generating implicit copyout(atms%tv3d(jce1ga:jce2ga,ice1ga:ice2ga,1:kz)) [if not already present]
         Generating implicit copyin(atms%tb3d(jce1ga:jce2ga,ice1ga:ice2ga,1:kz)) [if not already present]
    218, Generating NVIDIA GPU code
        218,   ! blockidx%x threadidx%x auto-collapsed
             Loop parallelized across CUDA thread blocks, CUDA threads(128) collapse(3) ! blockidx%x threadidx%x collapsed-innermost
    218, Generating implicit copyin(atms,atms%qxb3d(jce1ga:jce2ga,ice1ga:ice2ga,1:kz,1:5)) [if not already present]
         Generating implicit copyout(atms%tv3d(jce1ga:jce2ga,ice1ga:ice2ga,1:kz)) [if not already present]
         Generating implicit copyin(atms%tb3d(jce1ga:jce2ga,ice1ga:ice2ga,1:kz)) [if not already present]
    225, Generating NVIDIA GPU code
        225,   ! blockidx%x threadidx%x auto-collapsed
             Loop parallelized across CUDA thread blocks, CUDA threads(128) collapse(3) ! blockidx%x threadidx%x collapsed-innermost
    225, Generating implicit copyin(atms,atms%qxb3d(jce1ga:jce2ga,ice1ga:ice2ga,1:kz,1)) [if not already present]
         Generating implicit copyout(atms%tv3d(jce1ga:jce2ga,ice1ga:ice2ga,1:kz)) [if not already present]
         Generating implicit copyin(atms%tb3d(jce1ga:jce2ga,ice1ga:ice2ga,1:kz)) [if not already present]
    232, Generating NVIDIA GPU code
        232,   ! blockidx%x threadidx%x auto-collapsed
             Loop parallelized across CUDA thread blocks, CUDA threads(128) collapse(3) ! blockidx%x threadidx%x collapsed-innermost
    232, Generating implicit copyin(rpsb(jx1:jx2,ix1:ix2)) [if not already present]
         Generating implicit copyout(atms%ppb3d(jx1:jx2,ix1:ix2,1:kz)) [if not already present]
         Generating implicit copyin(atm2,atm2%pp(jx1:jx2,ix1:ix2,1:kz),atms) [if not already present]
    235, Generating NVIDIA GPU code
        235,   ! blockidx%x threadidx%x auto-collapsed
             Loop parallelized across CUDA thread blocks, CUDA threads(128) collapse(3) ! blockidx%x threadidx%x collapsed-innermost
    235, Generating implicit copyin(atm0%pr(jce1:jce2,ice1:ice2,1:kz),atms%ppb3d(jce1:jce2,ice1:ice2,1:kz)) [if not already present]
         Generating implicit copyout(atms%pb3d(jce1:jce2,ice1:ice2,1:kz)) [if not already present]
         Generating implicit copyin(atm0,atms) [if not already present]
    238, Generating NVIDIA GPU code
        238,   ! blockidx%x threadidx%x auto-collapsed
             Loop parallelized across CUDA thread blocks, CUDA threads(128) collapse(2) ! blockidx%x threadidx%x collapsed-innermost
    238, Generating implicit copyin(atm0%ps(jce1:jce2,ice1:ice2)) [if not already present]
         Generating implicit copyout(atms%ps2d(jce1:jce2,ice1:ice2)) [if not already present]
         Generating implicit copyin(atms%ppb3d(jce1:jce2,ice1:ice2,kz),atm0,atms) [if not already present]
    241, Generating NVIDIA GPU code
        241,   ! blockidx%x threadidx%x auto-collapsed
             Loop parallelized across CUDA thread blocks, CUDA threads(128) collapse(2) ! blockidx%x threadidx%x collapsed-innermost
    241, Generating implicit copyout(atms%pf3d(jce1:jce2,ice1:ice2,1)) [if not already present]
         Generating implicit copyin(atms) [if not already present]
    244, Generating NVIDIA GPU code
        244,   ! blockidx%x threadidx%x auto-collapsed
             Loop parallelized across CUDA thread blocks, CUDA threads(128) collapse(2) ! blockidx%x threadidx%x collapsed-innermost
    244, Generating implicit copyin(atms,atms%ps2d(jce1:jce2,ice1:ice2)) [if not already present]
         Generating implicit copyout(atms%pf3d(jce1:jce2,ice1:ice2,kzp1)) [if not already present]
    247, Generating NVIDIA GPU code
        247,   ! blockidx%x threadidx%x auto-collapsed
             Loop parallelized across CUDA thread blocks, CUDA threads(128) collapse(3) ! blockidx%x threadidx%x collapsed-innermost
    247, Generating implicit copyin(atm0%pf(jce1:jce2,ice1:ice2,2:kz),atms%ppb3d(jce1:jce2,ice1:ice2,1:kz)) [if not already present]
         Generating implicit copyout(atms%pf3d(jce1:jce2,ice1:ice2,2:kz)) [if not already present]
         Generating implicit copyin(atm0,atms) [if not already present]
    252, Generating NVIDIA GPU code
        252,   ! blockidx%x threadidx%x auto-collapsed
             Loop parallelized across CUDA thread blocks, CUDA threads(128) collapse(3) ! blockidx%x threadidx%x collapsed-innermost
    252, Generating implicit copyin(hsigma(1:kz),sfs%psb(jce1:jce2,ice1:ice2),sfs) [if not already present]
         Generating implicit copyout(atms%pb3d(jce1:jce2,ice1:ice2,1:kz)) [if not already present]
         Generating implicit copyin(atms) [if not already present]
    255, Generating NVIDIA GPU code
        255,   ! blockidx%x threadidx%x auto-collapsed
             Loop parallelized across CUDA thread blocks, CUDA threads(128) collapse(2) ! blockidx%x threadidx%x collapsed-innermost
    255, Generating implicit copyin(atms) [if not already present]
         Generating implicit copyout(atms%ps2d(jce1:jce2,ice1:ice2)) [if not already present]
         Generating implicit copyin(sfs%psb(jce1:jce2,ice1:ice2),sfs) [if not already present]
    258, Generating NVIDIA GPU code
        258,   ! blockidx%x threadidx%x auto-collapsed
             Loop parallelized across CUDA thread blocks, CUDA threads(128) collapse(3) ! blockidx%x threadidx%x collapsed-innermost
    258, Generating implicit copyout(atms%pf3d(jce1:jce2,ice1:ice2,1:kzp1)) [if not already present]
         Generating implicit copyin(sfs,sigma(1:kzp1),sfs%psb(jce1:jce2,ice1:ice2),atms) [if not already present]
    263, Generating NVIDIA GPU code
        263,   ! blockidx%x threadidx%x auto-collapsed
             Loop parallelized across CUDA thread blocks, CUDA threads(128) collapse(2) ! blockidx%x threadidx%x collapsed-innermost
    263, Generating implicit copyout(atms%tp2d(jci1:jci2,ici1:ici2)) [if not already present]
         Generating implicit copyin(atms%tb3d(jci1:jci2,ici1:ici2,kz),atms,atms%pb3d(jci1:jci2,ici1:ici2,kz)) [if not already present]
         Generating implicit copyout(atms%rhox2d(jci1:jci2,ici1:ici2)) [if not already present]
         Generating implicit copyin(atms%ps2d(jci1:jci2,ici1:ici2)) [if not already present]
    269, Generating NVIDIA GPU code
        269,   ! blockidx%x threadidx%x auto-collapsed
             Loop parallelized across CUDA thread blocks, CUDA threads(128) collapse(3) ! blockidx%x threadidx%x collapsed-innermost
    269, Generating implicit copyin(atms%pb3d(jce1:jce2,ice1:ice2,1:kz),atms) [if not already present]
         Generating implicit copyout(atms%th3d(jce1:jce2,ice1:ice2,1:kz)) [if not already present]
         Generating implicit copyin(atms%tb3d(jce1:jce2,ice1:ice2,1:kz)) [if not already present]
    273, Generating NVIDIA GPU code
        273,   ! blockidx%x threadidx%x auto-collapsed
             Loop parallelized across CUDA thread blocks, CUDA threads(128) collapse(3) ! blockidx%x threadidx%x collapsed-innermost
    273, Generating implicit copyin(atms,atms%tb3d(jci1:jci2,ici1:ici2,1:kz)) [if not already present]
         Generating implicit copyout(atms%rhob3d(jci1:jci2,ici1:ici2,1:kz)) [if not already present]
         Generating implicit copyin(atms%pb3d(jci1:jci2,ici1:ici2,1:kz)) [if not already present]
    278, Generating NVIDIA GPU code
        278,   ! blockidx%x threadidx%x auto-collapsed
             Loop parallelized across CUDA thread blocks, CUDA threads(128) collapse(3) ! blockidx%x threadidx%x collapsed-innermost
    278, Generating implicit copyin(rpsb(jx1:jx2,ix1:ix2)) [if not already present]
         Generating implicit copyout(atms%wb3d(jx1:jx2,ix1:ix2,1:kzp1)) [if not already present]
         Generating implicit copyin(atm2,atm2%w(jx1:jx2,ix1:ix2,1:kzp1),atms) [if not already present]
    281, Generating NVIDIA GPU code
        281,   ! blockidx%x threadidx%x auto-collapsed
             Loop parallelized across CUDA thread blocks, CUDA threads(128) collapse(3) ! blockidx%x threadidx%x collapsed-innermost
    281, Generating implicit copyin(atms%rhob3d(jci1:jci2,ici1:ici2,1:kz),atms) [if not already present]
         Generating implicit copyout(atms%wpx3d(jci1:jci2,ici1:ici2,1:kz)) [if not already present]
         Generating implicit copyin(atms%wb3d(jci1:jci2,ici1:ici2,1:kz+1)) [if not already present]
    287, Generating NVIDIA GPU code
        287,   ! blockidx%x threadidx%x auto-collapsed
             Loop parallelized across CUDA thread blocks, CUDA threads(128) collapse(3) ! blockidx%x threadidx%x collapsed-innermost
    287, Generating implicit copyin(omega(jci1:jci2,ici1:ici2,1:kz)) [if not already present]
         Generating implicit copyout(atms%wpx3d(jci1:jci2,ici1:ici2,1:kz)) [if not already present]
         Generating implicit copyin(atms) [if not already present]
    292, Generating NVIDIA GPU code
        292,   ! blockidx%x threadidx%x auto-collapsed
             Loop parallelized across CUDA thread blocks, CUDA threads(128) collapse(3) ! blockidx%x threadidx%x collapsed-innermost
    292, Generating implicit copyin(atms%wpx3d(jci1:jci2,ici1:ici2,1:kz)) [if not already present]
         Generating implicit copyout(atms%wb3d(jci1:jci2,ici1:ici2,2:kz)) [if not already present]
         Generating implicit copyin(atms,atms%rhob3d(jci1:jci2,ici1:ici2,1:kz)) [if not already present]
    303, Generating NVIDIA GPU code
        303,   ! blockidx%x threadidx%x auto-collapsed
             Loop parallelized across CUDA thread blocks, CUDA threads(128) collapse(2) ! blockidx%x threadidx%x collapsed-innermost
    303, Generating implicit copyout(atms%zq(jce1ga:jce2ga,ice1ga:ice2ga,kzp1)) [if not already present]
         Generating implicit copyin(atms) [if not already present]
    307, Generating implicit private(cell)
         Generating NVIDIA GPU code
        307,   ! blockidx%x threadidx%x auto-collapsed
             Loop parallelized across CUDA thread blocks, CUDA threads(128) collapse(2) ! blockidx%x threadidx%x collapsed-innermost
    307, Generating implicit copyin(atms%tv3d(jce1ga:jce2ga,ice1ga:ice2ga,k)) [if not already present]
         Generating implicit copyout(atms%zq(jce1ga:jce2ga,ice1ga:ice2ga,k)) [if not already present]
         Generating implicit copyin(atms,sigma(:),rpsb(jce1ga:jce2ga,ice1ga:ice2ga)) [if not already present]
         Generating implicit copyin(atms%zq(jce1ga:jce2ga,ice1ga:ice2ga,:)) [if not already present]
    313, Generating NVIDIA GPU code
        313,   ! blockidx%x threadidx%x auto-collapsed
             Loop parallelized across CUDA thread blocks, CUDA threads(128) collapse(3) ! blockidx%x threadidx%x collapsed-innermost
    313, Generating implicit copyin(atms%zq(jce1ga:jce2ga,ice1ga:ice2ga,1:kz+1)) [if not already present]
         Generating implicit copyout(atms%za(jce1ga:jce2ga,ice1ga:ice2ga,1:kz)) [if not already present]
         Generating implicit copyin(atms) [if not already present]
    316, Generating NVIDIA GPU code
        316,   ! blockidx%x threadidx%x auto-collapsed
             Loop parallelized across CUDA thread blocks, CUDA threads(128) collapse(3) ! blockidx%x threadidx%x collapsed-innermost
    316, Generating implicit copyin(atms%zq(jce1:jce2,ice1:ice2,1:kz+1)) [if not already present]
         Generating implicit copyout(atms%dzq(jce1:jce2,ice1:ice2,1:kz)) [if not already present]
         Generating implicit copyin(atms) [if not already present]
    321, Generating NVIDIA GPU code
        321,   ! blockidx%x threadidx%x auto-collapsed-innermost
               ! blockidx%x threadidx%x auto-collapsed
             Loop parallelized across CUDA thread blocks, CUDA threads(128) collapse(3) ! blockidx%x threadidx%x
    321, Generating implicit copyout(atms%qsb3d(:,:,:)) [if not already present]
         Generating implicit copyin(atms) [if not already present]
    324, Generating NVIDIA GPU code
        324,   ! blockidx%x threadidx%x auto-collapsed
             Loop parallelized across CUDA thread blocks, CUDA threads(128) collapse(3) ! blockidx%x threadidx%x collapsed-innermost
    324, Generating implicit copyin(atms%qsb3d(jci1:jci2,ici1:ici2,1:kz),atms) [if not already present]
         Generating implicit copyout(atms%rhb3d(jci1:jci2,ici1:ici2,1:kz)) [if not already present]
         Generating implicit copyin(atms%qxb3d(jci1:jci2,ici1:ici2,1:kz,1)) [if not already present]
    332, Generating implicit private(k)
         Generating NVIDIA GPU code
        332,   ! blockidx%x threadidx%x auto-collapsed
             Loop parallelized across CUDA thread blocks, CUDA threads(128) collapse(2) ! blockidx%x threadidx%x collapsed-innermost
    332, Generating implicit copyin(twt(k,1:2)) [if not already present]
         Generating implicit copy(atms%th700(jci1:jci2,ici1:ici2)) [if not already present]
         Generating implicit copyin(atms%pb3d(jci1:jci2,ici1:ici2,1:kz-1),atms%th3d(jci1:jci2,ici1:ici2,:),atms) [if not already present]
    334, Inner sequential loop scheduled on accelerator
         Generating implicit private(k)
    335, Accelerator restriction: induction variable live-out from loop: k
    340, Accelerator restriction: induction variable live-out from loop: k
    348, Generating implicit private(ztrop)
         Generating NVIDIA GPU code
        348,   ! blockidx%x threadidx%x auto-collapsed
             Loop parallelized across CUDA thread blocks, CUDA threads(128) collapse(2) ! blockidx%x threadidx%x collapsed-innermost
    348, Generating implicit copyout(ptrop(jci1:jci2,ici1:ici2)) [if not already present]
         Generating implicit copyin(mddom%xlat(jci1:jci2,ici1:ici2),mddom) [if not already present]
    366, Generating implicit private(k)
         Generating NVIDIA GPU code
        366,   ! blockidx%x threadidx%x auto-collapsed
             Loop parallelized across CUDA thread blocks, CUDA threads(128) collapse(2) ! blockidx%x threadidx%x collapsed-innermost
    366, Generating implicit copyin(ptrop(jci1:jci2,ici1:ici2)) [if not already present]
         Generating implicit copy(ktrop(jci1:jci2,ici1:ici2)) [if not already present]
         Generating implicit copyin(atms,atms%pb3d(jci1:jci2,ici1:ici2,2:kzm1)) [if not already present]
    367, Complex loop carried dependence of ktrop,atms%pb3d$p,ptrop prevents parallelization
         Inner sequential loop scheduled on accelerator
         Generating implicit private(k)
    374, Generating implicit private(k)
         Generating NVIDIA GPU code
        374,   ! blockidx%x threadidx%x auto-collapsed
             Loop parallelized across CUDA thread blocks, CUDA threads(128) collapse(2) ! blockidx%x threadidx%x collapsed-innermost
    374, Generating implicit copyin(atms) [if not already present]
         Generating implicit copy(kmxpbl(jci1:jci2,ici1:ici2)) [if not already present]
         Generating implicit copyin(atms%za(jci1:jci2,ici1:ici2,2:kzm1)) [if not already present]
    375, Complex loop carried dependence of kmxpbl,atms%za$p prevents parallelization
         Inner sequential loop scheduled on accelerator
         Generating implicit private(k)
pfwsat:
      2, Generating acc routine seq
         Generating NVIDIA GPU code
mpifort -I/leonardo/home/userexternal/ctica000/MS_thesis/RegCM/external -DNCFILTERS_AVAIL -DNETCDF4_HDF5 -I/leonardo/prod/spack/06/install/0.22/linux-rhel8-icelake/nvhpc-24.5/netcdf-c-4.9.2-ggbu5c62vlol4oe6sgxpjxzvapbge2hk/include -I/leonardo/prod/spack/06/install/0.22/linux-rhel8-icelake/nvhpc-24.5/netcdf-fortran-4.6.1-nvymynen3aoyohew4d7t646sjig4ufl6/include -I/leonardo/prod/spack/06/install/0.22/linux-rhel8-icelake/nvhpc-24.5/netcdf-fortran-4.6.1-nvymynen3aoyohew4d7t646sjig4ufl6/include -I/leonardo/prod/spack/06/install/0.22/linux-rhel8-icelake/nvhpc-24.5/netcdf-c-4.9.2-ggbu5c62vlol4oe6sgxpjxzvapbge2hk/include -I/leonardo/prod/spack/06/install/0.22/linux-rhel8-icelake/nvhpc-24.5/netcdf-fortran-4.6.1-nvymynen3aoyohew4d7t646sjig4ufl6/include -I/leonardo/prod/spack/06/install/0.22/linux-rhel8-icelake/nvhpc-24.5/netcdf-fortran-4.6.1-nvymynen3aoyohew4d7t646sjig4ufl6/include -DCLM45 -DOPENACC -DGPU  -DSTDPAR -I/leonardo/home/userexternal/ctica000/MS_thesis/RegCM/Share  -I./mpplib -I./clmlib -I./netlib -Ichemlib/GAS_CBMZ_NEW -I./chemlib -I./batslib -I./ocnlib -I./cumlib -I./microlib -I./cloudlib -I./radlib -I./pbllib -Iradlib/RRTMG -I./clmlib/clm4.5 -I./oasislib -DGIT_VER=\"5.0.0-944-g5801-dirty\" -DUSE_MPI3 -DF2008 -O3 -fast -fastsse -g -byteswapio -g -stdpar=gpu           -gpu=ccall-major,lineinfo,mem:managed -Minfo=accel -c mod_lm_interface.F90
surface_model:
    449, Generating NVIDIA GPU code
        449,   ! blockidx%x auto-collapsed
             Loop parallelized across CUDA thread blocks collapse(3) ! blockidx%x collapsed-innermost
        450, Loop parallelized across CUDA threads(128) ! threadidx%x
             Generating implicit reduction(+:vocemiss$r)
    449, Generating implicit copyin(lms) [if not already present]
         Generating implicit copyout(voc_em_clm(jci1:jci2,ici1:ici2,1:ntr)) [if not already present]
         Generating implicit copyin(lms%vocemiss(:,jci1:jci2,ici1:ici2,1:ntr)) [if not already present]
    452, Generating NVIDIA GPU code
        452,   ! blockidx%x auto-collapsed
             Loop parallelized across CUDA thread blocks collapse(3) ! blockidx%x collapsed-innermost
        453, Loop parallelized across CUDA threads(128) ! threadidx%x
             Generating implicit reduction(+:dustemiss$r)
    452, Generating implicit copyout(dustflx_clm(jci1:jci2,ici1:ici2,1:4)) [if not already present]
         Generating implicit copyin(lms%dustemiss(:,jci1:jci2,ici1:ici2,1:4),lms) [if not already present]
    455, Generating NVIDIA GPU code
        455,   ! blockidx%x auto-collapsed
             Loop parallelized across CUDA thread blocks collapse(3) ! blockidx%x collapsed-innermost
        456, Loop parallelized across CUDA threads(128) ! threadidx%x
             Generating implicit reduction(+:ddepv$r)
    455, Generating implicit copyout(ddepv_clm(jci1:jci2,ici1:ici2,1:ntr)) [if not already present]
         Generating implicit copyin(lms,lms%ddepv(:,jci1:jci2,ici1:ici2,1:ntr)) [if not already present]
    468, Generating NVIDIA GPU code
        468,   ! blockidx%x threadidx%x auto-collapsed
             Loop parallelized across CUDA thread blocks, CUDA threads(128) collapse(3) ! blockidx%x threadidx%x collapsed-innermost
    468, Generating implicit copyin(lm,lm%ldmsk1(1:nnsg,jci1:jci2,ici1:ici2)) [if not already present]
         Generating implicit copy(lms%ustar(1:nnsg,jci1:jci2,ici1:ici2)) [if not already present]
         Generating implicit copyin(lms%t2m(1:nnsg,jci1:jci2,ici1:ici2)) [if not already present]
         Generating implicit copyout(lms%w10m(1:nnsg,jci1:jci2,ici1:ici2)) [if not already present]
         Generating implicit copyin(lms%v10m(1:nnsg,jci1:jci2,ici1:ici2),lms%u10m(1:nnsg,jci1:jci2,ici1:ici2),lms) [if not already present]
         Generating implicit copy(lms%rhoa(1:nnsg,jci1:jci2,ici1:ici2)) [if not already present]
         Generating implicit copyin(lms%sfcp(1:nnsg,jci1:jci2,ici1:ici2),lms%drag(1:nnsg,jci1:jci2,ici1:ici2)) [if not already present]
    521, Generating NVIDIA GPU code
        521, Loop parallelized across CUDA thread blocks collapse(2) ! blockidx%x collapsed-innermost
               ! blockidx%x auto-collapsed
        523, Loop parallelized across CUDA threads(128) ! threadidx%x
             Generating implicit reduction(+:trnof$r)
    521, Generating implicit copyin(lm%ldmsk(jci1:jci2,ici1:ici2),lms%trnof(:,jci1:jci2,ici1:ici2),lms,lm) [if not already present]
         Generating implicit copy(lm%dtrnof(jci1:jci2,ici1:ici2)) [if not already present]
export_data_from_surface:
    591, Generating NVIDIA GPU code
        591, Loop parallelized across CUDA thread blocks collapse(2) ! blockidx%x collapsed-innermost
               ! blockidx%x auto-collapsed
        593, Loop parallelized across CUDA threads(128) ! threadidx%x
             Generating implicit reduction(+:t2m$r)
        599, Loop run sequentially 
             Generating implicit reduction(+:evpr$r)
        600, Loop parallelized across CUDA threads(128) ! threadidx%x
             Generating implicit reduction(+:sent$r)
        601, Loop parallelized across CUDA threads(128) ! threadidx%x
             Generating implicit reduction(+:prcp$r)
        602, Loop parallelized across CUDA threads(128) ! threadidx%x
             Generating implicit reduction(+:evpr$r315)
        605, Loop parallelized across CUDA threads(128) ! threadidx%x
             Generating implicit reduction(+:taux$r)
        606, Loop parallelized across CUDA threads(128) ! threadidx%x
             Generating implicit reduction(+:tauy$r)
        607, Loop parallelized across CUDA threads(128) ! threadidx%x
             Generating implicit reduction(+:prcp$r317,evpr$r316)
        608, Loop parallelized across CUDA threads(128) ! threadidx%x
             Generating implicit reduction(+:sncv$r)
        614, Loop parallelized across CUDA threads(128) ! threadidx%x
             Generating implicit reduction(+:ustar$r)
    591, Generating implicit copy(expfie%qsfc(:,:),expfie%wspd(:,:)) [if not already present]
         Generating implicit copyin(lm) [if not already present]
         Generating implicit copy(expfie%tsfc(:,:)) [if not already present]
         Generating implicit copyin(lm%v10m(:,:)) [if not already present]
         Generating implicit copyout(expfie%ustr(:,:)) [if not already present]
         Generating implicit copy(expfie%shfx(:,:)) [if not already present]
         Generating implicit copyout(expfie%rnof(:,:)) [if not already present]
         Generating implicit copyin(lms%taux(:,:,:),lms%t2m(:,:,:)) [if not already present]
         Generating implicit copy(expfie%wdir(:,:)) [if not already present]
         Generating implicit copyin(lm%swdir(:,:),lms%evpr(:,:,:),lms%prcp(:,:,:),lms) [if not already present]
         Generating implicit copy(expfie) [if not already present]
         Generating implicit copyin(lm%dtrnof(:,:)) [if not already present]
         Generating implicit copy(expfie%snow(:,:)) [if not already present]
         Generating implicit copyin(lm%rlwf(:,:)) [if not already present]
         Generating implicit copy(expfie%tauy(:,:),expfie%prec(:,:)) [if not already present]
         Generating implicit copyin(lm%rswf(:,:),lms%sncv(:,:,:),lm%dwrlwf(:,:)) [if not already present]
         Generating implicit copy(expfie%psfc(:,:)) [if not already present]
         Generating implicit copyin(lm%q2m(:,:)) [if not already present]
         Generating implicit copy(expfie%lhfx(:,:)) [if not already present]
         Generating implicit copyin(lm%swdif(:,:),lm%sfps(:,:)) [if not already present]
         Generating implicit copy(expfie%dlwr(:,:),expfie%evap(:,:),expfie%sflx(:,:)) [if not already present]
         Generating implicit copyout(expfie%nflx(:,:)) [if not already present]
         Generating implicit copy(expfie%dswr(:,:)) [if not already present]
         Generating implicit copyin(lm%u10m(:,:)) [if not already present]
         Generating implicit copy(expfie%wndu(:,:),expfie%swrd(:,:),expfie%taux(:,:)) [if not already present]
         Generating implicit copyin(lms%sent(:,:,:)) [if not already present]
         Generating implicit copy(expfie%wndv(:,:)) [if not already present]
         Generating implicit copyin(lms%ustar(:,:,:),lms%tauy(:,:,:)) [if not already present]
         Generating implicit copy(expfie%lwrd(:,:)) [if not already present]
    599, Loop carried dependence of lms%tgrd$p,lms%evpr$p prevents parallelization
         Loop carried backward dependence of lms%tgrd$p,lms%evpr$p prevents vectorization
         Inner sequential loop scheduled on accelerator
collect_output:
    877, Generating implicit private(es,rh,qs,tas,uas,ps,qas,desdt,lws,sws)
         Generating NVIDIA GPU code
        877, Loop parallelized across CUDA thread blocks collapse(2) ! blockidx%x collapsed-innermost
               ! blockidx%x auto-collapsed
        881, Loop parallelized across CUDA threads(128) ! threadidx%x
             Generating implicit reduction(+:t2m$r)
        882, Loop parallelized across CUDA threads(128) ! threadidx%x
             Generating implicit reduction(+:sfcp$r)
    877, Generating implicit copyin(lm%rlwf(jci1:jci2,ici1:ici2),lm%ldmsk(jci1:jci2,ici1:ici2),lm%w10m(jci1:jci2,ici1:ici2),lms%sfcp(:,jci1:jci2,ici1:ici2),lms,lm%rswf(jci1:jci2,ici1:ici2),lm%q2m(jci1:jci2,ici1:ici2)) [if not already present]
         Generating implicit copy(srf_evpot_out(jci1:jci2,ici1:ici2)) [if not already present]
         Generating implicit copyin(lms%t2m(:,jci1:jci2,ici1:ici2),lm) [if not already present]
    919, Generating implicit private(qs,ps,qas,tas,rh)
         Generating NVIDIA GPU code
        919, Loop parallelized across CUDA thread blocks collapse(2) ! blockidx%x collapsed-innermost
               ! blockidx%x auto-collapsed
        920, Loop parallelized across CUDA threads(128) ! threadidx%x
             Generating implicit reduction(+:t2m$r355)
        921, Loop parallelized across CUDA threads(128) ! threadidx%x
             Generating implicit reduction(+:sfcp$r356)
    919, Generating implicit copy(shf_twetb_out(jci1:jci2,ici1:ici2)) [if not already present]
         Generating implicit copyin(lms%t2m(:,jci1:jci2,ici1:ici2),lm,lm%q2m(jci1:jci2,ici1:ici2),lms%sfcp(:,jci1:jci2,ici1:ici2),lms) [if not already present]
    937, Generating implicit private(qs,ps,qas,tas,rh)
         Generating NVIDIA GPU code
        937, Loop parallelized across CUDA thread blocks collapse(2) ! blockidx%x collapsed-innermost
               ! blockidx%x auto-collapsed
        938, Loop parallelized across CUDA threads(128) ! threadidx%x
             Generating implicit reduction(+:t2m$r363)
        939, Loop parallelized across CUDA threads(128) ! threadidx%x
             Generating implicit reduction(+:sfcp$r364)
    937, Generating implicit copy(srf_twetb_out(jci1:jci2,ici1:ici2)) [if not already present]
         Generating implicit copyin(lms%t2m(:,jci1:jci2,ici1:ici2),lm,lm%q2m(jci1:jci2,ici1:ici2),lms%sfcp(:,jci1:jci2,ici1:ici2),lms) [if not already present]
         985, Generating NVIDIA GPU code
             985,   ! blockidx%x threadidx%x auto-collapsed
                  Loop parallelized across CUDA thread blocks, CUDA threads(128) collapse(2) ! blockidx%x threadidx%x collapsed-innermost
         985, Generating implicit copy(sts_wsgsmax_out(jci1:jci2,ici1:ici2)) [if not already present]
              Generating implicit copyin(lm%vatm(jci1:jci2,ici1:ici2),lm%u10m(jci1:jci2,ici1:ici2),lm%v10m(jci1:jci2,ici1:ici2),lm%uatm(jci1:jci2,ici1:ici2),lm%hpbl(jci1:jci2,ici1:ici2),lm) [if not already present]
   1079, Generating implicit copy(srf_rh2m_out(jci1:jci2,ici1:ici2,1)) [if not already present]
         Generating implicit copyin(lms%t2m(1:nnsg,jci1:jci2,ici1:ici2),lms%q2m(1:nnsg,jci1:jci2,ici1:ici2),lms,lms%sfcp(1:nnsg,jci1:jci2,ici1:ici2)) [if not already present]
   1080, Complex loop carried dependence of lms%sfcp$p,lms%q2m$p,srf_rh2m_out,lms%t2m$p prevents parallelization
         Inner sequential loop scheduled on accelerator
         Generating implicit private(qas,tas,qs,ps)
         Generating NVIDIA GPU code
       1079, Loop parallelized across CUDA thread blocks, CUDA threads(128) collapse(2) ! blockidx%x threadidx%x collapsed-innermost
               ! blockidx%x threadidx%x auto-collapsed
       1080, Loop run sequentially 
        1140, Generating NVIDIA GPU code
            1140,   ! blockidx%x threadidx%x auto-collapsed
                  Loop parallelized across CUDA thread blocks, CUDA threads(128) collapse(2) ! blockidx%x threadidx%x collapsed-innermost
        1140, Generating implicit copyout(slp(jce1:jce2,ice1:ice2)) [if not already present]
              Generating implicit copyin(sfp(jci1-1:jci2+1,ici1-1:ici2+1),lm%ht(jce1:jce2,ice1:ice2),lm,lm%sfps(jce1:jce2,ice1:ice2),lm%tatm(jce1:jce2,ice1:ice2)) [if not already present]
   1176, Generating NVIDIA GPU code
       1176,   ! blockidx%x auto-collapsed
             Loop parallelized across CUDA thread blocks collapse(3) ! blockidx%x collapsed-innermost
       1178, Loop parallelized across CUDA threads(128) ! threadidx%x
             Generating implicit reduction(+:tlake$r)
   1176, Generating implicit copyin(lm%iveg(jci1:jci2,ici1:ici2),lms%tlake(:,jci1:jci2,ici1:ici2,1:200),lms) [if not already present]
         Generating implicit copy(lak_tlake_out(jci1:jci2,ici1:ici2,1:200)) [if not already present]
         Generating implicit copyin(lm) [if not already present]
mslp:
   1213, Generating implicit private(hstar,tstar,raval)
         Generating NVIDIA GPU code
       1213,   ! blockidx%x threadidx%x auto-collapsed
             Loop parallelized across CUDA thread blocks, CUDA threads(128) collapse(2) ! blockidx%x threadidx%x collapsed-innermost
   1213, Generating implicit copyin(lm%tatm(jce1:jce2,ice1:ice2)) [if not already present]
         Generating implicit copyout(slp(jce1:jce2,ice1:ice2)) [if not already present]
         Generating implicit copyin(lm%ht(jce1:jce2,ice1:ice2),lm,lm%sfps(jce1:jce2,ice1:ice2)) [if not already present]
   1235, Generating NVIDIA GPU code
       1235,   ! blockidx%x threadidx%x auto-collapsed
             Loop parallelized across CUDA thread blocks, CUDA threads(128) collapse(2) ! blockidx%x threadidx%x collapsed-innermost
   1235, Generating implicit copyin(sfp(jci1-1:jci2+1,ici1-1:ici2+1)) [if not already present]
         Generating implicit copyout(mask(jci1:jci2,ici1:ici2)) [if not already present]
compute_maxgust:
   1281, Generating implicit private(spd2,spd1,delwind)
         Generating NVIDIA GPU code
       1281,   ! blockidx%x threadidx%x auto-collapsed
             Loop parallelized across CUDA thread blocks, CUDA threads(128) collapse(2) ! blockidx%x threadidx%x collapsed-innermost
   1281, Generating implicit copy(u10(:,:),v10(:,:),ua(:,:),gust(:,:),zpbl(:,:),va(:,:)) [if not already present]
pfesat:
   1290, include 'pfwsat.inc'
           7, Generating acc routine seq
              Generating NVIDIA GPU code
pfwsat:
   1291, include 'pfesdt.inc'
           2, Generating acc routine seq
              Generating NVIDIA GPU code
pfesdt:
   1292, include 'evpt.inc'
           5, Generating acc routine seq
              Generating NVIDIA GPU code
evpt:
   1292, include 'evpt.inc'
           4, Generating acc routine seq
              Generating NVIDIA GPU code
evpt_fao:
   1292, include 'evpt.inc'
   1293, include 'wlh.inc'
          37, Generating acc routine seq
              Generating NVIDIA GPU code
wlh:
      5, Generating acc routine seq
         Generating NVIDIA GPU code
   1292, include 'evpt.inc'
kernels:
   1292, include 'evpt.inc'
mpifort -I/leonardo/home/userexternal/ctica000/MS_thesis/RegCM/external -DNCFILTERS_AVAIL -DNETCDF4_HDF5 -I/leonardo/prod/spack/06/install/0.22/linux-rhel8-icelake/nvhpc-24.5/netcdf-c-4.9.2-ggbu5c62vlol4oe6sgxpjxzvapbge2hk/include -I/leonardo/prod/spack/06/install/0.22/linux-rhel8-icelake/nvhpc-24.5/netcdf-fortran-4.6.1-nvymynen3aoyohew4d7t646sjig4ufl6/include -I/leonardo/prod/spack/06/install/0.22/linux-rhel8-icelake/nvhpc-24.5/netcdf-fortran-4.6.1-nvymynen3aoyohew4d7t646sjig4ufl6/include -I/leonardo/prod/spack/06/install/0.22/linux-rhel8-icelake/nvhpc-24.5/netcdf-c-4.9.2-ggbu5c62vlol4oe6sgxpjxzvapbge2hk/include -I/leonardo/prod/spack/06/install/0.22/linux-rhel8-icelake/nvhpc-24.5/netcdf-fortran-4.6.1-nvymynen3aoyohew4d7t646sjig4ufl6/include -I/leonardo/prod/spack/06/install/0.22/linux-rhel8-icelake/nvhpc-24.5/netcdf-fortran-4.6.1-nvymynen3aoyohew4d7t646sjig4ufl6/include -DCLM45 -DOPENACC -DGPU  -DSTDPAR -I/leonardo/home/userexternal/ctica000/MS_thesis/RegCM/Share  -I./mpplib -I./clmlib -I./netlib -Ichemlib/GAS_CBMZ_NEW -I./chemlib -I./batslib -I./ocnlib -I./cumlib -I./microlib -I./cloudlib -I./radlib -I./pbllib -Iradlib/RRTMG -I./clmlib/clm4.5 -I./oasislib -DGIT_VER=\"5.0.0-944-g5801-dirty\" -DUSE_MPI3 -DF2008 -O3 -fast -fastsse -g -byteswapio -g -stdpar=gpu           -gpu=ccall-major,lineinfo,mem:managed -Minfo=accel -c mod_bdycod.F90
initideal:
         269, Generating NVIDIA GPU code
             269,   ! blockidx%x threadidx%x auto-collapsed
                  Loop parallelized across CUDA thread blocks, CUDA threads(128) collapse(2) ! blockidx%x threadidx%x collapsed-innermost
         269, Generating implicit copyin(xpaib,mo_atm%zeta(jce1:jce2,ice1:ice2,kz-1:kz),mo_atm) [if not already present]
              Generating implicit copyin(xpaib%b0(jce1:jce2,ice1:ice2,..inline+1)) [if not already present]
              Generating implicit copyin(mo_atm%fmzf(jce1:jce2,ice1:ice2,..inline+1),xqb,xpsb%b0(jce1:jce2,ice1:ice2),xqb%b0(jce1:jce2,ice1:ice2,..inline:..inline+1),xtb,xqb%b0(jce1:jce2,ice1:ice2,kz-1:kz),xtb%b0(jce1:jce2,ice1:ice2,..inline:..inline+1),xtb%b0(jce1:jce2,ice1:ice2,kz-1:kz)) [if not already present]
              Generating implicit copyout(xpaib%b0(jce1:jce2,ice1:ice2,kz)) [if not already present]
              Generating implicit copyin(xpsb) [if not already present]
              Generating implicit allocate(xpaib%b0(jce1:jce2,ice1:ice2,..inline:..inline+1)) [if not already present]
              Generating implicit copyout(xpaib%b0(jce1:jce2,ice1:ice2,..inline)) [if not already present]
init_bdy:
    603, Generating NVIDIA GPU code
        603,   ! blockidx%x threadidx%x auto-collapsed
             Loop parallelized across CUDA thread blocks, CUDA threads(128) collapse(2) ! blockidx%x threadidx%x collapsed-innermost
    603, Generating implicit copyin(nhbh0) [if not already present]
         Generating implicit copy(nhbh0%ps(jce1:jce2,ice1:ice2)) [if not already present]
    606, Generating NVIDIA GPU code
        606,   ! blockidx%x threadidx%x auto-collapsed
             Loop parallelized across CUDA thread blocks, CUDA threads(128) collapse(3) ! blockidx%x threadidx%x collapsed-innermost
    606, Generating implicit copyout(nhbh0%tvirt(jce1:jce2,ice1:ice2,1:kz)) [if not already present]
         Generating implicit copyin(xqb,xqb%b0(jce1:jce2,ice1:ice2,1:kz),xtb%b0(jce1:jce2,ice1:ice2,1:kz),xtb,nhbh0) [if not already present]
    621, Generating NVIDIA GPU code
        621,   ! blockidx%x threadidx%x auto-collapsed
             Loop parallelized across CUDA thread blocks, CUDA threads(128) collapse(2) ! blockidx%x threadidx%x collapsed-innermost
    621, Generating implicit copyin(nhbh0) [if not already present]
         Generating implicit copyout(nhbh0%ps(jce1:jce2,ice1:ice2)) [if not already present]
         Generating implicit copyin(xpsb%b0(jce1:jce2,ice1:ice2),xpsb) [if not already present]
    624, Generating NVIDIA GPU code
        624,   ! blockidx%x threadidx%x auto-collapsed
             Loop parallelized across CUDA thread blocks, CUDA threads(128) collapse(3) ! blockidx%x threadidx%x collapsed-innermost
    624, Generating implicit copyout(nhbh0%tvirt(jce1:jce2,ice1:ice2,1:kz)) [if not already present]
         Generating implicit copyin(xqb,xqb%b0(jce1:jce2,ice1:ice2,1:kz),xtb%b0(jce1:jce2,ice1:ice2,1:kz),xtb,nhbh0) [if not already present]
         672, Generating NVIDIA GPU code
             672,   ! blockidx%x threadidx%x auto-collapsed
                  Loop parallelized across CUDA thread blocks, CUDA threads(128) collapse(3) ! blockidx%x threadidx%x collapsed-innermost
         672, Generating implicit copyin(psdot(jde1:jde2,ide1:ide2)) [if not already present]
              Generating implicit copy(xub%b0(jde1:jde2,ide1:ide2,1:kz)) [if not already present]
              Generating implicit copyin(xub) [if not already present]
         673, Generating NVIDIA GPU code
             673,   ! blockidx%x threadidx%x auto-collapsed
                  Loop parallelized across CUDA thread blocks, CUDA threads(128) collapse(3) ! blockidx%x threadidx%x collapsed-innermost
         673, Generating implicit copyin(psdot(jde1:jde2,ide1:ide2)) [if not already present]
              Generating implicit copy(xvb%b0(jde1:jde2,ide1:ide2,1:kz)) [if not already present]
              Generating implicit copyin(xvb) [if not already present]
         674, Generating NVIDIA GPU code
             674,   ! blockidx%x threadidx%x auto-collapsed
                  Loop parallelized across CUDA thread blocks, CUDA threads(128) collapse(3) ! blockidx%x threadidx%x collapsed-innermost
         674, Generating implicit copyin(xpsb,xpsb%b0(jce1:jce2,ice1:ice2),xtb) [if not already present]
              Generating implicit copy(xtb%b0(jce1:jce2,ice1:ice2,1:kz)) [if not already present]
         675, Generating NVIDIA GPU code
             675,   ! blockidx%x threadidx%x auto-collapsed
                  Loop parallelized across CUDA thread blocks, CUDA threads(128) collapse(3) ! blockidx%x threadidx%x collapsed-innermost
         675, Generating implicit copyin(xpsb,xpsb%b0(jce1:jce2,ice1:ice2),xqb) [if not already present]
              Generating implicit copy(xqb%b0(jce1:jce2,ice1:ice2,1:kz)) [if not already present]
         677, Generating NVIDIA GPU code
             677,   ! blockidx%x threadidx%x auto-collapsed
                  Loop parallelized across CUDA thread blocks, CUDA threads(128) collapse(3) ! blockidx%x threadidx%x collapsed-innermost
         677, Generating implicit copy(xlb%b0(jce1:jce2,ice1:ice2,1:kz)) [if not already present]
              Generating implicit copyin(xpsb,xpsb%b0(jce1:jce2,ice1:ice2),xlb) [if not already present]
         680, Generating NVIDIA GPU code
             680,   ! blockidx%x threadidx%x auto-collapsed
                  Loop parallelized across CUDA thread blocks, CUDA threads(128) collapse(3) ! blockidx%x threadidx%x collapsed-innermost
         680, Generating implicit copy(xib%b0(jce1:jce2,ice1:ice2,1:kz)) [if not already present]
              Generating implicit copyin(xpsb,xpsb%b0(jce1:jce2,ice1:ice2),xib) [if not already present]
         694, Generating NVIDIA GPU code
             694,   ! blockidx%x threadidx%x auto-collapsed
                  Loop parallelized across CUDA thread blocks, CUDA threads(128) collapse(3) ! blockidx%x threadidx%x collapsed-innermost
         694, Generating implicit copy(xppb%b0(jce1:jce2,ice1:ice2,1:kz)) [if not already present]
              Generating implicit copyin(xpsb,xpsb%b0(jce1:jce2,ice1:ice2),xppb) [if not already present]
         695, Generating NVIDIA GPU code
             695,   ! blockidx%x threadidx%x auto-collapsed
                  Loop parallelized across CUDA thread blocks, CUDA threads(128) collapse(3) ! blockidx%x threadidx%x collapsed-innermost
         695, Generating implicit copyin(xpsb,xpsb%b0(jce1:jce2,ice1:ice2),xwwb) [if not already present]
              Generating implicit copy(xwwb%b0(jce1:jce2,ice1:ice2,1:kzp1)) [if not already present]
    719, Generating NVIDIA GPU code
        719,   ! blockidx%x threadidx%x auto-collapsed
             Loop parallelized across CUDA thread blocks, CUDA threads(128) collapse(2) ! blockidx%x threadidx%x collapsed-innermost
    719, Generating implicit copy(nhbh1%ps(jce1:jce2,ice1:ice2)) [if not already present]
         Generating implicit copyin(nhbh1) [if not already present]
    722, Generating NVIDIA GPU code
        722,   ! blockidx%x threadidx%x auto-collapsed
             Loop parallelized across CUDA thread blocks, CUDA threads(128) collapse(3) ! blockidx%x threadidx%x collapsed-innermost
    722, Generating implicit copyout(nhbh1%tvirt(jce1:jce2,ice1:ice2,1:kz)) [if not already present]
         Generating implicit copyin(xqb,xqb%b1(jce1:jce2,ice1:ice2,1:kz),xtb%b1(jce1:jce2,ice1:ice2,1:kz),xtb,nhbh1) [if not already present]
    737, Generating NVIDIA GPU code
        737,   ! blockidx%x threadidx%x auto-collapsed
             Loop parallelized across CUDA thread blocks, CUDA threads(128) collapse(2) ! blockidx%x threadidx%x collapsed-innermost
    737, Generating implicit copyin(nhbh1) [if not already present]
         Generating implicit copyout(nhbh1%ps(jce1:jce2,ice1:ice2)) [if not already present]
         Generating implicit copyin(xpsb%b1(jce1:jce2,ice1:ice2),xpsb) [if not already present]
    740, Generating NVIDIA GPU code
        740,   ! blockidx%x threadidx%x auto-collapsed
             Loop parallelized across CUDA thread blocks, CUDA threads(128) collapse(3) ! blockidx%x threadidx%x collapsed-innermost
    740, Generating implicit copyout(nhbh1%tvirt(jce1:jce2,ice1:ice2,1:kz)) [if not already present]
         Generating implicit copyin(xqb,xqb%b1(jce1:jce2,ice1:ice2,1:kz),xtb%b1(jce1:jce2,ice1:ice2,1:kz),xtb,nhbh1) [if not already present]
         785, Generating NVIDIA GPU code
             785,   ! blockidx%x threadidx%x auto-collapsed
                  Loop parallelized across CUDA thread blocks, CUDA threads(128) collapse(3) ! blockidx%x threadidx%x collapsed-innermost
         785, Generating implicit copyin(psdot(jde1:jde2,ide1:ide2)) [if not already present]
              Generating implicit copy(xub%b1(jde1:jde2,ide1:ide2,1:kz)) [if not already present]
              Generating implicit copyin(xub) [if not already present]
         786, Generating NVIDIA GPU code
             786,   ! blockidx%x threadidx%x auto-collapsed
                  Loop parallelized across CUDA thread blocks, CUDA threads(128) collapse(3) ! blockidx%x threadidx%x collapsed-innermost
         786, Generating implicit copyin(psdot(jde1:jde2,ide1:ide2)) [if not already present]
              Generating implicit copy(xvb%b1(jde1:jde2,ide1:ide2,1:kz)) [if not already present]
              Generating implicit copyin(xvb) [if not already present]
         787, Generating NVIDIA GPU code
             787,   ! blockidx%x threadidx%x auto-collapsed
                  Loop parallelized across CUDA thread blocks, CUDA threads(128) collapse(3) ! blockidx%x threadidx%x collapsed-innermost
         787, Generating implicit copyin(xpsb,xpsb%b1(jce1:jce2,ice1:ice2),xtb) [if not already present]
              Generating implicit copy(xtb%b1(jce1:jce2,ice1:ice2,1:kz)) [if not already present]
         788, Generating NVIDIA GPU code
             788,   ! blockidx%x threadidx%x auto-collapsed
                  Loop parallelized across CUDA thread blocks, CUDA threads(128) collapse(3) ! blockidx%x threadidx%x collapsed-innermost
         788, Generating implicit copyin(xpsb,xpsb%b1(jce1:jce2,ice1:ice2),xqb) [if not already present]
              Generating implicit copy(xqb%b1(jce1:jce2,ice1:ice2,1:kz)) [if not already present]
         790, Generating NVIDIA GPU code
             790,   ! blockidx%x threadidx%x auto-collapsed
                  Loop parallelized across CUDA thread blocks, CUDA threads(128) collapse(3) ! blockidx%x threadidx%x collapsed-innermost
         790, Generating implicit copy(xlb%b1(jce1:jce2,ice1:ice2,1:kz)) [if not already present]
              Generating implicit copyin(xpsb,xpsb%b1(jce1:jce2,ice1:ice2),xlb) [if not already present]
         793, Generating NVIDIA GPU code
             793,   ! blockidx%x threadidx%x auto-collapsed
                  Loop parallelized across CUDA thread blocks, CUDA threads(128) collapse(3) ! blockidx%x threadidx%x collapsed-innermost
         793, Generating implicit copy(xib%b1(jce1:jce2,ice1:ice2,1:kz)) [if not already present]
              Generating implicit copyin(xpsb,xpsb%b1(jce1:jce2,ice1:ice2),xib) [if not already present]
         807, Generating NVIDIA GPU code
             807,   ! blockidx%x threadidx%x auto-collapsed
                  Loop parallelized across CUDA thread blocks, CUDA threads(128) collapse(3) ! blockidx%x threadidx%x collapsed-innermost
         807, Generating implicit copy(xppb%b1(jce1:jce2,ice1:ice2,1:kz)) [if not already present]
              Generating implicit copyin(xpsb,xpsb%b1(jce1:jce2,ice1:ice2),xppb) [if not already present]
         808, Generating NVIDIA GPU code
             808,   ! blockidx%x threadidx%x auto-collapsed
                  Loop parallelized across CUDA thread blocks, CUDA threads(128) collapse(3) ! blockidx%x threadidx%x collapsed-innermost
         808, Generating implicit copyin(xpsb,xpsb%b1(jce1:jce2,ice1:ice2),xwwb) [if not already present]
              Generating implicit copy(xwwb%b1(jce1:jce2,ice1:ice2,1:kzp1)) [if not already present]
         877, Generating NVIDIA GPU code
             877,   ! blockidx%x threadidx%x auto-collapsed
                  Loop parallelized across CUDA thread blocks, CUDA threads(128) collapse(3) ! blockidx%x threadidx%x collapsed-innermost
         877, Generating implicit copyin(xub%b0(jde1ga:jde2ga,ide1ga:ide2ga,1:kz),xub,xub%b1(jde1ga:jde2ga,ide1ga:ide2ga,1:kz)) [if not already present]
              Generating implicit copyout(xub%bt(jde1ga:jde2ga,ide1ga:ide2ga,1:kz)) [if not already present]
         878, Generating NVIDIA GPU code
             878,   ! blockidx%x threadidx%x auto-collapsed
                  Loop parallelized across CUDA thread blocks, CUDA threads(128) collapse(3) ! blockidx%x threadidx%x collapsed-innermost
         878, Generating implicit copyin(xvb%b0(jde1ga:jde2ga,ide1ga:ide2ga,1:kz),xvb,xvb%b1(jde1ga:jde2ga,ide1ga:ide2ga,1:kz)) [if not already present]
              Generating implicit copyout(xvb%bt(jde1ga:jde2ga,ide1ga:ide2ga,1:kz)) [if not already present]
         879, Generating NVIDIA GPU code
             879,   ! blockidx%x threadidx%x auto-collapsed
                  Loop parallelized across CUDA thread blocks, CUDA threads(128) collapse(3) ! blockidx%x threadidx%x collapsed-innermost
         879, Generating implicit copyin(xtb%b0(jce1ga:jce2ga,ice1ga:ice2ga,1:kz),xtb,xtb%b1(jce1ga:jce2ga,ice1ga:ice2ga,1:kz)) [if not already present]
              Generating implicit copyout(xtb%bt(jce1ga:jce2ga,ice1ga:ice2ga,1:kz)) [if not already present]
         880, Generating NVIDIA GPU code
             880,   ! blockidx%x threadidx%x auto-collapsed
                  Loop parallelized across CUDA thread blocks, CUDA threads(128) collapse(3) ! blockidx%x threadidx%x collapsed-innermost
         880, Generating implicit copyin(xqb%b0(jce1ga:jce2ga,ice1ga:ice2ga,1:kz),xqb,xqb%b1(jce1ga:jce2ga,ice1ga:ice2ga,1:kz)) [if not already present]
              Generating implicit copyout(xqb%bt(jce1ga:jce2ga,ice1ga:ice2ga,1:kz)) [if not already present]
         882, Generating NVIDIA GPU code
             882,   ! blockidx%x threadidx%x auto-collapsed
                  Loop parallelized across CUDA thread blocks, CUDA threads(128) collapse(3) ! blockidx%x threadidx%x collapsed-innermost
         882, Generating implicit copyin(xlb%b0(jce1ga:jce2ga,ice1ga:ice2ga,1:kz),xlb,xlb%b1(jce1ga:jce2ga,ice1ga:ice2ga,1:kz)) [if not already present]
              Generating implicit copyout(xlb%bt(jce1ga:jce2ga,ice1ga:ice2ga,1:kz)) [if not already present]
         885, Generating NVIDIA GPU code
             885,   ! blockidx%x threadidx%x auto-collapsed
                  Loop parallelized across CUDA thread blocks, CUDA threads(128) collapse(3) ! blockidx%x threadidx%x collapsed-innermost
         885, Generating implicit copyin(xib%b0(jce1ga:jce2ga,ice1ga:ice2ga,1:kz),xib,xib%b1(jce1ga:jce2ga,ice1ga:ice2ga,1:kz)) [if not already present]
              Generating implicit copyout(xib%bt(jce1ga:jce2ga,ice1ga:ice2ga,1:kz)) [if not already present]
         887, Generating NVIDIA GPU code
             887,   ! blockidx%x threadidx%x auto-collapsed
                  Loop parallelized across CUDA thread blocks, CUDA threads(128) collapse(2) ! blockidx%x threadidx%x collapsed-innermost
         887, Generating implicit copyin(xtsb%b1(jce1:jce2,ice1:ice2)) [if not already present]
              Generating implicit copyout(xtsb%bt(jce1:jce2,ice1:ice2)) [if not already present]
              Generating implicit copyin(xtsb,xtsb%b0(jce1:jce2,ice1:ice2)) [if not already present]
         889, Generating NVIDIA GPU code
             889,   ! blockidx%x threadidx%x auto-collapsed
                  Loop parallelized across CUDA thread blocks, CUDA threads(128) collapse(2) ! blockidx%x threadidx%x collapsed-innermost
         889, Generating implicit copyin(xpsb%b1(jce1ga:jce2ga,ice1ga:ice2ga)) [if not already present]
              Generating implicit copyout(xpsb%bt(jce1ga:jce2ga,ice1ga:ice2ga)) [if not already present]
              Generating implicit copyin(xpsb,xpsb%b0(jce1ga:jce2ga,ice1ga:ice2ga)) [if not already present]
         891, Generating NVIDIA GPU code
             891,   ! blockidx%x threadidx%x auto-collapsed
                  Loop parallelized across CUDA thread blocks, CUDA threads(128) collapse(3) ! blockidx%x threadidx%x collapsed-innermost
         891, Generating implicit copyin(xppb%b0(jce1ga:jce2ga,ice1ga:ice2ga,1:kz),xppb,xppb%b1(jce1ga:jce2ga,ice1ga:ice2ga,1:kz)) [if not already present]
              Generating implicit copyout(xppb%bt(jce1ga:jce2ga,ice1ga:ice2ga,1:kz)) [if not already present]
         893, Generating NVIDIA GPU code
             893,   ! blockidx%x threadidx%x auto-collapsed
                  Loop parallelized across CUDA thread blocks, CUDA threads(128) collapse(3) ! blockidx%x threadidx%x collapsed-innermost
         893, Generating implicit copyin(xwwb%b0(jce1ga:jce2ga,ice1ga:ice2ga,1:kzp1),xwwb,xwwb%b1(jce1ga:jce2ga,ice1ga:ice2ga,1:kzp1)) [if not already present]
              Generating implicit copyout(xwwb%bt(jce1ga:jce2ga,ice1ga:ice2ga,1:kzp1)) [if not already present]
         897, Generating NVIDIA GPU code
             897,   ! blockidx%x threadidx%x auto-collapsed
                  Loop parallelized across CUDA thread blocks, CUDA threads(128) collapse(2) ! blockidx%x threadidx%x collapsed-innermost
         897, Generating implicit copyin(xpsb%b1(jce1ga:jce2ga,ice1ga:ice2ga)) [if not already present]
              Generating implicit copyout(xpsb%bt(jce1ga:jce2ga,ice1ga:ice2ga)) [if not already present]
              Generating implicit copyin(xpsb,xpsb%b0(jce1ga:jce2ga,ice1ga:ice2ga)) [if not already present]
         898, Generating NVIDIA GPU code
             898,   ! blockidx%x threadidx%x auto-collapsed
                  Loop parallelized across CUDA thread blocks, CUDA threads(128) collapse(2) ! blockidx%x threadidx%x collapsed-innermost
         898, Generating implicit copyin(xpaib,mo_atm%zeta(jce1:jce2,ice1:ice2,kz-1:kz),mo_atm) [if not already present]
              Generating implicit copyin(xpaib%b0(jce1:jce2,ice1:ice2,..inline+1)) [if not already present]
              Generating implicit copyin(mo_atm%fmzf(jce1:jce2,ice1:ice2,..inline+1),xqb,xpsb%b0(jce1:jce2,ice1:ice2),xqb%b0(jce1:jce2,ice1:ice2,..inline:..inline+1),xtb,xqb%b0(jce1:jce2,ice1:ice2,kz-1:kz),xtb%b0(jce1:jce2,ice1:ice2,..inline:..inline+1),xtb%b0(jce1:jce2,ice1:ice2,kz-1:kz)) [if not already present]
              Generating implicit copyout(xpaib%b0(jce1:jce2,ice1:ice2,kz)) [if not already present]
              Generating implicit copyin(xpsb) [if not already present]
              Generating implicit allocate(xpaib%b0(jce1:jce2,ice1:ice2,..inline:..inline+1)) [if not already present]
              Generating implicit copyout(xpaib%b0(jce1:jce2,ice1:ice2,..inline)) [if not already present]
         899, Generating NVIDIA GPU code
             899,   ! blockidx%x threadidx%x auto-collapsed
                  Loop parallelized across CUDA thread blocks, CUDA threads(128) collapse(2) ! blockidx%x threadidx%x collapsed-innermost
         899, Generating implicit copyin(xpaib,mo_atm%zeta(jce1:jce2,ice1:ice2,kz-1:kz),mo_atm) [if not already present]
              Generating implicit copyin(xpaib%b1(jce1:jce2,ice1:ice2,..inline+1)) [if not already present]
              Generating implicit copyin(mo_atm%fmzf(jce1:jce2,ice1:ice2,..inline+1),xqb,xpsb%b1(jce1:jce2,ice1:ice2),xqb%b1(jce1:jce2,ice1:ice2,..inline:..inline+1),xtb,xqb%b1(jce1:jce2,ice1:ice2,kz-1:kz),xtb%b1(jce1:jce2,ice1:ice2,..inline:..inline+1),xtb%b1(jce1:jce2,ice1:ice2,kz-1:kz)) [if not already present]
              Generating implicit copyout(xpaib%b1(jce1:jce2,ice1:ice2,kz)) [if not already present]
              Generating implicit copyin(xpsb) [if not already present]
              Generating implicit allocate(xpaib%b1(jce1:jce2,ice1:ice2,..inline:..inline+1)) [if not already present]
              Generating implicit copyout(xpaib%b1(jce1:jce2,ice1:ice2,..inline)) [if not already present]
         900, Generating NVIDIA GPU code
             900,   ! blockidx%x threadidx%x auto-collapsed
                  Loop parallelized across CUDA thread blocks, CUDA threads(128) collapse(3) ! blockidx%x threadidx%x collapsed-innermost
         900, Generating implicit copyin(xpaib%b0(jce1ga:jce2ga,ice1ga:ice2ga,1:kz),xpaib,xpaib%b1(jce1ga:jce2ga,ice1ga:ice2ga,1:kz)) [if not already present]
              Generating implicit copyout(xpaib%bt(jce1ga:jce2ga,ice1ga:ice2ga,1:kz)) [if not already present]
bdyin:
    975, Generating NVIDIA GPU code
        975,   ! blockidx%x threadidx%x auto-collapsed
             Loop parallelized across CUDA thread blocks, CUDA threads(128) collapse(2) ! blockidx%x threadidx%x collapsed-innermost
    975, Generating implicit copy(nhbh1%ps(jce1:jce2,ice1:ice2)) [if not already present]
         Generating implicit copyin(nhbh1) [if not already present]
    978, Generating NVIDIA GPU code
        978,   ! blockidx%x threadidx%x auto-collapsed
             Loop parallelized across CUDA thread blocks, CUDA threads(128) collapse(3) ! blockidx%x threadidx%x collapsed-innermost
    978, Generating implicit copyout(nhbh1%tvirt(jce1:jce2,ice1:ice2,1:kz)) [if not already present]
         Generating implicit copyin(xqb,xqb%b1(jce1:jce2,ice1:ice2,1:kz),xtb%b1(jce1:jce2,ice1:ice2,1:kz),xtb,nhbh1) [if not already present]
    993, Generating NVIDIA GPU code
        993,   ! blockidx%x threadidx%x auto-collapsed
             Loop parallelized across CUDA thread blocks, CUDA threads(128) collapse(2) ! blockidx%x threadidx%x collapsed-innermost
    993, Generating implicit copyin(nhbh1) [if not already present]
         Generating implicit copyout(nhbh1%ps(jce1:jce2,ice1:ice2)) [if not already present]
         Generating implicit copyin(xpsb%b1(jce1:jce2,ice1:ice2),xpsb) [if not already present]
    996, Generating NVIDIA GPU code
        996,   ! blockidx%x threadidx%x auto-collapsed
             Loop parallelized across CUDA thread blocks, CUDA threads(128) collapse(3) ! blockidx%x threadidx%x collapsed-innermost
    996, Generating implicit copyout(nhbh1%tvirt(jce1:jce2,ice1:ice2,1:kz)) [if not already present]
         Generating implicit copyin(xqb,xqb%b1(jce1:jce2,ice1:ice2,1:kz),xtb%b1(jce1:jce2,ice1:ice2,1:kz),xtb,nhbh1) [if not already present]
        1031, Generating NVIDIA GPU code
            1031,   ! blockidx%x threadidx%x auto-collapsed
                  Loop parallelized across CUDA thread blocks, CUDA threads(128) collapse(3) ! blockidx%x threadidx%x collapsed-innermost
        1031, Generating implicit copyin(psdot(jde1:jde2,ide1:ide2)) [if not already present]
              Generating implicit copy(xub%b1(jde1:jde2,ide1:ide2,1:kz)) [if not already present]
              Generating implicit copyin(xub) [if not already present]
        1032, Generating NVIDIA GPU code
            1032,   ! blockidx%x threadidx%x auto-collapsed
                  Loop parallelized across CUDA thread blocks, CUDA threads(128) collapse(3) ! blockidx%x threadidx%x collapsed-innermost
        1032, Generating implicit copyin(psdot(jde1:jde2,ide1:ide2)) [if not already present]
              Generating implicit copy(xvb%b1(jde1:jde2,ide1:ide2,1:kz)) [if not already present]
              Generating implicit copyin(xvb) [if not already present]
        1033, Generating NVIDIA GPU code
            1033,   ! blockidx%x threadidx%x auto-collapsed
                  Loop parallelized across CUDA thread blocks, CUDA threads(128) collapse(3) ! blockidx%x threadidx%x collapsed-innermost
        1033, Generating implicit copyin(xpsb,xpsb%b1(jce1:jce2,ice1:ice2),xtb) [if not already present]
              Generating implicit copy(xtb%b1(jce1:jce2,ice1:ice2,1:kz)) [if not already present]
        1034, Generating NVIDIA GPU code
            1034,   ! blockidx%x threadidx%x auto-collapsed
                  Loop parallelized across CUDA thread blocks, CUDA threads(128) collapse(3) ! blockidx%x threadidx%x collapsed-innermost
        1034, Generating implicit copyin(xpsb,xpsb%b1(jce1:jce2,ice1:ice2),xqb) [if not already present]
              Generating implicit copy(xqb%b1(jce1:jce2,ice1:ice2,1:kz)) [if not already present]
        1036, Generating NVIDIA GPU code
            1036,   ! blockidx%x threadidx%x auto-collapsed
                  Loop parallelized across CUDA thread blocks, CUDA threads(128) collapse(3) ! blockidx%x threadidx%x collapsed-innermost
        1036, Generating implicit copy(xlb%b1(jce1:jce2,ice1:ice2,1:kz)) [if not already present]
              Generating implicit copyin(xpsb,xpsb%b1(jce1:jce2,ice1:ice2),xlb) [if not already present]
        1039, Generating NVIDIA GPU code
            1039,   ! blockidx%x threadidx%x auto-collapsed
                  Loop parallelized across CUDA thread blocks, CUDA threads(128) collapse(3) ! blockidx%x threadidx%x collapsed-innermost
        1039, Generating implicit copy(xib%b1(jce1:jce2,ice1:ice2,1:kz)) [if not already present]
              Generating implicit copyin(xpsb,xpsb%b1(jce1:jce2,ice1:ice2),xib) [if not already present]
        1053, Generating NVIDIA GPU code
            1053,   ! blockidx%x threadidx%x auto-collapsed
                  Loop parallelized across CUDA thread blocks, CUDA threads(128) collapse(3) ! blockidx%x threadidx%x collapsed-innermost
        1053, Generating implicit copy(xppb%b1(jce1:jce2,ice1:ice2,1:kz)) [if not already present]
              Generating implicit copyin(xpsb,xpsb%b1(jce1:jce2,ice1:ice2),xppb) [if not already present]
        1054, Generating NVIDIA GPU code
            1054,   ! blockidx%x threadidx%x auto-collapsed
                  Loop parallelized across CUDA thread blocks, CUDA threads(128) collapse(3) ! blockidx%x threadidx%x collapsed-innermost
        1054, Generating implicit copyin(xpsb,xpsb%b1(jce1:jce2,ice1:ice2),xwwb) [if not already present]
              Generating implicit copy(xwwb%b1(jce1:jce2,ice1:ice2,1:kzp1)) [if not already present]
        1060, Generating NVIDIA GPU code
            1060,   ! blockidx%x threadidx%x auto-collapsed
                  Loop parallelized across CUDA thread blocks, CUDA threads(128) collapse(3) ! blockidx%x threadidx%x collapsed-innermost
        1060, Generating implicit copyin(xub%b0(jde1ga:jde2ga,ide1ga:ide2ga,1:kz),xub,xub%b1(jde1ga:jde2ga,ide1ga:ide2ga,1:kz)) [if not already present]
              Generating implicit copyout(xub%bt(jde1ga:jde2ga,ide1ga:ide2ga,1:kz)) [if not already present]
        1061, Generating NVIDIA GPU code
            1061,   ! blockidx%x threadidx%x auto-collapsed
                  Loop parallelized across CUDA thread blocks, CUDA threads(128) collapse(3) ! blockidx%x threadidx%x collapsed-innermost
        1061, Generating implicit copyin(xvb%b0(jde1ga:jde2ga,ide1ga:ide2ga,1:kz),xvb,xvb%b1(jde1ga:jde2ga,ide1ga:ide2ga,1:kz)) [if not already present]
              Generating implicit copyout(xvb%bt(jde1ga:jde2ga,ide1ga:ide2ga,1:kz)) [if not already present]
        1062, Generating NVIDIA GPU code
            1062,   ! blockidx%x threadidx%x auto-collapsed
                  Loop parallelized across CUDA thread blocks, CUDA threads(128) collapse(3) ! blockidx%x threadidx%x collapsed-innermost
        1062, Generating implicit copyin(xtb%b0(jce1ga:jce2ga,ice1ga:ice2ga,1:kz),xtb,xtb%b1(jce1ga:jce2ga,ice1ga:ice2ga,1:kz)) [if not already present]
              Generating implicit copyout(xtb%bt(jce1ga:jce2ga,ice1ga:ice2ga,1:kz)) [if not already present]
        1063, Generating NVIDIA GPU code
            1063,   ! blockidx%x threadidx%x auto-collapsed
                  Loop parallelized across CUDA thread blocks, CUDA threads(128) collapse(3) ! blockidx%x threadidx%x collapsed-innermost
        1063, Generating implicit copyin(xqb%b0(jce1ga:jce2ga,ice1ga:ice2ga,1:kz),xqb,xqb%b1(jce1ga:jce2ga,ice1ga:ice2ga,1:kz)) [if not already present]
              Generating implicit copyout(xqb%bt(jce1ga:jce2ga,ice1ga:ice2ga,1:kz)) [if not already present]
        1065, Generating NVIDIA GPU code
            1065,   ! blockidx%x threadidx%x auto-collapsed
                  Loop parallelized across CUDA thread blocks, CUDA threads(128) collapse(3) ! blockidx%x threadidx%x collapsed-innermost
        1065, Generating implicit copyin(xlb%b0(jce1ga:jce2ga,ice1ga:ice2ga,1:kz),xlb,xlb%b1(jce1ga:jce2ga,ice1ga:ice2ga,1:kz)) [if not already present]
              Generating implicit copyout(xlb%bt(jce1ga:jce2ga,ice1ga:ice2ga,1:kz)) [if not already present]
        1068, Generating NVIDIA GPU code
            1068,   ! blockidx%x threadidx%x auto-collapsed
                  Loop parallelized across CUDA thread blocks, CUDA threads(128) collapse(3) ! blockidx%x threadidx%x collapsed-innermost
        1068, Generating implicit copyin(xib%b0(jce1ga:jce2ga,ice1ga:ice2ga,1:kz),xib,xib%b1(jce1ga:jce2ga,ice1ga:ice2ga,1:kz)) [if not already present]
              Generating implicit copyout(xib%bt(jce1ga:jce2ga,ice1ga:ice2ga,1:kz)) [if not already present]
        1071, Generating NVIDIA GPU code
            1071,   ! blockidx%x threadidx%x auto-collapsed
                  Loop parallelized across CUDA thread blocks, CUDA threads(128) collapse(2) ! blockidx%x threadidx%x collapsed-innermost
        1071, Generating implicit copyin(xpsb%b1(jce1ga:jce2ga,ice1ga:ice2ga)) [if not already present]
              Generating implicit copyout(xpsb%bt(jce1ga:jce2ga,ice1ga:ice2ga)) [if not already present]
              Generating implicit copyin(xpsb,xpsb%b0(jce1ga:jce2ga,ice1ga:ice2ga)) [if not already present]
        1073, Generating NVIDIA GPU code
            1073,   ! blockidx%x threadidx%x auto-collapsed
                  Loop parallelized across CUDA thread blocks, CUDA threads(128) collapse(3) ! blockidx%x threadidx%x collapsed-innermost
        1073, Generating implicit copyin(xppb%b0(jce1ga:jce2ga,ice1ga:ice2ga,1:kz),xppb,xppb%b1(jce1ga:jce2ga,ice1ga:ice2ga,1:kz)) [if not already present]
              Generating implicit copyout(xppb%bt(jce1ga:jce2ga,ice1ga:ice2ga,1:kz)) [if not already present]
        1075, Generating NVIDIA GPU code
            1075,   ! blockidx%x threadidx%x auto-collapsed
                  Loop parallelized across CUDA thread blocks, CUDA threads(128) collapse(3) ! blockidx%x threadidx%x collapsed-innermost
        1075, Generating implicit copyin(xwwb%b0(jce1ga:jce2ga,ice1ga:ice2ga,1:kzp1),xwwb,xwwb%b1(jce1ga:jce2ga,ice1ga:ice2ga,1:kzp1)) [if not already present]
              Generating implicit copyout(xwwb%bt(jce1ga:jce2ga,ice1ga:ice2ga,1:kzp1)) [if not already present]
        1078, Generating NVIDIA GPU code
            1078,   ! blockidx%x threadidx%x auto-collapsed
                  Loop parallelized across CUDA thread blocks, CUDA threads(128) collapse(2) ! blockidx%x threadidx%x collapsed-innermost
        1078, Generating implicit copyin(xpsb%b1(jce1ga:jce2ga,ice1ga:ice2ga)) [if not already present]
              Generating implicit copyout(xpsb%bt(jce1ga:jce2ga,ice1ga:ice2ga)) [if not already present]
              Generating implicit copyin(xpsb,xpsb%b0(jce1ga:jce2ga,ice1ga:ice2ga)) [if not already present]
        1080, Generating NVIDIA GPU code
            1080,   ! blockidx%x threadidx%x auto-collapsed
                  Loop parallelized across CUDA thread blocks, CUDA threads(128) collapse(2) ! blockidx%x threadidx%x collapsed-innermost
        1080, Generating implicit copyin(xpaib,mo_atm%zeta(jce1:jce2,ice1:ice2,kz-1:kz),mo_atm) [if not already present]
              Generating implicit copyin(xpaib%b1(jce1:jce2,ice1:ice2,..inline+1)) [if not already present]
              Generating implicit copyin(mo_atm%fmzf(jce1:jce2,ice1:ice2,..inline+1),xqb,xpsb%b1(jce1:jce2,ice1:ice2),xqb%b1(jce1:jce2,ice1:ice2,..inline:..inline+1),xtb,xqb%b1(jce1:jce2,ice1:ice2,kz-1:kz),xtb%b1(jce1:jce2,ice1:ice2,..inline:..inline+1),xtb%b1(jce1:jce2,ice1:ice2,kz-1:kz)) [if not already present]
              Generating implicit copyout(xpaib%b1(jce1:jce2,ice1:ice2,kz)) [if not already present]
              Generating implicit copyin(xpsb) [if not already present]
              Generating implicit allocate(xpaib%b1(jce1:jce2,ice1:ice2,..inline:..inline+1)) [if not already present]
              Generating implicit copyout(xpaib%b1(jce1:jce2,ice1:ice2,..inline)) [if not already present]
        1081, Generating NVIDIA GPU code
            1081,   ! blockidx%x threadidx%x auto-collapsed
                  Loop parallelized across CUDA thread blocks, CUDA threads(128) collapse(3) ! blockidx%x threadidx%x collapsed-innermost
        1081, Generating implicit copyin(xpaib%b0(jce1ga:jce2ga,ice1ga:ice2ga,1:kz),xpaib,xpaib%b1(jce1ga:jce2ga,ice1ga:ice2ga,1:kz)) [if not already present]
              Generating implicit copyout(xpaib%bt(jce1ga:jce2ga,ice1ga:ice2ga,1:kz)) [if not already present]
        1124, Generating NVIDIA GPU code
            1124,   ! blockidx%x threadidx%x auto-collapsed
                  Loop parallelized across CUDA thread blocks, CUDA threads(128) collapse(2) ! blockidx%x threadidx%x collapsed-innermost
        1124, Generating implicit copyin(xtsb%b1(jce1:jce2,ice1:ice2)) [if not already present]
              Generating implicit copyout(xtsb%bt(jce1:jce2,ice1:ice2)) [if not already present]
              Generating implicit copyin(xtsb,xtsb%b0(jce1:jce2,ice1:ice2)) [if not already present]
bdyuv:
   1161, Generating NVIDIA GPU code
       1161,   ! blockidx%x threadidx%x auto-collapsed
             Loop parallelized across CUDA thread blocks, CUDA threads(128) collapse(2) ! blockidx%x threadidx%x collapsed-innermost
   1161, Generating implicit copyout(wvi(idi1:idi2,1:kz),wui(idi1:idi2,1:kz)) [if not already present]
         Generating implicit copyin(atm1%u(jdi1,idi1:idi2,1:kz),atm1,atm1%v(jdi1,idi1:idi2,1:kz)) [if not already present]
   1167, Generating NVIDIA GPU code
       1167,   ! blockidx%x threadidx%x auto-collapsed
             Loop parallelized across CUDA thread blocks, CUDA threads(128) collapse(2) ! blockidx%x threadidx%x collapsed-innermost
   1167, Generating implicit copyout(evi(idi1:idi2,1:kz),eui(idi1:idi2,1:kz)) [if not already present]
         Generating implicit copyin(atm1%u(jdi2,idi1:idi2,1:kz),atm1,atm1%v(jdi2,idi1:idi2,1:kz)) [if not already present]
   1173, Generating NVIDIA GPU code
       1173,   ! blockidx%x threadidx%x auto-collapsed
             Loop parallelized across CUDA thread blocks, CUDA threads(128) collapse(2) ! blockidx%x threadidx%x collapsed-innermost
   1173, Generating implicit copyout(sui(jdi1:jdi2,1:kz),svi(jdi1:jdi2,1:kz)) [if not already present]
         Generating implicit copyin(atm1%u(jdi1:jdi2,idi1,1:kz),atm1,atm1%v(jdi1:jdi2,idi1,1:kz)) [if not already present]
   1179, Generating NVIDIA GPU code
       1179,   ! blockidx%x threadidx%x auto-collapsed
             Loop parallelized across CUDA thread blocks, CUDA threads(128) collapse(2) ! blockidx%x threadidx%x collapsed-innermost
   1179, Generating implicit copyout(nvi(jdi1:jdi2,1:kz),nui(jdi1:jdi2,1:kz)) [if not already present]
         Generating implicit copyin(atm1%u(jdi1:jdi2,idi2,1:kz),atm1,atm1%v(jdi1:jdi2,idi2,1:kz)) [if not already present]
   1194, Generating NVIDIA GPU code
       1194,   ! blockidx%x threadidx%x auto-collapsed
             Loop parallelized across CUDA thread blocks, CUDA threads(128) collapse(2) ! blockidx%x threadidx%x collapsed-innermost
   1194, Generating implicit copyout(wue(ide1:ide2,1:kz)) [if not already present]
         Generating implicit copyin(xub%b0(jde1,ide1:ide2,1:kz),xvb%b0(jde1,ide1:ide2,1:kz),xvb) [if not already present]
         Generating implicit copyout(wve(ide1:ide2,1:kz)) [if not already present]
         Generating implicit copyin(xub) [if not already present]
   1200, Generating NVIDIA GPU code
       1200,   ! blockidx%x threadidx%x auto-collapsed
             Loop parallelized across CUDA thread blocks, CUDA threads(128) collapse(2) ! blockidx%x threadidx%x collapsed-innermost
   1200, Generating implicit copyout(eue(ide1:ide2,1:kz)) [if not already present]
         Generating implicit copyin(xub%b0(jde2,ide1:ide2,1:kz),xvb%b0(jde2,ide1:ide2,1:kz),xvb) [if not already present]
         Generating implicit copyout(eve(ide1:ide2,1:kz)) [if not already present]
         Generating implicit copyin(xub) [if not already present]
   1209, Generating NVIDIA GPU code
       1209,   ! blockidx%x threadidx%x auto-collapsed
             Loop parallelized across CUDA thread blocks, CUDA threads(128) collapse(2) ! blockidx%x threadidx%x collapsed-innermost
   1209, Generating implicit copyout(sue(jde1:jde2,1:kz)) [if not already present]
         Generating implicit copyin(xub%b0(jde1:jde2,ide1,1:kz),xvb%b0(jde1:jde2,ide1,1:kz),xvb) [if not already present]
         Generating implicit copyout(sve(jde1:jde2,1:kz)) [if not already present]
         Generating implicit copyin(xub) [if not already present]
   1215, Generating NVIDIA GPU code
       1215,   ! blockidx%x threadidx%x auto-collapsed
             Loop parallelized across CUDA thread blocks, CUDA threads(128) collapse(2) ! blockidx%x threadidx%x collapsed-innermost
   1215, Generating implicit copyout(nue(jde1:jde2,1:kz)) [if not already present]
         Generating implicit copyin(xub%b0(jde1:jde2,ide2,1:kz),xvb%b0(jde1:jde2,ide2,1:kz),xvb) [if not already present]
         Generating implicit copyout(nve(jde1:jde2,1:kz)) [if not already present]
         Generating implicit copyin(xub) [if not already present]
   1227, Generating NVIDIA GPU code
       1227,   ! blockidx%x threadidx%x auto-collapsed
             Loop parallelized across CUDA thread blocks, CUDA threads(128) collapse(2) ! blockidx%x threadidx%x collapsed-innermost
   1227, Generating implicit copyout(wue(idi1:idi2,1:kz)) [if not already present]
         Generating implicit copyin(xub%bt(jde1,idi1:idi2,1:kz),xvb,xvb%bt(jde1,idi1:idi2,1:kz),xvb%b0(jde1,idi1:idi2,1:kz)) [if not already present]
         Generating implicit copyout(wve(idi1:idi2,1:kz)) [if not already present]
         Generating implicit copyin(xub%b0(jde1,idi1:idi2,1:kz),xub) [if not already present]
   1233, Generating NVIDIA GPU code
       1233,   ! blockidx%x threadidx%x auto-collapsed
             Loop parallelized across CUDA thread blocks, CUDA threads(128) collapse(2) ! blockidx%x threadidx%x collapsed-innermost
   1233, Generating implicit copyout(eue(idi1:idi2,1:kz)) [if not already present]
         Generating implicit copyin(xub%bt(jde2,idi1:idi2,1:kz),xvb,xvb%bt(jde2,idi1:idi2,1:kz),xvb%b0(jde2,idi1:idi2,1:kz)) [if not already present]
         Generating implicit copyout(eve(idi1:idi2,1:kz)) [if not already present]
         Generating implicit copyin(xub%b0(jde2,idi1:idi2,1:kz),xub) [if not already present]
   1242, Generating NVIDIA GPU code
       1242,   ! blockidx%x threadidx%x auto-collapsed
             Loop parallelized across CUDA thread blocks, CUDA threads(128) collapse(2) ! blockidx%x threadidx%x collapsed-innermost
   1242, Generating implicit copyout(sue(jde1:jde2,1:kz)) [if not already present]
         Generating implicit copyin(xub%bt(jde1:jde2,ide1,1:kz),xvb,xvb%bt(jde1:jde2,ide1,1:kz),xvb%b0(jde1:jde2,ide1,1:kz)) [if not already present]
         Generating implicit copyout(sve(jde1:jde2,1:kz)) [if not already present]
         Generating implicit copyin(xub%b0(jde1:jde2,ide1,1:kz),xub) [if not already present]
   1248, Generating NVIDIA GPU code
       1248,   ! blockidx%x threadidx%x auto-collapsed
             Loop parallelized across CUDA thread blocks, CUDA threads(128) collapse(2) ! blockidx%x threadidx%x collapsed-innermost
   1248, Generating implicit copyout(nue(jde1:jde2,1:kz)) [if not already present]
         Generating implicit copyin(xub%bt(jde1:jde2,ide2,1:kz),xvb,xvb%bt(jde1:jde2,ide2,1:kz),xvb%b0(jde1:jde2,ide2,1:kz)) [if not already present]
         Generating implicit copyout(nve(jde1:jde2,1:kz)) [if not already present]
         Generating implicit copyin(xub%b0(jde1:jde2,ide2,1:kz),xub) [if not already present]
   1258, Generating NVIDIA GPU code
       1258, Loop parallelized across CUDA thread blocks, CUDA threads(128) blockidx%x threadidx%x
   1258, Generating implicit copyin(nue(jdi1,1:kz)) [if not already present]
         Generating implicit copyout(nvi(jde1,1:kz)) [if not already present]
         Generating implicit copyin(wue(idi2,1:kz)) [if not already present]
         Generating implicit copyout(nui(jde1,1:kz),wvi(ide2,1:kz)) [if not already present]
         Generating implicit copyin(wve(idi2,1:kz)) [if not already present]
         Generating implicit copyout(wui(ide2,1:kz)) [if not already present]
         Generating implicit copyin(nve(jdi1,1:kz)) [if not already present]
   1266, Generating NVIDIA GPU code
       1266, Loop parallelized across CUDA thread blocks, CUDA threads(128) blockidx%x threadidx%x
   1266, Generating implicit copyin(sue(jdi1,1:kz)) [if not already present]
         Generating implicit copyout(svi(jde1,1:kz)) [if not already present]
         Generating implicit copyin(wue(idi1,1:kz)) [if not already present]
         Generating implicit copyout(sui(jde1,1:kz),wvi(ide1,1:kz)) [if not already present]
         Generating implicit copyin(wve(idi1,1:kz)) [if not already present]
         Generating implicit copyout(wui(ide1,1:kz)) [if not already present]
         Generating implicit copyin(sve(jdi1,1:kz)) [if not already present]
   1274, Generating NVIDIA GPU code
       1274, Loop parallelized across CUDA thread blocks, CUDA threads(128) blockidx%x threadidx%x
   1274, Generating implicit copyin(nue(jdi2,1:kz),eue(idi2,1:kz)) [if not already present]
         Generating implicit copyout(evi(ide2,1:kz),nui(jde2,1:kz)) [if not already present]
         Generating implicit copyin(eve(idi2,1:kz)) [if not already present]
         Generating implicit copyout(eui(ide2,1:kz),nvi(jde2,1:kz)) [if not already present]
         Generating implicit copyin(nve(jdi2,1:kz)) [if not already present]
   1282, Generating NVIDIA GPU code
       1282, Loop parallelized across CUDA thread blocks, CUDA threads(128) blockidx%x threadidx%x
   1282, Generating implicit copyin(sue(jdi2,1:kz),eue(idi1,1:kz)) [if not already present]
         Generating implicit copyout(evi(ide1,1:kz),sui(jde2,1:kz)) [if not already present]
         Generating implicit copyin(eve(idi1,1:kz)) [if not already present]
         Generating implicit copyout(eui(ide1,1:kz),svi(jde2,1:kz)) [if not already present]
         Generating implicit copyin(sve(jdi2,1:kz)) [if not already present]
bdyval:
   1357, Generating NVIDIA GPU code
       1357,   ! blockidx%x threadidx%x auto-collapsed
             Loop parallelized across CUDA thread blocks, CUDA threads(128) collapse(2) ! blockidx%x threadidx%x
   1357, Generating implicit copyin(atm1%v(jde1,idi1:idi2,1:kz)) [if not already present]
         Generating implicit copyout(atm2%v(jde1,idi1:idi2,1:kz),atm2%u(jde1,idi1:idi2,1:kz)) [if not already present]
         Generating implicit copyin(atm1%u(jde1,idi1:idi2,1:kz),atm1,atm2) [if not already present]
   1361, Generating NVIDIA GPU code
       1361,   ! blockidx%x threadidx%x auto-collapsed
             Loop parallelized across CUDA thread blocks, CUDA threads(128) collapse(2) ! blockidx%x threadidx%x
   1361, Generating implicit copyin(atm1%t(jce1,ici1:ici2,1:kz),atm2) [if not already present]
         Generating implicit copyout(atm2%t(jce1,ici1:ici2,1:kz)) [if not already present]
         Generating implicit copyin(atm1) [if not already present]
   1364, Generating NVIDIA GPU code
       1364,   ! blockidx%x threadidx%x auto-collapsed
             Loop parallelized across CUDA thread blocks, CUDA threads(128) collapse(3) ! blockidx%x threadidx%x
   1364, Generating implicit copyin(atm1,atm1%qx(jce1,ici1:ici2,1:kz,1:nqx),atm2) [if not already present]
         Generating implicit copyout(atm2%qx(jce1,ici1:ici2,1:kz,1:nqx)) [if not already present]
   1368, Generating NVIDIA GPU code
       1368,   ! blockidx%x threadidx%x auto-collapsed
             Loop parallelized across CUDA thread blocks, CUDA threads(128) collapse(2) ! blockidx%x threadidx%x
   1368, Generating implicit copyin(atm1%pp(jce1,ici1:ici2,1:kz),atm2) [if not already present]
         Generating implicit copyout(atm2%pp(jce1,ici1:ici2,1:kz)) [if not already present]
         Generating implicit copyin(atm1) [if not already present]
   1371, Generating NVIDIA GPU code
       1371,   ! blockidx%x threadidx%x auto-collapsed
             Loop parallelized across CUDA thread blocks, CUDA threads(128) collapse(2) ! blockidx%x threadidx%x
   1371, Generating implicit copyin(atm1%w(jce1,ici1:ici2,1:kzp1),atm2) [if not already present]
         Generating implicit copyout(atm2%w(jce1,ici1:ici2,1:kzp1)) [if not already present]
         Generating implicit copyin(atm1) [if not already present]
   1375, Generating NVIDIA GPU code
       1375, Loop parallelized across CUDA thread blocks, CUDA threads(128) blockidx%x threadidx%x
   1375, Generating implicit copyin(sfs,sfs%psa(jce1,ici1:ici2)) [if not already present]
         Generating implicit copyout(sfs%psb(jce1,ici1:ici2)) [if not already present]
   1380, Generating NVIDIA GPU code
       1380,   ! blockidx%x threadidx%x auto-collapsed
             Loop parallelized across CUDA thread blocks, CUDA threads(128) collapse(2) ! blockidx%x threadidx%x
   1380, Generating implicit copyin(atm1%tke(jce1,ici1:ici2,1:kzp1)) [if not already present]
         Generating implicit copyout(atm2%tke(jce1,ici1:ici2,1:kzp1)) [if not already present]
         Generating implicit copyin(atm2,atm1) [if not already present]
   1389, Generating NVIDIA GPU code
       1389,   ! blockidx%x threadidx%x auto-collapsed
             Loop parallelized across CUDA thread blocks, CUDA threads(128) collapse(2) ! blockidx%x threadidx%x
   1389, Generating implicit copyin(atm1%v(jde2,idi1:idi2,1:kz)) [if not already present]
         Generating implicit copyout(atm2%v(jde2,idi1:idi2,1:kz),atm2%u(jde2,idi1:idi2,1:kz)) [if not already present]
         Generating implicit copyin(atm1%u(jde2,idi1:idi2,1:kz),atm1,atm2) [if not already present]
   1393, Generating NVIDIA GPU code
       1393,   ! blockidx%x threadidx%x auto-collapsed
             Loop parallelized across CUDA thread blocks, CUDA threads(128) collapse(2) ! blockidx%x threadidx%x
   1393, Generating implicit copyin(atm1%t(jce2,ici1:ici2,1:kz),atm2) [if not already present]
         Generating implicit copyout(atm2%t(jce2,ici1:ici2,1:kz)) [if not already present]
         Generating implicit copyin(atm1) [if not already present]
   1396, Generating NVIDIA GPU code
       1396,   ! blockidx%x threadidx%x auto-collapsed
             Loop parallelized across CUDA thread blocks, CUDA threads(128) collapse(3) ! blockidx%x threadidx%x
   1396, Generating implicit copyin(atm1,atm1%qx(jce2,ici1:ici2,1:kz,1:nqx),atm2) [if not already present]
         Generating implicit copyout(atm2%qx(jce2,ici1:ici2,1:kz,1:nqx)) [if not already present]
   1400, Generating NVIDIA GPU code
       1400,   ! blockidx%x threadidx%x auto-collapsed
             Loop parallelized across CUDA thread blocks, CUDA threads(128) collapse(2) ! blockidx%x threadidx%x
   1400, Generating implicit copyin(atm1%pp(jce2,ici1:ici2,1:kz),atm2) [if not already present]
         Generating implicit copyout(atm2%pp(jce2,ici1:ici2,1:kz)) [if not already present]
         Generating implicit copyin(atm1) [if not already present]
   1403, Generating NVIDIA GPU code
       1403,   ! blockidx%x threadidx%x auto-collapsed
             Loop parallelized across CUDA thread blocks, CUDA threads(128) collapse(2) ! blockidx%x threadidx%x
   1403, Generating implicit copyin(atm1%w(jce2,ici1:ici2,1:kzp1),atm2) [if not already present]
         Generating implicit copyout(atm2%w(jce2,ici1:ici2,1:kzp1)) [if not already present]
         Generating implicit copyin(atm1) [if not already present]
   1407, Generating NVIDIA GPU code
       1407, Loop parallelized across CUDA thread blocks, CUDA threads(128) blockidx%x threadidx%x
   1407, Generating implicit copyin(sfs) [if not already present]
         Generating implicit copyout(sfs%psb(jce2,ici1:ici2)) [if not already present]
         Generating implicit copyin(sfs%psa(jce2,ici1:ici2)) [if not already present]
   1412, Generating NVIDIA GPU code
       1412,   ! blockidx%x threadidx%x auto-collapsed
             Loop parallelized across CUDA thread blocks, CUDA threads(128) collapse(2) ! blockidx%x threadidx%x
   1412, Generating implicit copyin(atm1%tke(jce2,ici1:ici2,1:kzp1),atm2) [if not already present]
         Generating implicit copyout(atm2%tke(jce2,ici1:ici2,1:kzp1)) [if not already present]
         Generating implicit copyin(atm1) [if not already present]
   1421, Generating NVIDIA GPU code
       1421,   ! blockidx%x threadidx%x auto-collapsed
             Loop parallelized across CUDA thread blocks, CUDA threads(128) collapse(2) ! blockidx%x threadidx%x collapsed-innermost
   1421, Generating implicit copyin(atm1%v(jde1:jde2,ide1,1:kz)) [if not already present]
         Generating implicit copyout(atm2%v(jde1:jde2,ide1,1:kz),atm2%u(jde1:jde2,ide1,1:kz)) [if not already present]
         Generating implicit copyin(atm1%u(jde1:jde2,ide1,1:kz),atm1,atm2) [if not already present]
   1425, Generating NVIDIA GPU code
       1425,   ! blockidx%x threadidx%x auto-collapsed
             Loop parallelized across CUDA thread blocks, CUDA threads(128) collapse(2) ! blockidx%x threadidx%x collapsed-innermost
   1425, Generating implicit copyin(atm1%t(jce1:jce2,ice1,1:kz)) [if not already present]
         Generating implicit copyout(atm2%t(jce1:jce2,ice1,1:kz)) [if not already present]
         Generating implicit copyin(atm2,atm1) [if not already present]
   1428, Generating NVIDIA GPU code
       1428,   ! blockidx%x threadidx%x auto-collapsed
             Loop parallelized across CUDA thread blocks, CUDA threads(128) collapse(3) ! blockidx%x threadidx%x collapsed-innermost
   1428, Generating implicit copyin(atm1,atm1%qx(jce1:jce2,ice1,1:kz,1:nqx)) [if not already present]
         Generating implicit copyout(atm2%qx(jce1:jce2,ice1,1:kz,1:nqx)) [if not already present]
         Generating implicit copyin(atm2) [if not already present]
   1432, Generating NVIDIA GPU code
       1432,   ! blockidx%x threadidx%x auto-collapsed
             Loop parallelized across CUDA thread blocks, CUDA threads(128) collapse(2) ! blockidx%x threadidx%x collapsed-innermost
   1432, Generating implicit copyin(atm1%pp(jce1:jce2,ice1,1:kz),atm2) [if not already present]
         Generating implicit copyout(atm2%pp(jce1:jce2,ice1,1:kz)) [if not already present]
         Generating implicit copyin(atm1) [if not already present]
   1435, Generating NVIDIA GPU code
       1435,   ! blockidx%x threadidx%x auto-collapsed
             Loop parallelized across CUDA thread blocks, CUDA threads(128) collapse(2) ! blockidx%x threadidx%x collapsed-innermost
   1435, Generating implicit copyin(atm1%w(jce1:jce2,ice1,1:kzp1),atm2) [if not already present]
         Generating implicit copyout(atm2%w(jce1:jce2,ice1,1:kzp1)) [if not already present]
         Generating implicit copyin(atm1) [if not already present]
   1439, Generating NVIDIA GPU code
       1439, Loop parallelized across CUDA thread blocks, CUDA threads(128) blockidx%x threadidx%x
   1439, Generating implicit copyin(sfs,sfs%psa(jce1:jce2,ice1)) [if not already present]
         Generating implicit copyout(sfs%psb(jce1:jce2,ice1)) [if not already present]
   1444, Generating NVIDIA GPU code
       1444,   ! blockidx%x threadidx%x auto-collapsed
             Loop parallelized across CUDA thread blocks, CUDA threads(128) collapse(2) ! blockidx%x threadidx%x collapsed-innermost
   1444, Generating implicit copyin(atm1%tke(jce1:jce2,ice1,1:kzp1)) [if not already present]
         Generating implicit copyout(atm2%tke(jce1:jce2,ice1,1:kzp1)) [if not already present]
         Generating implicit copyin(atm2,atm1) [if not already present]
   1450, Generating NVIDIA GPU code
       1450,   ! blockidx%x threadidx%x auto-collapsed
             Loop parallelized across CUDA thread blocks, CUDA threads(128) collapse(2) ! blockidx%x threadidx%x collapsed-innermost
   1450, Generating implicit copyin(atm1%v(jde1:jde2,ide2,1:kz)) [if not already present]
         Generating implicit copyout(atm2%u(jde1:jde2,ide2,1:kz),atm2%v(jde1:jde2,ide2,1:kz)) [if not already present]
         Generating implicit copyin(atm1%u(jde1:jde2,ide2,1:kz),atm1,atm2) [if not already present]
   1454, Generating NVIDIA GPU code
       1454,   ! blockidx%x threadidx%x auto-collapsed
             Loop parallelized across CUDA thread blocks, CUDA threads(128) collapse(2) ! blockidx%x threadidx%x collapsed-innermost
   1454, Generating implicit copyin(atm1%t(jce1:jce2,ice2,1:kz)) [if not already present]
         Generating implicit copyout(atm2%t(jce1:jce2,ice2,1:kz)) [if not already present]
         Generating implicit copyin(atm2,atm1) [if not already present]
   1457, Generating NVIDIA GPU code
       1457,   ! blockidx%x threadidx%x auto-collapsed
             Loop parallelized across CUDA thread blocks, CUDA threads(128) collapse(3) ! blockidx%x threadidx%x collapsed-innermost
   1457, Generating implicit copyin(atm1,atm1%qx(jce1:jce2,ice2,1:kz,1:nqx)) [if not already present]
         Generating implicit copyout(atm2%qx(jce1:jce2,ice2,1:kz,1:nqx)) [if not already present]
         Generating implicit copyin(atm2) [if not already present]
   1461, Generating NVIDIA GPU code
       1461,   ! blockidx%x threadidx%x auto-collapsed
             Loop parallelized across CUDA thread blocks, CUDA threads(128) collapse(2) ! blockidx%x threadidx%x collapsed-innermost
   1461, Generating implicit copyin(atm1%pp(jce1:jce2,ice2,1:kz),atm2) [if not already present]
         Generating implicit copyout(atm2%pp(jce1:jce2,ice2,1:kz)) [if not already present]
         Generating implicit copyin(atm1) [if not already present]
   1464, Generating NVIDIA GPU code
       1464,   ! blockidx%x threadidx%x auto-collapsed
             Loop parallelized across CUDA thread blocks, CUDA threads(128) collapse(2) ! blockidx%x threadidx%x collapsed-innermost
   1464, Generating implicit copyin(atm1%w(jce1:jce2,ice2,1:kzp1),atm2) [if not already present]
         Generating implicit copyout(atm2%w(jce1:jce2,ice2,1:kzp1)) [if not already present]
         Generating implicit copyin(atm1) [if not already present]
   1468, Generating NVIDIA GPU code
       1468, Loop parallelized across CUDA thread blocks, CUDA threads(128) blockidx%x threadidx%x
   1468, Generating implicit copyin(sfs,sfs%psa(jce1:jce2,ice2)) [if not already present]
         Generating implicit copyout(sfs%psb(jce1:jce2,ice2)) [if not already present]
   1473, Generating NVIDIA GPU code
       1473,   ! blockidx%x threadidx%x auto-collapsed
             Loop parallelized across CUDA thread blocks, CUDA threads(128) collapse(2) ! blockidx%x threadidx%x collapsed-innermost
   1473, Generating implicit copyin(atm1%tke(jce1:jce2,ice2,1:kzp1),atm2) [if not already present]
         Generating implicit copyout(atm2%tke(jce1:jce2,ice2,1:kzp1)) [if not already present]
         Generating implicit copyin(atm1) [if not already present]
   1492, Generating NVIDIA GPU code
       1492, Loop parallelized across CUDA thread blocks, CUDA threads(128) blockidx%x threadidx%x
   1492, Generating implicit copyout(sfs%psa(jce1,ici1:ici2)) [if not already present]
         Generating implicit copyin(xpsb%b0(jce1,ici1:ici2),xpsb,sfs) [if not already present]
   1497, Generating NVIDIA GPU code
       1497, Loop parallelized across CUDA thread blocks, CUDA threads(128) blockidx%x threadidx%x
   1497, Generating implicit copyout(sfs%psa(jce2,ici1:ici2)) [if not already present]
         Generating implicit copyin(xpsb%b0(jce2,ici1:ici2),xpsb,sfs) [if not already present]
   1502, Generating NVIDIA GPU code
       1502, Loop parallelized across CUDA thread blocks, CUDA threads(128) blockidx%x threadidx%x
   1502, Generating implicit copyout(sfs%psa(jce1:jce2,ice1)) [if not already present]
         Generating implicit copyin(xpsb%b0(jce1:jce2,ice1),xpsb,sfs) [if not already present]
   1507, Generating NVIDIA GPU code
       1507, Loop parallelized across CUDA thread blocks, CUDA threads(128) blockidx%x threadidx%x
   1507, Generating implicit copyout(sfs%psa(jce1:jce2,ice2)) [if not already present]
         Generating implicit copyin(xpsb,xpsb%b0(jce1:jce2,ice2),sfs) [if not already present]
   1514, Generating NVIDIA GPU code
       1514,   ! blockidx%x threadidx%x auto-collapsed
             Loop parallelized across CUDA thread blocks, CUDA threads(128) collapse(2) ! blockidx%x threadidx%x
   1514, Generating implicit copyin(mo_atm) [if not already present]
         Generating implicit copyout(mo_atm%u(jde1,ice1:ice2,1:kz)) [if not already present]
         Generating implicit copyin(xub%b0(jde1,ice1:ice2,1:kz),xub) [if not already present]
   1517, Generating NVIDIA GPU code
       1517,   ! blockidx%x threadidx%x auto-collapsed
             Loop parallelized across CUDA thread blocks, CUDA threads(128) collapse(2) ! blockidx%x threadidx%x
   1517, Generating implicit copyin(mo_atm) [if not already present]
         Generating implicit copyout(mo_atm%v(jce1,ide1:ide2,1:kz)) [if not already present]
         Generating implicit copyin(xvb%b0(jce1,ide1:ide2,1:kz),xvb) [if not already present]
   1522, Generating NVIDIA GPU code
       1522,   ! blockidx%x threadidx%x auto-collapsed
             Loop parallelized across CUDA thread blocks, CUDA threads(128) collapse(2) ! blockidx%x threadidx%x
   1522, Generating implicit copyin(mo_atm) [if not already present]
         Generating implicit copyout(mo_atm%u(jde2,ice1:ice2,1:kz)) [if not already present]
         Generating implicit copyin(xub,xub%b0(jde2,ice1:ice2,1:kz)) [if not already present]
   1525, Generating NVIDIA GPU code
       1525,   ! blockidx%x threadidx%x auto-collapsed
             Loop parallelized across CUDA thread blocks, CUDA threads(128) collapse(2) ! blockidx%x threadidx%x
   1525, Generating implicit copyin(mo_atm) [if not already present]
         Generating implicit copyout(mo_atm%v(jce2,ide1:ide2,1:kz)) [if not already present]
         Generating implicit copyin(xvb,xvb%b0(jce2,ide1:ide2,1:kz)) [if not already present]
   1530, Generating NVIDIA GPU code
       1530,   ! blockidx%x threadidx%x auto-collapsed
             Loop parallelized across CUDA thread blocks, CUDA threads(128) collapse(2) ! blockidx%x threadidx%x collapsed-innermost
   1530, Generating implicit copyin(mo_atm) [if not already present]
         Generating implicit copyout(mo_atm%u(jde1:jde2,ice1,1:kz)) [if not already present]
         Generating implicit copyin(xub%b0(jde1:jde2,ice1,1:kz),xub) [if not already present]
   1533, Generating NVIDIA GPU code
       1533,   ! blockidx%x threadidx%x auto-collapsed
             Loop parallelized across CUDA thread blocks, CUDA threads(128) collapse(2) ! blockidx%x threadidx%x collapsed-innermost
   1533, Generating implicit copyin(mo_atm) [if not already present]
         Generating implicit copyout(mo_atm%v(jce1:jce2,ide1,1:kz)) [if not already present]
         Generating implicit copyin(xvb%b0(jce1:jce2,ide1,1:kz),xvb) [if not already present]
   1538, Generating NVIDIA GPU code
       1538,   ! blockidx%x threadidx%x auto-collapsed
             Loop parallelized across CUDA thread blocks, CUDA threads(128) collapse(2) ! blockidx%x threadidx%x collapsed-innermost
   1538, Generating implicit copyin(mo_atm) [if not already present]
         Generating implicit copyout(mo_atm%u(jde1:jde2,ice2,1:kz)) [if not already present]
         Generating implicit copyin(xub%b0(jde1:jde2,ice2,1:kz),xub) [if not already present]
   1541, Generating NVIDIA GPU code
       1541,   ! blockidx%x threadidx%x auto-collapsed
             Loop parallelized across CUDA thread blocks, CUDA threads(128) collapse(2) ! blockidx%x threadidx%x collapsed-innermost
   1541, Generating implicit copyin(mo_atm) [if not already present]
         Generating implicit copyout(mo_atm%v(jce1:jce2,ide2,1:kz)) [if not already present]
         Generating implicit copyin(xvb,xvb%b0(jce1:jce2,ide2,1:kz)) [if not already present]
   1547, Generating NVIDIA GPU code
       1547,   ! blockidx%x threadidx%x auto-collapsed
             Loop parallelized across CUDA thread blocks, CUDA threads(128) collapse(2) ! blockidx%x threadidx%x
   1547, Generating implicit copyout(atm1%u(jde1,idi1:idi2,1:kz)) [if not already present]
         Generating implicit copyin(xub%b0(jde1,idi1:idi2,1:kz),xvb%b0(jde1,idi1:idi2,1:kz),xvb) [if not already present]
         Generating implicit copyout(atm1%v(jde1,idi1:idi2,1:kz)) [if not already present]
         Generating implicit copyin(xub,atm1) [if not already present]
   1553, Generating NVIDIA GPU code
       1553,   ! blockidx%x threadidx%x auto-collapsed
             Loop parallelized across CUDA thread blocks, CUDA threads(128) collapse(2) ! blockidx%x threadidx%x
   1553, Generating implicit copyout(atm1%u(jde2,idi1:idi2,1:kz)) [if not already present]
         Generating implicit copyin(xub%b0(jde2,idi1:idi2,1:kz),xvb%b0(jde2,idi1:idi2,1:kz),xvb) [if not already present]
         Generating implicit copyout(atm1%v(jde2,idi1:idi2,1:kz)) [if not already present]
         Generating implicit copyin(xub,atm1) [if not already present]
   1559, Generating NVIDIA GPU code
       1559,   ! blockidx%x threadidx%x auto-collapsed
             Loop parallelized across CUDA thread blocks, CUDA threads(128) collapse(2) ! blockidx%x threadidx%x collapsed-innermost
   1559, Generating implicit copyout(atm1%u(jde1:jde2,ide1,1:kz)) [if not already present]
         Generating implicit copyin(xub%b0(jde1:jde2,ide1,1:kz),xvb%b0(jde1:jde2,ide1,1:kz),xvb) [if not already present]
         Generating implicit copyout(atm1%v(jde1:jde2,ide1,1:kz)) [if not already present]
         Generating implicit copyin(xub,atm1) [if not already present]
   1565, Generating NVIDIA GPU code
       1565,   ! blockidx%x threadidx%x auto-collapsed
             Loop parallelized across CUDA thread blocks, CUDA threads(128) collapse(2) ! blockidx%x threadidx%x collapsed-innermost
   1565, Generating implicit copyout(atm1%u(jde1:jde2,ide2,1:kz)) [if not already present]
         Generating implicit copyin(xub%b0(jde1:jde2,ide2,1:kz),xvb%b0(jde1:jde2,ide2,1:kz),xvb) [if not already present]
         Generating implicit copyout(atm1%v(jde1:jde2,ide2,1:kz)) [if not already present]
         Generating implicit copyin(xub,atm1) [if not already present]
   1577, Generating NVIDIA GPU code
       1577, Loop parallelized across CUDA thread blocks, CUDA threads(128) blockidx%x threadidx%x
   1577, Generating implicit copyout(sfs%psa(jce1,ici1:ici2)) [if not already present]
         Generating implicit copyin(xpsb%b0(jce1,ici1:ici2),xpsb%bt(jce1,ici1:ici2),xpsb,sfs) [if not already present]
   1582, Generating NVIDIA GPU code
       1582, Loop parallelized across CUDA thread blocks, CUDA threads(128) blockidx%x threadidx%x
   1582, Generating implicit copyout(sfs%psa(jce2,ici1:ici2)) [if not already present]
         Generating implicit copyin(xpsb%bt(jce2,ici1:ici2),xpsb%b0(jce2,ici1:ici2),xpsb,sfs) [if not already present]
   1587, Generating NVIDIA GPU code
       1587, Loop parallelized across CUDA thread blocks, CUDA threads(128) blockidx%x threadidx%x
   1587, Generating implicit copyout(sfs%psa(jce1:jce2,ice1)) [if not already present]
         Generating implicit copyin(xpsb%bt(jce1:jce2,ice1),xpsb%b0(jce1:jce2,ice1),xpsb,sfs) [if not already present]
   1592, Generating NVIDIA GPU code
       1592, Loop parallelized across CUDA thread blocks, CUDA threads(128) blockidx%x threadidx%x
   1592, Generating implicit copyout(sfs%psa(jce1:jce2,ice2)) [if not already present]
         Generating implicit copyin(xpsb%bt(jce1:jce2,ice2),xpsb%b0(jce1:jce2,ice2),xpsb,sfs) [if not already present]
   1599, Generating NVIDIA GPU code
       1599,   ! blockidx%x threadidx%x auto-collapsed
             Loop parallelized across CUDA thread blocks, CUDA threads(128) collapse(2) ! blockidx%x threadidx%x
   1599, Generating implicit copyin(mo_atm) [if not already present]
         Generating implicit copyout(mo_atm%u(jde1,ice1:ice2,1:kz)) [if not already present]
         Generating implicit copyin(xub,xub%bt(jde1,ice1:ice2,1:kz),xub%b0(jde1,ice1:ice2,1:kz)) [if not already present]
   1602, Generating NVIDIA GPU code
       1602,   ! blockidx%x threadidx%x auto-collapsed
             Loop parallelized across CUDA thread blocks, CUDA threads(128) collapse(2) ! blockidx%x threadidx%x
   1602, Generating implicit copyin(mo_atm) [if not already present]
         Generating implicit copyout(mo_atm%v(jce1,ide1:ide2,1:kz)) [if not already present]
         Generating implicit copyin(xvb,xvb%bt(jce1,ide1:ide2,1:kz),xvb%b0(jce1,ide1:ide2,1:kz)) [if not already present]
   1607, Generating NVIDIA GPU code
       1607,   ! blockidx%x threadidx%x auto-collapsed
             Loop parallelized across CUDA thread blocks, CUDA threads(128) collapse(2) ! blockidx%x threadidx%x
   1607, Generating implicit copyin(mo_atm) [if not already present]
         Generating implicit copyout(mo_atm%u(jde2,ice1:ice2,1:kz)) [if not already present]
         Generating implicit copyin(xub,xub%bt(jde2,ice1:ice2,1:kz),xub%b0(jde2,ice1:ice2,1:kz)) [if not already present]
   1610, Generating NVIDIA GPU code
       1610,   ! blockidx%x threadidx%x auto-collapsed
             Loop parallelized across CUDA thread blocks, CUDA threads(128) collapse(2) ! blockidx%x threadidx%x
   1610, Generating implicit copyin(mo_atm) [if not already present]
         Generating implicit copyout(mo_atm%v(jce2,ide1:ide2,1:kz)) [if not already present]
         Generating implicit copyin(xvb,xvb%bt(jce2,ide1:ide2,1:kz),xvb%b0(jce2,ide1:ide2,1:kz)) [if not already present]
   1615, Generating NVIDIA GPU code
       1615,   ! blockidx%x threadidx%x auto-collapsed
             Loop parallelized across CUDA thread blocks, CUDA threads(128) collapse(2) ! blockidx%x threadidx%x collapsed-innermost
   1615, Generating implicit copyin(mo_atm) [if not already present]
         Generating implicit copyout(mo_atm%u(jde1:jde2,ice1,1:kz)) [if not already present]
         Generating implicit copyin(xub,xub%bt(jde1:jde2,ice1,1:kz),xub%b0(jde1:jde2,ice1,1:kz)) [if not already present]
   1618, Generating NVIDIA GPU code
       1618,   ! blockidx%x threadidx%x auto-collapsed
             Loop parallelized across CUDA thread blocks, CUDA threads(128) collapse(2) ! blockidx%x threadidx%x collapsed-innermost
   1618, Generating implicit copyin(mo_atm) [if not already present]
         Generating implicit copyout(mo_atm%v(jce1:jce2,ide1,1:kz)) [if not already present]
         Generating implicit copyin(xvb,xvb%bt(jce1:jce2,ide1,1:kz),xvb%b0(jce1:jce2,ide1,1:kz)) [if not already present]
   1623, Generating NVIDIA GPU code
       1623,   ! blockidx%x threadidx%x auto-collapsed
             Loop parallelized across CUDA thread blocks, CUDA threads(128) collapse(2) ! blockidx%x threadidx%x collapsed-innermost
   1623, Generating implicit copyin(mo_atm) [if not already present]
         Generating implicit copyout(mo_atm%u(jde1:jde2,ice2,1:kz)) [if not already present]
         Generating implicit copyin(xub,xub%bt(jde1:jde2,ice2,1:kz),xub%b0(jde1:jde2,ice2,1:kz)) [if not already present]
   1626, Generating NVIDIA GPU code
       1626,   ! blockidx%x threadidx%x auto-collapsed
             Loop parallelized across CUDA thread blocks, CUDA threads(128) collapse(2) ! blockidx%x threadidx%x collapsed-innermost
   1626, Generating implicit copyin(mo_atm) [if not already present]
         Generating implicit copyout(mo_atm%v(jce1:jce2,ide2,1:kz)) [if not already present]
         Generating implicit copyin(xvb,xvb%bt(jce1:jce2,ide2,1:kz),xvb%b0(jce1:jce2,ide2,1:kz)) [if not already present]
   1632, Generating NVIDIA GPU code
       1632,   ! blockidx%x threadidx%x auto-collapsed
             Loop parallelized across CUDA thread blocks, CUDA threads(128) collapse(2) ! blockidx%x threadidx%x
   1632, Generating implicit copyout(atm1%u(jde1,idi1:idi2,1:kz)) [if not already present]
         Generating implicit copyin(xub%bt(jde1,idi1:idi2,1:kz),xvb,xvb%bt(jde1,idi1:idi2,1:kz),xvb%b0(jde1,idi1:idi2,1:kz)) [if not already present]
         Generating implicit copyout(atm1%v(jde1,idi1:idi2,1:kz)) [if not already present]
         Generating implicit copyin(xub%b0(jde1,idi1:idi2,1:kz),xub,atm1) [if not already present]
   1638, Generating NVIDIA GPU code
       1638,   ! blockidx%x threadidx%x auto-collapsed
             Loop parallelized across CUDA thread blocks, CUDA threads(128) collapse(2) ! blockidx%x threadidx%x
   1638, Generating implicit copyout(atm1%u(jde2,idi1:idi2,1:kz)) [if not already present]
         Generating implicit copyin(xub%bt(jde2,idi1:idi2,1:kz),xvb,xvb%bt(jde2,idi1:idi2,1:kz),xvb%b0(jde2,idi1:idi2,1:kz)) [if not already present]
         Generating implicit copyout(atm1%v(jde2,idi1:idi2,1:kz)) [if not already present]
         Generating implicit copyin(xub%b0(jde2,idi1:idi2,1:kz),xub,atm1) [if not already present]
   1644, Generating NVIDIA GPU code
       1644,   ! blockidx%x threadidx%x auto-collapsed
             Loop parallelized across CUDA thread blocks, CUDA threads(128) collapse(2) ! blockidx%x threadidx%x collapsed-innermost
   1644, Generating implicit copyout(atm1%u(jde1:jde2,ide1,1:kz)) [if not already present]
         Generating implicit copyin(xub%bt(jde1:jde2,ide1,1:kz),xvb,xvb%bt(jde1:jde2,ide1,1:kz),xvb%b0(jde1:jde2,ide1,1:kz)) [if not already present]
         Generating implicit copyout(atm1%v(jde1:jde2,ide1,1:kz)) [if not already present]
         Generating implicit copyin(xub%b0(jde1:jde2,ide1,1:kz),xub,atm1) [if not already present]
   1650, Generating NVIDIA GPU code
       1650,   ! blockidx%x threadidx%x auto-collapsed
             Loop parallelized across CUDA thread blocks, CUDA threads(128) collapse(2) ! blockidx%x threadidx%x collapsed-innermost
   1650, Generating implicit copyout(atm1%u(jde1:jde2,ide2,1:kz)) [if not already present]
         Generating implicit copyin(xub%bt(jde1:jde2,ide2,1:kz),xvb,xvb%bt(jde1:jde2,ide2,1:kz),xvb%b0(jde1:jde2,ide2,1:kz)) [if not already present]
         Generating implicit copyout(atm1%v(jde1:jde2,ide2,1:kz)) [if not already present]
         Generating implicit copyin(xub%b0(jde1:jde2,ide2,1:kz),xub,atm1) [if not already present]
        1658, Generating NVIDIA GPU code
            1658,   ! blockidx%x threadidx%x auto-collapsed
                  Loop parallelized across CUDA thread blocks, CUDA threads(128) collapse(2) ! blockidx%x threadidx%x collapsed-innermost
        1658, Generating implicit copyout(wvi(ide2,1:kz)) [if not already present]
              Generating implicit copyin(atm1,atm1%u(jdi2,idi1:idi2,1:kz)) [if not already present]
              Generating implicit copyout(wui(ide2,1:kz),evi(ide2,1:kz)) [if not already present]
              Generating implicit copyin(atm1%v(jdi1:jdi2,idi2,1:kz),atm1%u(jdi1:jdi2,idi2,1:kz)) [if not already present]
              Generating implicit copyout(eui(ide2,1:kz),svi(jde2,1:kz)) [if not already present]
              Generating implicit copyin(atm1%v(jdi1,idi1:idi2,1:kz),atm1%u(jdi1,idi1:idi2,1:kz)) [if not already present]
              Generating implicit copyout(sui(jde2,1:kz),nvi(jde2,1:kz)) [if not already present]
              Generating implicit copyin(atm1%v(jdi1:jdi2,idi1,1:kz),atm1%u(jdi1:jdi2,idi1,1:kz)) [if not already present]
              Generating implicit copyout(nui(jde2,1:kz),wui(idi1:idi2,1:kz)) [if not already present]
              Generating implicit copyin(xvb,xub%bt(jde2,idi1:idi2,1:kz),xub) [if not already present]
              Generating implicit copyout(wvi(idi1:idi2,1:kz),svi(jdi1:jdi2,1:kz),eui(idi1:idi2,1:kz)) [if not already present]
              Generating implicit copyin(atm1%v(jdi2,idi1:idi2,1:kz)) [if not already present]
              Generating implicit copyout(sve(jde1:jde2,1:kz),sui(jdi1:jdi2,1:kz)) [if not already present]
              Generating implicit copyin(xvb%b0(jde1:jde2,ide1,1:kz),xvb%b0(jde1,idi1:idi2,1:kz),xub%b0(jde1:jde2,ide1,1:kz),xub%b0(jde1,idi1:idi2,1:kz)) [if not already present]
              Generating implicit copyout(sue(jde1:jde2,1:kz),nvi(jdi1:jdi2,1:kz),nve(jde1:jde2,1:kz),nui(jdi1:jdi2,1:kz)) [if not already present]
              Generating implicit copyin(xvb%b0(jde1:jde2,ide2,1:kz),xub%b0(jde1:jde2,ide2,1:kz)) [if not already present]
              Generating implicit copyout(nue(jde1:jde2,1:kz),evi(idi1:idi2,1:kz)) [if not already present]
              Generating implicit copyin(wve(idi1,1:kz),xvb%b0(jde1,ide1:ide2,1:kz),xvb%b0(jde2,idi1:idi2,1:kz),xub%b0(jde2,idi1:idi2,1:kz),xub%b0(jde1,ide1:ide2,1:kz),wue(idi1,1:kz),eve(idi1,1:kz),xvb%b0(jde2,ide1:ide2,1:kz),xvb%bt(jde2,idi1:idi2,1:kz),xvb%bt(jde1:jde2,ide2,1:kz),xub%bt(jde1:jde2,ide2,1:kz),xub%b0(jde2,ide1:ide2,1:kz),eue(idi1,1:kz),xvb%bt(jde1,idi1:idi2,1:kz),xub%bt(jde1,idi1:idi2,1:kz),xvb%bt(jde1:jde2,ide1,1:kz),xub%bt(jde1:jde2,ide1,1:kz),nue(jdi2,1:kz)) [if not already present]
              Generating implicit copyout(wue(idi1:idi2,1:kz),wui(ide1,1:kz),wvi(ide1,1:kz),wve(idi1:idi2,1:kz)) [if not already present]
              Generating implicit copyin(nve(jdi2,1:kz),sue(jdi2,1:kz)) [if not already present]
              Generating implicit copyout(wue(ide1:ide2,1:kz)) [if not already present]
              Generating implicit copyin(wue(idi2,1:kz),wve(idi2,1:kz)) [if not already present]
              Generating implicit copyout(wve(ide1:ide2,1:kz)) [if not already present]
              Generating implicit copyin(sve(jdi2,1:kz)) [if not already present]
              Generating implicit copyout(nui(jde1,1:kz),eue(idi1:idi2,1:kz),eui(ide1,1:kz)) [if not already present]
              Generating implicit copyin(nue(jdi1,1:kz),nve(jdi1,1:kz)) [if not already present]
              Generating implicit copyout(evi(ide1,1:kz),eve(idi1:idi2,1:kz),nvi(jde1,1:kz),sui(jde1,1:kz),eue(ide1:ide2,1:kz)) [if not already present]
              Generating implicit copyin(eue(idi2,1:kz),sue(jdi1,1:kz),sve(jdi1,1:kz),eve(idi2,1:kz)) [if not already present]
              Generating implicit copyout(eve(ide1:ide2,1:kz),svi(jde1,1:kz)) [if not already present]
   1670, Generating NVIDIA GPU code
       1670,   ! blockidx%x threadidx%x auto-collapsed
             Loop parallelized across CUDA thread blocks, CUDA threads(128) collapse(2) ! blockidx%x threadidx%x
   1670, Generating implicit copyin(mo_atm) [if not already present]
         Generating implicit copyout(mo_atm%t(jce1,ici1:ici2,1:kz)) [if not already present]
         Generating implicit copyin(xpaib) [if not already present]
         Generating implicit copyout(mo_atm%qx(jce1,ici1:ici2,1:kz,1)) [if not already present]
         Generating implicit copyin(xqb%b0(jce1,ici1:ici2,1:kz),xtb%b0(jce1,ici1:ici2,1:kz),xtb,xpaib%b0(jce1,ici1:ici2,1:kz),xqb) [if not already present]
         Generating implicit copyout(mo_atm%pai(jce1,ici1:ici2,1:kz)) [if not already present]
   1676, Generating NVIDIA GPU code
       1676,   ! blockidx%x threadidx%x auto-collapsed
             Loop parallelized across CUDA thread blocks, CUDA threads(128) collapse(2) ! blockidx%x threadidx%x
   1676, Generating implicit copyin(mo_atm) [if not already present]
         Generating implicit copyout(mo_atm%qx(jce1,ici1:ici2,1:kz,2)) [if not already present]
         Generating implicit copyin(xlb%b0(jce1,ici1:ici2,1:kz),xlb) [if not already present]
   1681, Generating NVIDIA GPU code
       1681,   ! blockidx%x threadidx%x auto-collapsed
             Loop parallelized across CUDA thread blocks, CUDA threads(128) collapse(2) ! blockidx%x threadidx%x
   1681, Generating implicit copyin(mo_atm) [if not already present]
         Generating implicit copyout(mo_atm%qx(jce1,ici1:ici2,1:kz,3)) [if not already present]
         Generating implicit copyin(xib%b0(jce1,ici1:ici2,1:kz),xib) [if not already present]
   1687, Generating NVIDIA GPU code
       1687,   ! blockidx%x threadidx%x auto-collapsed
             Loop parallelized across CUDA thread blocks, CUDA threads(128) collapse(2) ! blockidx%x threadidx%x
   1687, Generating implicit copyin(mo_atm) [if not already present]
         Generating implicit copyout(mo_atm%t(jce2,ici1:ici2,1:kz)) [if not already present]
         Generating implicit copyin(xpaib) [if not already present]
         Generating implicit copyout(mo_atm%qx(jce2,ici1:ici2,1:kz,1)) [if not already present]
         Generating implicit copyin(xqb%b0(jce2,ici1:ici2,1:kz),xtb%b0(jce2,ici1:ici2,1:kz),xtb,xpaib%b0(jce2,ici1:ici2,1:kz),xqb) [if not already present]
         Generating implicit copyout(mo_atm%pai(jce2,ici1:ici2,1:kz)) [if not already present]
   1693, Generating NVIDIA GPU code
       1693,   ! blockidx%x threadidx%x auto-collapsed
             Loop parallelized across CUDA thread blocks, CUDA threads(128) collapse(2) ! blockidx%x threadidx%x
   1693, Generating implicit copyin(mo_atm) [if not already present]
         Generating implicit copyout(mo_atm%qx(jce2,ici1:ici2,1:kz,2)) [if not already present]
         Generating implicit copyin(xlb%b0(jce2,ici1:ici2,1:kz),xlb) [if not already present]
   1698, Generating NVIDIA GPU code
       1698,   ! blockidx%x threadidx%x auto-collapsed
             Loop parallelized across CUDA thread blocks, CUDA threads(128) collapse(2) ! blockidx%x threadidx%x
   1698, Generating implicit copyin(mo_atm) [if not already present]
         Generating implicit copyout(mo_atm%qx(jce2,ici1:ici2,1:kz,3)) [if not already present]
         Generating implicit copyin(xib%b0(jce2,ici1:ici2,1:kz),xib) [if not already present]
   1704, Generating NVIDIA GPU code
       1704,   ! blockidx%x threadidx%x auto-collapsed
             Loop parallelized across CUDA thread blocks, CUDA threads(128) collapse(2) ! blockidx%x threadidx%x collapsed-innermost
   1704, Generating implicit copyin(mo_atm) [if not already present]
         Generating implicit copyout(mo_atm%t(jce1:jce2,ice1,1:kz)) [if not already present]
         Generating implicit copyin(xpaib) [if not already present]
         Generating implicit copyout(mo_atm%qx(jce1:jce2,ice1,1:kz,1)) [if not already present]
         Generating implicit copyin(xqb%b0(jce1:jce2,ice1,1:kz),xtb%b0(jce1:jce2,ice1,1:kz),xtb,xpaib%b0(jce1:jce2,ice1,1:kz),xqb) [if not already present]
         Generating implicit copyout(mo_atm%pai(jce1:jce2,ice1,1:kz)) [if not already present]
   1710, Generating NVIDIA GPU code
       1710,   ! blockidx%x threadidx%x auto-collapsed
             Loop parallelized across CUDA thread blocks, CUDA threads(128) collapse(2) ! blockidx%x threadidx%x collapsed-innermost
   1710, Generating implicit copyin(mo_atm) [if not already present]
         Generating implicit copyout(mo_atm%qx(jce1:jce2,ice1,1:kz,2)) [if not already present]
         Generating implicit copyin(xlb%b0(jce1:jce2,ice1,1:kz),xlb) [if not already present]
   1715, Generating NVIDIA GPU code
       1715,   ! blockidx%x threadidx%x auto-collapsed
             Loop parallelized across CUDA thread blocks, CUDA threads(128) collapse(2) ! blockidx%x threadidx%x collapsed-innermost
   1715, Generating implicit copyin(mo_atm) [if not already present]
         Generating implicit copyout(mo_atm%qx(jce1:jce2,ice1,1:kz,3)) [if not already present]
         Generating implicit copyin(xib%b0(jce1:jce2,ice1,1:kz),xib) [if not already present]
   1721, Generating NVIDIA GPU code
       1721,   ! blockidx%x threadidx%x auto-collapsed
             Loop parallelized across CUDA thread blocks, CUDA threads(128) collapse(2) ! blockidx%x threadidx%x collapsed-innermost
   1721, Generating implicit copyin(mo_atm) [if not already present]
         Generating implicit copyout(mo_atm%t(jce1:jce2,ice2,1:kz)) [if not already present]
         Generating implicit copyin(xpaib) [if not already present]
         Generating implicit copyout(mo_atm%qx(jce1:jce2,ice2,1:kz,1)) [if not already present]
         Generating implicit copyin(xqb%b0(jce1:jce2,ice2,1:kz),xtb%b0(jce1:jce2,ice2,1:kz),xtb,xpaib%b0(jce1:jce2,ice2,1:kz),xqb) [if not already present]
         Generating implicit copyout(mo_atm%pai(jce1:jce2,ice2,1:kz)) [if not already present]
   1727, Generating NVIDIA GPU code
       1727,   ! blockidx%x threadidx%x auto-collapsed
             Loop parallelized across CUDA thread blocks, CUDA threads(128) collapse(2) ! blockidx%x threadidx%x collapsed-innermost
   1727, Generating implicit copyin(mo_atm) [if not already present]
         Generating implicit copyout(mo_atm%qx(jce1:jce2,ice2,1:kz,2)) [if not already present]
         Generating implicit copyin(xlb%b0(jce1:jce2,ice2,1:kz),xlb) [if not already present]
   1732, Generating NVIDIA GPU code
       1732,   ! blockidx%x threadidx%x auto-collapsed
             Loop parallelized across CUDA thread blocks, CUDA threads(128) collapse(2) ! blockidx%x threadidx%x collapsed-innermost
   1732, Generating implicit copyin(mo_atm) [if not already present]
         Generating implicit copyout(mo_atm%qx(jce1:jce2,ice2,1:kz,3)) [if not already present]
         Generating implicit copyin(xib%b0(jce1:jce2,ice2,1:kz),xib) [if not already present]
   1739, Generating NVIDIA GPU code
       1739,   ! blockidx%x threadidx%x auto-collapsed
             Loop parallelized across CUDA thread blocks, CUDA threads(128) collapse(2) ! blockidx%x threadidx%x
   1739, Generating implicit copyin(atm1) [if not already present]
         Generating implicit copyout(atm1%t(jce1,ici1:ici2,1:kz)) [if not already present]
         Generating implicit copyin(xqb,xqb%b0(jce1,ici1:ici2,1:kz),xtb%b0(jce1,ici1:ici2,1:kz),xtb) [if not already present]
         Generating implicit copyout(atm1%qx(jce1,ici1:ici2,1:kz,1)) [if not already present]
   1744, Generating NVIDIA GPU code
       1744,   ! blockidx%x threadidx%x auto-collapsed
             Loop parallelized across CUDA thread blocks, CUDA threads(128) collapse(2) ! blockidx%x threadidx%x
   1744, Generating implicit copyin(atm1) [if not already present]
         Generating implicit copyout(atm1%qx(jce1,ici1:ici2,1:kz,1)) [if not already present]
         Generating implicit copyin(xlb%b0(jce1,ici1:ici2,1:kz),xlb) [if not already present]
   1749, Generating NVIDIA GPU code
       1749,   ! blockidx%x threadidx%x auto-collapsed
             Loop parallelized across CUDA thread blocks, CUDA threads(128) collapse(2) ! blockidx%x threadidx%x
   1749, Generating implicit copyin(atm1) [if not already present]
         Generating implicit copyout(atm1%qx(jce1,ici1:ici2,1:kz,1)) [if not already present]
         Generating implicit copyin(xlb%b0(jce1,ici1:ici2,1:kz),xlb) [if not already present]
   1754, Generating NVIDIA GPU code
       1754,   ! blockidx%x threadidx%x auto-collapsed
             Loop parallelized across CUDA thread blocks, CUDA threads(128) collapse(2) ! blockidx%x threadidx%x
   1754, Generating implicit copyin(atm1) [if not already present]
         Generating implicit copyout(atm1%pp(jce1,ici1:ici2,1:kz)) [if not already present]
         Generating implicit copyin(xppb%b0(jce1,ici1:ici2,1:kz),xppb) [if not already present]
   1757, Generating NVIDIA GPU code
       1757,   ! blockidx%x threadidx%x auto-collapsed
             Loop parallelized across CUDA thread blocks, CUDA threads(128) collapse(2) ! blockidx%x threadidx%x
   1757, Generating implicit copyin(atm1) [if not already present]
         Generating implicit copyout(atm1%w(jce1,ici1:ici2,1:kzp1)) [if not already present]
         Generating implicit copyin(xwwb%b0(jce1,ici1:ici2,1:kzp1),xwwb) [if not already present]
   1763, Generating NVIDIA GPU code
       1763,   ! blockidx%x threadidx%x auto-collapsed
             Loop parallelized across CUDA thread blocks, CUDA threads(128) collapse(2) ! blockidx%x threadidx%x
   1763, Generating implicit copyin(atm1) [if not already present]
         Generating implicit copyout(atm1%t(jce2,ici1:ici2,1:kz)) [if not already present]
         Generating implicit copyin(xqb,xqb%b0(jce2,ici1:ici2,1:kz),xtb%b0(jce2,ici1:ici2,1:kz),xtb) [if not already present]
         Generating implicit copyout(atm1%qx(jce2,ici1:ici2,1:kz,1)) [if not already present]
   1768, Generating NVIDIA GPU code
       1768,   ! blockidx%x threadidx%x auto-collapsed
             Loop parallelized across CUDA thread blocks, CUDA threads(128) collapse(2) ! blockidx%x threadidx%x
   1768, Generating implicit copyin(atm1) [if not already present]
         Generating implicit copyout(atm1%qx(jce2,ici1:ici2,1:kz,2)) [if not already present]
         Generating implicit copyin(xlb%b0(jce2,ici1:ici2,1:kz),xlb) [if not already present]
   1773, Generating NVIDIA GPU code
       1773,   ! blockidx%x threadidx%x auto-collapsed
             Loop parallelized across CUDA thread blocks, CUDA threads(128) collapse(2) ! blockidx%x threadidx%x
   1773, Generating implicit copyin(atm1) [if not already present]
         Generating implicit copyout(atm1%qx(jce2,ici1:ici2,1:kz,3)) [if not already present]
         Generating implicit copyin(xib%b0(jce2,ici1:ici2,1:kz),xib) [if not already present]
   1778, Generating NVIDIA GPU code
       1778,   ! blockidx%x threadidx%x auto-collapsed
             Loop parallelized across CUDA thread blocks, CUDA threads(128) collapse(2) ! blockidx%x threadidx%x
   1778, Generating implicit copyin(atm1) [if not already present]
         Generating implicit copyout(atm1%pp(jce2,ici1:ici2,1:kz)) [if not already present]
         Generating implicit copyin(xppb%b0(jce2,ici1:ici2,1:kz),xppb) [if not already present]
   1781, Generating NVIDIA GPU code
       1781,   ! blockidx%x threadidx%x auto-collapsed
             Loop parallelized across CUDA thread blocks, CUDA threads(128) collapse(2) ! blockidx%x threadidx%x
   1781, Generating implicit copyin(atm1) [if not already present]
         Generating implicit copyout(atm1%w(jce2,ici1:ici2,1:kzp1)) [if not already present]
         Generating implicit copyin(xwwb%b0(jce2,ici1:ici2,1:kzp1),xwwb) [if not already present]
   1787, Generating NVIDIA GPU code
       1787,   ! blockidx%x threadidx%x auto-collapsed
             Loop parallelized across CUDA thread blocks, CUDA threads(128) collapse(2) ! blockidx%x threadidx%x collapsed-innermost
   1787, Generating implicit copyin(atm1) [if not already present]
         Generating implicit copyout(atm1%t(jce1:jce2,ice1,1:kz)) [if not already present]
         Generating implicit copyin(xqb,xqb%b0(jce1:jce2,ice1,1:kz),xtb%b0(jce1:jce2,ice1,1:kz),xtb) [if not already present]
         Generating implicit copyout(atm1%qx(jce1:jce2,ice1,1:kz,1)) [if not already present]
   1792, Generating NVIDIA GPU code
       1792,   ! blockidx%x threadidx%x auto-collapsed
             Loop parallelized across CUDA thread blocks, CUDA threads(128) collapse(2) ! blockidx%x threadidx%x collapsed-innermost
   1792, Generating implicit copyin(atm1) [if not already present]
         Generating implicit copyout(atm1%qx(jce1:jce2,ice1,1:kz,2)) [if not already present]
         Generating implicit copyin(xlb%b0(jce1:jce2,ice1,1:kz),xlb) [if not already present]
   1797, Generating NVIDIA GPU code
       1797,   ! blockidx%x threadidx%x auto-collapsed
             Loop parallelized across CUDA thread blocks, CUDA threads(128) collapse(2) ! blockidx%x threadidx%x collapsed-innermost
   1797, Generating implicit copyin(atm1) [if not already present]
         Generating implicit copyout(atm1%qx(jce1:jce2,ice1,1:kz,3)) [if not already present]
         Generating implicit copyin(xib%b0(jce1:jce2,ice1,1:kz),xib) [if not already present]
   1802, Generating NVIDIA GPU code
       1802,   ! blockidx%x threadidx%x auto-collapsed
             Loop parallelized across CUDA thread blocks, CUDA threads(128) collapse(2) ! blockidx%x threadidx%x collapsed-innermost
   1802, Generating implicit copyin(atm1) [if not already present]
         Generating implicit copyout(atm1%pp(jce1:jce2,ice1,1:kz)) [if not already present]
         Generating implicit copyin(xppb%b0(jce1:jce2,ice1,1:kz),xppb) [if not already present]
   1805, Generating NVIDIA GPU code
       1805,   ! blockidx%x threadidx%x auto-collapsed
             Loop parallelized across CUDA thread blocks, CUDA threads(128) collapse(2) ! blockidx%x threadidx%x collapsed-innermost
   1805, Generating implicit copyin(atm1) [if not already present]
         Generating implicit copyout(atm1%w(jce1:jce2,ice1,1:kzp1)) [if not already present]
         Generating implicit copyin(xwwb%b0(jce1:jce2,ice1,1:kzp1),xwwb) [if not already present]
   1811, Generating NVIDIA GPU code
       1811,   ! blockidx%x threadidx%x auto-collapsed
             Loop parallelized across CUDA thread blocks, CUDA threads(128) collapse(2) ! blockidx%x threadidx%x collapsed-innermost
   1811, Generating implicit copyin(atm1) [if not already present]
         Generating implicit copyout(atm1%t(jce1:jce2,ice2,1:kz)) [if not already present]
         Generating implicit copyin(xqb,xqb%b0(jce1:jce2,ice2,1:kz),xtb%b0(jce1:jce2,ice2,1:kz),xtb) [if not already present]
         Generating implicit copyout(atm1%qx(jce1:jce2,ice2,1:kz,1)) [if not already present]
   1816, Generating NVIDIA GPU code
       1816,   ! blockidx%x threadidx%x auto-collapsed
             Loop parallelized across CUDA thread blocks, CUDA threads(128) collapse(2) ! blockidx%x threadidx%x collapsed-innermost
   1816, Generating implicit copyin(atm1) [if not already present]
         Generating implicit copyout(atm1%qx(jce1:jce2,ice2,1:kz,2)) [if not already present]
         Generating implicit copyin(xlb%b0(jce1:jce2,ice2,1:kz),xlb) [if not already present]
   1821, Generating NVIDIA GPU code
       1821,   ! blockidx%x threadidx%x auto-collapsed
             Loop parallelized across CUDA thread blocks, CUDA threads(128) collapse(2) ! blockidx%x threadidx%x collapsed-innermost
   1821, Generating implicit copyin(atm1) [if not already present]
         Generating implicit copyout(atm1%qx(jce1:jce2,ice2,1:kz,3)) [if not already present]
         Generating implicit copyin(xib%b0(jce1:jce2,ice2,1:kz),xib) [if not already present]
   1826, Generating NVIDIA GPU code
       1826,   ! blockidx%x threadidx%x auto-collapsed
             Loop parallelized across CUDA thread blocks, CUDA threads(128) collapse(2) ! blockidx%x threadidx%x collapsed-innermost
   1826, Generating implicit copyin(atm1) [if not already present]
         Generating implicit copyout(atm1%pp(jce1:jce2,ice2,1:kz)) [if not already present]
         Generating implicit copyin(xppb%b0(jce1:jce2,ice2,1:kz),xppb) [if not already present]
   1829, Generating NVIDIA GPU code
       1829,   ! blockidx%x threadidx%x auto-collapsed
             Loop parallelized across CUDA thread blocks, CUDA threads(128) collapse(2) ! blockidx%x threadidx%x collapsed-innermost
   1829, Generating implicit copyin(atm1) [if not already present]
         Generating implicit copyout(atm1%w(jce1:jce2,ice2,1:kzp1)) [if not already present]
         Generating implicit copyin(xwwb%b0(jce1:jce2,ice2,1:kzp1),xwwb) [if not already present]
   1841, Generating NVIDIA GPU code
       1841,   ! blockidx%x threadidx%x auto-collapsed
             Loop parallelized across CUDA thread blocks, CUDA threads(128) collapse(2) ! blockidx%x threadidx%x
   1841, Generating implicit copyin(mo_atm) [if not already present]
         Generating implicit copyout(mo_atm%t(jce1,ici1:ici2,1:kz)) [if not already present]
         Generating implicit copyin(xpaib,xpaib%b0(jce1,ici1:ici2,1:kz)) [if not already present]
         Generating implicit copyout(mo_atm%qx(jce1,ici1:ici2,1:kz,1)) [if not already present]
         Generating implicit copyin(xqb%bt(jce1,ici1:ici2,1:kz),xtb,xtb%bt(jce1,ici1:ici2,1:kz),xtb%b0(jce1,ici1:ici2,1:kz),xpaib%bt(jce1,ici1:ici2,1:kz),xqb%b0(jce1,ici1:ici2,1:kz),xqb) [if not already present]
         Generating implicit copyout(mo_atm%pai(jce1,ici1:ici2,1:kz)) [if not already present]
   1847, Generating NVIDIA GPU code
       1847,   ! blockidx%x threadidx%x auto-collapsed
             Loop parallelized across CUDA thread blocks, CUDA threads(128) collapse(2) ! blockidx%x threadidx%x
   1847, Generating implicit copyin(mo_atm) [if not already present]
         Generating implicit copyout(mo_atm%qx(jce1,ici1:ici2,1:kz,2)) [if not already present]
         Generating implicit copyin(xlb,xlb%bt(jce1,ici1:ici2,1:kz),xlb%b0(jce1,ici1:ici2,1:kz)) [if not already present]
   1852, Generating NVIDIA GPU code
       1852,   ! blockidx%x threadidx%x auto-collapsed
             Loop parallelized across CUDA thread blocks, CUDA threads(128) collapse(2) ! blockidx%x threadidx%x
   1852, Generating implicit copyin(mo_atm) [if not already present]
         Generating implicit copyout(mo_atm%qx(jce1,ici1:ici2,1:kz,3)) [if not already present]
         Generating implicit copyin(xib,xib%bt(jce1,ici1:ici2,1:kz),xib%b0(jce1,ici1:ici2,1:kz)) [if not already present]
   1858, Generating NVIDIA GPU code
       1858,   ! blockidx%x threadidx%x auto-collapsed
             Loop parallelized across CUDA thread blocks, CUDA threads(128) collapse(2) ! blockidx%x threadidx%x
   1858, Generating implicit copyin(mo_atm) [if not already present]
         Generating implicit copyout(mo_atm%t(jce2,ici1:ici2,1:kz)) [if not already present]
         Generating implicit copyin(xpaib,xpaib%b0(jce2,ici1:ici2,1:kz)) [if not already present]
         Generating implicit copyout(mo_atm%qx(jce2,ici1:ici2,1:kz,1)) [if not already present]
         Generating implicit copyin(xqb%bt(jce2,ici1:ici2,1:kz),xtb,xtb%bt(jce2,ici1:ici2,1:kz),xtb%b0(jce2,ici1:ici2,1:kz),xpaib%bt(jce2,ici1:ici2,1:kz),xqb%b0(jce2,ici1:ici2,1:kz),xqb) [if not already present]
         Generating implicit copyout(mo_atm%pai(jce2,ici1:ici2,1:kz)) [if not already present]
   1864, Generating NVIDIA GPU code
       1864,   ! blockidx%x threadidx%x auto-collapsed
             Loop parallelized across CUDA thread blocks, CUDA threads(128) collapse(2) ! blockidx%x threadidx%x
   1864, Generating implicit copyin(mo_atm) [if not already present]
         Generating implicit copyout(mo_atm%qx(jce2,ici1:ici2,1:kz,2)) [if not already present]
         Generating implicit copyin(xlb,xlb%bt(jce2,ici1:ici2,1:kz),xlb%b0(jce2,ici1:ici2,1:kz)) [if not already present]
   1869, Generating NVIDIA GPU code
       1869,   ! blockidx%x threadidx%x auto-collapsed
             Loop parallelized across CUDA thread blocks, CUDA threads(128) collapse(2) ! blockidx%x threadidx%x
   1869, Generating implicit copyin(mo_atm) [if not already present]
         Generating implicit copyout(mo_atm%qx(jce2,ici1:ici2,1:kz,3)) [if not already present]
         Generating implicit copyin(xib,xib%bt(jce2,ici1:ici2,1:kz),xib%b0(jce2,ici1:ici2,1:kz)) [if not already present]
   1875, Generating NVIDIA GPU code
       1875,   ! blockidx%x threadidx%x auto-collapsed
             Loop parallelized across CUDA thread blocks, CUDA threads(128) collapse(2) ! blockidx%x threadidx%x collapsed-innermost
   1875, Generating implicit copyin(mo_atm) [if not already present]
         Generating implicit copyout(mo_atm%t(jce1:jce2,ice1,1:kz)) [if not already present]
         Generating implicit copyin(xpaib,xpaib%b0(jce1:jce2,ice1,1:kz)) [if not already present]
         Generating implicit copyout(mo_atm%qx(jce1:jce2,ice1,1:kz,1)) [if not already present]
         Generating implicit copyin(xqb%bt(jce1:jce2,ice1,1:kz),xtb,xtb%bt(jce1:jce2,ice1,1:kz),xtb%b0(jce1:jce2,ice1,1:kz),xpaib%bt(jce1:jce2,ice1,1:kz),xqb%b0(jce1:jce2,ice1,1:kz),xqb) [if not already present]
         Generating implicit copyout(mo_atm%pai(jce1:jce2,ice1,1:kz)) [if not already present]
   1881, Generating NVIDIA GPU code
       1881,   ! blockidx%x threadidx%x auto-collapsed
             Loop parallelized across CUDA thread blocks, CUDA threads(128) collapse(2) ! blockidx%x threadidx%x collapsed-innermost
   1881, Generating implicit copyin(mo_atm) [if not already present]
         Generating implicit copyout(mo_atm%qx(jce1:jce2,ice1,1:kz,2)) [if not already present]
         Generating implicit copyin(xlb,xlb%bt(jce1:jce2,ice1,1:kz),xlb%b0(jce1:jce2,ice1,1:kz)) [if not already present]
   1886, Generating NVIDIA GPU code
       1886,   ! blockidx%x threadidx%x auto-collapsed
             Loop parallelized across CUDA thread blocks, CUDA threads(128) collapse(2) ! blockidx%x threadidx%x collapsed-innermost
   1886, Generating implicit copyin(mo_atm) [if not already present]
         Generating implicit copyout(mo_atm%qx(jce1:jce2,ice1,1:kz,3)) [if not already present]
         Generating implicit copyin(xib,xib%bt(jce1:jce2,ice1,1:kz),xib%b0(jce1:jce2,ice1,1:kz)) [if not already present]
   1892, Generating NVIDIA GPU code
       1892,   ! blockidx%x threadidx%x auto-collapsed
             Loop parallelized across CUDA thread blocks, CUDA threads(128) collapse(2) ! blockidx%x threadidx%x collapsed-innermost
   1892, Generating implicit copyin(mo_atm) [if not already present]
         Generating implicit copyout(mo_atm%t(jce1:jce2,ice2,1:kz)) [if not already present]
         Generating implicit copyin(xpaib,xpaib%b0(jce1:jce2,ice2,1:kz)) [if not already present]
         Generating implicit copyout(mo_atm%qx(jce1:jce2,ice2,1:kz,1)) [if not already present]
         Generating implicit copyin(xqb%bt(jce1:jce2,ice2,1:kz),xtb,xtb%bt(jce1:jce2,ice2,1:kz),xtb%b0(jce1:jce2,ice2,1:kz),xpaib%bt(jce1:jce2,ice2,1:kz),xqb%b0(jce1:jce2,ice2,1:kz),xqb) [if not already present]
         Generating implicit copyout(mo_atm%pai(jce1:jce2,ice2,1:kz)) [if not already present]
   1898, Generating NVIDIA GPU code
       1898,   ! blockidx%x threadidx%x auto-collapsed
             Loop parallelized across CUDA thread blocks, CUDA threads(128) collapse(2) ! blockidx%x threadidx%x collapsed-innermost
   1898, Generating implicit copyin(mo_atm) [if not already present]
         Generating implicit copyout(mo_atm%qx(jce1:jce2,ice2,1:kz,2)) [if not already present]
         Generating implicit copyin(xlb,xlb%bt(jce1:jce2,ice2,1:kz),xlb%b0(jce1:jce2,ice2,1:kz)) [if not already present]
   1903, Generating NVIDIA GPU code
       1903,   ! blockidx%x threadidx%x auto-collapsed
             Loop parallelized across CUDA thread blocks, CUDA threads(128) collapse(2) ! blockidx%x threadidx%x collapsed-innermost
   1903, Generating implicit copyin(mo_atm) [if not already present]
         Generating implicit copyout(mo_atm%qx(jce1:jce2,ice2,1:kz,3)) [if not already present]
         Generating implicit copyin(xib,xib%bt(jce1:jce2,ice2,1:kz),xib%b0(jce1:jce2,ice2,1:kz)) [if not already present]
   1910, Generating NVIDIA GPU code
       1910,   ! blockidx%x threadidx%x auto-collapsed
             Loop parallelized across CUDA thread blocks, CUDA threads(128) collapse(2) ! blockidx%x threadidx%x
   1910, Generating implicit copyin(atm1) [if not already present]
         Generating implicit copyout(atm1%t(jce1,ici1:ici2,1:kz)) [if not already present]
         Generating implicit copyin(xqb,xqb%b0(jce1,ici1:ici2,1:kz),xqb%bt(jce1,ici1:ici2,1:kz),xtb%bt(jce1,ici1:ici2,1:kz),xtb%b0(jce1,ici1:ici2,1:kz),xtb) [if not already present]
         Generating implicit copyout(atm1%qx(jce1,ici1:ici2,1:kz,1)) [if not already present]
   1915, Generating NVIDIA GPU code
       1915,   ! blockidx%x threadidx%x auto-collapsed
             Loop parallelized across CUDA thread blocks, CUDA threads(128) collapse(2) ! blockidx%x threadidx%x
   1915, Generating implicit copyin(atm1) [if not already present]
         Generating implicit copyout(atm1%qx(jce1,ici1:ici2,1:kz,2)) [if not already present]
         Generating implicit copyin(xlb,xlb%bt(jce1,ici1:ici2,1:kz),xlb%b0(jce1,ici1:ici2,1:kz)) [if not already present]
   1920, Generating NVIDIA GPU code
       1920,   ! blockidx%x threadidx%x auto-collapsed
             Loop parallelized across CUDA thread blocks, CUDA threads(128) collapse(2) ! blockidx%x threadidx%x
   1920, Generating implicit copyin(atm1) [if not already present]
         Generating implicit copyout(atm1%qx(jce1,ici1:ici2,1:kz,3)) [if not already present]
         Generating implicit copyin(xib,xib%bt(jce1,ici1:ici2,1:kz),xib%b0(jce1,ici1:ici2,1:kz)) [if not already present]
   1925, Generating NVIDIA GPU code
       1925,   ! blockidx%x threadidx%x auto-collapsed
             Loop parallelized across CUDA thread blocks, CUDA threads(128) collapse(2) ! blockidx%x threadidx%x
   1925, Generating implicit copyin(atm1) [if not already present]
         Generating implicit copyout(atm1%pp(jce1,ici1:ici2,1:kz)) [if not already present]
         Generating implicit copyin(xppb,xppb%bt(jce1,ici1:ici2,1:kz),xppb%b0(jce1,ici1:ici2,1:kz)) [if not already present]
   1928, Generating NVIDIA GPU code
       1928,   ! blockidx%x threadidx%x auto-collapsed
             Loop parallelized across CUDA thread blocks, CUDA threads(128) collapse(2) ! blockidx%x threadidx%x
   1928, Generating implicit copyin(atm1) [if not already present]
         Generating implicit copyout(atm1%w(jce1,ici1:ici2,2:kzp1)) [if not already present]
         Generating implicit copyin(xwwb,xwwb%bt(jce1,ici1:ici2,2:kzp1),xwwb%b0(jce1,ici1:ici2,2:kzp1)) [if not already present]
   1931, Generating NVIDIA GPU code
       1931, Loop parallelized across CUDA thread blocks, CUDA threads(128) blockidx%x threadidx%x
   1931, Generating implicit copyin(atm1) [if not already present]
         Generating implicit copyin(atm1%w(jci1,ici1:ici2,1)) [if not already present]
         Generating implicit allocate(atm1%w(:,ici1:ici2,1)) [if not already present]
         Generating implicit copyout(atm1%w(jce1,ici1:ici2,1)) [if not already present]
   1937, Generating NVIDIA GPU code
       1937,   ! blockidx%x threadidx%x auto-collapsed
             Loop parallelized across CUDA thread blocks, CUDA threads(128) collapse(2) ! blockidx%x threadidx%x
   1937, Generating implicit copyin(atm1) [if not already present]
         Generating implicit copyout(atm1%t(jce2,ici1:ici2,1:kz)) [if not already present]
         Generating implicit copyin(xqb,xqb%b0(jce2,ici1:ici2,1:kz),xqb%bt(jce2,ici1:ici2,1:kz),xtb%bt(jce2,ici1:ici2,1:kz),xtb%b0(jce2,ici1:ici2,1:kz),xtb) [if not already present]
         Generating implicit copyout(atm1%qx(jce2,ici1:ici2,1:kz,1)) [if not already present]
   1942, Generating NVIDIA GPU code
       1942,   ! blockidx%x threadidx%x auto-collapsed
             Loop parallelized across CUDA thread blocks, CUDA threads(128) collapse(2) ! blockidx%x threadidx%x
   1942, Generating implicit copyin(atm1) [if not already present]
         Generating implicit copyout(atm1%qx(jce2,ici1:ici2,1:kz,2)) [if not already present]
         Generating implicit copyin(xlb,xlb%bt(jce2,ici1:ici2,1:kz),xlb%b0(jce2,ici1:ici2,1:kz)) [if not already present]
   1947, Generating NVIDIA GPU code
       1947,   ! blockidx%x threadidx%x auto-collapsed
             Loop parallelized across CUDA thread blocks, CUDA threads(128) collapse(2) ! blockidx%x threadidx%x
   1947, Generating implicit copyin(atm1) [if not already present]
         Generating implicit copyout(atm1%qx(jce2,ici1:ici2,1:kz,3)) [if not already present]
         Generating implicit copyin(xib,xib%bt(jce2,ici1:ici2,1:kz),xib%b0(jce2,ici1:ici2,1:kz)) [if not already present]
   1952, Generating NVIDIA GPU code
       1952,   ! blockidx%x threadidx%x auto-collapsed
             Loop parallelized across CUDA thread blocks, CUDA threads(128) collapse(2) ! blockidx%x threadidx%x
   1952, Generating implicit copyin(atm1) [if not already present]
         Generating implicit copyout(atm1%pp(jce2,ici1:ici2,1:kz)) [if not already present]
         Generating implicit copyin(xppb,xppb%bt(jce2,ici1:ici2,1:kz),xppb%b0(jce2,ici1:ici2,1:kz)) [if not already present]
   1955, Generating NVIDIA GPU code
       1955,   ! blockidx%x threadidx%x auto-collapsed
             Loop parallelized across CUDA thread blocks, CUDA threads(128) collapse(2) ! blockidx%x threadidx%x
   1955, Generating implicit copyin(atm1) [if not already present]
         Generating implicit copyout(atm1%w(jce2,ici1:ici2,2:kzp1)) [if not already present]
         Generating implicit copyin(xwwb,xwwb%bt(jce2,ici1:ici2,2:kzp1),xwwb%b0(jce2,ici1:ici2,2:kzp1)) [if not already present]
   1958, Generating NVIDIA GPU code
       1958, Loop parallelized across CUDA thread blocks, CUDA threads(128) blockidx%x threadidx%x
   1958, Generating implicit copyin(atm1) [if not already present]
         Generating implicit copyin(atm1%w(jci2,ici1:ici2,1)) [if not already present]
         Generating implicit allocate(atm1%w(:,ici1:ici2,1)) [if not already present]
         Generating implicit copyout(atm1%w(jce2,ici1:ici2,1)) [if not already present]
   1964, Generating NVIDIA GPU code
       1964,   ! blockidx%x threadidx%x auto-collapsed
             Loop parallelized across CUDA thread blocks, CUDA threads(128) collapse(2) ! blockidx%x threadidx%x collapsed-innermost
   1964, Generating implicit copyin(atm1) [if not already present]
         Generating implicit copyout(atm1%t(jce1:jce2,ice1,1:kz)) [if not already present]
         Generating implicit copyin(xqb,xqb%b0(jce1:jce2,ice1,1:kz),xqb%bt(jce1:jce2,ice1,1:kz),xtb%bt(jce1:jce2,ice1,1:kz),xtb%b0(jce1:jce2,ice1,1:kz),xtb) [if not already present]
         Generating implicit copyout(atm1%qx(jce1:jce2,ice1,1:kz,1)) [if not already present]
   1969, Generating NVIDIA GPU code
       1969,   ! blockidx%x threadidx%x auto-collapsed
             Loop parallelized across CUDA thread blocks, CUDA threads(128) collapse(2) ! blockidx%x threadidx%x collapsed-innermost
   1969, Generating implicit copyin(atm1) [if not already present]
         Generating implicit copyout(atm1%qx(jce1:jce2,ice1,1:kz,2)) [if not already present]
         Generating implicit copyin(xlb,xlb%bt(jce1:jce2,ice1,1:kz),xlb%b0(jce1:jce2,ice1,1:kz)) [if not already present]
   1974, Generating NVIDIA GPU code
       1974,   ! blockidx%x threadidx%x auto-collapsed
             Loop parallelized across CUDA thread blocks, CUDA threads(128) collapse(2) ! blockidx%x threadidx%x collapsed-innermost
   1974, Generating implicit copyin(atm1) [if not already present]
         Generating implicit copyout(atm1%qx(jce1:jce2,ice1,1:kz,3)) [if not already present]
         Generating implicit copyin(xib,xib%bt(jce1:jce2,ice1,1:kz),xib%b0(jce1:jce2,ice1,1:kz)) [if not already present]
   1979, Generating NVIDIA GPU code
       1979,   ! blockidx%x threadidx%x auto-collapsed
             Loop parallelized across CUDA thread blocks, CUDA threads(128) collapse(2) ! blockidx%x threadidx%x collapsed-innermost
   1979, Generating implicit copyin(atm1) [if not already present]
         Generating implicit copyout(atm1%pp(jce1:jce2,ice1,1:kz)) [if not already present]
         Generating implicit copyin(xppb,xppb%bt(jce1:jce2,ice1,1:kz),xppb%b0(jce1:jce2,ice1,1:kz)) [if not already present]
   1982, Generating NVIDIA GPU code
       1982,   ! blockidx%x threadidx%x auto-collapsed
             Loop parallelized across CUDA thread blocks, CUDA threads(128) collapse(2) ! blockidx%x threadidx%x collapsed-innermost
   1982, Generating implicit copyin(atm1) [if not already present]
         Generating implicit copyout(atm1%w(jce1:jce2,ice1,2:kzp1)) [if not already present]
         Generating implicit copyin(xwwb,xwwb%bt(jce1:jce2,ice1,2:kzp1),xwwb%b0(jce1:jce2,ice1,2:kzp1)) [if not already present]
   1985, Generating NVIDIA GPU code
       1985, Loop parallelized across CUDA thread blocks, CUDA threads(128) blockidx%x threadidx%x
   1985, Generating implicit copyin(atm1) [if not already present]
         Generating implicit copyin(atm1%w(jce1:jce2,ici1,1)) [if not already present]
         Generating implicit allocate(atm1%w(jce1:jce2,:,1)) [if not already present]
         Generating implicit copyout(atm1%w(jce1:jce2,ice1,1)) [if not already present]
   1991, Generating NVIDIA GPU code
       1991,   ! blockidx%x threadidx%x auto-collapsed
             Loop parallelized across CUDA thread blocks, CUDA threads(128) collapse(2) ! blockidx%x threadidx%x collapsed-innermost
   1991, Generating implicit copyin(atm1) [if not already present]
         Generating implicit copyout(atm1%t(jce1:jce2,ice2,1:kz)) [if not already present]
         Generating implicit copyin(xqb,xqb%b0(jce1:jce2,ice2,1:kz),xqb%bt(jce1:jce2,ice2,1:kz),xtb%bt(jce1:jce2,ice2,1:kz),xtb%b0(jce1:jce2,ice2,1:kz),xtb) [if not already present]
         Generating implicit copyout(atm1%qx(jce1:jce2,ice2,1:kz,1)) [if not already present]
   1996, Generating NVIDIA GPU code
       1996,   ! blockidx%x threadidx%x auto-collapsed
             Loop parallelized across CUDA thread blocks, CUDA threads(128) collapse(2) ! blockidx%x threadidx%x collapsed-innermost
   1996, Generating implicit copyin(atm1) [if not already present]
         Generating implicit copyout(atm1%qx(jce1:jce2,ice2,1:kz,2)) [if not already present]
         Generating implicit copyin(xlb,xlb%bt(jce1:jce2,ice2,1:kz),xlb%b0(jce1:jce2,ice2,1:kz)) [if not already present]
   2001, Generating NVIDIA GPU code
       2001,   ! blockidx%x threadidx%x auto-collapsed
             Loop parallelized across CUDA thread blocks, CUDA threads(128) collapse(2) ! blockidx%x threadidx%x collapsed-innermost
   2001, Generating implicit copyin(atm1) [if not already present]
         Generating implicit copyout(atm1%qx(jce1:jce2,ice2,1:kz,3)) [if not already present]
         Generating implicit copyin(xib,xib%bt(jce1:jce2,ice2,1:kz),xib%b0(jce1:jce2,ice2,1:kz)) [if not already present]
   2006, Generating NVIDIA GPU code
       2006,   ! blockidx%x threadidx%x auto-collapsed
             Loop parallelized across CUDA thread blocks, CUDA threads(128) collapse(2) ! blockidx%x threadidx%x collapsed-innermost
   2006, Generating implicit copyin(atm1) [if not already present]
         Generating implicit copyout(atm1%pp(jce1:jce2,ice2,1:kz)) [if not already present]
         Generating implicit copyin(xppb,xppb%bt(jce1:jce2,ice2,1:kz),xppb%b0(jce1:jce2,ice2,1:kz)) [if not already present]
   2009, Generating NVIDIA GPU code
       2009,   ! blockidx%x threadidx%x auto-collapsed
             Loop parallelized across CUDA thread blocks, CUDA threads(128) collapse(2) ! blockidx%x threadidx%x collapsed-innermost
   2009, Generating implicit copyin(atm1) [if not already present]
         Generating implicit copyout(atm1%w(jce1:jce2,ice2,2:kzp1)) [if not already present]
         Generating implicit copyin(xwwb,xwwb%bt(jce1:jce2,ice2,2:kzp1),xwwb%b0(jce1:jce2,ice2,2:kzp1)) [if not already present]
   2012, Generating NVIDIA GPU code
       2012, Loop parallelized across CUDA thread blocks, CUDA threads(128) blockidx%x threadidx%x
   2012, Generating implicit copyin(atm1) [if not already present]
         Generating implicit copyin(atm1%w(jce1:jce2,ici2,1)) [if not already present]
         Generating implicit allocate(atm1%w(jce1:jce2,:,1)) [if not already present]
         Generating implicit copyout(atm1%w(jce1:jce2,ice2,1)) [if not already present]
   2042, Generating implicit private(windavg,qint,qext)
         Generating NVIDIA GPU code
       2042,   ! blockidx%x threadidx%x auto-collapsed
             Loop parallelized across CUDA thread blocks, CUDA threads(128) collapse(2) ! blockidx%x threadidx%x
   2042, Generating implicit copyout(mo_atm%qx(jce1,ici1:ici2,1:kz,1)) [if not already present]
         Generating implicit copyin(mo_atm%u(:,ici1:ici2,1:kz),mo_atm) [if not already present]
         Generating implicit copyin(mo_atm%qx(:,ici1:ici2,1:kz,1)) [if not already present]
   2057, Generating implicit private(windavg,qint,qext)
         Generating NVIDIA GPU code
       2057,   ! blockidx%x threadidx%x auto-collapsed
             Loop parallelized across CUDA thread blocks, CUDA threads(128) collapse(2) ! blockidx%x threadidx%x
   2057, Generating implicit copyout(mo_atm%qx(jce2,ici1:ici2,1:kz,1)) [if not already present]
         Generating implicit copyin(mo_atm%u(:,ici1:ici2,1:kz),mo_atm) [if not already present]
         Generating implicit copyin(mo_atm%qx(:,ici1:ici2,1:kz,1)) [if not already present]
   2072, Generating implicit private(windavg,qint,qext)
         Generating NVIDIA GPU code
       2072,   ! blockidx%x threadidx%x auto-collapsed
             Loop parallelized across CUDA thread blocks, CUDA threads(128) collapse(2) ! blockidx%x threadidx%x collapsed-innermost
   2072, Generating implicit copyout(mo_atm%qx(jce1:jce2,ice1,1:kz,1)) [if not already present]
         Generating implicit copyin(mo_atm%v(jce1:jce2,:,1:kz),mo_atm) [if not already present]
         Generating implicit copyin(mo_atm%qx(jce1:jce2,:,1:kz,1)) [if not already present]
   2087, Generating implicit private(windavg,qint,qext)
         Generating NVIDIA GPU code
       2087,   ! blockidx%x threadidx%x auto-collapsed
             Loop parallelized across CUDA thread blocks, CUDA threads(128) collapse(2) ! blockidx%x threadidx%x collapsed-innermost
   2087, Generating implicit copyout(mo_atm%qx(jce1:jce2,ice2,1:kz,1)) [if not already present]
         Generating implicit copyin(mo_atm%v(jce1:jce2,:,1:kz),mo_atm) [if not already present]
         Generating implicit copyin(mo_atm%qx(jce1:jce2,:,1:kz,1)) [if not already present]
   2103, Generating implicit private(windavg,qint,qext)
         Generating NVIDIA GPU code
       2103,   ! blockidx%x threadidx%x auto-collapsed
             Loop parallelized across CUDA thread blocks, CUDA threads(128) collapse(2) ! blockidx%x threadidx%x collapsed-innermost
   2103, Generating implicit copyin(sfs%psa(:,ici1:ici2),wui(ici1:ici2+1,1:kz),wue(ici1:ici2+1,1:kz),atm1) [if not already present]
         Generating implicit copyout(atm1%qx(jce1,ici1:ici2,1:kz,1)) [if not already present]
         Generating implicit copyin(atm1%qx(:,ici1:ici2,1:kz,1)) [if not already present]
         Generating implicit copyin(sfs) [if not already present]
   2118, Generating implicit private(qint,windavg,qext)
         Generating NVIDIA GPU code
       2118,   ! blockidx%x threadidx%x auto-collapsed
             Loop parallelized across CUDA thread blocks, CUDA threads(128) collapse(2) ! blockidx%x threadidx%x collapsed-innermost
   2118, Generating implicit copyin(atm1,eue(ici1:ici2+1,1:kz),eui(ici1:ici2+1,1:kz)) [if not already present]
         Generating implicit copyout(atm1%qx(jce2,ici1:ici2,1:kz,1)) [if not already present]
         Generating implicit copyin(atm1%qx(:,ici1:ici2,1:kz,1)) [if not already present]
         Generating implicit copyin(sfs%psa(:,ici1:ici2),sfs) [if not already present]
   2133, Generating implicit private(windavg,qint,qext)
         Generating NVIDIA GPU code
       2133,   ! blockidx%x threadidx%x auto-collapsed
             Loop parallelized across CUDA thread blocks, CUDA threads(128) collapse(2) ! blockidx%x threadidx%x collapsed-innermost
   2133, Generating implicit copyin(sfs%psa(jce1:jce2,:),svi(jce1:jce2+1,1:kz),sve(jce1:jce2+1,1:kz),atm1) [if not already present]
         Generating implicit copyout(atm1%qx(jce1:jce2,ice1,1:kz,1)) [if not already present]
         Generating implicit copyin(atm1%qx(jce1:jce2,:,1:kz,1)) [if not already present]
         Generating implicit copyin(sfs) [if not already present]
   2148, Generating implicit private(windavg,qint,qext)
         Generating NVIDIA GPU code
       2148,   ! blockidx%x threadidx%x auto-collapsed
             Loop parallelized across CUDA thread blocks, CUDA threads(128) collapse(2) ! blockidx%x threadidx%x collapsed-innermost
   2148, Generating implicit copyin(atm1,nve(jce1:jce2+1,1:kz),nvi(jce1:jce2+1,1:kz)) [if not already present]
         Generating implicit copyout(atm1%qx(jce1:jce2,ice2,1:kz,1)) [if not already present]
         Generating implicit copyin(atm1%qx(jce1:jce2,:,1:kz,1)) [if not already present]
         Generating implicit copyin(sfs%psa(jce1:jce2,:),sfs) [if not already present]
   2178, Generating implicit private(windavg,qxint)
         Generating NVIDIA GPU code
       2178,   ! blockidx%x threadidx%x auto-collapsed
             Loop parallelized across CUDA thread blocks, CUDA threads(128) collapse(2) ! blockidx%x threadidx%x
   2178, Generating implicit copyout(mo_atm%qx(jce1,ici1:ici2,1:kz,n)) [if not already present]
         Generating implicit copyin(mo_atm%u(:,ici1:ici2,1:kz),mo_atm) [if not already present]
         Generating implicit copyin(mo_atm%qx(:,ici1:ici2,1:kz,n)) [if not already present]
   2196, Generating implicit private(windavg,qxint)
         Generating NVIDIA GPU code
       2196,   ! blockidx%x threadidx%x auto-collapsed
             Loop parallelized across CUDA thread blocks, CUDA threads(128) collapse(2) ! blockidx%x threadidx%x
   2196, Generating implicit copyout(mo_atm%qx(jce2,ici1:ici2,1:kz,n)) [if not already present]
         Generating implicit copyin(mo_atm%u(:,ici1:ici2,1:kz),mo_atm) [if not already present]
         Generating implicit copyin(mo_atm%qx(:,ici1:ici2,1:kz,n)) [if not already present]
   2214, Generating implicit private(windavg,qxint)
         Generating NVIDIA GPU code
       2214,   ! blockidx%x threadidx%x auto-collapsed
             Loop parallelized across CUDA thread blocks, CUDA threads(128) collapse(2) ! blockidx%x threadidx%x collapsed-innermost
   2214, Generating implicit copyout(mo_atm%qx(jce1:jce2,ice1,1:kz,n)) [if not already present]
         Generating implicit copyin(mo_atm%v(jce1:jce2,:,1:kz),mo_atm) [if not already present]
         Generating implicit copyin(mo_atm%qx(jce1:jce2,:,1:kz,n)) [if not already present]
   2232, Generating implicit private(windavg,qxint)
         Generating NVIDIA GPU code
       2232,   ! blockidx%x threadidx%x auto-collapsed
             Loop parallelized across CUDA thread blocks, CUDA threads(128) collapse(2) ! blockidx%x threadidx%x collapsed-innermost
   2232, Generating implicit copyout(mo_atm%qx(jce1:jce2,ice2,1:kz,n)) [if not already present]
         Generating implicit copyin(mo_atm%v(jce1:jce2,:,1:kz),mo_atm) [if not already present]
         Generating implicit copyin(mo_atm%qx(jce1:jce2,:,1:kz,n)) [if not already present]
   2304, Generating implicit private(windavg,qxint)
         Generating NVIDIA GPU code
       2304,   ! blockidx%x threadidx%x auto-collapsed
             Loop parallelized across CUDA thread blocks, CUDA threads(128) collapse(2) ! blockidx%x threadidx%x collapsed-innermost
   2304, Generating implicit copyin(atm1,wui(ici1:ici2+1,1:kz),wue(ici1:ici2+1,1:kz)) [if not already present]
         Generating implicit copyout(atm1%qx(jce1,ici1:ici2,1:kz,n)) [if not already present]
         Generating implicit copyin(atm1%qx(:,ici1:ici2,1:kz,n)) [if not already present]
   2322, Generating implicit private(windavg,qxint)
         Generating NVIDIA GPU code
       2322,   ! blockidx%x threadidx%x auto-collapsed
             Loop parallelized across CUDA thread blocks, CUDA threads(128) collapse(2) ! blockidx%x threadidx%x collapsed-innermost
   2322, Generating implicit copyin(atm1,eui(ici1:ici2+1,1:kz),eue(ici1:ici2+1,1:kz)) [if not already present]
         Generating implicit copyout(atm1%qx(jce2,ici1:ici2,1:kz,n)) [if not already present]
         Generating implicit copyin(atm1%qx(:,ici1:ici2,1:kz,n)) [if not already present]
   2340, Generating implicit private(windavg,qxint)
         Generating NVIDIA GPU code
       2340,   ! blockidx%x threadidx%x auto-collapsed
             Loop parallelized across CUDA thread blocks, CUDA threads(128) collapse(2) ! blockidx%x threadidx%x collapsed-innermost
   2340, Generating implicit copyin(atm1,svi(jce1:jce2+1,1:kz),sve(jce1:jce2+1,1:kz)) [if not already present]
         Generating implicit copyout(atm1%qx(jce1:jce2,ice1,1:kz,n)) [if not already present]
         Generating implicit copyin(atm1%qx(jce1:jce2,:,1:kz,n)) [if not already present]
   2358, Generating implicit private(windavg,qxint)
         Generating NVIDIA GPU code
       2358,   ! blockidx%x threadidx%x auto-collapsed
             Loop parallelized across CUDA thread blocks, CUDA threads(128) collapse(2) ! blockidx%x threadidx%x collapsed-innermost
   2358, Generating implicit copyin(atm1,nvi(jce1:jce2+1,1:kz),nve(jce1:jce2+1,1:kz)) [if not already present]
         Generating implicit copyout(atm1%qx(jce1:jce2,ice2,1:kz,n)) [if not already present]
         Generating implicit copyin(atm1%qx(jce1:jce2,:,1:kz,n)) [if not already present]
   2452, Generating implicit private(windavg,tkeint)
         Generating NVIDIA GPU code
       2452,   ! blockidx%x threadidx%x auto-collapsed
             Loop parallelized across CUDA thread blocks, CUDA threads(128) collapse(2) ! blockidx%x threadidx%x
   2452, Generating implicit copyout(mo_atm%tke(jce1,ice1:ice2,3:kz+1)) [if not already present]
         Generating implicit copyin(mo_atm%u(:,ice1:ice2,1:kz),mo_atm) [if not already present]
         Generating implicit copyin(mo_atm%tke(:,ice1:ice2,3:kz+1)) [if not already present]
   2468, Generating implicit private(windavg,tkeint)
         Generating NVIDIA GPU code
       2468,   ! blockidx%x threadidx%x auto-collapsed
             Loop parallelized across CUDA thread blocks, CUDA threads(128) collapse(2) ! blockidx%x threadidx%x
   2468, Generating implicit copyout(mo_atm%tke(jce2,ice1:ice2,3:kz+1)) [if not already present]
         Generating implicit copyin(mo_atm%u(:,ice1:ice2,1:kz),mo_atm) [if not already present]
         Generating implicit copyin(mo_atm%tke(:,ice1:ice2,3:kz+1)) [if not already present]
   2484, Generating implicit private(windavg,tkeint)
         Generating NVIDIA GPU code
       2484,   ! blockidx%x threadidx%x auto-collapsed
             Loop parallelized across CUDA thread blocks, CUDA threads(128) collapse(2) ! blockidx%x threadidx%x collapsed-innermost
   2484, Generating implicit copyout(mo_atm%tke(jci1:jci2,ice1,3:kz+1)) [if not already present]
         Generating implicit copyin(mo_atm%v(jci1:jci2,:,1:kz),mo_atm) [if not already present]
         Generating implicit copyin(mo_atm%tke(jci1:jci2,:,3:kz+1)) [if not already present]
   2500, Generating implicit private(windavg,tkeint)
         Generating NVIDIA GPU code
       2500,   ! blockidx%x threadidx%x auto-collapsed
             Loop parallelized across CUDA thread blocks, CUDA threads(128) collapse(2) ! blockidx%x threadidx%x collapsed-innermost
   2500, Generating implicit copyout(mo_atm%tke(jci1:jci2,ice2,3:kz+1)) [if not already present]
         Generating implicit copyin(mo_atm%v(jci1:jci2,:,1:kz),mo_atm) [if not already present]
         Generating implicit copyin(mo_atm%tke(jci1:jci2,:,3:kz+1)) [if not already present]
   2573, Generating implicit private(windavg,tkeint)
         Generating NVIDIA GPU code
       2573,   ! blockidx%x threadidx%x auto-collapsed
             Loop parallelized across CUDA thread blocks, CUDA threads(128) collapse(2) ! blockidx%x threadidx%x collapsed-innermost
   2573, Generating implicit copyin(atm1,wui(ice1:ice2+1,1:kz),wue(ice1:ice2+1,1:kz)) [if not already present]
         Generating implicit copyout(atm1%tke(jce1,ice1:ice2,3:kz+1)) [if not already present]
         Generating implicit copyin(atm1%tke(:,ice1:ice2,3:kz+1)) [if not already present]
   2590, Generating implicit private(windavg,tkeint)
         Generating NVIDIA GPU code
       2590,   ! blockidx%x threadidx%x auto-collapsed
             Loop parallelized across CUDA thread blocks, CUDA threads(128) collapse(2) ! blockidx%x threadidx%x collapsed-innermost
   2590, Generating implicit copyin(atm1,eui(ice1:ice2+1,1:kz),eue(ice1:ice2+1,1:kz)) [if not already present]
         Generating implicit copyout(atm1%tke(jce2,ice1:ice2,3:kz+1)) [if not already present]
         Generating implicit copyin(atm1%tke(:,ice1:ice2,3:kz+1)) [if not already present]
   2607, Generating implicit private(windavg,tkeint)
         Generating NVIDIA GPU code
       2607,   ! blockidx%x threadidx%x auto-collapsed
             Loop parallelized across CUDA thread blocks, CUDA threads(128) collapse(2) ! blockidx%x threadidx%x collapsed-innermost
   2607, Generating implicit copyin(atm1,svi(jci1:jci2+1,1:kz),sve(jci1:jci2+1,1:kz)) [if not already present]
         Generating implicit copyout(atm1%tke(jci1:jci2,ice1,3:kz+1)) [if not already present]
         Generating implicit copyin(atm1%tke(jci1:jci2,:,3:kz+1)) [if not already present]
   2624, Generating implicit private(windavg,tkeint)
         Generating NVIDIA GPU code
       2624,   ! blockidx%x threadidx%x auto-collapsed
             Loop parallelized across CUDA thread blocks, CUDA threads(128) collapse(2) ! blockidx%x threadidx%x collapsed-innermost
   2624, Generating implicit copyin(atm1,nvi(jci1:jci2+1,1:kz),nve(jci1:jci2+1,1:kz)) [if not already present]
         Generating implicit copyout(atm1%tke(jci1:jci2,ice2,3:kz+1)) [if not already present]
         Generating implicit copyin(atm1%tke(jci1:jci2,:,3:kz+1)) [if not already present]
sponge4d:
   2724, Generating implicit private(ib)
         Generating NVIDIA GPU code
       2724,   ! blockidx%x threadidx%x auto-collapsed
             Loop parallelized across CUDA thread blocks, CUDA threads(128) collapse(3) ! blockidx%x threadidx%x collapsed-innermost
   2724, Generating implicit copyin(ba_cr,bnd%bt(jci1:jci2,ici1:ici2,1:kz)) [if not already present]
         Generating implicit copy(ften(:,:,:,:)) [if not already present]
         Generating implicit copyin(wgtx(:),ba_cr%ibnd(jci1:jci2,ici1:ici2),bnd,ba_cr%bsouth(jci1:jci2,ici1:ici2)) [if not already present]
   2732, Generating implicit private(ib)
         Generating NVIDIA GPU code
       2732,   ! blockidx%x threadidx%x auto-collapsed
             Loop parallelized across CUDA thread blocks, CUDA threads(128) collapse(3) ! blockidx%x threadidx%x collapsed-innermost
   2732, Generating implicit copyin(ba_cr,bnd%bt(jci1:jci2,ici1:ici2,1:kz),ba_cr%ibnd(jci1:jci2,ici1:ici2),bnd) [if not already present]
         Generating implicit copy(ften(:,:,:,:)) [if not already present]
         Generating implicit copyin(wgtx(:),ba_cr%bnorth(jci1:jci2,ici1:ici2)) [if not already present]
   2740, Generating implicit private(ib)
         Generating NVIDIA GPU code
       2740,   ! blockidx%x threadidx%x auto-collapsed
             Loop parallelized across CUDA thread blocks, CUDA threads(128) collapse(3) ! blockidx%x threadidx%x collapsed-innermost
   2740, Generating implicit copyin(ba_cr,bnd%bt(jci1:jci2,ici1:ici2,1:kz),ba_cr%ibnd(jci1:jci2,ici1:ici2),bnd,wgtx(:)) [if not already present]
         Generating implicit copy(ften(:,:,:,:)) [if not already present]
         Generating implicit copyin(ba_cr%bwest(jci1:jci2,ici1:ici2)) [if not already present]
   2748, Generating implicit private(ib)
         Generating NVIDIA GPU code
       2748,   ! blockidx%x threadidx%x auto-collapsed
             Loop parallelized across CUDA thread blocks, CUDA threads(128) collapse(3) ! blockidx%x threadidx%x collapsed-innermost
   2748, Generating implicit copyin(ba_cr,bnd%bt(jci1:jci2,ici1:ici2,1:kz),ba_cr%ibnd(jci1:jci2,ici1:ici2),bnd,wgtx(:)) [if not already present]
         Generating implicit copy(ften(:,:,:,:)) [if not already present]
         Generating implicit copyin(ba_cr%beast(jci1:jci2,ici1:ici2)) [if not already present]
mosponge4d:
   2781, Generating implicit private(ib)
         Generating NVIDIA GPU code
       2781,   ! blockidx%x threadidx%x auto-collapsed
             Loop parallelized across CUDA thread blocks, CUDA threads(128) collapse(3) ! blockidx%x threadidx%x collapsed-innermost
   2781, Generating implicit copyin(ba_cr,bnd%bt(jci1:jci2,ici1:ici2,1:kz),wgtx(:)) [if not already present]
         Generating implicit copy(f(:,:,:,:)) [if not already present]
         Generating implicit copyin(ba_cr%ibnd(jci1:jci2,ici1:ici2),bnd,ba_cr%bsouth(jci1:jci2,ici1:ici2)) [if not already present]
   2788, Generating implicit private(ib)
         Generating NVIDIA GPU code
       2788,   ! blockidx%x threadidx%x auto-collapsed
             Loop parallelized across CUDA thread blocks, CUDA threads(128) collapse(3) ! blockidx%x threadidx%x collapsed-innermost
   2788, Generating implicit copyin(ba_cr,bnd%bt(jci1:jci2,ici1:ici2,1:kz),ba_cr%ibnd(jci1:jci2,ici1:ici2),bnd) [if not already present]
         Generating implicit copy(f(:,:,:,:)) [if not already present]
         Generating implicit copyin(wgtx(:),ba_cr%bnorth(jci1:jci2,ici1:ici2)) [if not already present]
   2795, Generating implicit private(ib)
         Generating NVIDIA GPU code
       2795,   ! blockidx%x threadidx%x auto-collapsed
             Loop parallelized across CUDA thread blocks, CUDA threads(128) collapse(3) ! blockidx%x threadidx%x collapsed-innermost
   2795, Generating implicit copyin(ba_cr,bnd%bt(jci1:jci2,ici1:ici2,1:kz),ba_cr%ibnd(jci1:jci2,ici1:ici2),bnd,wgtx(:)) [if not already present]
         Generating implicit copy(f(:,:,:,:)) [if not already present]
         Generating implicit copyin(ba_cr%bwest(jci1:jci2,ici1:ici2)) [if not already present]
   2802, Generating implicit private(ib)
         Generating NVIDIA GPU code
       2802,   ! blockidx%x threadidx%x auto-collapsed
             Loop parallelized across CUDA thread blocks, CUDA threads(128) collapse(3) ! blockidx%x threadidx%x collapsed-innermost
   2802, Generating implicit copyin(ba_cr,bnd%bt(jci1:jci2,ici1:ici2,1:kz),ba_cr%ibnd(jci1:jci2,ici1:ici2),bnd,wgtx(:)) [if not already present]
         Generating implicit copy(f(:,:,:,:)) [if not already present]
         Generating implicit copyin(ba_cr%beast(jci1:jci2,ici1:ici2)) [if not already present]
spongeuv:
   2832, Generating implicit private(ib)
         Generating NVIDIA GPU code
       2832,   ! blockidx%x threadidx%x auto-collapsed
             Loop parallelized across CUDA thread blocks, CUDA threads(128) collapse(3) ! blockidx%x threadidx%x collapsed-innermost
   2832, Generating implicit copyin(ba_dt) [if not already present]
         Generating implicit copy(ftenu(:,:,:)) [if not already present]
         Generating implicit copyin(bndu%bt(jdi1:jdi2,idi1:idi2,1:kz),bndv,ba_dt%bsouth(jdi1:jdi2,idi1:idi2),ba_dt%ibnd(jdi1:jdi2,idi1:idi2),bndu) [if not already present]
         Generating implicit copy(ftenv(:,:,:)) [if not already present]
         Generating implicit copyin(wgtd(:),bndv%bt(jdi1:jdi2,idi1:idi2,1:kz)) [if not already present]
   2842, Generating implicit private(ib)
         Generating NVIDIA GPU code
       2842,   ! blockidx%x threadidx%x auto-collapsed
             Loop parallelized across CUDA thread blocks, CUDA threads(128) collapse(3) ! blockidx%x threadidx%x collapsed-innermost
   2842, Generating implicit copyin(ba_dt) [if not already present]
         Generating implicit copy(ftenu(:,:,:)) [if not already present]
         Generating implicit copyin(bndu%bt(jdi1:jdi2,idi1:idi2,1:kz),bndv,ba_dt%bnorth(jdi1:jdi2,idi1:idi2),wgtd(:)) [if not already present]
         Generating implicit copy(ftenv(:,:,:)) [if not already present]
         Generating implicit copyin(ba_dt%ibnd(jdi1:jdi2,idi1:idi2),bndu,bndv%bt(jdi1:jdi2,idi1:idi2,1:kz)) [if not already present]
   2852, Generating implicit private(ib)
         Generating NVIDIA GPU code
       2852,   ! blockidx%x threadidx%x auto-collapsed
             Loop parallelized across CUDA thread blocks, CUDA threads(128) collapse(3) ! blockidx%x threadidx%x collapsed-innermost
   2852, Generating implicit copyin(ba_dt) [if not already present]
         Generating implicit copy(ftenu(:,:,:)) [if not already present]
         Generating implicit copyin(bndu%bt(jdi1:jdi2,idi1:idi2,1:kz),bndv,ba_dt%bwest(jdi1:jdi2,idi1:idi2),wgtd(:)) [if not already present]
         Generating implicit copy(ftenv(:,:,:)) [if not already present]
         Generating implicit copyin(ba_dt%ibnd(jdi1:jdi2,idi1:idi2),bndu,bndv%bt(jdi1:jdi2,idi1:idi2,1:kz)) [if not already present]
   2862, Generating implicit private(ib)
         Generating NVIDIA GPU code
       2862,   ! blockidx%x threadidx%x auto-collapsed
             Loop parallelized across CUDA thread blocks, CUDA threads(128) collapse(3) ! blockidx%x threadidx%x collapsed-innermost
   2862, Generating implicit copyin(ba_dt) [if not already present]
         Generating implicit copy(ftenu(:,:,:)) [if not already present]
         Generating implicit copyin(bndu%bt(jdi1:jdi2,idi1:idi2,1:kz),bndv,ba_dt%beast(jdi1:jdi2,idi1:idi2),wgtd(:)) [if not already present]
         Generating implicit copy(ftenv(:,:,:)) [if not already present]
         Generating implicit copyin(ba_dt%ibnd(jdi1:jdi2,idi1:idi2),bndu,bndv%bt(jdi1:jdi2,idi1:idi2,1:kz)) [if not already present]
mospongeuv:
   2895, Generating implicit private(ib)
         Generating NVIDIA GPU code
       2895,   ! blockidx%x threadidx%x auto-collapsed
             Loop parallelized across CUDA thread blocks, CUDA threads(128) collapse(3) ! blockidx%x threadidx%x collapsed-innermost
   2895, Generating implicit copyin(ba_ut,bndu%bt(jdi1:jdi2,ici1:ici2,1:kz),wgtx(:)) [if not already present]
         Generating implicit copy(fu(:,:,:)) [if not already present]
         Generating implicit copyin(ba_ut%ibnd(jdi1:jdi2,ici1:ici2),bndu,ba_ut%bsouth(jdi1:jdi2,ici1:ici2)) [if not already present]
   2902, Generating implicit private(ib)
         Generating NVIDIA GPU code
       2902,   ! blockidx%x threadidx%x auto-collapsed
             Loop parallelized across CUDA thread blocks, CUDA threads(128) collapse(3) ! blockidx%x threadidx%x collapsed-innermost
   2902, Generating implicit copyin(ba_vt,bndv%bt(jci1:jci2,idi1:idi2,1:kz)) [if not already present]
         Generating implicit copy(fv(:,:,:)) [if not already present]
         Generating implicit copyin(wgtd(:),ba_vt%ibnd(jci1:jci2,idi1:idi2),bndv,ba_vt%bsouth(jci1:jci2,idi1:idi2)) [if not already present]
   2909, Generating implicit private(ib)
         Generating NVIDIA GPU code
       2909,   ! blockidx%x threadidx%x auto-collapsed
             Loop parallelized across CUDA thread blocks, CUDA threads(128) collapse(3) ! blockidx%x threadidx%x collapsed-innermost
   2909, Generating implicit copyin(ba_ut,bndu%bt(jdi1:jdi2,ici1:ici2,1:kz),ba_ut%ibnd(jdi1:jdi2,ici1:ici2),bndu,wgtx(:)) [if not already present]
         Generating implicit copy(fu(:,:,:)) [if not already present]
         Generating implicit copyin(ba_ut%bnorth(jdi1:jdi2,ici1:ici2)) [if not already present]
   2916, Generating implicit private(ib)
         Generating NVIDIA GPU code
       2916,   ! blockidx%x threadidx%x auto-collapsed
             Loop parallelized across CUDA thread blocks, CUDA threads(128) collapse(3) ! blockidx%x threadidx%x collapsed-innermost
   2916, Generating implicit copyin(ba_vt,bndv%bt(jci1:jci2,idi1:idi2,1:kz),ba_vt%ibnd(jci1:jci2,idi1:idi2),bndv,wgtd(:)) [if not already present]
         Generating implicit copy(fv(:,:,:)) [if not already present]
         Generating implicit copyin(ba_vt%bnorth(jci1:jci2,idi1:idi2)) [if not already present]
   2923, Generating implicit private(ib)
         Generating NVIDIA GPU code
       2923,   ! blockidx%x threadidx%x auto-collapsed
             Loop parallelized across CUDA thread blocks, CUDA threads(128) collapse(3) ! blockidx%x threadidx%x collapsed-innermost
   2923, Generating implicit copyin(ba_ut,bndu%bt(jdi1:jdi2,ici1:ici2,1:kz),ba_ut%ibnd(jdi1:jdi2,ici1:ici2),bndu,wgtd(:)) [if not already present]
         Generating implicit copy(fu(:,:,:)) [if not already present]
         Generating implicit copyin(ba_ut%bwest(jdi1:jdi2,ici1:ici2)) [if not already present]
   2930, Generating implicit private(ib)
         Generating NVIDIA GPU code
       2930,   ! blockidx%x threadidx%x auto-collapsed
             Loop parallelized across CUDA thread blocks, CUDA threads(128) collapse(3) ! blockidx%x threadidx%x collapsed-innermost
   2930, Generating implicit copyin(ba_vt,bndv%bt(jci1:jci2,idi1:idi2,1:kz),ba_vt%ibnd(jci1:jci2,idi1:idi2),bndv,wgtx(:)) [if not already present]
         Generating implicit copy(fv(:,:,:)) [if not already present]
         Generating implicit copyin(ba_vt%bwest(jci1:jci2,idi1:idi2)) [if not already present]
   2937, Generating implicit private(ib)
         Generating NVIDIA GPU code
       2937,   ! blockidx%x threadidx%x auto-collapsed
             Loop parallelized across CUDA thread blocks, CUDA threads(128) collapse(3) ! blockidx%x threadidx%x collapsed-innermost
   2937, Generating implicit copyin(ba_ut,bndu%bt(jdi1:jdi2,ici1:ici2,1:kz),ba_ut%ibnd(jdi1:jdi2,ici1:ici2),bndu,wgtd(:)) [if not already present]
         Generating implicit copy(fu(:,:,:)) [if not already present]
         Generating implicit copyin(ba_ut%beast(jdi1:jdi2,ici1:ici2)) [if not already present]
   2944, Generating implicit private(ib)
         Generating NVIDIA GPU code
       2944,   ! blockidx%x threadidx%x auto-collapsed
             Loop parallelized across CUDA thread blocks, CUDA threads(128) collapse(3) ! blockidx%x threadidx%x collapsed-innermost
   2944, Generating implicit copyin(ba_vt,bndv%bt(jci1:jci2,idi1:idi2,1:kz),ba_vt%ibnd(jci1:jci2,idi1:idi2),bndv,wgtx(:)) [if not already present]
         Generating implicit copy(fv(:,:,:)) [if not already present]
         Generating implicit copyin(ba_vt%beast(jci1:jci2,idi1:idi2)) [if not already present]
sponge3d:
   2976, Generating implicit private(ib)
         Generating NVIDIA GPU code
       2976,   ! blockidx%x threadidx%x auto-collapsed
             Loop parallelized across CUDA thread blocks, CUDA threads(128) collapse(3) ! blockidx%x threadidx%x collapsed-innermost
   2976, Generating implicit copyin(ba_cr,bnd%bt(jci1:jci2,ici1:ici2,1:nk)) [if not already present]
         Generating implicit copy(ften(:,:,:)) [if not already present]
         Generating implicit copyin(wgtx(:),ba_cr%ibnd(jci1:jci2,ici1:ici2),bnd,ba_cr%bsouth(jci1:jci2,ici1:ici2)) [if not already present]
   2983, Generating implicit private(ib)
         Generating NVIDIA GPU code
       2983,   ! blockidx%x threadidx%x auto-collapsed
             Loop parallelized across CUDA thread blocks, CUDA threads(128) collapse(3) ! blockidx%x threadidx%x collapsed-innermost
   2983, Generating implicit copyin(ba_cr,bnd%bt(jci1:jci2,ici1:ici2,1:nk),ba_cr%ibnd(jci1:jci2,ici1:ici2),bnd) [if not already present]
         Generating implicit copy(ften(:,:,:)) [if not already present]
         Generating implicit copyin(wgtx(:),ba_cr%bnorth(jci1:jci2,ici1:ici2)) [if not already present]
   2990, Generating implicit private(ib)
         Generating NVIDIA GPU code
       2990,   ! blockidx%x threadidx%x auto-collapsed
             Loop parallelized across CUDA thread blocks, CUDA threads(128) collapse(3) ! blockidx%x threadidx%x collapsed-innermost
   2990, Generating implicit copyin(ba_cr,bnd%bt(jci1:jci2,ici1:ici2,1:nk),ba_cr%ibnd(jci1:jci2,ici1:ici2),bnd,wgtx(:)) [if not already present]
         Generating implicit copy(ften(:,:,:)) [if not already present]
         Generating implicit copyin(ba_cr%bwest(jci1:jci2,ici1:ici2)) [if not already present]
   2997, Generating implicit private(ib)
         Generating NVIDIA GPU code
       2997,   ! blockidx%x threadidx%x auto-collapsed
             Loop parallelized across CUDA thread blocks, CUDA threads(128) collapse(3) ! blockidx%x threadidx%x collapsed-innermost
   2997, Generating implicit copyin(ba_cr,bnd%bt(jci1:jci2,ici1:ici2,1:nk),ba_cr%ibnd(jci1:jci2,ici1:ici2),bnd,wgtx(:)) [if not already present]
         Generating implicit copy(ften(:,:,:)) [if not already present]
         Generating implicit copyin(ba_cr%beast(jci1:jci2,ici1:ici2)) [if not already present]
mosponge3d:
   3029, Generating implicit private(ib)
         Generating NVIDIA GPU code
       3029,   ! blockidx%x threadidx%x auto-collapsed
             Loop parallelized across CUDA thread blocks, CUDA threads(128) collapse(3) ! blockidx%x threadidx%x collapsed-innermost
   3029, Generating implicit copyin(ba_cr,bnd%bt(jci1:jci2,ici1:ici2,1:nk),wgtx(:)) [if not already present]
         Generating implicit copy(f(:,:,:)) [if not already present]
         Generating implicit copyin(ba_cr%ibnd(jci1:jci2,ici1:ici2),bnd,ba_cr%bsouth(jci1:jci2,ici1:ici2)) [if not already present]
   3036, Generating implicit private(ib)
         Generating NVIDIA GPU code
       3036,   ! blockidx%x threadidx%x auto-collapsed
             Loop parallelized across CUDA thread blocks, CUDA threads(128) collapse(3) ! blockidx%x threadidx%x collapsed-innermost
   3036, Generating implicit copyin(ba_cr,bnd%bt(jci1:jci2,ici1:ici2,1:nk),ba_cr%ibnd(jci1:jci2,ici1:ici2),bnd) [if not already present]
         Generating implicit copy(f(:,:,:)) [if not already present]
         Generating implicit copyin(wgtx(:),ba_cr%bnorth(jci1:jci2,ici1:ici2)) [if not already present]
   3043, Generating implicit private(ib)
         Generating NVIDIA GPU code
       3043,   ! blockidx%x threadidx%x auto-collapsed
             Loop parallelized across CUDA thread blocks, CUDA threads(128) collapse(3) ! blockidx%x threadidx%x collapsed-innermost
   3043, Generating implicit copyin(ba_cr,bnd%bt(jci1:jci2,ici1:ici2,1:nk),ba_cr%ibnd(jci1:jci2,ici1:ici2),bnd,wgtx(:)) [if not already present]
         Generating implicit copy(f(:,:,:)) [if not already present]
         Generating implicit copyin(ba_cr%bwest(jci1:jci2,ici1:ici2)) [if not already present]
   3050, Generating implicit private(ib)
         Generating NVIDIA GPU code
       3050,   ! blockidx%x threadidx%x auto-collapsed
             Loop parallelized across CUDA thread blocks, CUDA threads(128) collapse(3) ! blockidx%x threadidx%x collapsed-innermost
   3050, Generating implicit copyin(ba_cr,bnd%bt(jci1:jci2,ici1:ici2,1:nk),ba_cr%ibnd(jci1:jci2,ici1:ici2),bnd,wgtx(:)) [if not already present]
         Generating implicit copy(f(:,:,:)) [if not already present]
         Generating implicit copyin(ba_cr%beast(jci1:jci2,ici1:ici2)) [if not already present]
sponge2d:
   3079, Generating implicit private(ib)
         Generating NVIDIA GPU code
       3079,   ! blockidx%x threadidx%x auto-collapsed
             Loop parallelized across CUDA thread blocks, CUDA threads(128) collapse(2) ! blockidx%x threadidx%x collapsed-innermost
   3079, Generating implicit copyin(ba_cr%bsouth(jci1:jci2,ici1:ici2),ba_cr%ibnd(jci1:jci2,ici1:ici2),bnd,wgtx(:)) [if not already present]
         Generating implicit copy(ften(:,:)) [if not already present]
         Generating implicit copyin(bnd%bt(jci1:jci2,ici1:ici2),ba_cr) [if not already present]
   3086, Generating implicit private(ib)
         Generating NVIDIA GPU code
       3086,   ! blockidx%x threadidx%x auto-collapsed
             Loop parallelized across CUDA thread blocks, CUDA threads(128) collapse(2) ! blockidx%x threadidx%x collapsed-innermost
   3086, Generating implicit copyin(ba_cr%bnorth(jci1:jci2,ici1:ici2)) [if not already present]
         Generating implicit copy(ften(:,:)) [if not already present]
         Generating implicit copyin(wgtx(:),ba_cr%ibnd(jci1:jci2,ici1:ici2),bnd,bnd%bt(jci1:jci2,ici1:ici2),ba_cr) [if not already present]
   3093, Generating implicit private(ib)
         Generating NVIDIA GPU code
       3093,   ! blockidx%x threadidx%x auto-collapsed
             Loop parallelized across CUDA thread blocks, CUDA threads(128) collapse(2) ! blockidx%x threadidx%x collapsed-innermost
   3093, Generating implicit copyin(ba_cr%bwest(jci1:jci2,ici1:ici2),wgtx(:)) [if not already present]
         Generating implicit copy(ften(:,:)) [if not already present]
         Generating implicit copyin(ba_cr%ibnd(jci1:jci2,ici1:ici2),bnd,bnd%bt(jci1:jci2,ici1:ici2),ba_cr) [if not already present]
   3100, Generating implicit private(ib)
         Generating NVIDIA GPU code
       3100,   ! blockidx%x threadidx%x auto-collapsed
             Loop parallelized across CUDA thread blocks, CUDA threads(128) collapse(2) ! blockidx%x threadidx%x collapsed-innermost
   3100, Generating implicit copyin(ba_cr%beast(jci1:jci2,ici1:ici2),wgtx(:)) [if not already present]
         Generating implicit copy(ften(:,:)) [if not already present]
         Generating implicit copyin(ba_cr%ibnd(jci1:jci2,ici1:ici2),bnd,bnd%bt(jci1:jci2,ici1:ici2),ba_cr) [if not already present]
mosponge2d:
   3129, Generating implicit private(ib)
         Generating NVIDIA GPU code
       3129,   ! blockidx%x threadidx%x auto-collapsed
             Loop parallelized across CUDA thread blocks, CUDA threads(128) collapse(2) ! blockidx%x threadidx%x collapsed-innermost
   3129, Generating implicit copyin(ba_cr%bsouth(jci1:jci2,ici1:ici2),ba_cr%ibnd(jci1:jci2,ici1:ici2),bnd,wgtx(:)) [if not already present]
         Generating implicit copy(f(:,:)) [if not already present]
         Generating implicit copyin(bnd%bt(jci1:jci2,ici1:ici2),ba_cr) [if not already present]
   3136, Generating implicit private(ib)
         Generating NVIDIA GPU code
       3136,   ! blockidx%x threadidx%x auto-collapsed
             Loop parallelized across CUDA thread blocks, CUDA threads(128) collapse(2) ! blockidx%x threadidx%x collapsed-innermost
   3136, Generating implicit copyin(ba_cr%bnorth(jci1:jci2,ici1:ici2)) [if not already present]
         Generating implicit copy(f(:,:)) [if not already present]
         Generating implicit copyin(wgtx(:),ba_cr%ibnd(jci1:jci2,ici1:ici2),bnd,bnd%bt(jci1:jci2,ici1:ici2),ba_cr) [if not already present]
   3143, Generating implicit private(ib)
         Generating NVIDIA GPU code
       3143,   ! blockidx%x threadidx%x auto-collapsed
             Loop parallelized across CUDA thread blocks, CUDA threads(128) collapse(2) ! blockidx%x threadidx%x collapsed-innermost
   3143, Generating implicit copyin(ba_cr%bwest(jci1:jci2,ici1:ici2),wgtx(:)) [if not already present]
         Generating implicit copy(f(:,:)) [if not already present]
         Generating implicit copyin(ba_cr%ibnd(jci1:jci2,ici1:ici2),bnd,bnd%bt(jci1:jci2,ici1:ici2),ba_cr) [if not already present]
   3150, Generating implicit private(ib)
         Generating NVIDIA GPU code
       3150,   ! blockidx%x threadidx%x auto-collapsed
             Loop parallelized across CUDA thread blocks, CUDA threads(128) collapse(2) ! blockidx%x threadidx%x collapsed-innermost
   3150, Generating implicit copyin(ba_cr%beast(jci1:jci2,ici1:ici2),wgtx(:)) [if not already present]
         Generating implicit copy(f(:,:)) [if not already present]
         Generating implicit copyin(ba_cr%ibnd(jci1:jci2,ici1:ici2),bnd,bnd%bt(jci1:jci2,ici1:ici2),ba_cr) [if not already present]
nudge4d3d:
   3207, Generating NVIDIA GPU code
       3207,   ! blockidx%x threadidx%x auto-collapsed
             Loop parallelized across CUDA thread blocks, CUDA threads(128) collapse(3) ! blockidx%x threadidx%x collapsed-innermost
   3207, Generating implicit copyin(bnd%b0(jce1ga:jce2ga,ice1ga:ice2ga,1:kz),bnd) [if not already present]
         Generating implicit copyout(fg1(jce1ga:jce2ga,ice1ga:ice2ga,1:kz)) [if not already present]
         Generating implicit copy(f(:,:,:,:)) [if not already present]
         Generating implicit copyin(bnd%bt(jce1ga:jce2ga,ice1ga:ice2ga,1:kz)) [if not already present]
   3213, Generating implicit private(fls3,fls2,fls1,fls0,xf,xg,ib,fls4)
         Generating NVIDIA GPU code
       3213,   ! blockidx%x threadidx%x auto-collapsed
             Loop parallelized across CUDA thread blocks, CUDA threads(128) collapse(3) ! blockidx%x threadidx%x collapsed-innermost
   3213, Generating implicit copyin(ba_cr%ibnd(jci1:jci2,ici1:ici2),ba_cr%bsouth(jci1:jci2,ici1:ici2),gcx(:)) [if not already present]
         Generating implicit copy(ften(:,:,:,:)) [if not already present]
         Generating implicit copyin(fcx(:),fg1(jci1-1:jci2+1,ici1-1:ici2+1,1:kz),ba_cr) [if not already present]
   3228, Generating implicit private(fls3,fls2,fls1,fls0,xg,xf,ib,fls4)
         Generating NVIDIA GPU code
       3228,   ! blockidx%x threadidx%x auto-collapsed
             Loop parallelized across CUDA thread blocks, CUDA threads(128) collapse(3) ! blockidx%x threadidx%x collapsed-innermost
   3228, Generating implicit copyin(ba_cr%ibnd(jci1:jci2,ici1:ici2),ba_cr%bnorth(jci1:jci2,ici1:ici2),gcx(:)) [if not already present]
         Generating implicit copy(ften(:,:,:,:)) [if not already present]
         Generating implicit copyin(fcx(:),fg1(jci1-1:jci2+1,ici1-1:ici2+1,1:kz),ba_cr) [if not already present]
   3243, Generating implicit private(fls3,fls2,fls1,fls0,xg,xf,ib,fls4)
         Generating NVIDIA GPU code
       3243,   ! blockidx%x threadidx%x auto-collapsed
             Loop parallelized across CUDA thread blocks, CUDA threads(128) collapse(3) ! blockidx%x threadidx%x collapsed-innermost
   3243, Generating implicit copyin(ba_cr%ibnd(jci1:jci2,ici1:ici2),ba_cr%bwest(jci1:jci2,ici1:ici2),gcx(:)) [if not already present]
         Generating implicit copy(ften(:,:,:,:)) [if not already present]
         Generating implicit copyin(fcx(:),fg1(jci1-1:jci2+1,ici1-1:ici2+1,1:kz),ba_cr) [if not already present]
   3258, Generating implicit private(fls3,fls2,fls1,fls0,xg,xf,ib,fls4)
         Generating NVIDIA GPU code
       3258,   ! blockidx%x threadidx%x auto-collapsed
             Loop parallelized across CUDA thread blocks, CUDA threads(128) collapse(3) ! blockidx%x threadidx%x collapsed-innermost
   3258, Generating implicit copyin(ba_cr%ibnd(jci1:jci2,ici1:ici2),ba_cr%beast(jci1:jci2,ici1:ici2),gcx(:)) [if not already present]
         Generating implicit copy(ften(:,:,:,:)) [if not already present]
         Generating implicit copyin(fcx(:),fg1(jci1-1:jci2+1,ici1-1:ici2+1,1:kz),ba_cr) [if not already present]
   3274, Generating implicit private(fls3,fls2,fls1,fls0,xg,xf,ib,fls4)
         Generating NVIDIA GPU code
       3274,   ! blockidx%x threadidx%x auto-collapsed
             Loop parallelized across CUDA thread blocks, CUDA threads(128) collapse(3) ! blockidx%x threadidx%x collapsed-innermost
   3274, Generating implicit copy(ften(:,:,:,:)) [if not already present]
         Generating implicit copyin(ba_cr%bsouth(jci1:jci2,ici1:ici2),hegc(:,1:kz),hefc(:,1:kz),ba_cr%ibnd(jci1:jci2,ici1:ici2),fg1(jci1-1:jci2+1,ici1-1:ici2+1,1:kz),ba_cr) [if not already present]
   3289, Generating implicit private(fls3,fls2,fls1,fls0,xg,xf,ib,fls4)
         Generating NVIDIA GPU code
       3289,   ! blockidx%x threadidx%x auto-collapsed
             Loop parallelized across CUDA thread blocks, CUDA threads(128) collapse(3) ! blockidx%x threadidx%x collapsed-innermost
   3289, Generating implicit copy(ften(:,:,:,:)) [if not already present]
         Generating implicit copyin(ba_cr%bnorth(jci1:jci2,ici1:ici2),hegc(:,1:kz),hefc(:,1:kz),ba_cr%ibnd(jci1:jci2,ici1:ici2),fg1(jci1-1:jci2+1,ici1-1:ici2+1,1:kz),ba_cr) [if not already present]
   3304, Generating implicit private(fls3,fls2,fls1,fls0,xg,xf,ib,fls4)
         Generating NVIDIA GPU code
       3304,   ! blockidx%x threadidx%x auto-collapsed
             Loop parallelized across CUDA thread blocks, CUDA threads(128) collapse(3) ! blockidx%x threadidx%x collapsed-innermost
   3304, Generating implicit copy(ften(:,:,:,:)) [if not already present]
         Generating implicit copyin(ba_cr%bwest(jci1:jci2,ici1:ici2),hegc(:,1:kz),hefc(:,1:kz),ba_cr%ibnd(jci1:jci2,ici1:ici2),fg1(jci1-1:jci2+1,ici1-1:ici2+1,1:kz),ba_cr) [if not already present]
   3319, Generating implicit private(fls3,fls2,fls1,fls0,xg,xf,ib,fls4)
         Generating NVIDIA GPU code
       3319,   ! blockidx%x threadidx%x auto-collapsed
             Loop parallelized across CUDA thread blocks, CUDA threads(128) collapse(3) ! blockidx%x threadidx%x collapsed-innermost
   3319, Generating implicit copy(ften(:,:,:,:)) [if not already present]
         Generating implicit copyin(ba_cr%beast(jci1:jci2,ici1:ici2),hegc(:,1:kz),hefc(:,1:kz),ba_cr%ibnd(jci1:jci2,ici1:ici2),fg1(jci1-1:jci2+1,ici1-1:ici2+1,1:kz),ba_cr) [if not already present]
monudge4d3d:
   3361, Generating NVIDIA GPU code
       3361,   ! blockidx%x threadidx%x auto-collapsed
             Loop parallelized across CUDA thread blocks, CUDA threads(128) collapse(3) ! blockidx%x threadidx%x collapsed-innermost
   3361, Generating implicit copyin(bnd%b0(jce1ga:jce2ga,ice1ga:ice2ga,1:kz),bnd) [if not already present]
         Generating implicit copy(f(:,:,:,:)) [if not already present]
         Generating implicit copyout(fg1(jce1ga:jce2ga,ice1ga:ice2ga,1:kz)) [if not already present]
         Generating implicit copyin(bnd%bt(jce1ga:jce2ga,ice1ga:ice2ga,1:kz)) [if not already present]
   3367, Generating implicit private(fls3,fls2,fls1,fls0,xg,xf,ib,fls4)
         Generating NVIDIA GPU code
       3367,   ! blockidx%x threadidx%x auto-collapsed
             Loop parallelized across CUDA thread blocks, CUDA threads(128) collapse(3) ! blockidx%x threadidx%x collapsed-innermost
   3367, Generating implicit copy(f(:,:,:,:)) [if not already present]
         Generating implicit copyin(ba_cr%bsouth(jci1:jci2,ici1:ici2),gcx(:),fg1(jci1-1:jci2+1,ici1-1:ici2+1,1:kz),fcx(:),ba_cr%ibnd(jci1:jci2,ici1:ici2),ba_cr) [if not already present]
   3382, Generating implicit private(fls3,fls2,fls1,fls0,xg,xf,ib,fls4)
         Generating NVIDIA GPU code
       3382,   ! blockidx%x threadidx%x auto-collapsed
             Loop parallelized across CUDA thread blocks, CUDA threads(128) collapse(3) ! blockidx%x threadidx%x collapsed-innermost
   3382, Generating implicit copy(f(:,:,:,:)) [if not already present]
         Generating implicit copyin(ba_cr%bnorth(jci1:jci2,ici1:ici2),gcx(:),fg1(jci1-1:jci2+1,ici1-1:ici2+1,1:kz),fcx(:),ba_cr%ibnd(jci1:jci2,ici1:ici2),ba_cr) [if not already present]
   3397, Generating implicit private(fls3,fls2,fls1,fls0,xg,xf,ib,fls4)
         Generating NVIDIA GPU code
       3397,   ! blockidx%x threadidx%x auto-collapsed
             Loop parallelized across CUDA thread blocks, CUDA threads(128) collapse(3) ! blockidx%x threadidx%x collapsed-innermost
   3397, Generating implicit copy(f(:,:,:,:)) [if not already present]
         Generating implicit copyin(ba_cr%bwest(jci1:jci2,ici1:ici2),gcx(:),fg1(jci1-1:jci2+1,ici1-1:ici2+1,1:kz),fcx(:),ba_cr%ibnd(jci1:jci2,ici1:ici2),ba_cr) [if not already present]
   3412, Generating implicit private(fls3,fls2,fls1,fls0,xg,xf,ib,fls4)
         Generating NVIDIA GPU code
       3412,   ! blockidx%x threadidx%x auto-collapsed
             Loop parallelized across CUDA thread blocks, CUDA threads(128) collapse(3) ! blockidx%x threadidx%x collapsed-innermost
   3412, Generating implicit copy(f(:,:,:,:)) [if not already present]
         Generating implicit copyin(ba_cr%beast(jci1:jci2,ici1:ici2),gcx(:),fg1(jci1-1:jci2+1,ici1-1:ici2+1,1:kz),fcx(:),ba_cr%ibnd(jci1:jci2,ici1:ici2),ba_cr) [if not already present]
   3428, Generating implicit private(fls3,fls2,fls1,fls0,xg,xf,ib,fls4)
         Generating NVIDIA GPU code
       3428,   ! blockidx%x threadidx%x auto-collapsed
             Loop parallelized across CUDA thread blocks, CUDA threads(128) collapse(3) ! blockidx%x threadidx%x collapsed-innermost
   3428, Generating implicit copyin(fg1(jci1-1:jci2+1,ici1-1:ici2+1,1:kz),ba_cr%bsouth(jci1:jci2,ici1:ici2),hegc(:,1:kz),hefc(:,1:kz)) [if not already present]
         Generating implicit copy(f(:,:,:,:)) [if not already present]
         Generating implicit copyin(ba_cr%ibnd(jci1:jci2,ici1:ici2),ba_cr) [if not already present]
   3443, Generating implicit private(fls3,fls2,fls1,fls0,xg,xf,ib,fls4)
         Generating NVIDIA GPU code
       3443,   ! blockidx%x threadidx%x auto-collapsed
             Loop parallelized across CUDA thread blocks, CUDA threads(128) collapse(3) ! blockidx%x threadidx%x collapsed-innermost
   3443, Generating implicit copyin(fg1(jci1-1:jci2+1,ici1-1:ici2+1,1:kz),ba_cr%bnorth(jci1:jci2,ici1:ici2),hegc(:,1:kz),hefc(:,1:kz)) [if not already present]
         Generating implicit copy(f(:,:,:,:)) [if not already present]
         Generating implicit copyin(ba_cr%ibnd(jci1:jci2,ici1:ici2),ba_cr) [if not already present]
   3458, Generating implicit private(fls3,fls2,fls1,fls0,xg,xf,ib,fls4)
         Generating NVIDIA GPU code
       3458,   ! blockidx%x threadidx%x auto-collapsed
             Loop parallelized across CUDA thread blocks, CUDA threads(128) collapse(3) ! blockidx%x threadidx%x collapsed-innermost
   3458, Generating implicit copyin(fg1(jci1-1:jci2+1,ici1-1:ici2+1,1:kz),ba_cr%bwest(jci1:jci2,ici1:ici2),hegc(:,1:kz),hefc(:,1:kz)) [if not already present]
         Generating implicit copy(f(:,:,:,:)) [if not already present]
         Generating implicit copyin(ba_cr%ibnd(jci1:jci2,ici1:ici2),ba_cr) [if not already present]
   3473, Generating implicit private(fls3,fls2,fls1,fls0,xg,xf,ib,fls4)
         Generating NVIDIA GPU code
       3473,   ! blockidx%x threadidx%x auto-collapsed
             Loop parallelized across CUDA thread blocks, CUDA threads(128) collapse(3) ! blockidx%x threadidx%x collapsed-innermost
   3473, Generating implicit copyin(fg1(jci1-1:jci2+1,ici1-1:ici2+1,1:kz),ba_cr%beast(jci1:jci2,ici1:ici2),hegc(:,1:kz),hefc(:,1:kz)) [if not already present]
         Generating implicit copy(f(:,:,:,:)) [if not already present]
         Generating implicit copyin(ba_cr%ibnd(jci1:jci2,ici1:ici2),ba_cr) [if not already present]
nudgeuv:
   3516, Generating NVIDIA GPU code
       3516,   ! blockidx%x threadidx%x auto-collapsed
             Loop parallelized across CUDA thread blocks, CUDA threads(128) collapse(3) ! blockidx%x threadidx%x collapsed-innermost
   3516, Generating implicit copyout(fg2(jde1ga:jde2ga,ide1ga:ide2ga,1:kz)) [if not already present]
         Generating implicit copyin(bndv%bt(jde1ga:jde2ga,ide1ga:ide2ga,1:kz),bndu,bndu%b0(jde1ga:jde2ga,ide1ga:ide2ga,1:kz),bndu%bt(jde1ga:jde2ga,ide1ga:ide2ga,1:kz),bndv%b0(jde1ga:jde2ga,ide1ga:ide2ga,1:kz),bndv) [if not already present]
         Generating implicit copyout(fg1(jde1ga:jde2ga,ide1ga:ide2ga,1:kz)) [if not already present]
         Generating implicit copy(fv(:,:,:),fu(:,:,:)) [if not already present]
   3523, Generating implicit private(fls4,fls3,fls2,fls1,fls0,xf,xg,ib)
         Generating NVIDIA GPU code
       3523,   ! blockidx%x threadidx%x auto-collapsed
             Loop parallelized across CUDA thread blocks, CUDA threads(128) collapse(3) ! blockidx%x threadidx%x collapsed-innermost
   3523, Generating implicit copyin(ba_dt%ibnd(jdi1:jdi2,idi1:idi2),ba_dt%bsouth(jdi1:jdi2,idi1:idi2),gcd(:)) [if not already present]
         Generating implicit copy(ftenv(:,:,:)) [if not already present]
         Generating implicit copyin(fcd(:),fg2(jdi1-1:jdi2+1,idi1-1:idi2+1,1:kz),fg1(jdi1-1:jdi2+1,idi1-1:idi2+1,1:kz)) [if not already present]
         Generating implicit copy(ftenu(:,:,:)) [if not already present]
         Generating implicit copyin(ba_dt) [if not already present]
   3545, Generating implicit private(fls4,fls3,fls2,fls1,fls0,xf,xg,ib)
         Generating NVIDIA GPU code
       3545,   ! blockidx%x threadidx%x auto-collapsed
             Loop parallelized across CUDA thread blocks, CUDA threads(128) collapse(3) ! blockidx%x threadidx%x collapsed-innermost
   3545, Generating implicit copyin(ba_dt%ibnd(jdi1:jdi2,idi1:idi2),ba_dt%bnorth(jdi1:jdi2,idi1:idi2),gcd(:)) [if not already present]
         Generating implicit copy(ftenv(:,:,:)) [if not already present]
         Generating implicit copyin(fcd(:),fg2(jdi1-1:jdi2+1,idi1-1:idi2+1,1:kz),fg1(jdi1-1:jdi2+1,idi1-1:idi2+1,1:kz)) [if not already present]
         Generating implicit copy(ftenu(:,:,:)) [if not already present]
         Generating implicit copyin(ba_dt) [if not already present]
   3567, Generating implicit private(fls4,fls3,fls2,fls1,fls0,xg,xf,ib)
         Generating NVIDIA GPU code
       3567,   ! blockidx%x threadidx%x auto-collapsed
             Loop parallelized across CUDA thread blocks, CUDA threads(128) collapse(3) ! blockidx%x threadidx%x collapsed-innermost
   3567, Generating implicit copyin(ba_dt%ibnd(jdi1:jdi2,idi1:idi2),ba_dt%bwest(jdi1:jdi2,idi1:idi2)) [if not already present]
         Generating implicit copy(ftenv(:,:,:)) [if not already present]
         Generating implicit copyin(gcd(:),fcd(:),fg2(jdi1-1:jdi2+1,idi1-1:idi2+1,1:kz),fg1(jdi1-1:jdi2+1,idi1-1:idi2+1,1:kz)) [if not already present]
         Generating implicit copy(ftenu(:,:,:)) [if not already present]
         Generating implicit copyin(ba_dt) [if not already present]
   3589, Generating implicit private(fls4,fls3,fls2,fls1,fls0,xg,xf,ib)
         Generating NVIDIA GPU code
       3589,   ! blockidx%x threadidx%x auto-collapsed
             Loop parallelized across CUDA thread blocks, CUDA threads(128) collapse(3) ! blockidx%x threadidx%x collapsed-innermost
   3589, Generating implicit copyin(ba_dt%ibnd(jdi1:jdi2,idi1:idi2),ba_dt%beast(jdi1:jdi2,idi1:idi2)) [if not already present]
         Generating implicit copy(ftenv(:,:,:)) [if not already present]
         Generating implicit copyin(gcd(:),fcd(:),fg2(jdi1-1:jdi2+1,idi1-1:idi2+1,1:kz),fg1(jdi1-1:jdi2+1,idi1-1:idi2+1,1:kz)) [if not already present]
         Generating implicit copy(ftenu(:,:,:)) [if not already present]
         Generating implicit copyin(ba_dt) [if not already present]
   3612, Generating implicit private(fls4,fls3,fls2,fls1,fls0,xg,xf,ib)
         Generating NVIDIA GPU code
       3612,   ! blockidx%x threadidx%x auto-collapsed
             Loop parallelized across CUDA thread blocks, CUDA threads(128) collapse(3) ! blockidx%x threadidx%x collapsed-innermost
   3612, Generating implicit copy(ftenv(:,:,:)) [if not already present]
         Generating implicit copyin(ba_dt%bsouth(jdi1:jdi2,idi1:idi2),hegc(:,1:kz),hefc(:,1:kz),ba_dt%ibnd(jdi1:jdi2,idi1:idi2),fg2(jdi1-1:jdi2+1,idi1-1:idi2+1,1:kz),fg1(jdi1-1:jdi2+1,idi1-1:idi2+1,1:kz)) [if not already present]
         Generating implicit copy(ftenu(:,:,:)) [if not already present]
         Generating implicit copyin(ba_dt) [if not already present]
   3634, Generating implicit private(fls4,fls3,fls2,fls1,fls0,xg,xf,ib)
         Generating NVIDIA GPU code
       3634,   ! blockidx%x threadidx%x auto-collapsed
             Loop parallelized across CUDA thread blocks, CUDA threads(128) collapse(3) ! blockidx%x threadidx%x collapsed-innermost
   3634, Generating implicit copy(ftenv(:,:,:)) [if not already present]
         Generating implicit copyin(ba_dt%bnorth(jdi1:jdi2,idi1:idi2),hegd(:,1:kz),hefd(:,1:kz),ba_dt%ibnd(jdi1:jdi2,idi1:idi2),fg2(jdi1-1:jdi2+1,idi1-1:idi2+1,1:kz),fg1(jdi1-1:jdi2+1,idi1-1:idi2+1,1:kz)) [if not already present]
         Generating implicit copy(ftenu(:,:,:)) [if not already present]
         Generating implicit copyin(ba_dt) [if not already present]
   3656, Generating implicit private(fls4,fls3,fls2,fls1,fls0,xg,xf,ib)
         Generating NVIDIA GPU code
       3656,   ! blockidx%x threadidx%x auto-collapsed
             Loop parallelized across CUDA thread blocks, CUDA threads(128) collapse(3) ! blockidx%x threadidx%x collapsed-innermost
   3656, Generating implicit copy(ftenv(:,:,:)) [if not already present]
         Generating implicit copyin(ba_dt%bwest(jdi1:jdi2,idi1:idi2),hegd(:,1:kz),hefd(:,1:kz),ba_dt%ibnd(jdi1:jdi2,idi1:idi2),fg2(jdi1-1:jdi2+1,idi1-1:idi2+1,1:kz),fg1(jdi1-1:jdi2+1,idi1-1:idi2+1,1:kz)) [if not already present]
         Generating implicit copy(ftenu(:,:,:)) [if not already present]
         Generating implicit copyin(ba_dt) [if not already present]
   3678, Generating implicit private(fls4,fls3,fls2,fls1,fls0,xg,xf,ib)
         Generating NVIDIA GPU code
       3678,   ! blockidx%x threadidx%x auto-collapsed
             Loop parallelized across CUDA thread blocks, CUDA threads(128) collapse(3) ! blockidx%x threadidx%x collapsed-innermost
   3678, Generating implicit copy(ftenv(:,:,:)) [if not already present]
         Generating implicit copyin(ba_dt%beast(jdi1:jdi2,idi1:idi2),hegd(:,1:kz),hefd(:,1:kz),ba_dt%ibnd(jdi1:jdi2,idi1:idi2),fg2(jdi1-1:jdi2+1,idi1-1:idi2+1,1:kz),fg1(jdi1-1:jdi2+1,idi1-1:idi2+1,1:kz)) [if not already present]
         Generating implicit copy(ftenu(:,:,:)) [if not already present]
         Generating implicit copyin(ba_dt) [if not already present]
monudgeuv:
   3728, Generating NVIDIA GPU code
       3728,   ! blockidx%x threadidx%x auto-collapsed
             Loop parallelized across CUDA thread blocks, CUDA threads(128) collapse(3) ! blockidx%x threadidx%x collapsed-innermost
   3728, Generating implicit copyin(bndu%b0(jde1ga:jde2ga,ice1ga:ice2ga,1:kz),bndu,bndu%bt(jde1ga:jde2ga,ice1ga:ice2ga,1:kz)) [if not already present]
         Generating implicit copyout(fg1(jde1ga:jde2ga,ice1ga:ice2ga,1:kz)) [if not already present]
         Generating implicit copy(fu(:,:,:)) [if not already present]
   3732, Generating NVIDIA GPU code
       3732,   ! blockidx%x threadidx%x auto-collapsed
             Loop parallelized across CUDA thread blocks, CUDA threads(128) collapse(3) ! blockidx%x threadidx%x collapsed-innermost
   3732, Generating implicit copyin(bndv%b0(jce1ga:jce2ga,ide1ga:ide2ga,1:kz),bndv,bndv%bt(jce1ga:jce2ga,ide1ga:ide2ga,1:kz)) [if not already present]
         Generating implicit copyout(fg2(jce1ga:jce2ga,ide1ga:ide2ga,1:kz)) [if not already present]
         Generating implicit copy(fv(:,:,:)) [if not already present]
   3738, Generating implicit private(fls3,fls2,fls1,fls0,xg,xf,ib,fls4)
         Generating NVIDIA GPU code
       3738,   ! blockidx%x threadidx%x auto-collapsed
             Loop parallelized across CUDA thread blocks, CUDA threads(128) collapse(3) ! blockidx%x threadidx%x collapsed-innermost
   3738, Generating implicit copyin(ba_ut%ibnd(jdi1:jdi2,ici1:ici2),ba_ut%bsouth(jdi1:jdi2,ici1:ici2),gcx(:)) [if not already present]
         Generating implicit copy(fu(:,:,:)) [if not already present]
         Generating implicit copyin(fcx(:),fg1(jdi1-1:jdi2+1,ici1-1:ici2+1,1:kz),ba_ut) [if not already present]
   3753, Generating implicit private(fls3,fls2,fls1,fls0,xg,xf,ib,fls4)
         Generating NVIDIA GPU code
       3753,   ! blockidx%x threadidx%x auto-collapsed
             Loop parallelized across CUDA thread blocks, CUDA threads(128) collapse(3) ! blockidx%x threadidx%x collapsed-innermost
   3753, Generating implicit copyin(ba_vt%ibnd(jci1:jci2,idi1:idi2),ba_vt%bsouth(jci1:jci2,idi1:idi2)) [if not already present]
         Generating implicit copy(fv(:,:,:)) [if not already present]
         Generating implicit copyin(gcd(:),fcd(:),fg2(jci1-1:jci2+1,idi1-1:idi2+1,1:kz),ba_vt) [if not already present]
   3768, Generating implicit private(fls3,fls2,fls1,fls0,xg,xf,ib,fls4)
         Generating NVIDIA GPU code
       3768,   ! blockidx%x threadidx%x auto-collapsed
             Loop parallelized across CUDA thread blocks, CUDA threads(128) collapse(3) ! blockidx%x threadidx%x collapsed-innermost
   3768, Generating implicit copyin(ba_ut%ibnd(jdi1:jdi2,ici1:ici2),ba_ut%bnorth(jdi1:jdi2,ici1:ici2)) [if not already present]
         Generating implicit copy(fu(:,:,:)) [if not already present]
         Generating implicit copyin(gcx(:),fcx(:),fg1(jdi1-1:jdi2+1,ici1-1:ici2+1,1:kz),ba_ut) [if not already present]
   3783, Generating implicit private(fls3,fls2,fls1,fls0,xg,xf,ib,fls4)
         Generating NVIDIA GPU code
       3783,   ! blockidx%x threadidx%x auto-collapsed
             Loop parallelized across CUDA thread blocks, CUDA threads(128) collapse(3) ! blockidx%x threadidx%x collapsed-innermost
   3783, Generating implicit copyin(ba_vt%ibnd(jci1:jci2,idi1:idi2),ba_vt%bnorth(jci1:jci2,idi1:idi2)) [if not already present]
         Generating implicit copy(fv(:,:,:)) [if not already present]
         Generating implicit copyin(gcd(:),fcd(:),fg2(jci1-1:jci2+1,idi1-1:idi2+1,1:kz),ba_vt) [if not already present]
   3798, Generating implicit private(fls3,fls2,fls1,fls0,xg,xf,ib,fls4)
         Generating NVIDIA GPU code
       3798,   ! blockidx%x threadidx%x auto-collapsed
             Loop parallelized across CUDA thread blocks, CUDA threads(128) collapse(3) ! blockidx%x threadidx%x collapsed-innermost
   3798, Generating implicit copyin(ba_ut%ibnd(jdi1:jdi2,ici1:ici2),ba_ut%bwest(jdi1:jdi2,ici1:ici2)) [if not already present]
         Generating implicit copy(fu(:,:,:)) [if not already present]
         Generating implicit copyin(gcd(:),fcd(:),fg1(jdi1-1:jdi2+1,ici1-1:ici2+1,1:kz),ba_ut) [if not already present]
   3813, Generating implicit private(fls3,fls2,fls1,fls0,xg,xf,ib,fls4)
         Generating NVIDIA GPU code
       3813,   ! blockidx%x threadidx%x auto-collapsed
             Loop parallelized across CUDA thread blocks, CUDA threads(128) collapse(3) ! blockidx%x threadidx%x collapsed-innermost
   3813, Generating implicit copyin(ba_vt%ibnd(jci1:jci2,idi1:idi2),ba_vt%bwest(jci1:jci2,idi1:idi2)) [if not already present]
         Generating implicit copy(fv(:,:,:)) [if not already present]
         Generating implicit copyin(gcx(:),fcx(:),fg2(jci1-1:jci2+1,idi1-1:idi2+1,1:kz),ba_vt) [if not already present]
   3828, Generating implicit private(fls3,fls2,fls1,fls0,xg,xf,ib,fls4)
         Generating NVIDIA GPU code
       3828,   ! blockidx%x threadidx%x auto-collapsed
             Loop parallelized across CUDA thread blocks, CUDA threads(128) collapse(3) ! blockidx%x threadidx%x collapsed-innermost
   3828, Generating implicit copyin(ba_ut%ibnd(jdi1:jdi2,ici1:ici2),ba_ut%beast(jdi1:jdi2,ici1:ici2)) [if not already present]
         Generating implicit copy(fu(:,:,:)) [if not already present]
         Generating implicit copyin(gcd(:),fcd(:),fg1(jdi1-1:jdi2+1,ici1-1:ici2+1,1:kz),ba_ut) [if not already present]
   3843, Generating implicit private(fls3,fls2,fls1,fls0,xg,xf,ib,fls4)
         Generating NVIDIA GPU code
       3843,   ! blockidx%x threadidx%x auto-collapsed
             Loop parallelized across CUDA thread blocks, CUDA threads(128) collapse(3) ! blockidx%x threadidx%x collapsed-innermost
   3843, Generating implicit copyin(ba_vt%ibnd(jci1:jci2,idi1:idi2),ba_vt%beast(jci1:jci2,idi1:idi2),gcx(:)) [if not already present]
         Generating implicit copy(fv(:,:,:)) [if not already present]
         Generating implicit copyin(fcx(:),fg2(jci1-1:jci2+1,idi1-1:idi2+1,1:kz),ba_vt) [if not already present]
   3859, Generating implicit private(fls3,fls2,fls1,fls0,xg,xf,ib,fls4)
         Generating NVIDIA GPU code
       3859,   ! blockidx%x threadidx%x auto-collapsed
             Loop parallelized across CUDA thread blocks, CUDA threads(128) collapse(3) ! blockidx%x threadidx%x collapsed-innermost
   3859, Generating implicit copy(fu(:,:,:)) [if not already present]
         Generating implicit copyin(ba_ut%bsouth(jdi1:jdi2,ici1:ici2),hegc(:,1:kz),hefc(:,1:kz),ba_ut%ibnd(jdi1:jdi2,ici1:ici2),fg1(jdi1-1:jdi2+1,ici1-1:ici2+1,1:kz),ba_ut) [if not already present]
   3874, Generating implicit private(fls3,fls2,fls1,fls0,xg,xf,ib,fls4)
         Generating NVIDIA GPU code
       3874,   ! blockidx%x threadidx%x auto-collapsed
             Loop parallelized across CUDA thread blocks, CUDA threads(128) collapse(3) ! blockidx%x threadidx%x collapsed-innermost
   3874, Generating implicit copy(fv(:,:,:)) [if not already present]
         Generating implicit copyin(ba_vt%bsouth(jci1:jci2,idi1:idi2),hegd(:,1:kz),hefd(:,1:kz),ba_vt%ibnd(jci1:jci2,idi1:idi2),fg2(jci1-1:jci2+1,idi1-1:idi2+1,1:kz),ba_vt) [if not already present]
   3889, Generating implicit private(fls3,fls2,fls1,fls0,xg,xf,ib,fls4)
         Generating NVIDIA GPU code
       3889,   ! blockidx%x threadidx%x auto-collapsed
             Loop parallelized across CUDA thread blocks, CUDA threads(128) collapse(3) ! blockidx%x threadidx%x collapsed-innermost
   3889, Generating implicit copy(fu(:,:,:)) [if not already present]
         Generating implicit copyin(ba_ut%bnorth(jdi1:jdi2,ici1:ici2),hegc(:,1:kz),hefc(:,1:kz),ba_ut%ibnd(jdi1:jdi2,ici1:ici2),fg1(jdi1-1:jdi2+1,ici1-1:ici2+1,1:kz),ba_ut) [if not already present]
   3904, Generating implicit private(fls3,fls2,fls1,fls0,xg,xf,ib,fls4)
         Generating NVIDIA GPU code
       3904,   ! blockidx%x threadidx%x auto-collapsed
             Loop parallelized across CUDA thread blocks, CUDA threads(128) collapse(3) ! blockidx%x threadidx%x collapsed-innermost
   3904, Generating implicit copy(fv(:,:,:)) [if not already present]
         Generating implicit copyin(ba_vt%bnorth(jci1:jci2,idi1:idi2),hegd(:,1:kz),hefd(:,1:kz),ba_vt%ibnd(jci1:jci2,idi1:idi2),fg2(jci1-1:jci2+1,idi1-1:idi2+1,1:kz),ba_vt) [if not already present]
   3919, Generating implicit private(fls3,fls2,fls1,fls0,xg,xf,ib,fls4)
         Generating NVIDIA GPU code
       3919,   ! blockidx%x threadidx%x auto-collapsed
             Loop parallelized across CUDA thread blocks, CUDA threads(128) collapse(3) ! blockidx%x threadidx%x collapsed-innermost
   3919, Generating implicit copy(fu(:,:,:)) [if not already present]
         Generating implicit copyin(ba_ut%bwest(jdi1:jdi2,ici1:ici2),hegd(:,1:kz),hefd(:,1:kz),ba_ut%ibnd(jdi1:jdi2,ici1:ici2),fg1(jdi1-1:jdi2+1,ici1-1:ici2+1,1:kz),ba_ut) [if not already present]
   3934, Generating implicit private(fls3,fls2,fls1,fls0,xg,xf,ib,fls4)
         Generating NVIDIA GPU code
       3934,   ! blockidx%x threadidx%x auto-collapsed
             Loop parallelized across CUDA thread blocks, CUDA threads(128) collapse(3) ! blockidx%x threadidx%x collapsed-innermost
   3934, Generating implicit copy(fv(:,:,:)) [if not already present]
         Generating implicit copyin(ba_vt%bwest(jci1:jci2,idi1:idi2),hegc(:,1:kz),hefc(:,1:kz),ba_vt%ibnd(jci1:jci2,idi1:idi2),fg2(jci1-1:jci2+1,idi1-1:idi2+1,1:kz),ba_vt) [if not already present]
   3949, Generating implicit private(fls3,fls2,fls1,fls0,xg,xf,ib,fls4)
         Generating NVIDIA GPU code
       3949,   ! blockidx%x threadidx%x auto-collapsed
             Loop parallelized across CUDA thread blocks, CUDA threads(128) collapse(3) ! blockidx%x threadidx%x collapsed-innermost
   3949, Generating implicit copy(fu(:,:,:)) [if not already present]
         Generating implicit copyin(ba_ut%beast(jdi1:jdi2,ici1:ici2),hegd(:,1:kz),hefd(:,1:kz),ba_ut%ibnd(jdi1:jdi2,ici1:ici2),fg1(jdi1-1:jdi2+1,ici1-1:ici2+1,1:kz),ba_ut) [if not already present]
   3964, Generating implicit private(fls3,fls2,fls1,fls0,xg,xf,ib,fls4)
         Generating NVIDIA GPU code
       3964,   ! blockidx%x threadidx%x auto-collapsed
             Loop parallelized across CUDA thread blocks, CUDA threads(128) collapse(3) ! blockidx%x threadidx%x collapsed-innermost
   3964, Generating implicit copy(fv(:,:,:)) [if not already present]
         Generating implicit copyin(ba_vt%beast(jci1:jci2,idi1:idi2),hegc(:,1:kz),hefc(:,1:kz),ba_vt%ibnd(jci1:jci2,idi1:idi2),fg2(jci1-1:jci2+1,idi1-1:idi2+1,1:kz),ba_vt) [if not already present]
monudge4d:
        4003, Generating NVIDIA GPU code
            4003,   ! blockidx%x threadidx%x auto-collapsed
                  Loop parallelized across CUDA thread blocks, CUDA threads(128) collapse(3) ! blockidx%x threadidx%x collapsed-innermost
        4003, Generating implicit copyin(bnd%b0(jce1ga:jce2ga,ice1ga:ice2ga,1:kz),bnd) [if not already present]
              Generating implicit copy(f(:,:,:,:)) [if not already present]
              Generating implicit copyin(bnd%bt(jce1ga:jce2ga,ice1ga:ice2ga,1:kz),fcx(:),ba_cr,ba_cr%ibnd(jci1:jci2,ici1:ici2),gcx(:),fg1(jci1-1:jci2+1,ici1-1:ici2+1,1:kz)) [if not already present]
              Generating implicit copyout(fg1(jce1ga:jce2ga,ice1ga:ice2ga,1:kz)) [if not already present]
              Generating implicit copyin(ba_cr%bsouth(jci1:jci2,ici1:ici2),ba_cr%bnorth(jci1:jci2,ici1:ici2),ba_cr%bwest(jci1:jci2,ici1:ici2),ba_cr%beast(jci1:jci2,ici1:ici2),hefc(:,1:kz),hegc(:,1:kz)) [if not already present]
nudge4d:
        4029, Generating NVIDIA GPU code
            4029,   ! blockidx%x threadidx%x auto-collapsed
                  Loop parallelized across CUDA thread blocks, CUDA threads(128) collapse(3) ! blockidx%x threadidx%x collapsed-innermost
        4029, Generating implicit copyin(bnd%b0(jce1ga:jce2ga,ice1ga:ice2ga,1:kz),bnd,bnd%bt(jce1ga:jce2ga,ice1ga:ice2ga,1:kz),fcx(:)) [if not already present]
              Generating implicit copy(f(:,:,:,:)) [if not already present]
              Generating implicit copyin(ba_cr,ba_cr%ibnd(jci1:jci2,ici1:ici2),gcx(:),fg1(jci1-1:jci2+1,ici1-1:ici2+1,1:kz)) [if not already present]
              Generating implicit copyout(fg1(jce1ga:jce2ga,ice1ga:ice2ga,1:kz)) [if not already present]
              Generating implicit copy(ften(:,:,:,:)) [if not already present]
              Generating implicit copyin(ba_cr%bsouth(jci1:jci2,ici1:ici2),ba_cr%bnorth(jci1:jci2,ici1:ici2),ba_cr%bwest(jci1:jci2,ici1:ici2),ba_cr%beast(jci1:jci2,ici1:ici2),hefc(:,1:kz),hegc(:,1:kz)) [if not already present]
nudge3d:
   4063, Generating NVIDIA GPU code
       4063,   ! blockidx%x threadidx%x auto-collapsed
             Loop parallelized across CUDA thread blocks, CUDA threads(128) collapse(3) ! blockidx%x threadidx%x collapsed-innermost
   4063, Generating implicit copyin(bnd%b0(jce1ga:jce2ga,ice1ga:ice2ga,ns:nk),bnd) [if not already present]
         Generating implicit copyout(fg1(jce1ga:jce2ga,ice1ga:ice2ga,ns:nk)) [if not already present]
         Generating implicit copy(f(:,:,:)) [if not already present]
         Generating implicit copyin(bnd%bt(jce1ga:jce2ga,ice1ga:ice2ga,ns:nk)) [if not already present]
   4069, Generating implicit private(fls3,fls2,fls1,fls0,xf,xg,ib,fls4)
         Generating NVIDIA GPU code
       4069,   ! blockidx%x threadidx%x auto-collapsed
             Loop parallelized across CUDA thread blocks, CUDA threads(128) collapse(3) ! blockidx%x threadidx%x collapsed-innermost
   4069, Generating implicit copyin(ba_cr%ibnd(jci1:jci2,ici1:ici2),ba_cr%bsouth(jci1:jci2,ici1:ici2),gcx(:)) [if not already present]
         Generating implicit copy(ften(:,:,:)) [if not already present]
         Generating implicit copyin(fcx(:),fg1(jci1-1:jci2+1,ici1-1:ici2+1,ns:nk),ba_cr) [if not already present]
   4084, Generating implicit private(fls3,fls2,fls1,fls0,xg,xf,ib,fls4)
         Generating NVIDIA GPU code
       4084,   ! blockidx%x threadidx%x auto-collapsed
             Loop parallelized across CUDA thread blocks, CUDA threads(128) collapse(3) ! blockidx%x threadidx%x collapsed-innermost
   4084, Generating implicit copyin(ba_cr%ibnd(jci1:jci2,ici1:ici2),ba_cr%bnorth(jci1:jci2,ici1:ici2),gcx(:)) [if not already present]
         Generating implicit copy(ften(:,:,:)) [if not already present]
         Generating implicit copyin(fcx(:),fg1(jci1-1:jci2+1,ici1-1:ici2+1,ns:nk),ba_cr) [if not already present]
   4099, Generating implicit private(fls3,fls2,fls1,fls0,xg,xf,ib,fls4)
         Generating NVIDIA GPU code
       4099,   ! blockidx%x threadidx%x auto-collapsed
             Loop parallelized across CUDA thread blocks, CUDA threads(128) collapse(3) ! blockidx%x threadidx%x collapsed-innermost
   4099, Generating implicit copyin(ba_cr%ibnd(jci1:jci2,ici1:ici2),ba_cr%bwest(jci1:jci2,ici1:ici2),gcx(:)) [if not already present]
         Generating implicit copy(ften(:,:,:)) [if not already present]
         Generating implicit copyin(fcx(:),fg1(jci1-1:jci2+1,ici1-1:ici2+1,ns:nk),ba_cr) [if not already present]
   4114, Generating implicit private(fls3,fls2,fls1,fls0,xg,xf,ib,fls4)
         Generating NVIDIA GPU code
       4114,   ! blockidx%x threadidx%x auto-collapsed
             Loop parallelized across CUDA thread blocks, CUDA threads(128) collapse(3) ! blockidx%x threadidx%x collapsed-innermost
   4114, Generating implicit copyin(ba_cr%ibnd(jci1:jci2,ici1:ici2),ba_cr%beast(jci1:jci2,ici1:ici2),gcx(:)) [if not already present]
         Generating implicit copy(ften(:,:,:)) [if not already present]
         Generating implicit copyin(fcx(:),fg1(jci1-1:jci2+1,ici1-1:ici2+1,ns:nk),ba_cr) [if not already present]
   4130, Generating implicit private(fls3,fls2,fls1,fls0,xg,xf,ib,fls4)
         Generating NVIDIA GPU code
       4130,   ! blockidx%x threadidx%x auto-collapsed
             Loop parallelized across CUDA thread blocks, CUDA threads(128) collapse(3) ! blockidx%x threadidx%x collapsed-innermost
   4130, Generating implicit copy(ften(:,:,:)) [if not already present]
         Generating implicit copyin(ba_cr%bsouth(jci1:jci2,ici1:ici2),hegc(:,:),hefc(:,:),ba_cr%ibnd(jci1:jci2,ici1:ici2),fg1(jci1-1:jci2+1,ici1-1:ici2+1,ns:nk),ba_cr) [if not already present]
   4145, Generating implicit private(fls3,fls2,fls1,fls0,xg,xf,ib,fls4)
         Generating NVIDIA GPU code
       4145,   ! blockidx%x threadidx%x auto-collapsed
             Loop parallelized across CUDA thread blocks, CUDA threads(128) collapse(3) ! blockidx%x threadidx%x collapsed-innermost
   4145, Generating implicit copy(ften(:,:,:)) [if not already present]
         Generating implicit copyin(ba_cr%bnorth(jci1:jci2,ici1:ici2),hegc(:,:),hefc(:,:),ba_cr%ibnd(jci1:jci2,ici1:ici2),fg1(jci1-1:jci2+1,ici1-1:ici2+1,ns:nk),ba_cr) [if not already present]
   4160, Generating implicit private(fls3,fls2,fls1,fls0,xg,xf,ib,fls4)
         Generating NVIDIA GPU code
       4160,   ! blockidx%x threadidx%x auto-collapsed
             Loop parallelized across CUDA thread blocks, CUDA threads(128) collapse(3) ! blockidx%x threadidx%x collapsed-innermost
   4160, Generating implicit copy(ften(:,:,:)) [if not already present]
         Generating implicit copyin(ba_cr%bwest(jci1:jci2,ici1:ici2),hegc(:,:),hefc(:,:),ba_cr%ibnd(jci1:jci2,ici1:ici2),fg1(jci1-1:jci2+1,ici1-1:ici2+1,ns:nk),ba_cr) [if not already present]
   4175, Generating implicit private(fls3,fls2,fls1,fls0,xg,xf,ib,fls4)
         Generating NVIDIA GPU code
       4175,   ! blockidx%x threadidx%x auto-collapsed
             Loop parallelized across CUDA thread blocks, CUDA threads(128) collapse(3) ! blockidx%x threadidx%x collapsed-innermost
   4175, Generating implicit copy(ften(:,:,:)) [if not already present]
         Generating implicit copyin(ba_cr%beast(jci1:jci2,ici1:ici2),hegc(:,:),hefc(:,:),ba_cr%ibnd(jci1:jci2,ici1:ici2),fg1(jci1-1:jci2+1,ici1-1:ici2+1,ns:nk),ba_cr) [if not already present]
monudge3d:
   4221, Generating NVIDIA GPU code
       4221,   ! blockidx%x threadidx%x auto-collapsed
             Loop parallelized across CUDA thread blocks, CUDA threads(128) collapse(3) ! blockidx%x threadidx%x collapsed-innermost
   4221, Generating implicit copyin(bnd%b0(jce1ga:jce2ga,ice1ga:ice2ga,ns:nk),bnd) [if not already present]
         Generating implicit copy(f(:,:,:)) [if not already present]
         Generating implicit copyout(fg1(jce1ga:jce2ga,ice1ga:ice2ga,ns:nk)) [if not already present]
         Generating implicit copyin(bnd%bt(jce1ga:jce2ga,ice1ga:ice2ga,ns:nk)) [if not already present]
   4227, Generating implicit private(fls3,fls2,fls1,fls0,xg,xf,ib,fls4)
         Generating NVIDIA GPU code
       4227,   ! blockidx%x threadidx%x auto-collapsed
             Loop parallelized across CUDA thread blocks, CUDA threads(128) collapse(3) ! blockidx%x threadidx%x collapsed-innermost
   4227, Generating implicit copy(f(:,:,:)) [if not already present]
         Generating implicit copyin(ba_cr%bsouth(jci1:jci2,ici1:ici2),gcx(:),fg1(jci1-1:jci2+1,ici1-1:ici2+1,ns:nk),fcx(:),ba_cr%ibnd(jci1:jci2,ici1:ici2),ba_cr) [if not already present]
   4242, Generating implicit private(fls3,fls2,fls1,fls0,xg,xf,ib,fls4)
         Generating NVIDIA GPU code
       4242,   ! blockidx%x threadidx%x auto-collapsed
             Loop parallelized across CUDA thread blocks, CUDA threads(128) collapse(3) ! blockidx%x threadidx%x collapsed-innermost
   4242, Generating implicit copy(f(:,:,:)) [if not already present]
         Generating implicit copyin(ba_cr%bnorth(jci1:jci2,ici1:ici2),gcx(:),fg1(jci1-1:jci2+1,ici1-1:ici2+1,ns:nk),fcx(:),ba_cr%ibnd(jci1:jci2,ici1:ici2),ba_cr) [if not already present]
   4257, Generating implicit private(fls3,fls2,fls1,fls0,xg,xf,ib,fls4)
         Generating NVIDIA GPU code
       4257,   ! blockidx%x threadidx%x auto-collapsed
             Loop parallelized across CUDA thread blocks, CUDA threads(128) collapse(3) ! blockidx%x threadidx%x collapsed-innermost
   4257, Generating implicit copy(f(:,:,:)) [if not already present]
         Generating implicit copyin(ba_cr%bwest(jci1:jci2,ici1:ici2),gcx(:),fg1(jci1-1:jci2+1,ici1-1:ici2+1,ns:nk),fcx(:),ba_cr%ibnd(jci1:jci2,ici1:ici2),ba_cr) [if not already present]
   4272, Generating implicit private(fls3,fls2,fls1,fls0,xg,xf,ib,fls4)
         Generating NVIDIA GPU code
       4272,   ! blockidx%x threadidx%x auto-collapsed
             Loop parallelized across CUDA thread blocks, CUDA threads(128) collapse(3) ! blockidx%x threadidx%x collapsed-innermost
   4272, Generating implicit copy(f(:,:,:)) [if not already present]
         Generating implicit copyin(ba_cr%beast(jci1:jci2,ici1:ici2),gcx(:),fg1(jci1-1:jci2+1,ici1-1:ici2+1,ns:nk),fcx(:),ba_cr%ibnd(jci1:jci2,ici1:ici2),ba_cr) [if not already present]
   4288, Generating implicit private(fls3,fls2,fls1,fls0,xg,xf,ib,fls4)
         Generating NVIDIA GPU code
       4288,   ! blockidx%x threadidx%x auto-collapsed
             Loop parallelized across CUDA thread blocks, CUDA threads(128) collapse(3) ! blockidx%x threadidx%x collapsed-innermost
   4288, Generating implicit copyin(fg1(jci1-1:jci2+1,ici1-1:ici2+1,ns:nk),ba_cr%bsouth(jci1:jci2,ici1:ici2),hegc(:,:),hefc(:,:)) [if not already present]
         Generating implicit copy(f(:,:,:)) [if not already present]
         Generating implicit copyin(ba_cr%ibnd(jci1:jci2,ici1:ici2),ba_cr) [if not already present]
   4303, Generating implicit private(fls3,fls2,fls1,fls0,xg,xf,ib,fls4)
         Generating NVIDIA GPU code
       4303,   ! blockidx%x threadidx%x auto-collapsed
             Loop parallelized across CUDA thread blocks, CUDA threads(128) collapse(3) ! blockidx%x threadidx%x collapsed-innermost
   4303, Generating implicit copyin(fg1(jci1-1:jci2+1,ici1-1:ici2+1,ns:nk),ba_cr%bnorth(jci1:jci2,ici1:ici2),hegc(:,:),hefc(:,:)) [if not already present]
         Generating implicit copy(f(:,:,:)) [if not already present]
         Generating implicit copyin(ba_cr%ibnd(jci1:jci2,ici1:ici2),ba_cr) [if not already present]
   4318, Generating implicit private(fls3,fls2,fls1,fls0,xg,xf,ib,fls4)
         Generating NVIDIA GPU code
       4318,   ! blockidx%x threadidx%x auto-collapsed
             Loop parallelized across CUDA thread blocks, CUDA threads(128) collapse(3) ! blockidx%x threadidx%x collapsed-innermost
   4318, Generating implicit copyin(fg1(jci1-1:jci2+1,ici1-1:ici2+1,ns:nk),ba_cr%bwest(jci1:jci2,ici1:ici2),hegc(:,:),hefc(:,:)) [if not already present]
         Generating implicit copy(f(:,:,:)) [if not already present]
         Generating implicit copyin(ba_cr%ibnd(jci1:jci2,ici1:ici2),ba_cr) [if not already present]
   4333, Generating implicit private(fls3,fls2,fls1,fls0,xg,xf,ib,fls4)
         Generating NVIDIA GPU code
       4333,   ! blockidx%x threadidx%x auto-collapsed
             Loop parallelized across CUDA thread blocks, CUDA threads(128) collapse(3) ! blockidx%x threadidx%x collapsed-innermost
   4333, Generating implicit copyin(fg1(jci1-1:jci2+1,ici1-1:ici2+1,ns:nk),ba_cr%beast(jci1:jci2,ici1:ici2),hegc(:,:),hefc(:,:)) [if not already present]
         Generating implicit copy(f(:,:,:)) [if not already present]
         Generating implicit copyin(ba_cr%ibnd(jci1:jci2,ici1:ici2),ba_cr) [if not already present]
nudge2d:
   4377, Generating NVIDIA GPU code
       4377,   ! blockidx%x threadidx%x auto-collapsed
             Loop parallelized across CUDA thread blocks, CUDA threads(128) collapse(2) ! blockidx%x threadidx%x collapsed-innermost
   4377, Generating implicit copyin(bnd%bt(jce1ga:jce2ga,ice1ga:ice2ga)) [if not already present]
         Generating implicit copy(f(:,:)) [if not already present]
         Generating implicit copyout(fg1(jce1ga:jce2ga,ice1ga:ice2ga,1)) [if not already present]
         Generating implicit copyin(bnd,bnd%b0(jce1ga:jce2ga,ice1ga:ice2ga)) [if not already present]
   4383, Generating implicit private(fls3,fls2,fls1,fls0,xf,xg,ib,fls4)
         Generating NVIDIA GPU code
       4383,   ! blockidx%x threadidx%x auto-collapsed
             Loop parallelized across CUDA thread blocks, CUDA threads(128) collapse(2) ! blockidx%x threadidx%x collapsed-innermost
   4383, Generating implicit copyin(ba_cr,fg1(jci1-1:jci2+1,ici1-1:ici2+1,1),fcx(:),gcx(:)) [if not already present]
         Generating implicit copy(ften(:,:)) [if not already present]
         Generating implicit copyin(ba_cr%bsouth(jci1:jci2,ici1:ici2),ba_cr%ibnd(jci1:jci2,ici1:ici2)) [if not already present]
   4398, Generating implicit private(fls3,fls2,fls1,fls0,xf,xg,ib,fls4)
         Generating NVIDIA GPU code
       4398,   ! blockidx%x threadidx%x auto-collapsed
             Loop parallelized across CUDA thread blocks, CUDA threads(128) collapse(2) ! blockidx%x threadidx%x collapsed-innermost
   4398, Generating implicit copyin(ba_cr,fg1(jci1-1:jci2+1,ici1-1:ici2+1,1),fcx(:),gcx(:)) [if not already present]
         Generating implicit copy(ften(:,:)) [if not already present]
         Generating implicit copyin(ba_cr%bnorth(jci1:jci2,ici1:ici2),ba_cr%ibnd(jci1:jci2,ici1:ici2)) [if not already present]
   4413, Generating implicit private(fls3,fls2,fls1,fls0,xg,xf,ib,fls4)
         Generating NVIDIA GPU code
       4413,   ! blockidx%x threadidx%x auto-collapsed
             Loop parallelized across CUDA thread blocks, CUDA threads(128) collapse(2) ! blockidx%x threadidx%x collapsed-innermost
   4413, Generating implicit copyin(ba_cr,fg1(jci1-1:jci2+1,ici1-1:ici2+1,1),fcx(:),gcx(:)) [if not already present]
         Generating implicit copy(ften(:,:)) [if not already present]
         Generating implicit copyin(ba_cr%bwest(jci1:jci2,ici1:ici2),ba_cr%ibnd(jci1:jci2,ici1:ici2)) [if not already present]
   4428, Generating implicit private(fls3,fls2,fls1,fls0,xg,xf,ib,fls4)
         Generating NVIDIA GPU code
       4428,   ! blockidx%x threadidx%x auto-collapsed
             Loop parallelized across CUDA thread blocks, CUDA threads(128) collapse(2) ! blockidx%x threadidx%x collapsed-innermost
   4428, Generating implicit copyin(ba_cr,fg1(jci1-1:jci2+1,ici1-1:ici2+1,1),fcx(:),gcx(:)) [if not already present]
         Generating implicit copy(ften(:,:)) [if not already present]
         Generating implicit copyin(ba_cr%beast(jci1:jci2,ici1:ici2),ba_cr%ibnd(jci1:jci2,ici1:ici2)) [if not already present]
   4444, Generating implicit private(fls3,fls2,fls1,fls0,xg,xf,ib,fls4)
         Generating NVIDIA GPU code
       4444,   ! blockidx%x threadidx%x auto-collapsed
             Loop parallelized across CUDA thread blocks, CUDA threads(128) collapse(2) ! blockidx%x threadidx%x collapsed-innermost
   4444, Generating implicit copyin(ba_cr,fg1(jci1-1:jci2+1,ici1-1:ici2+1,1),ba_cr%ibnd(jci1:jci2,ici1:ici2),hegc(:,kz),hefc(:,kz),ba_cr%bsouth(jci1:jci2,ici1:ici2)) [if not already present]
         Generating implicit copy(ften(:,:)) [if not already present]
   4459, Generating implicit private(fls3,fls2,fls1,fls0,xg,xf,ib,fls4)
         Generating NVIDIA GPU code
       4459,   ! blockidx%x threadidx%x auto-collapsed
             Loop parallelized across CUDA thread blocks, CUDA threads(128) collapse(2) ! blockidx%x threadidx%x collapsed-innermost
   4459, Generating implicit copyin(ba_cr,fg1(jci1-1:jci2+1,ici1-1:ici2+1,1),ba_cr%ibnd(jci1:jci2,ici1:ici2),hegc(:,kz),hefc(:,kz),ba_cr%bnorth(jci1:jci2,ici1:ici2)) [if not already present]
         Generating implicit copy(ften(:,:)) [if not already present]
   4474, Generating implicit private(fls3,fls2,fls1,fls0,xg,xf,ib,fls4)
         Generating NVIDIA GPU code
       4474,   ! blockidx%x threadidx%x auto-collapsed
             Loop parallelized across CUDA thread blocks, CUDA threads(128) collapse(2) ! blockidx%x threadidx%x collapsed-innermost
   4474, Generating implicit copyin(ba_cr,fg1(jci1-1:jci2+1,ici1-1:ici2+1,1),ba_cr%ibnd(jci1:jci2,ici1:ici2),hegc(:,kz),hefc(:,kz),ba_cr%bwest(jci1:jci2,ici1:ici2)) [if not already present]
         Generating implicit copy(ften(:,:)) [if not already present]
   4489, Generating implicit private(fls3,fls2,fls1,fls0,xg,xf,ib,fls4)
         Generating NVIDIA GPU code
       4489,   ! blockidx%x threadidx%x auto-collapsed
             Loop parallelized across CUDA thread blocks, CUDA threads(128) collapse(2) ! blockidx%x threadidx%x collapsed-innermost
   4489, Generating implicit copyin(ba_cr,fg1(jci1-1:jci2+1,ici1-1:ici2+1,1),ba_cr%ibnd(jci1:jci2,ici1:ici2),hegc(:,kz),hefc(:,kz),ba_cr%beast(jci1:jci2,ici1:ici2)) [if not already present]
         Generating implicit copy(ften(:,:)) [if not already present]
monudge2d:
   4532, Generating NVIDIA GPU code
       4532,   ! blockidx%x threadidx%x auto-collapsed
             Loop parallelized across CUDA thread blocks, CUDA threads(128) collapse(2) ! blockidx%x threadidx%x collapsed-innermost
   4532, Generating implicit copyin(bnd%bt(jce1ga:jce2ga,ice1ga:ice2ga)) [if not already present]
         Generating implicit copyout(fg1(jce1ga:jce2ga,ice1ga:ice2ga,1)) [if not already present]
         Generating implicit copy(f(:,:)) [if not already present]
         Generating implicit copyin(bnd,bnd%b0(jce1ga:jce2ga,ice1ga:ice2ga)) [if not already present]
   4538, Generating implicit private(fls3,fls2,fls1,fls0,xg,xf,ib,fls4)
         Generating NVIDIA GPU code
       4538,   ! blockidx%x threadidx%x auto-collapsed
             Loop parallelized across CUDA thread blocks, CUDA threads(128) collapse(2) ! blockidx%x threadidx%x collapsed-innermost
   4538, Generating implicit copyin(ba_cr,ba_cr%ibnd(jci1:jci2,ici1:ici2),fcx(:),gcx(:),fg1(jci1-1:jci2+1,ici1-1:ici2+1,1),ba_cr%bsouth(jci1:jci2,ici1:ici2)) [if not already present]
         Generating implicit copy(f(:,:)) [if not already present]
   4552, Generating implicit private(fls3,fls2,fls1,fls0,xf,xg,ib,fls4)
         Generating NVIDIA GPU code
       4552,   ! blockidx%x threadidx%x auto-collapsed
             Loop parallelized across CUDA thread blocks, CUDA threads(128) collapse(2) ! blockidx%x threadidx%x collapsed-innermost
   4552, Generating implicit copyin(ba_cr,ba_cr%ibnd(jci1:jci2,ici1:ici2),fcx(:),gcx(:),fg1(jci1-1:jci2+1,ici1-1:ici2+1,1),ba_cr%bnorth(jci1:jci2,ici1:ici2)) [if not already present]
         Generating implicit copy(f(:,:)) [if not already present]
   4566, Generating implicit private(fls3,fls2,fls1,fls0,xg,xf,ib,fls4)
         Generating NVIDIA GPU code
       4566,   ! blockidx%x threadidx%x auto-collapsed
             Loop parallelized across CUDA thread blocks, CUDA threads(128) collapse(2) ! blockidx%x threadidx%x collapsed-innermost
   4566, Generating implicit copyin(ba_cr,ba_cr%ibnd(jci1:jci2,ici1:ici2),fcx(:),gcx(:),fg1(jci1-1:jci2+1,ici1-1:ici2+1,1),ba_cr%bwest(jci1:jci2,ici1:ici2)) [if not already present]
         Generating implicit copy(f(:,:)) [if not already present]
   4580, Generating implicit private(fls3,fls2,fls1,fls0,xg,xf,ib,fls4)
         Generating NVIDIA GPU code
       4580,   ! blockidx%x threadidx%x auto-collapsed
             Loop parallelized across CUDA thread blocks, CUDA threads(128) collapse(2) ! blockidx%x threadidx%x collapsed-innermost
   4580, Generating implicit copyin(ba_cr,ba_cr%ibnd(jci1:jci2,ici1:ici2),fcx(:),gcx(:),fg1(jci1-1:jci2+1,ici1-1:ici2+1,1),ba_cr%beast(jci1:jci2,ici1:ici2)) [if not already present]
         Generating implicit copy(f(:,:)) [if not already present]
   4595, Generating implicit private(fls3,fls2,fls1,fls0,xg,xf,ib,fls4)
         Generating NVIDIA GPU code
       4595,   ! blockidx%x threadidx%x auto-collapsed
             Loop parallelized across CUDA thread blocks, CUDA threads(128) collapse(2) ! blockidx%x threadidx%x collapsed-innermost
   4595, Generating implicit copyin(ba_cr,ba_cr%ibnd(jci1:jci2,ici1:ici2)) [if not already present]
         Generating implicit copy(f(:,:)) [if not already present]
         Generating implicit copyin(hegc(:,kz),hefc(:,kz),ba_cr%bsouth(jci1:jci2,ici1:ici2),fg1(jci1-1:jci2+1,ici1-1:ici2+1,1)) [if not already present]
   4609, Generating implicit private(fls3,fls2,fls1,fls0,xg,xf,ib,fls4)
         Generating NVIDIA GPU code
       4609,   ! blockidx%x threadidx%x auto-collapsed
             Loop parallelized across CUDA thread blocks, CUDA threads(128) collapse(2) ! blockidx%x threadidx%x collapsed-innermost
   4609, Generating implicit copyin(ba_cr,ba_cr%ibnd(jci1:jci2,ici1:ici2)) [if not already present]
         Generating implicit copy(f(:,:)) [if not already present]
         Generating implicit copyin(hegc(:,kz),hefc(:,kz),ba_cr%bnorth(jci1:jci2,ici1:ici2),fg1(jci1-1:jci2+1,ici1-1:ici2+1,1)) [if not already present]
   4623, Generating implicit private(fls3,fls2,fls1,fls0,xg,xf,ib,fls4)
         Generating NVIDIA GPU code
       4623,   ! blockidx%x threadidx%x auto-collapsed
             Loop parallelized across CUDA thread blocks, CUDA threads(128) collapse(2) ! blockidx%x threadidx%x collapsed-innermost
   4623, Generating implicit copyin(ba_cr,ba_cr%ibnd(jci1:jci2,ici1:ici2)) [if not already present]
         Generating implicit copy(f(:,:)) [if not already present]
         Generating implicit copyin(hegc(:,kz),hefc(:,kz),ba_cr%bwest(jci1:jci2,ici1:ici2),fg1(jci1-1:jci2+1,ici1-1:ici2+1,1)) [if not already present]
   4637, Generating implicit private(fls3,fls2,fls1,fls0,xg,xf,ib,fls4)
         Generating NVIDIA GPU code
       4637,   ! blockidx%x threadidx%x auto-collapsed
             Loop parallelized across CUDA thread blocks, CUDA threads(128) collapse(2) ! blockidx%x threadidx%x collapsed-innermost
   4637, Generating implicit copyin(ba_cr,ba_cr%ibnd(jci1:jci2,ici1:ici2)) [if not already present]
         Generating implicit copy(f(:,:)) [if not already present]
         Generating implicit copyin(hegc(:,kz),hefc(:,kz),ba_cr%beast(jci1:jci2,ici1:ici2),fg1(jci1-1:jci2+1,ici1-1:ici2+1,1)) [if not already present]
couple:
   4662, Generating NVIDIA GPU code
       4662,   ! blockidx%x threadidx%x auto-collapsed
             Loop parallelized across CUDA thread blocks, CUDA threads(128) collapse(3) ! blockidx%x threadidx%x collapsed-innermost
   4662, Generating implicit copy(c(:,:),a(:,:,:)) [if not already present]
raydampuv:
   4678, Generating implicit private(bval)
         Generating NVIDIA GPU code
       4678,   ! blockidx%x threadidx%x auto-collapsed
             Loop parallelized across CUDA thread blocks, CUDA threads(128) collapse(3) ! blockidx%x threadidx%x collapsed-innermost
   4678, Generating implicit copy(u(:,:,:)) [if not already present]
         Generating implicit copyin(ubnd,ubnd%b0(jdi1:jdi2,idi1:idi2,1:maxk)) [if not already present]
         Generating implicit copy(z(:,:,:),uten(:,:,:)) [if not already present]
         Generating implicit copyin(ubnd%bt(jdi1:jdi2,idi1:idi2,1:maxk)) [if not already present]
   4683, Generating implicit private(bval)
         Generating NVIDIA GPU code
       4683,   ! blockidx%x threadidx%x auto-collapsed
             Loop parallelized across CUDA thread blocks, CUDA threads(128) collapse(3) ! blockidx%x threadidx%x collapsed-innermost
   4683, Generating implicit copy(v(:,:,:)) [if not already present]
         Generating implicit copyin(vbnd,vbnd%b0(jdi1:jdi2,idi1:idi2,1:maxk)) [if not already present]
         Generating implicit copy(z(:,:,:),vten(:,:,:)) [if not already present]
         Generating implicit copyin(vbnd%bt(jdi1:jdi2,idi1:idi2,1:maxk)) [if not already present]
raydampuv_c:
   4698, Generating NVIDIA GPU code
       4698,   ! blockidx%x threadidx%x auto-collapsed
             Loop parallelized across CUDA thread blocks, CUDA threads(128) collapse(3) ! blockidx%x threadidx%x collapsed-innermost
   4698, Generating implicit copy(z(:,:,:),uten(:,:,:),u(:,:,:)) [if not already present]
   4702, Generating NVIDIA GPU code
       4702,   ! blockidx%x threadidx%x auto-collapsed
             Loop parallelized across CUDA thread blocks, CUDA threads(128) collapse(3) ! blockidx%x threadidx%x collapsed-innermost
   4702, Generating implicit copy(vten(:,:,:),z(:,:,:),v(:,:,:)) [if not already present]
raydamp3f:
   4716, Generating NVIDIA GPU code
       4716,   ! blockidx%x threadidx%x auto-collapsed
             Loop parallelized across CUDA thread blocks, CUDA threads(128) collapse(3) ! blockidx%x threadidx%x collapsed-innermost
   4716, Generating implicit copy(z(:,:,:),vten(:,:,:),var(:,:,:)) [if not already present]
raydamp3:
   4733, Generating implicit private(bval)
         Generating NVIDIA GPU code
       4733,   ! blockidx%x threadidx%x auto-collapsed
             Loop parallelized across CUDA thread blocks, CUDA threads(128) collapse(3) ! blockidx%x threadidx%x collapsed-innermost
   4733, Generating implicit copyin(bnd,bnd%b0(jci1:jci2,ici1:ici2,1:maxk)) [if not already present]
         Generating implicit copy(z(:,:,:),vten(:,:,:)) [if not already present]
         Generating implicit copyin(bnd%bt(jci1:jci2,ici1:ici2,1:maxk)) [if not already present]
         Generating implicit copy(var(:,:,:)) [if not already present]
moraydamp:
   4751, Generating implicit private(bval)
         Generating NVIDIA GPU code
       4751,   ! blockidx%x threadidx%x auto-collapsed
             Loop parallelized across CUDA thread blocks, CUDA threads(128) collapse(3) ! blockidx%x threadidx%x collapsed-innermost
   4751, Generating implicit copyin(bnd,bnd%b0(j1:j2,i1:i2,k1:k3)) [if not already present]
         Generating implicit copy(z(:,:,:),var(:,:,:)) [if not already present]
         Generating implicit copyin(bnd%bt(j1:j2,i1:i2,k1:k3)) [if not already present]
raydampqv:
   4769, Generating implicit private(bval)
         Generating NVIDIA GPU code
       4769,   ! blockidx%x threadidx%x auto-collapsed
             Loop parallelized across CUDA thread blocks, CUDA threads(128) collapse(3) ! blockidx%x threadidx%x collapsed-innermost
   4769, Generating implicit copyin(bnd,bnd%b0(jci1:jci2,ici1:ici2,1:maxk)) [if not already present]
         Generating implicit copy(z(:,:,:),vten(:,:,:,:)) [if not already present]
         Generating implicit copyin(bnd%bt(jci1:jci2,ici1:ici2,1:maxk)) [if not already present]
         Generating implicit copy(var(:,:,:,:)) [if not already present]
timeint2:
   4783, Generating NVIDIA GPU code
       4783,   ! blockidx%x threadidx%x auto-collapsed
             Loop parallelized across CUDA thread blocks, CUDA threads(128) collapse(2) ! blockidx%x threadidx%x collapsed-innermost
   4783, Generating implicit copy(c(:,:),b(:,:),a(:,:)) [if not already present]
timeint3:
   4795, Generating NVIDIA GPU code
       4795,   ! blockidx%x threadidx%x auto-collapsed
             Loop parallelized across CUDA thread blocks, CUDA threads(128) collapse(3) ! blockidx%x threadidx%x collapsed-innermost
   4795, Generating implicit copy(a(:,:,:),c(:,:,:),b(:,:,:)) [if not already present]
tau:
   4800, Generating acc routine seq
         Generating NVIDIA GPU code
paicompute:
   4819, Generating implicit private(zz,zdelta,p,lrt,tv1,tv,tv2)
         Generating NVIDIA GPU code
       4819,   ! blockidx%x threadidx%x auto-collapsed
             Loop parallelized across CUDA thread blocks, CUDA threads(128) collapse(2) ! blockidx%x threadidx%x collapsed-innermost
   4819, Generating implicit copy(z(:,:,:),t(:,:,:),ps(:,:),q(:,:,:),pai(:,:,:)) [if not already present]
   4831, Generating implicit private(zdelta,zb,tv2,tv1)
         Generating NVIDIA GPU code
       4831,   ! blockidx%x threadidx%x auto-collapsed
             Loop parallelized across CUDA thread blocks, CUDA threads(128) collapse(2) ! blockidx%x threadidx%x collapsed-innermost
   4831, Generating implicit copyin(mo_atm%fmzf(jce1:jce2,ice1:ice2,k+1),mo_atm) [if not already present]
         Generating implicit copy(t(:,:,:),q(:,:,:),pai(:,:,:)) [if not already present]
mpifort -I/leonardo/home/userexternal/ctica000/MS_thesis/RegCM/external -DNCFILTERS_AVAIL -DNETCDF4_HDF5 -I/leonardo/prod/spack/06/install/0.22/linux-rhel8-icelake/nvhpc-24.5/netcdf-c-4.9.2-ggbu5c62vlol4oe6sgxpjxzvapbge2hk/include -I/leonardo/prod/spack/06/install/0.22/linux-rhel8-icelake/nvhpc-24.5/netcdf-fortran-4.6.1-nvymynen3aoyohew4d7t646sjig4ufl6/include -I/leonardo/prod/spack/06/install/0.22/linux-rhel8-icelake/nvhpc-24.5/netcdf-fortran-4.6.1-nvymynen3aoyohew4d7t646sjig4ufl6/include -I/leonardo/prod/spack/06/install/0.22/linux-rhel8-icelake/nvhpc-24.5/netcdf-c-4.9.2-ggbu5c62vlol4oe6sgxpjxzvapbge2hk/include -I/leonardo/prod/spack/06/install/0.22/linux-rhel8-icelake/nvhpc-24.5/netcdf-fortran-4.6.1-nvymynen3aoyohew4d7t646sjig4ufl6/include -I/leonardo/prod/spack/06/install/0.22/linux-rhel8-icelake/nvhpc-24.5/netcdf-fortran-4.6.1-nvymynen3aoyohew4d7t646sjig4ufl6/include -DCLM45 -DOPENACC -DGPU  -DSTDPAR -I/leonardo/home/userexternal/ctica000/MS_thesis/RegCM/Share  -I./mpplib -I./clmlib -I./netlib -Ichemlib/GAS_CBMZ_NEW -I./chemlib -I./batslib -I./ocnlib -I./cumlib -I./microlib -I./cloudlib -I./radlib -I./pbllib -Iradlib/RRTMG -I./clmlib/clm4.5 -I./oasislib -DGIT_VER=\"5.0.0-944-g5801-dirty\" -DUSE_MPI3 -DF2008 -O3 -fast -fastsse -g -byteswapio -g -stdpar=gpu           -gpu=ccall-major,lineinfo,mem:managed -Minfo=accel -c mod_cu_interface.F90
allocate_cumulus:
    100, Generating NVIDIA GPU code
        100,   ! blockidx%x threadidx%x auto-collapsed
             Loop parallelized across CUDA thread blocks, CUDA threads(128) collapse(2) ! blockidx%x threadidx%x collapsed-innermost
    100, Generating implicit copyin(mddom) [if not already present]
         Generating implicit copy(cuscheme(:,:)) [if not already present]
cucloud:
    224, Generating NVIDIA GPU code
        224,   ! blockidx%x threadidx%x auto-collapsed
             Loop parallelized across CUDA thread blocks, CUDA threads(128) collapse(3) ! blockidx%x threadidx%x collapsed-innermost
    224, Generating implicit copyin(cu_cldfrc(jci1:jci2,ici1:ici2,1:kz)) [if not already present]
         Generating implicit copyout(c2m%cldfrc(jci1:jci2,ici1:ici2,1:kz)) [if not already present]
         Generating implicit copyin(c2m) [if not already present]
cumulus:
    238, Generating NVIDIA GPU code
        238,   ! blockidx%x threadidx%x auto-collapsed
             Loop parallelized across CUDA thread blocks, CUDA threads(128) collapse(3) ! blockidx%x threadidx%x collapsed-innermost
    238, Generating implicit copy(avg_ww(jci1:jci2,ici1:ici2,1:kz)) [if not already present]
         Generating implicit copyin(cuscheme(jci1:jci2,ici1:ici2),m2c,m2c%was(jci1:jci2,ici1:ici2,1:kz+1)) [if not already present]
    248, Generating NVIDIA GPU code
        248,   ! blockidx%x threadidx%x auto-collapsed
             Loop parallelized across CUDA thread blocks, CUDA threads(128) collapse(3) ! blockidx%x threadidx%x collapsed-innermost
    248, Generating implicit copy(avg_ww(jci1:jci2,ici1:ici2,1:kz)) [if not already present]
         Generating implicit copyin(cuscheme(jci1:jci2,ici1:ici2),m2c%wpas(jci1:jci2,ici1:ici2,1:kz),m2c) [if not already present]
    265, Generating implicit copyout(cu_prate(:,:)) [if not already present]
    266, Loop is parallelizable
         Generating NVIDIA GPU code
        266,   ! blockidx%x threadidx%x auto-collapsed
             !$acc loop gang, vector(128) collapse(2) ! blockidx%x threadidx%x
    269, Generating implicit copyout(cu_srate(:,:)) [if not already present]
    270, Loop is parallelizable
         Generating NVIDIA GPU code
        270,   ! blockidx%x threadidx%x auto-collapsed
             !$acc loop gang, vector(128) collapse(2) ! blockidx%x threadidx%x
    273, Generating implicit copyout(cu_ktop(:,:),cu_tten(:,:,:),cu_kbot(:,:)) [if not already present]
    274, Loop is parallelizable
         Generating NVIDIA GPU code
        274,   ! blockidx%x threadidx%x auto-collapsed
             !$acc loop gang, vector(128) collapse(2) ! blockidx%x threadidx%x
    275, Loop is parallelizable
         Generating NVIDIA GPU code
        275,   ! blockidx%x threadidx%x auto-collapsed
             !$acc loop gang, vector(128) collapse(2) ! blockidx%x threadidx%x
    276, Loop is parallelizable
         Generating NVIDIA GPU code
        276,   ! blockidx%x threadidx%x auto-collapsed
             !$acc loop gang, vector(128) collapse(3) ! blockidx%x threadidx%x
    279, Generating implicit copyout(cu_vten(:,:,:),cu_uten(:,:,:)) [if not already present]
    280, Loop is parallelizable
         Generating NVIDIA GPU code
        280,   ! blockidx%x threadidx%x auto-collapsed
             !$acc loop gang, vector(128) collapse(3) ! blockidx%x threadidx%x
    281, Loop is parallelizable
         Generating NVIDIA GPU code
        281,   ! blockidx%x threadidx%x auto-collapsed
             !$acc loop gang, vector(128) collapse(3) ! blockidx%x threadidx%x
    285, Generating NVIDIA GPU code
        285,   ! blockidx%x threadidx%x auto-collapsed
             Loop parallelized across CUDA thread blocks, CUDA threads(128) collapse(3) ! blockidx%x threadidx%x collapsed-innermost
    285, Generating implicit copyin(m2c) [if not already present]
         Generating implicit copyout(utend(jdi1:jdi2,ici1:ici2,1:kz)) [if not already present]
         Generating implicit copyin(m2c%uten(jdi1:jdi2,ici1:ici2,1:kz)) [if not already present]
    288, Generating NVIDIA GPU code
        288,   ! blockidx%x threadidx%x auto-collapsed
             Loop parallelized across CUDA thread blocks, CUDA threads(128) collapse(3) ! blockidx%x threadidx%x collapsed-innermost
    288, Generating implicit copyin(m2c) [if not already present]
         Generating implicit copyout(vtend(jci1:jci2,idi1:idi2,1:kz)) [if not already present]
         Generating implicit copyin(m2c%vten(jci1:jci2,idi1:idi2,1:kz)) [if not already present]
    293, Generating NVIDIA GPU code
        293,   ! blockidx%x threadidx%x auto-collapsed
             Loop parallelized across CUDA thread blocks, CUDA threads(128) collapse(3) ! blockidx%x threadidx%x collapsed-innermost
    293, Generating implicit copyin(m2c%vten(jdi1:jdi2,idi1:idi2,1:kz),m2c,m2c%uten(jdi1:jdi2,idi1:idi2,1:kz)) [if not already present]
         Generating implicit copyout(vtend(jdi1:jdi2,idi1:idi2,1:kz),utend(jdi1:jdi2,idi1:idi2,1:kz)) [if not already present]
    300, Generating implicit copyout(vtend(:,:,:),utend(:,:,:)) [if not already present]
    301, Loop is parallelizable
         Generating NVIDIA GPU code
        301,   ! blockidx%x threadidx%x auto-collapsed
             !$acc loop gang, vector(128) collapse(3) ! blockidx%x threadidx%x
    302, Loop is parallelizable
         Generating NVIDIA GPU code
        302,   ! blockidx%x threadidx%x auto-collapsed
             !$acc loop gang, vector(128) collapse(3) ! blockidx%x threadidx%x
    305, Generating implicit copyout(cu_qten(:,:,:,:),cu_cldfrc(:,:,:)) [if not already present]
    306, Loop is parallelizable
         Generating NVIDIA GPU code
        306,   ! blockidx%x threadidx%x auto-collapsed
             !$acc loop gang, vector(128) collapse(4) ! blockidx%x threadidx%x
    307, Loop is parallelizable
         Generating NVIDIA GPU code
        307,   ! blockidx%x threadidx%x auto-collapsed
             !$acc loop gang, vector(128) collapse(3) ! blockidx%x threadidx%x
    310, Generating implicit copyout(cu_convpr(:,:,:),cu_chiten(:,:,:,:)) [if not already present]
    311, Loop is parallelizable
         Generating NVIDIA GPU code
        311,   ! blockidx%x threadidx%x auto-collapsed
             !$acc loop gang, vector(128) collapse(4) ! blockidx%x threadidx%x
    312, Loop is parallelizable
         Generating NVIDIA GPU code
        312,   ! blockidx%x threadidx%x auto-collapsed
             !$acc loop gang, vector(128) collapse(3) ! blockidx%x threadidx%x
    320, Generating implicit private(iplmlc)
         Generating NVIDIA GPU code
        320,   ! blockidx%x threadidx%x auto-collapsed
             Loop parallelized across CUDA thread blocks, CUDA threads(128) collapse(2) ! blockidx%x threadidx%x collapsed-innermost
             Generating reduction(+:nmctop)
    320, Generating implicit copyin(m2c) [if not already present]
         Generating implicit copy(nmctop) [if not already present]
         Generating implicit copyin(m2c%pasf(jci1:jci2,ici1:ici2,1:kzp1)) [if not already present]
    327, Generating implicit private(iplmlc)
    342, Generating implicit private(mymean_tmp)
         Generating NVIDIA GPU code
        342, Loop parallelized across CUDA thread blocks, CUDA threads(128) blockidx%x threadidx%x
        345,   auto-collapsed
             Loop run sequentially 
             Generating reduction(+:mymean_tmp)
    342, Generating implicit copyin(m2c) [if not already present]
         Generating implicit copyout(mymean(:kz)) [if not already present]
         Generating implicit copyin(m2c%pas(jci1:jci2,ici1:ici2,1:kz)) [if not already present]
    359, Generating implicit copyout(cu_raincc(:,:,:),cu_qdetr(:,:,:)) [if not already present]
    360, Loop is parallelizable
         Generating NVIDIA GPU code
        360,   ! blockidx%x threadidx%x auto-collapsed
             !$acc loop gang, vector(128) collapse(3) ! blockidx%x threadidx%x
    361, Loop is parallelizable
         Generating NVIDIA GPU code
        361,   ! blockidx%x threadidx%x auto-collapsed
             !$acc loop gang, vector(128) collapse(3) ! blockidx%x threadidx%x
    415, Generating NVIDIA GPU code
        415,   ! blockidx%x threadidx%x auto-collapsed
             Loop parallelized across CUDA thread blocks, CUDA threads(128) collapse(3) ! blockidx%x threadidx%x collapsed-innermost
    415, Generating implicit copyin(cuscheme(jci1:jci2,ici1:ici2)) [if not already present]
         Generating implicit copy(cu_qten(jci1:jci2,ici1:ici2,1:kz,2:3)) [if not already present]
    427, Generating NVIDIA GPU code
        427,   ! blockidx%x threadidx%x auto-collapsed
             Loop parallelized across CUDA thread blocks, CUDA threads(128) collapse(2) ! blockidx%x threadidx%x collapsed-innermost
    427, Generating implicit copyin(c2m) [if not already present]
         Generating implicit copyout(c2m%trrate(jci1:jci2,ici1:ici2)) [if not already present]
         Generating implicit copy(c2m%pcratec(jci1:jci2,ici1:ici2)) [if not already present]
         Generating implicit copyout(c2m%kcumtop(jci1:jci2,ici1:ici2)) [if not already present]
         Generating implicit copyin(cu_prate(jci1:jci2,ici1:ici2),cu_ktop(jci1:jci2,ici1:ici2)) [if not already present]
         Generating implicit copy(c2m%rainc(jci1:jci2,ici1:ici2)) [if not already present]
         Generating implicit copyin(cu_kbot(jci1:jci2,ici1:ici2)) [if not already present]
         Generating implicit copyout(c2m%kcumbot(jci1:jci2,ici1:ici2)) [if not already present]
    436, Generating NVIDIA GPU code
        436,   ! blockidx%x threadidx%x auto-collapsed
             Loop parallelized across CUDA thread blocks, CUDA threads(128) collapse(2) ! blockidx%x threadidx%x collapsed-innermost
    436, Generating implicit copyin(c2m,cu_srate(jci1:jci2,ici1:ici2)) [if not already present]
         Generating implicit copy(c2m%sratec(jci1:jci2,ici1:ici2)) [if not already present]
    443, Generating NVIDIA GPU code
        443,   ! blockidx%x threadidx%x auto-collapsed
             Loop parallelized across CUDA thread blocks, CUDA threads(128) collapse(3) ! blockidx%x threadidx%x collapsed-innermost
    443, Generating implicit copyin(cu_tten(jci1:jci2,ici1:ici2,1:kz)) [if not already present]
         Generating implicit copy(c2m%tten(jci1:jci2,ici1:ici2,1:kz)) [if not already present]
         Generating implicit copyin(c2m) [if not already present]
    448, Generating NVIDIA GPU code
        448,   ! blockidx%x threadidx%x auto-collapsed
             Loop parallelized across CUDA thread blocks, CUDA threads(128) collapse(3) ! blockidx%x threadidx%x collapsed-innermost
    448, Generating implicit copyin(vtend(jci1:jci2,idi1:idi2,1:kz)) [if not already present]
         Generating implicit copy(c2m%vten(jci1:jci2,idi1:idi2,1:kz)) [if not already present]
         Generating implicit copyin(c2m) [if not already present]
    451, Generating NVIDIA GPU code
        451,   ! blockidx%x threadidx%x auto-collapsed
             Loop parallelized across CUDA thread blocks, CUDA threads(128) collapse(3) ! blockidx%x threadidx%x collapsed-innermost
    451, Generating implicit copyin(utend(jdi1:jdi2,ici1:ici2,1:kz)) [if not already present]
         Generating implicit copy(c2m%uten(jdi1:jdi2,ici1:ici2,1:kz)) [if not already present]
         Generating implicit copyin(c2m) [if not already present]
    456, Generating NVIDIA GPU code
        456,   ! blockidx%x threadidx%x auto-collapsed
             Loop parallelized across CUDA thread blocks, CUDA threads(128) collapse(4) ! blockidx%x threadidx%x collapsed-innermost
    456, Generating implicit copyin(c2m,cu_qten(jci1:jci2,ici1:ici2,1:kz,1:nqx)) [if not already present]
         Generating implicit copy(c2m%qxten(jci1:jci2,ici1:ici2,1:kz,1:nqx)) [if not already present]
    461, Generating NVIDIA GPU code
        461,   ! blockidx%x threadidx%x auto-collapsed
             Loop parallelized across CUDA thread blocks, CUDA threads(128) collapse(4) ! blockidx%x threadidx%x collapsed-innermost
    461, Generating implicit copyin(c2m,cu_chiten(jci1:jci2,ici1:ici2,1:kz,1:ntr)) [if not already present]
         Generating implicit copy(c2m%chiten(jci1:jci2,ici1:ici2,1:kz,1:ntr)) [if not already present]
    468, Generating NVIDIA GPU code
        468,   ! blockidx%x threadidx%x auto-collapsed
             Loop parallelized across CUDA thread blocks, CUDA threads(128) collapse(3) ! blockidx%x threadidx%x collapsed-innermost
    468, Generating implicit copyin(cu_tten(jci1:jci2,ici1:ici2,1:kz),m2c%psb(jci1:jci2,ici1:ici2),m2c) [if not already present]
         Generating implicit copy(c2m%tten(jci1:jci2,ici1:ici2,1:kz)) [if not already present]
         Generating implicit copyin(c2m) [if not already present]
    473, Generating NVIDIA GPU code
        473,   ! blockidx%x threadidx%x auto-collapsed
             Loop parallelized across CUDA thread blocks, CUDA threads(128) collapse(3) ! blockidx%x threadidx%x collapsed-innermost
    473, Generating implicit copyin(c2m,m2c%psdotb(jdi1:jdi2,idi1:idi2)) [if not already present]
         Generating implicit copy(c2m%vten(jdi1:jdi2,idi1:idi2,1:kz)) [if not already present]
         Generating implicit copyin(m2c,vtend(jdi1:jdi2,idi1:idi2,1:kz),utend(jdi1:jdi2,idi1:idi2,1:kz)) [if not already present]
         Generating implicit copy(c2m%uten(jdi1:jdi2,idi1:idi2,1:kz)) [if not already present]
    479, Generating NVIDIA GPU code
        479,   ! blockidx%x threadidx%x auto-collapsed
             Loop parallelized across CUDA thread blocks, CUDA threads(128) collapse(4) ! blockidx%x threadidx%x collapsed-innermost
    479, Generating implicit copyin(c2m) [if not already present]
         Generating implicit copy(c2m%qxten(jci1:jci2,ici1:ici2,1:kz,1:nqx)) [if not already present]
         Generating implicit copyin(cu_qten(jci1:jci2,ici1:ici2,1:kz,1:nqx),m2c%psb(jci1:jci2,ici1:ici2),m2c) [if not already present]
    485, Generating NVIDIA GPU code
        485,   ! blockidx%x threadidx%x auto-collapsed
             Loop parallelized across CUDA thread blocks, CUDA threads(128) collapse(4) ! blockidx%x threadidx%x collapsed-innermost
    485, Generating implicit copyin(c2m) [if not already present]
         Generating implicit copy(c2m%chiten(jci1:jci2,ici1:ici2,1:kz,1:ntr)) [if not already present]
         Generating implicit copyin(cu_chiten(jci1:jci2,ici1:ici2,1:kz,1:ntr),m2c%psb(jci1:jci2,ici1:ici2),m2c) [if not already present]
    493, Generating NVIDIA GPU code
        493,   ! blockidx%x threadidx%x auto-collapsed
             Loop parallelized across CUDA thread blocks, CUDA threads(128) collapse(3) ! blockidx%x threadidx%x collapsed-innermost
    493, Generating implicit copyin(cu_convpr(jci1:jci2,ici1:ici2,1:kz)) [if not already present]
         Generating implicit copyout(c2m%convpr(jci1:jci2,ici1:ici2,1:kz)) [if not already present]
         Generating implicit copyin(c2m) [if not already present]
    500, Generating NVIDIA GPU code
        500,   ! blockidx%x threadidx%x auto-collapsed
             Loop parallelized across CUDA thread blocks, CUDA threads(128) collapse(3) ! blockidx%x threadidx%x collapsed-innermost
    500, Generating implicit copyin(cu_qdetr(jci1:jci2,ici1:ici2,1:kz)) [if not already present]
         Generating implicit copyout(c2m%q_detr(jci1:jci2,ici1:ici2,1:kz)) [if not already present]
         Generating implicit copyin(c2m) [if not already present]
    504, Generating NVIDIA GPU code
        504,   ! blockidx%x threadidx%x auto-collapsed
             Loop parallelized across CUDA thread blocks, CUDA threads(128) collapse(3) ! blockidx%x threadidx%x collapsed-innermost
    504, Generating implicit copyin(cu_raincc(jci1:jci2,ici1:ici2,1:kz)) [if not already present]
         Generating implicit copyout(c2m%rain_cc(jci1:jci2,ici1:ici2,1:kz)) [if not already present]
         Generating implicit copyin(c2m) [if not already present]
shallow_convection:
    521, Generating NVIDIA GPU code
        521,   ! blockidx%x threadidx%x auto-collapsed
             Loop parallelized across CUDA thread blocks, CUDA threads(128) collapse(3) ! blockidx%x threadidx%x collapsed-innermost
    521, Generating implicit copyin(cu_tten(jci1:jci2,ici1:ici2,1:kz)) [if not already present]
         Generating implicit copyout(mo_atm%tten(jci1:jci2,ici1:ici2,1:kz),mo_atm%qxten(jci1:jci2,ici1:ici2,1:kz,1)) [if not already present]
         Generating implicit copyin(cu_qten(jci1:jci2,ici1:ici2,1:kz,1),mo_atm) [if not already present]
    526, Generating NVIDIA GPU code
        526,   ! blockidx%x threadidx%x auto-collapsed
             Loop parallelized across CUDA thread blocks, CUDA threads(128) collapse(3) ! blockidx%x threadidx%x collapsed-innermost
    526, Generating implicit copy(aten%qx(jci1:jci2,ici1:ici2,1:kz,1,1)) [if not already present]
         Generating implicit copyin(cu_qten(jci1:jci2,ici1:ici2,1:kz,1),cu_tten(jci1:jci2,ici1:ici2,1:kz),m2c%psb(jci1:jci2,ici1:ici2),m2c) [if not already present]
         Generating implicit copy(aten%t(jci1:jci2,ici1:ici2,1:kz,1)) [if not already present]
         Generating implicit copyin(aten) [if not already present]
mpifort -I/leonardo/home/userexternal/ctica000/MS_thesis/RegCM/external -DNCFILTERS_AVAIL -DNETCDF4_HDF5 -I/leonardo/prod/spack/06/install/0.22/linux-rhel8-icelake/nvhpc-24.5/netcdf-c-4.9.2-ggbu5c62vlol4oe6sgxpjxzvapbge2hk/include -I/leonardo/prod/spack/06/install/0.22/linux-rhel8-icelake/nvhpc-24.5/netcdf-fortran-4.6.1-nvymynen3aoyohew4d7t646sjig4ufl6/include -I/leonardo/prod/spack/06/install/0.22/linux-rhel8-icelake/nvhpc-24.5/netcdf-fortran-4.6.1-nvymynen3aoyohew4d7t646sjig4ufl6/include -I/leonardo/prod/spack/06/install/0.22/linux-rhel8-icelake/nvhpc-24.5/netcdf-c-4.9.2-ggbu5c62vlol4oe6sgxpjxzvapbge2hk/include -I/leonardo/prod/spack/06/install/0.22/linux-rhel8-icelake/nvhpc-24.5/netcdf-fortran-4.6.1-nvymynen3aoyohew4d7t646sjig4ufl6/include -I/leonardo/prod/spack/06/install/0.22/linux-rhel8-icelake/nvhpc-24.5/netcdf-fortran-4.6.1-nvymynen3aoyohew4d7t646sjig4ufl6/include -DCLM45 -DOPENACC -DGPU  -DSTDPAR -I/leonardo/home/userexternal/ctica000/MS_thesis/RegCM/Share  -I./mpplib -I./clmlib -I./netlib -Ichemlib/GAS_CBMZ_NEW -I./chemlib -I./batslib -I./ocnlib -I./cumlib -I./microlib -I./cloudlib -I./radlib -I./pbllib -Iradlib/RRTMG -I./clmlib/clm4.5 -I./oasislib -DGIT_VER=\"5.0.0-944-g5801-dirty\" -DUSE_MPI3 -DF2008 -O3 -fast -fastsse -g -byteswapio -g -stdpar=gpu           -gpu=ccall-major,lineinfo,mem:managed -Minfo=accel -c mod_micro_interface.F90
cldfrac:
    245, Generating NVIDIA GPU code
        245,   ! blockidx%x threadidx%x auto-collapsed
             Loop parallelized across CUDA thread blocks, CUDA threads(128) collapse(3) ! blockidx%x threadidx%x collapsed-innermost
    245, Generating implicit copyin(mo2mc%qrn(jci1:jci2,ici1:ici2,1:kz),mo2mc%qin(jci1:jci2,ici1:ici2,1:kz),mo2mc%qcn(jci1:jci2,ici1:ici2,1:kz),mo2mc,mo2mc%qsn(jci1:jci2,ici1:ici2,1:kz)) [if not already present]
         Generating implicit copyout(totc(jci1:jci2,ici1:ici2,1:kz)) [if not already present]
    250, Generating NVIDIA GPU code
        250,   ! blockidx%x threadidx%x auto-collapsed
             Loop parallelized across CUDA thread blocks, CUDA threads(128) collapse(3) ! blockidx%x threadidx%x collapsed-innermost
    250, Generating implicit copyin(mo2mc%qcn(jci1:jci2,ici1:ici2,1:kz),mo2mc) [if not already present]
         Generating implicit copyout(totc(jci1:jci2,ici1:ici2,1:kz)) [if not already present]
         Generating implicit copyin(mo2mc%qin(jci1:jci2,ici1:ici2,1:kz)) [if not already present]
    255, Generating NVIDIA GPU code
        255,   ! blockidx%x threadidx%x auto-collapsed
             Loop parallelized across CUDA thread blocks, CUDA threads(128) collapse(3) ! blockidx%x threadidx%x collapsed-innermost
    255, Generating implicit copyin(mo2mc,mo2mc%qcn(jci1:jci2,ici1:ici2,1:kz)) [if not already present]
         Generating implicit copyout(totc(jci1:jci2,ici1:ici2,1:kz)) [if not already present]
    259, Generating NVIDIA GPU code
        259,   ! blockidx%x threadidx%x auto-collapsed
             Loop parallelized across CUDA thread blocks, CUDA threads(128) collapse(3) ! blockidx%x threadidx%x collapsed-innermost
    259, Generating implicit copy(totc(jci1:jci2,ici1:ici2,1:kz)) [if not already present]
    263, Generating NVIDIA GPU code
        263,   ! blockidx%x threadidx%x auto-collapsed
             Loop parallelized across CUDA thread blocks, CUDA threads(128) collapse(2) ! blockidx%x threadidx%x collapsed-innermost
    263, Generating implicit copyout(qtcrit(jci1:jci2,ici1:ici2)) [if not already present]
         Generating implicit copyin(mo2mc%ldmsk(jci1:jci2,ici1:ici2),mo2mc) [if not already present]
    291, Generating NVIDIA GPU code
        291,   ! blockidx%x threadidx%x auto-collapsed
             Loop parallelized across CUDA thread blocks, CUDA threads(128) collapse(3) ! blockidx%x threadidx%x collapsed-innermost
    291, Generating implicit copyin(totc(jci1:jci2,ici1:ici2,1:kz),mo2mc%delz(jci1:jci2,ici1:ici2,1:kz)) [if not already present]
         Generating implicit copy(mc2mo%fcc(jci1:jci2,ici1:ici2,1:kz)) [if not already present]
         Generating implicit copyin(mo2mc,mc2mo) [if not already present]
    306, Generating NVIDIA GPU code
        306,   ! blockidx%x threadidx%x auto-collapsed
             Loop parallelized across CUDA thread blocks, CUDA threads(128) collapse(3) ! blockidx%x threadidx%x collapsed-innermost
    306, Generating implicit copyin(mc2mo%fcc(jci1:jci2,ici1:ici2,1:kz),mo2mc,mc2mo,mo2mc%rh(jci1:jci2,ici1:ici2,1:kz)) [if not already present]
         Generating implicit copyout(rh0adj(jci1:jci2,ici1:ici2,1:kz)) [if not already present]
    317, Generating NVIDIA GPU code
        317,   ! blockidx%x threadidx%x auto-collapsed
             Loop parallelized across CUDA thread blocks, CUDA threads(128) collapse(3) ! blockidx%x threadidx%x collapsed-innermost
    317, Generating implicit copy(mc2mo%fcc(jci1:jci2,ici1:ici2,1:kz)) [if not already present]
         Generating implicit copyin(mo2mc,atms%th3d(jci1:jci2,ici1:ici2,1:kz),atms,atms%th700(jci1:jci2,ici1:ici2),mc2mo,mo2mc%phs(jci1:jci2,ici1:ici2,1:kz),mo2mc%iveg(jci1:jci2,ici1:ici2)) [if not already present]
    331, Generating NVIDIA GPU code
        331,   ! blockidx%x threadidx%x auto-collapsed
             Loop parallelized across CUDA thread blocks, CUDA threads(128) collapse(3) ! blockidx%x threadidx%x collapsed-innermost
    331, Generating implicit copy(mc2mo%fcc(jci1:jci2,ici1:ici2,1:kz)) [if not already present]
         Generating implicit copyin(mc2mo) [if not already present]
    344, Generating implicit firstprivate(jci1,ici2,ici1,kz,jci2)
         Generating NVIDIA GPU code
        345, !$acc loop gang, vector(128) collapse(3) ! blockidx%x threadidx%x
        346,   ! blockidx%x threadidx%x collapsed
        347,   ! blockidx%x threadidx%x collapsed
    344, Generating implicit copy(cldlwc(:,:,:)) [if not already present]
         Generating implicit copyin(mo2mc,mc2mo) [if not already present]
         Generating implicit copy(cldfra(:,:,:)) [if not already present]
    370, Generating implicit firstprivate(jci1,ici2,ici1,jci2,kz)
         Generating NVIDIA GPU code
        371, !$acc loop gang, vector(128) collapse(3) ! blockidx%x threadidx%x
        372,   ! blockidx%x threadidx%x collapsed
        373,   ! blockidx%x threadidx%x collapsed
    370, Generating implicit copy(cldfra(:,:,:),cldlwc(:,:,:)) [if not already present]
         Generating implicit copyin(totc(:,:,1:kz),mo2mc%rho(:,:,1:kz),mc2mo,mo2mc,chis(ichi)) [if not already present]
    373, Generating implicit firstprivate(ls_exlwc,ichi,conv_exlwc,exlwc)
    403, Generating implicit private(exlwc,ichi)
         Generating NVIDIA GPU code
        403,   ! blockidx%x threadidx%x auto-collapsed
             Loop parallelized across CUDA thread blocks, CUDA threads(128) collapse(3) ! blockidx%x threadidx%x collapsed-innermost
    403, Generating implicit copyin(totc(jci1:jci2,ici1:ici2,1:kz),mo2mc%rho(jci1:jci2,ici1:ici2,1:kz),mc2mo%fcc(jci1:jci2,ici1:ici2,1:kz),mo2mc,chis(ichi)) [if not already present]
         Generating implicit copy(cldlwc(:,:,:)) [if not already present]
         Generating implicit copyin(mc2mo) [if not already present]
         Generating implicit copy(cldfra(:,:,:)) [if not already present]
clwfromt:
      5, Generating acc routine seq
         Generating NVIDIA GPU code
max_random_overlap:
    462, Generating acc routine seq
         Generating NVIDIA GPU code
rov2:
    475, Generating acc routine seq
         Generating NVIDIA GPU code
condtq:
    511, Generating implicit private(tmp2,tmp1,rlv,dqv,cpm,fccc,exces,r1,qvs,rhc,qccs,qvcs,pres,qvc_cld,tmp3)
         Generating NVIDIA GPU code
        511,   ! blockidx%x threadidx%x auto-collapsed
             Loop parallelized across CUDA thread blocks, CUDA threads(128) collapse(3) ! blockidx%x threadidx%x collapsed-innermost
    511, Generating implicit copy(mo_atm%tten(jci1:jci2,ici1:ici2,1:kz),aten%t(jci1:jci2,ici1:ici2,1:kz,1:3)) [if not already present]
         Generating implicit copyin(atm0,aten,atm0%pr(jci1:jci2,ici1:ici2,1:kz),atm2,atm2%t(jci1:jci2,ici1:ici2,1:kz),atm2%pp(jci1:jci2,ici1:ici2,1:kz),aten%pp(jci1:jci2,ici1:ici2,1:kz,1)) [if not already present]
         Generating implicit copy(aten%qx(jci1:jci2,ici1:ici2,1:kz,1:2,1:3)) [if not already present]
         Generating implicit copyin(atm2%qx(jci1:jci2,ici1:ici2,1:kz,1:2),rh0adj(jci1:jci2,ici1:ici2,1:kz),sfs%psc(jci1:jci2,ici1:ici2),sfs,mc2mo%qxten(jci1:jci2,ici1:ici2,1:kz,1),mo2mc,hsigma(1:kz),mc2mo,mo2mc%qs(jci1:jci2,ici1:ici2,1:kz)) [if not already present]
         Generating implicit copy(mo_atm%qxten(jci1:jci2,ici1:ici2,1:kz,1:2)) [if not already present]
         Generating implicit copyin(mo_atm%t(jci1:jci2,ici1:ici2,1:kz),mo_atm%qx(jci1:jci2,ici1:ici2,1:kz,1:2),mo_atm%p(jci1:jci2,ici1:ici2,1:kz),mo_atm) [if not already present]
pfwsat:
    604, include 'wlh.inc'
           2, Generating acc routine seq
              Generating NVIDIA GPU code
wlh:
      5, Generating acc routine seq
         Generating NVIDIA GPU code
mpifort -I/leonardo/home/userexternal/ctica000/MS_thesis/RegCM/external -DNCFILTERS_AVAIL -DNETCDF4_HDF5 -I/leonardo/prod/spack/06/install/0.22/linux-rhel8-icelake/nvhpc-24.5/netcdf-c-4.9.2-ggbu5c62vlol4oe6sgxpjxzvapbge2hk/include -I/leonardo/prod/spack/06/install/0.22/linux-rhel8-icelake/nvhpc-24.5/netcdf-fortran-4.6.1-nvymynen3aoyohew4d7t646sjig4ufl6/include -I/leonardo/prod/spack/06/install/0.22/linux-rhel8-icelake/nvhpc-24.5/netcdf-fortran-4.6.1-nvymynen3aoyohew4d7t646sjig4ufl6/include -I/leonardo/prod/spack/06/install/0.22/linux-rhel8-icelake/nvhpc-24.5/netcdf-c-4.9.2-ggbu5c62vlol4oe6sgxpjxzvapbge2hk/include -I/leonardo/prod/spack/06/install/0.22/linux-rhel8-icelake/nvhpc-24.5/netcdf-fortran-4.6.1-nvymynen3aoyohew4d7t646sjig4ufl6/include -I/leonardo/prod/spack/06/install/0.22/linux-rhel8-icelake/nvhpc-24.5/netcdf-fortran-4.6.1-nvymynen3aoyohew4d7t646sjig4ufl6/include -DCLM45 -DOPENACC -DGPU  -DSTDPAR -I/leonardo/home/userexternal/ctica000/MS_thesis/RegCM/Share  -I./mpplib -I./clmlib -I./netlib -Ichemlib/GAS_CBMZ_NEW -I./chemlib -I./batslib -I./ocnlib -I./cumlib -I./microlib -I./cloudlib -I./radlib -I./pbllib -Iradlib/RRTMG -I./clmlib/clm4.5 -I./oasislib -DGIT_VER=\"5.0.0-944-g5801-dirty\" -DUSE_MPI3 -DF2008 -O3 -fast -fastsse -g -byteswapio -g -stdpar=gpu           -gpu=ccall-major,lineinfo,mem:managed -Minfo=accel -c mod_savefile.F90
mpifort -I/leonardo/home/userexternal/ctica000/MS_thesis/RegCM/external -DNCFILTERS_AVAIL -DNETCDF4_HDF5 -I/leonardo/prod/spack/06/install/0.22/linux-rhel8-icelake/nvhpc-24.5/netcdf-c-4.9.2-ggbu5c62vlol4oe6sgxpjxzvapbge2hk/include -I/leonardo/prod/spack/06/install/0.22/linux-rhel8-icelake/nvhpc-24.5/netcdf-fortran-4.6.1-nvymynen3aoyohew4d7t646sjig4ufl6/include -I/leonardo/prod/spack/06/install/0.22/linux-rhel8-icelake/nvhpc-24.5/netcdf-fortran-4.6.1-nvymynen3aoyohew4d7t646sjig4ufl6/include -I/leonardo/prod/spack/06/install/0.22/linux-rhel8-icelake/nvhpc-24.5/netcdf-c-4.9.2-ggbu5c62vlol4oe6sgxpjxzvapbge2hk/include -I/leonardo/prod/spack/06/install/0.22/linux-rhel8-icelake/nvhpc-24.5/netcdf-fortran-4.6.1-nvymynen3aoyohew4d7t646sjig4ufl6/include -I/leonardo/prod/spack/06/install/0.22/linux-rhel8-icelake/nvhpc-24.5/netcdf-fortran-4.6.1-nvymynen3aoyohew4d7t646sjig4ufl6/include -DCLM45 -DOPENACC -DGPU  -DSTDPAR -I/leonardo/home/userexternal/ctica000/MS_thesis/RegCM/Share  -I./mpplib -I./clmlib -I./netlib -Ichemlib/GAS_CBMZ_NEW -I./chemlib -I./batslib -I./ocnlib -I./cumlib -I./microlib -I./cloudlib -I./radlib -I./pbllib -Iradlib/RRTMG -I./clmlib/clm4.5 -I./oasislib -DGIT_VER=\"5.0.0-944-g5801-dirty\" -DUSE_MPI3 -DF2008 -O3 -fast -fastsse -g -byteswapio -g -stdpar=gpu           -gpu=ccall-major,lineinfo,mem:managed -Minfo=accel -c mod_sound.F90
sound:
    234, Generating NVIDIA GPU code
        234,   ! blockidx%x threadidx%x auto-collapsed
             Loop parallelized across CUDA thread blocks, CUDA threads(128) collapse(2) ! blockidx%x threadidx%x collapsed-innermost
    234, Generating implicit copyout(rpsb(jce1:jce2,ice1:ice2)) [if not already present]
         Generating implicit copyin(sfs,sfs%psb(jce1:jce2,ice1:ice2)) [if not already present]
    237, Generating NVIDIA GPU code
        237,   ! blockidx%x threadidx%x auto-collapsed
             Loop parallelized across CUDA thread blocks, CUDA threads(128) collapse(3) ! blockidx%x threadidx%x collapsed-innermost
    237, Generating implicit copyin(atm2%v(jde1:jde2,ide1:ide2,1:kz),atmc) [if not already present]
         Generating implicit copyout(atmc%v(jde1:jde2,ide1:ide2,1:kz)) [if not already present]
         Generating implicit copyin(sfs%psdotb(jde1:jde2,ide1:ide2),sfs,atm2,atm2%u(jde1:jde2,ide1:ide2,1:kz)) [if not already present]
         Generating implicit copyout(atmc%u(jde1:jde2,ide1:ide2,1:kz)) [if not already present]
    241, Generating NVIDIA GPU code
        241,   ! blockidx%x threadidx%x auto-collapsed
             Loop parallelized across CUDA thread blocks, CUDA threads(128) collapse(3) ! blockidx%x threadidx%x collapsed-innermost
    241, Generating implicit copyin(aten) [if not already present]
         Generating implicit copy(aten%v(jdi1:jdi2,idi1:idi2,1:kz,1),aten%u(jdi1:jdi2,idi1:idi2,1:kz,1)) [if not already present]
    245, Generating NVIDIA GPU code
        245,   ! blockidx%x threadidx%x auto-collapsed
             Loop parallelized across CUDA thread blocks, CUDA threads(128) collapse(3) ! blockidx%x threadidx%x collapsed-innermost
    245, Generating implicit copyout(atmc%qx(jci1:jci2,ici1:ici2,1:kz,1)) [if not already present]
         Generating implicit copyin(rpsb(jci1:jci2,ici1:ici2),atm2,atm2%qx(jci1:jci2,ici1:ici2,1:kz,1),atmc) [if not already present]
    248, Generating NVIDIA GPU code
        248,   ! blockidx%x threadidx%x auto-collapsed
             Loop parallelized across CUDA thread blocks, CUDA threads(128) collapse(3) ! blockidx%x threadidx%x collapsed-innermost
    248, Generating implicit copyout(atmc%pp(jce1:jce2,ice1:ice2,1:kz)) [if not already present]
         Generating implicit copyin(rpsb(jce1:jce2,ice1:ice2),atm2,atm2%pp(jce1:jce2,ice1:ice2,1:kz),atmc) [if not already present]
    251, Generating NVIDIA GPU code
        251,   ! blockidx%x threadidx%x auto-collapsed
             Loop parallelized across CUDA thread blocks, CUDA threads(128) collapse(3) ! blockidx%x threadidx%x collapsed-innermost
    251, Generating implicit copyin(aten) [if not already present]
         Generating implicit copy(aten%pp(jci1:jci2,ici1:ici2,1:kz,1)) [if not already present]
    254, Generating NVIDIA GPU code
        254,   ! blockidx%x threadidx%x auto-collapsed
             Loop parallelized across CUDA thread blocks, CUDA threads(128) collapse(3) ! blockidx%x threadidx%x collapsed-innermost
    254, Generating implicit copyout(atmc%w(jce1:jce2,ice1:ice2,1:kzp1)) [if not already present]
         Generating implicit copyin(rpsb(jce1:jce2,ice1:ice2),atm2,atm2%w(jce1:jce2,ice1:ice2,1:kzp1),atmc) [if not already present]
    257, Generating NVIDIA GPU code
        257,   ! blockidx%x threadidx%x auto-collapsed
             Loop parallelized across CUDA thread blocks, CUDA threads(128) collapse(3) ! blockidx%x threadidx%x collapsed-innermost
    257, Generating implicit copy(aten%w(jci1:jci2,ici1:ici2,1:kzp1,1)) [if not already present]
         Generating implicit copyin(aten) [if not already present]
    266, Generating NVIDIA GPU code
        266,   ! blockidx%x threadidx%x auto-collapsed
             Loop parallelized across CUDA thread blocks, CUDA threads(128) collapse(3) ! blockidx%x threadidx%x collapsed-innermost
    266, Generating implicit copyin(pi(jci1:jci2,ici1:ici2,1:kz)) [if not already present]
         Generating implicit copy(atmc%pp(jci1:jci2,ici1:ici2,1:kz)) [if not already present]
         Generating implicit copyin(atmc) [if not already present]
    273, Generating NVIDIA GPU code
        273,   ! blockidx%x threadidx%x auto-collapsed
             Loop parallelized across CUDA thread blocks, CUDA threads(128) collapse(2) ! blockidx%x threadidx%x collapsed-innermost
    273, Generating implicit copyin(atm0%pr(jce1:jce2,ice1:ice2,:)) [if not already present]
         Generating implicit copyout(atmc%t(jce1:jce2,ice1:ice2,k)) [if not already present]
         Generating implicit copyin(atmc%pp(jce1:jce2,ice1:ice2,:),atm0,atmc) [if not already present]
    283, Generating implicit private(chh,rho,dppdp0)
         Generating NVIDIA GPU code
        283,   ! blockidx%x threadidx%x auto-collapsed
             Loop parallelized across CUDA thread blocks, CUDA threads(128) collapse(3) ! blockidx%x threadidx%x collapsed-innermost
    283, Generating implicit copyin(atm0,atm1%rho(jdi1-1:jdi2,idi1-1:idi2,1:kz),atmc,atmc%t(jdi1-1:jdi2,idi1-1:idi2,1:kz),atmc%pp(jdi1-1:jdi2,idi1-1:idi2,1:kz),atm0%dprddy(jdi1:jdi2,idi1:idi2,1:kz),atm1) [if not already present]
         Generating implicit copy(atmc%v(jdi1:jdi2,idi1:idi2,1:kz)) [if not already present]
         Generating implicit copyin(mddom,mddom%msfd(jdi1:jdi2,idi1:idi2)) [if not already present]
         Generating implicit copy(atmc%u(jdi1:jdi2,idi1:idi2,1:kz)) [if not already present]
         Generating implicit copyin(atm0%dprddx(jdi1:jdi2,idi1:idi2,1:kz)) [if not already present]
    305, Generating NVIDIA GPU code
        305,   ! blockidx%x threadidx%x auto-collapsed
             Loop parallelized across CUDA thread blocks, CUDA threads(128) collapse(3) ! blockidx%x threadidx%x collapsed-innermost
    305, Generating implicit copyin(aten%v(jdi1:jdi2,idi1:idi2,1:kz,1),atmc,aten,aten%u(jdi1:jdi2,idi1:idi2,1:kz,1)) [if not already present]
         Generating implicit copy(atmc%u(jdi1:jdi2,idi1:idi2,1:kz),atmc%v(jdi1:jdi2,idi1:idi2,1:kz)) [if not already present]
    312, Generating NVIDIA GPU code
        312,   ! blockidx%x threadidx%x auto-collapsed
             Loop parallelized across CUDA thread blocks, CUDA threads(128) collapse(3) ! blockidx%x threadidx%x collapsed-innermost
    312, Generating implicit copyin(atmc) [if not already present]
         Generating implicit copy(atmc%pp(jci1:jci2,ici1:ici2,1:kz)) [if not already present]
         Generating implicit copyin(pi(jci1:jci2,ici1:ici2,1:kz)) [if not already present]
    326, Generating NVIDIA GPU code
        326,   ! blockidx%x threadidx%x auto-collapsed
             Loop parallelized across CUDA thread blocks, CUDA threads(128) collapse(3) ! blockidx%x threadidx%x collapsed-innermost
    326, Generating implicit copyin(atmc) [if not already present]
         Generating implicit copyout(wo(jci1:jci2,ici1:ici2,1:kzp1)) [if not already present]
         Generating implicit copyin(atmc%w(jci1:jci2,ici1:ici2,1:kzp1)) [if not already present]
    332, Generating NVIDIA GPU code
        332,   ! blockidx%x threadidx%x auto-collapsed
             Loop parallelized across CUDA thread blocks, CUDA threads(128) collapse(2) ! blockidx%x threadidx%x collapsed-innermost
    332, Generating implicit copyout(atmc%w(jci1:jci2,ici1:ici2,kzp1),f(jci1:jci2,ici1:ici2,kz)) [if not already present]
         Generating implicit copyin(mddom,atmc,atmc%u(jci1:jci2+1,ici1:ici2+1,kz),mddom%msfx(jci1:jci2,ici1:ici2),mddom%ht(jci1-1:jci2+1,ici1-1:ici2+1),atmc%v(jci1:jci2+1,ici1:ici2+1,kz)) [if not already present]
         Generating implicit copyout(e(jci1:jci2,ici1:ici2,kz)) [if not already present]
    344, Generating NVIDIA GPU code
        344,   ! blockidx%x threadidx%x auto-collapsed
             Loop parallelized across CUDA thread blocks, CUDA threads(128) collapse(2) ! blockidx%x threadidx%x collapsed-innermost
    344, Generating implicit copyin(mddom%msfx(jci1:jci2,ici1:ici2),dsigma(1),mddom,aten) [if not already present]
         Generating implicit copyout(ptend(jci1:jci2,ici1:ici2,1)) [if not already present]
         Generating implicit copyin(aten%pp(jci1:jci2,ici1:ici2,1,1),atm0,atm2%t(jci1:jci2,ici1:ici2,1),atmc) [if not already present]
         Generating implicit copyout(cc(jci1:jci2,ici1:ici2,1)) [if not already present]
         Generating implicit copyin(atm0%pr(jci1-1:jci2+1,ici1-1:ici2+1,1:2)) [if not already present]
         Generating implicit copyout(cj(jci1:jci2,ici1:ici2,1)) [if not already present]
         Generating implicit copyin(atm0%ps(jci1:jci2,ici1:ici2),atm0%t(jci1:jci2,ici1:ici2,1),atm1,mddom%msfd(jci1:jci2+1,ici1:ici2+1),atmc%v(jci1:jci2+1,ici1:ici2+1,1:2)) [if not already present]
         Generating implicit copyout(cdd(jci1:jci2,ici1:ici2,1)) [if not already present]
         Generating implicit copyin(atmc%u(jci1:jci2+1,ici1:ici2+1,1:2)) [if not already present]
         Generating implicit copyout(pxup(jci1:jci2,ici1:ici2,1)) [if not already present]
         Generating implicit copyin(atm0%rho(jci1:jci2,ici1:ici2,1)) [if not already present]
         Generating implicit copyout(pyvp(jci1:jci2,ici1:ici2,1)) [if not already present]
         Generating implicit copyin(atm1%pr(jci1:jci2,ici1:ici2,1),atm2) [if not already present]
         Generating implicit copyout(tk(jci1:jci2,ici1:ici2,1)) [if not already present]
         Generating implicit copyin(rpsb(jci1:jci2,ici1:ici2)) [if not already present]
    385, Generating implicit private(rofac)
         Generating NVIDIA GPU code
        385,   ! blockidx%x threadidx%x auto-collapsed
             Loop parallelized across CUDA thread blocks, CUDA threads(128) collapse(2) ! blockidx%x threadidx%x collapsed-innermost
    385, Generating implicit copyout(pxup(jci1:jci2,ici1:ici2,k)) [if not already present]
         Generating implicit copyin(atm2%t(jci1:jci2,ici1:ici2,k),atmc%u(jci1:jci2+1,ici1:ici2+1,:),atmc%v(jci1:jci2+1,ici1:ici2+1,:)) [if not already present]
         Generating implicit copyout(g1(jci1:jci2,ici1:ici2,k),c(jci1:jci2,ici1:ici2,k)) [if not already present]
         Generating implicit copyin(atm0%t(jci1:jci2,ici1:ici2,k),atm1%pr(jci1:jci2,ici1:ici2,k)) [if not already present]
         Generating implicit copyout(aa(jci1:jci2,ici1:ici2,k)) [if not already present]
         Generating implicit copyin(atm0%ps(jci1:jci2,ici1:ici2)) [if not already present]
         Generating implicit copyout(cc(jci1:jci2,ici1:ici2,k)) [if not already present]
         Generating implicit copyin(atm0%rho(jci1:jci2,ici1:ici2,:),atm0%pr(jci1-1:jci2+1,ici1-1:ici2+1,:),rpsb(jci1:jci2,ici1:ici2)) [if not already present]
         Generating implicit copyout(pyvp(jci1:jci2,ici1:ici2,k)) [if not already present]
         Generating implicit copyin(atm1%rho(jci1:jci2,ici1:ici2,:),atm2,atm0) [if not already present]
         Generating implicit allocate(tk(jci1:jci2,ici1:ici2,:),cj(jci1:jci2,ici1:ici2,:)) [if not already present]
         Generating implicit copyout(tk(jci1:jci2,ici1:ici2,k)) [if not already present]
         Generating implicit copyin(cj(jci1:jci2,ici1:ici2,km1)) [if not already present]
         Generating implicit copyin(atm1) [if not already present]
         Generating implicit copyout(g2(jci1:jci2,ici1:ici2,k)) [if not already present]
         Generating implicit copyin(mddom) [if not already present]
         Generating implicit copyout(ca(jci1:jci2,ici1:ici2,k)) [if not already present]
         Generating implicit copyin(dsigma(:)) [if not already present]
         Generating implicit copyout(cdd(jci1:jci2,ici1:ici2,k)) [if not already present]
         Generating implicit allocate(cdd(jci1:jci2,ici1:ici2,:)) [if not already present]
         Generating implicit copyout(cj(jci1:jci2,ici1:ici2,k)) [if not already present]
         Generating implicit copyin(cdd(jci1:jci2,ici1:ici2,km1)) [if not already present]
         Generating implicit copyout(b(jci1:jci2,ici1:ici2,k)) [if not already present]
         Generating implicit copyin(tk(jci1:jci2,ici1:ici2,km1)) [if not already present]
         Generating implicit copyin(atmc,mddom%msfx(jci1:jci2,ici1:ici2)) [if not already present]
    430, Generating NVIDIA GPU code
        430,   ! blockidx%x threadidx%x auto-collapsed
             Loop parallelized across CUDA thread blocks, CUDA threads(128) collapse(2) ! blockidx%x threadidx%x collapsed-innermost
    430, Generating implicit copy(pyvp(jci1:jci2,ici1:ici2,kz),pxup(jci1:jci2,ici1:ici2,kz)) [if not already present]
    434, Generating NVIDIA GPU code
        434,   ! blockidx%x threadidx%x auto-collapsed
             Loop parallelized across CUDA thread blocks, CUDA threads(128) collapse(3) ! blockidx%x threadidx%x collapsed-innermost
    434, Generating implicit allocate(ptend(jci1:jci2,ici1:ici2,1:kz)) [if not already present]
         Generating implicit copyin(ptend(jci1:jci2,ici1:ici2,1:kz-1)) [if not already present]
         Generating implicit copyin(pxup(jci1:jci2,ici1:ici2,2:kz),mddom%msfx(jci1:jci2,ici1:ici2),g2(jci1:jci2,ici1:ici2,2:kz),mddom%msfd(jci1:jci2+1,ici1:ici2+1),aten%w(jci1:jci2,ici1:ici2,2:kz,1),atmc%pp(jci1:jci2,ici1:ici2,1:kz),atmc%u(jci1:jci2+1,ici1:ici2+1,2:kz),mddom,ca(jci1:jci2,ici1:ici2,2:kz)) [if not already present]
         Generating implicit copyout(ptend(jci1:jci2,ici1:ici2,2:kz)) [if not already present]
         Generating implicit copyin(aten,cj(jci1:jci2,ici1:ici2,1:kz),g1(jci1:jci2,ici1:ici2,2:kz),atmc,wo(jci1:jci2,ici1:ici2,1:kz+1)) [if not already present]
         Generating implicit copyout(rhs(jci1:jci2,ici1:ici2,2:kz)) [if not already present]
         Generating implicit copyin(cdd(jci1:jci2,ici1:ici2,1:kz),cc(jci1:jci2,ici1:ici2,2:kz),atmc%w(jci1:jci2,ici1:ici2,2:kz),aten%pp(jci1:jci2,ici1:ici2,2:kz,1),atmc%v(jci1:jci2+1,ici1:ici2+1,2:kz),pyvp(jci1:jci2,ici1:ici2,2:kz)) [if not already present]
    461, Generating NVIDIA GPU code
        461,   ! blockidx%x threadidx%x auto-collapsed
             Loop parallelized across CUDA thread blocks, CUDA threads(128) collapse(3) ! blockidx%x threadidx%x collapsed-innermost
    461, Generating implicit copyin(cj(jci1:jci2,ici1:ici2,1:kz),atmc,wo(jci1:jci2,ici1:ici2,1:kz+1),ptend(jci1:jci2,ici1:ici2,1:kz)) [if not already present]
         Generating implicit copy(atmc%pp(jci1:jci2,ici1:ici2,1:kz)) [if not already present]
         Generating implicit copyin(cdd(jci1:jci2,ici1:ici2,1:kz)) [if not already present]
         Generating implicit copyout(pi(jci1:jci2,ici1:ici2,1:kz)) [if not already present]
    476, Generating implicit private(denom)
         Generating NVIDIA GPU code
        476,   ! blockidx%x threadidx%x auto-collapsed
             Loop parallelized across CUDA thread blocks, CUDA threads(128) collapse(2) ! blockidx%x threadidx%x collapsed-innermost
    476, Generating implicit allocate(f(jci1:jci2,ici1:ici2,k-1:k),e(jci1:jci2,ici1:ici2,k-1:k)) [if not already present]
         Generating implicit copyout(e(jci1:jci2,ici1:ici2,k-1)) [if not already present]
         Generating implicit copyin(f(jci1:jci2,ici1:ici2,k)) [if not already present]
         Generating implicit copyin(rhs(jci1:jci2,ici1:ici2,k),c(jci1:jci2,ici1:ici2,k)) [if not already present]
         Generating implicit copyout(f(jci1:jci2,ici1:ici2,k-1)) [if not already present]
         Generating implicit copyin(e(jci1:jci2,ici1:ici2,k)) [if not already present]
         Generating implicit copyin(aa(jci1:jci2,ici1:ici2,k),b(jci1:jci2,ici1:ici2,k)) [if not already present]
    485, Generating NVIDIA GPU code
        485,   ! blockidx%x threadidx%x auto-collapsed
             Loop parallelized across CUDA thread blocks, CUDA threads(128) collapse(2) ! blockidx%x threadidx%x collapsed-innermost
    485, Generating implicit copyout(wpval(jci1:jci2,ici1:ici2)) [if not already present]
    492, Generating implicit private(denom)
         Generating NVIDIA GPU code
        492,   ! blockidx%x threadidx%x auto-collapsed
             Loop parallelized across CUDA thread blocks, CUDA threads(128) collapse(2) ! blockidx%x threadidx%x collapsed-innermost
    492, Generating implicit copyin(cj(jci1:jci2,ici1:ici2,1),atmc%pp(jci1:jci2,ici1:ici2,1),cdd(jci1:jci2,ici1:ici2,1),f(jci1:jci2,ici1:ici2,1)) [if not already present]
         Generating implicit copyout(estore(jci1:jci2,ici1:ici2),astore(jci1:jci2,ici1:ici2)) [if not already present]
         Generating implicit copyin(atmc,e(jci1:jci2,ici1:ici2,1)) [if not already present]
    567, Generating NVIDIA GPU code
        567,   ! blockidx%x threadidx%x auto-collapsed
             Loop parallelized across CUDA thread blocks, CUDA threads(128) collapse(2) ! blockidx%x threadidx%x collapsed-innermost
    567, Generating implicit copyin(atmc,wpval(jci1:jci2,ici1:ici2)) [if not already present]
         Generating implicit copyout(atmc%w(jci1:jci2,ici1:ici2,1)) [if not already present]
    573, Generating NVIDIA GPU code
        573,   ! blockidx%x threadidx%x auto-collapsed
             Loop parallelized across CUDA thread blocks, CUDA threads(128) collapse(3) ! blockidx%x threadidx%x collapsed-innermost
    573, Generating implicit copyin(f(jci1:jci2,ici1:ici2,1:kz),e(jci1:jci2,ici1:ici2,1:kz)) [if not already present]
         Generating implicit copyout(atmc%w(jci1:jci2,ici1:ici2,2:kz+1)) [if not already present]
         Generating implicit allocate(atmc%w(jci1:jci2,ici1:ici2,1:kz+1)) [if not already present]
         Generating implicit copyin(atmc%w(jci1:jci2,ici1:ici2,1:kz)) [if not already present]
         Generating implicit copyin(atmc) [if not already present]
    614, Generating NVIDIA GPU code
        614,   ! blockidx%x threadidx%x auto-collapsed
             Loop parallelized across CUDA thread blocks, CUDA threads(128) collapse(3) ! blockidx%x threadidx%x collapsed-innermost
    614, Generating implicit copyin(atmc%v(jci1:jci2+1,ici1:ici2+1,1:kz),atmc,atmc%u(jci1:jci2+1,ici1:ici2+1,1:kz)) [if not already present]
         Generating implicit copyout(vcrs(jci1:jci2,ici1:ici2,1:kz),ucrs(jci1:jci2,ici1:ici2,1:kz)) [if not already present]
    670, Generating implicit private(cpm,cjtmp,cddtmp,ppold,dpterm)
         Generating NVIDIA GPU code
        670,   ! blockidx%x threadidx%x auto-collapsed-innermost
               ! blockidx%x threadidx%x auto-collapsed
             Loop parallelized across CUDA thread blocks, CUDA threads(128) collapse(3) ! blockidx%x threadidx%x
    670, Generating implicit copy(atm1%t(:,:,:)) [if not already present]
         Generating implicit copyin(atm2,aten,dsigma(:),aten%pp(:,:,:,1),atm0%ps(:,:),atm0%rho(:,:,:),atm1,atmc%w(:,:,:),atm0) [if not already present]
         Generating implicit copy(atm2%t(:,:,:),atmc%pp(:,:,:)) [if not already present]
         Generating implicit copyin(atmc) [if not already present]
         Generating implicit copy(pi(:,:,:)) [if not already present]
         Generating implicit copyin(sfs%psb(:,:),sfs,atm1%pr(:,:,:),atm1%rho(:,:,:)) [if not already present]
    693, Generating NVIDIA GPU code
        693,   ! blockidx%x threadidx%x auto-collapsed
             Loop parallelized across CUDA thread blocks, CUDA threads(128) collapse(3) ! blockidx%x threadidx%x collapsed-innermost
    693, Generating implicit copy(atmc%v(jdi1:jdi2,idi1:idi2,1:kz)) [if not already present]
         Generating implicit copyin(sfs%psdotb(jdi1:jdi2,idi1:idi2),sfs,atmc) [if not already present]
         Generating implicit copy(atmc%u(jdi1:jdi2,idi1:idi2,1:kz)) [if not already present]
    699, Generating NVIDIA GPU code
        699,   ! blockidx%x threadidx%x auto-collapsed
             Loop parallelized across CUDA thread blocks, CUDA threads(128) collapse(3) ! blockidx%x threadidx%x collapsed-innermost
    699, Generating implicit copyin(atmc) [if not already present]
         Generating implicit copy(atmc%pp(jci1:jci2,ici1:ici2,1:kz)) [if not already present]
         Generating implicit copyin(sfs%psb(jci1:jci2,ici1:ici2),sfs) [if not already present]
    704, Generating NVIDIA GPU code
        704,   ! blockidx%x threadidx%x auto-collapsed
             Loop parallelized across CUDA thread blocks, CUDA threads(128) collapse(3) ! blockidx%x threadidx%x collapsed-innermost
    704, Generating implicit copyin(atmc) [if not already present]
         Generating implicit copy(atmc%w(jci1:jci2,ici1:ici2,1:kzp1)) [if not already present]
         Generating implicit copyin(sfs%psb(jci1:jci2,ici1:ici2),sfs) [if not already present]
cpmf:
      3, Generating acc routine seq
         Generating NVIDIA GPU code
inrange:
    715, Generating acc routine seq
         Generating NVIDIA GPU code
mpifort -I/leonardo/home/userexternal/ctica000/MS_thesis/RegCM/external -DNCFILTERS_AVAIL -DNETCDF4_HDF5 -I/leonardo/prod/spack/06/install/0.22/linux-rhel8-icelake/nvhpc-24.5/netcdf-c-4.9.2-ggbu5c62vlol4oe6sgxpjxzvapbge2hk/include -I/leonardo/prod/spack/06/install/0.22/linux-rhel8-icelake/nvhpc-24.5/netcdf-fortran-4.6.1-nvymynen3aoyohew4d7t646sjig4ufl6/include -I/leonardo/prod/spack/06/install/0.22/linux-rhel8-icelake/nvhpc-24.5/netcdf-fortran-4.6.1-nvymynen3aoyohew4d7t646sjig4ufl6/include -I/leonardo/prod/spack/06/install/0.22/linux-rhel8-icelake/nvhpc-24.5/netcdf-c-4.9.2-ggbu5c62vlol4oe6sgxpjxzvapbge2hk/include -I/leonardo/prod/spack/06/install/0.22/linux-rhel8-icelake/nvhpc-24.5/netcdf-fortran-4.6.1-nvymynen3aoyohew4d7t646sjig4ufl6/include -I/leonardo/prod/spack/06/install/0.22/linux-rhel8-icelake/nvhpc-24.5/netcdf-fortran-4.6.1-nvymynen3aoyohew4d7t646sjig4ufl6/include -DCLM45 -DOPENACC -DGPU  -DSTDPAR -I/leonardo/home/userexternal/ctica000/MS_thesis/RegCM/Share  -I./mpplib -I./clmlib -I./netlib -Ichemlib/GAS_CBMZ_NEW -I./chemlib -I./batslib -I./ocnlib -I./cumlib -I./microlib -I./cloudlib -I./radlib -I./pbllib -Iradlib/RRTMG -I./clmlib/clm4.5 -I./oasislib -DGIT_VER=\"5.0.0-944-g5801-dirty\" -DUSE_MPI3 -DF2008 -O3 -fast -fastsse -g -byteswapio -g -stdpar=gpu           -gpu=ccall-major,lineinfo,mem:managed -Minfo=accel -c mod_moloch.F90
