Loading cuda/12.2
  Loading requirement: libiconv/1.17-nhc3mhm xz/5.4.6-xxxg42c
    libxml2/2.10.3-zbbe7lm
[Wrapper][Rank 0][Local 0] on lrdn1917.leonardo.local: CUDA_VISIBLE_DEVICES=0
[Wrapper][Rank 1][Local 1] on lrdn1917.leonardo.local: CUDA_VISIBLE_DEVICES=1
[Wrapper][Rank 2][Local 2] on lrdn1917.leonardo.local: CUDA_VISIBLE_DEVICES=2
[Wrapper][Rank 3][Local 3] on lrdn1917.leonardo.local: CUDA_VISIBLE_DEVICES=3
[Wrapper][Rank 8][Local 0] on lrdn2020.leonardo.local: CUDA_VISIBLE_DEVICES=0
[Wrapper][Rank 17][Local 1] on lrdn2071.leonardo.local: CUDA_VISIBLE_DEVICES=1
[Wrapper][Rank 29][Local 1] on lrdn2450.leonardo.local: CUDA_VISIBLE_DEVICES=1
[Wrapper][Rank 13][Local 1] on lrdn2060.leonardo.local: CUDA_VISIBLE_DEVICES=1
[Wrapper][Rank 20][Local 0] on lrdn2136.leonardo.local: CUDA_VISIBLE_DEVICES=0
[Wrapper][Rank 42][Local 2] on lrdn2636.leonardo.local: CUDA_VISIBLE_DEVICES=2
[Wrapper][Rank 32][Local 0] on lrdn2609.leonardo.local: CUDA_VISIBLE_DEVICES=0
[Wrapper][Rank 55][Local 3] on lrdn2696.leonardo.local: CUDA_VISIBLE_DEVICES=3
[Wrapper][Rank 63][Local 3] on lrdn2707.leonardo.local: CUDA_VISIBLE_DEVICES=3
[Wrapper][Rank 48][Local 0] on lrdn2673.leonardo.local: CUDA_VISIBLE_DEVICES=0
[Wrapper][Rank 44][Local 0] on lrdn2655.leonardo.local: CUDA_VISIBLE_DEVICES=0
[Wrapper][Rank 5][Local 1] on lrdn1944.leonardo.local: CUDA_VISIBLE_DEVICES=1
[Wrapper][Rank 9][Local 1] on lrdn2020.leonardo.local: CUDA_VISIBLE_DEVICES=1
[Wrapper][Rank 11][Local 3] on lrdn2020.leonardo.local: CUDA_VISIBLE_DEVICES=3
[Wrapper][Rank 10][Local 2] on lrdn2020.leonardo.local: CUDA_VISIBLE_DEVICES=2
[Wrapper][Rank 19][Local 3] on lrdn2071.leonardo.local: CUDA_VISIBLE_DEVICES=3
[Wrapper][Rank 18][Local 2] on lrdn2071.leonardo.local: CUDA_VISIBLE_DEVICES=2
[Wrapper][Rank 16][Local 0] on lrdn2071.leonardo.local: CUDA_VISIBLE_DEVICES=0
[Wrapper][Rank 28][Local 0] on lrdn2450.leonardo.local: CUDA_VISIBLE_DEVICES=0
[Wrapper][Rank 30][Local 2] on lrdn2450.leonardo.local: CUDA_VISIBLE_DEVICES=2
[Wrapper][Rank 31][Local 3] on lrdn2450.leonardo.local: CUDA_VISIBLE_DEVICES=3
[Wrapper][Rank 14][Local 2] on lrdn2060.leonardo.local: CUDA_VISIBLE_DEVICES=2
[Wrapper][Rank 15][Local 3] on lrdn2060.leonardo.local: CUDA_VISIBLE_DEVICES=3
[Wrapper][Rank 23][Local 3] on lrdn2136.leonardo.local: CUDA_VISIBLE_DEVICES=3
[Wrapper][Rank 12][Local 0] on lrdn2060.leonardo.local: CUDA_VISIBLE_DEVICES=0
[Wrapper][Rank 22][Local 2] on lrdn2136.leonardo.local: CUDA_VISIBLE_DEVICES=2
[Wrapper][Rank 21][Local 1] on lrdn2136.leonardo.local: CUDA_VISIBLE_DEVICES=1
[Wrapper][Rank 39][Local 3] on lrdn2622.leonardo.local: CUDA_VISIBLE_DEVICES=3
[Wrapper][Rank 57][Local 1] on lrdn2700.leonardo.local: CUDA_VISIBLE_DEVICES=1
[Wrapper][Rank 43][Local 3] on lrdn2636.leonardo.local: CUDA_VISIBLE_DEVICES=3
[Wrapper][Rank 40][Local 0] on lrdn2636.leonardo.local: CUDA_VISIBLE_DEVICES=0
[Wrapper][Rank 41][Local 1] on lrdn2636.leonardo.local: CUDA_VISIBLE_DEVICES=1
[Wrapper][Rank 35][Local 3] on lrdn2609.leonardo.local: CUDA_VISIBLE_DEVICES=3
[Wrapper][Rank 34][Local 2] on lrdn2609.leonardo.local: CUDA_VISIBLE_DEVICES=2
[Wrapper][Rank 33][Local 1] on lrdn2609.leonardo.local: CUDA_VISIBLE_DEVICES=1
[Wrapper][Rank 61][Local 1] on lrdn2707.leonardo.local: CUDA_VISIBLE_DEVICES=1
[Wrapper][Rank 53][Local 1] on lrdn2696.leonardo.local: CUDA_VISIBLE_DEVICES=1
[Wrapper][Rank 60][Local 0] on lrdn2707.leonardo.local: CUDA_VISIBLE_DEVICES=0
[Wrapper][Rank 49][Local 1] on lrdn2673.leonardo.local: CUDA_VISIBLE_DEVICES=1
[Wrapper][Rank 52][Local 0] on lrdn2696.leonardo.local: CUDA_VISIBLE_DEVICES=0
[Wrapper][Rank 62][Local 2] on lrdn2707.leonardo.local: CUDA_VISIBLE_DEVICES=2
[Wrapper][Rank 50][Local 2] on lrdn2673.leonardo.local: CUDA_VISIBLE_DEVICES=2
[Wrapper][Rank 54][Local 2] on lrdn2696.leonardo.local: CUDA_VISIBLE_DEVICES=2
[Wrapper][Rank 51][Local 3] on lrdn2673.leonardo.local: CUDA_VISIBLE_DEVICES=3
[Wrapper][Rank 47][Local 3] on lrdn2655.leonardo.local: CUDA_VISIBLE_DEVICES=3
[Wrapper][Rank 45][Local 1] on lrdn2655.leonardo.local: CUDA_VISIBLE_DEVICES=1
[Wrapper][Rank 46][Local 2] on lrdn2655.leonardo.local: CUDA_VISIBLE_DEVICES=2
[Wrapper][Rank 7][Local 3] on lrdn1944.leonardo.local: CUDA_VISIBLE_DEVICES=3
[Wrapper][Rank 4][Local 0] on lrdn1944.leonardo.local: CUDA_VISIBLE_DEVICES=0
[Wrapper][Rank 6][Local 2] on lrdn1944.leonardo.local: CUDA_VISIBLE_DEVICES=2
[Wrapper][Rank 36][Local 0] on lrdn2622.leonardo.local: CUDA_VISIBLE_DEVICES=0
[Wrapper][Rank 37][Local 1] on lrdn2622.leonardo.local: CUDA_VISIBLE_DEVICES=1
[Wrapper][Rank 38][Local 2] on lrdn2622.leonardo.local: CUDA_VISIBLE_DEVICES=2
[Wrapper][Rank 56][Local 0] on lrdn2700.leonardo.local: CUDA_VISIBLE_DEVICES=0
[Wrapper][Rank 58][Local 2] on lrdn2700.leonardo.local: CUDA_VISIBLE_DEVICES=2
[Wrapper][Rank 59][Local 3] on lrdn2700.leonardo.local: CUDA_VISIBLE_DEVICES=3
[Wrapper][Rank 27][Local 3] on lrdn2214.leonardo.local: CUDA_VISIBLE_DEVICES=3
[Wrapper][Rank 24][Local 0] on lrdn2214.leonardo.local: CUDA_VISIBLE_DEVICES=0
[Wrapper][Rank 25][Local 1] on lrdn2214.leonardo.local: CUDA_VISIBLE_DEVICES=1
[Wrapper][Rank 26][Local 2] on lrdn2214.leonardo.local: CUDA_VISIBLE_DEVICES=2

  This is RegCM development version
   GIT Revision: 5.0.0-944-g5801-dirty compiled at: data : Aug 29 2025  time: 20:41:26

 MPI Rank:            0  using device:            0
 : this run start at  : 2025-08-29 21:50:59+0200
 : it is submitted by : 
 : it is running on   : lrdn1917.leonardo.local
 : it is using        :            64   processors
 : in directory       : 
 /leonardo/home/userexternal/ctica000/MS_thesis/RegCM/1003_1003_50_1day_Benchmark/parallel_output/Non_MPS_stdpar/64gpu_64proc
                       
 CPUS DIM1 =             8
 CPUS DIM2 =             8
 
 Reading model namelist file
 Using default non-hydrostatc parameters.
 Using default microphysical parameter.
 Using default Holtslag parameter.
 Initial date of the global simulation:  2009-10-01 00:00:00 UTC        
 Initial date of this run             :  2009-10-01 00:00:00 UTC        
 Final date of this run               :  2009-10-02 00:00:00 UTC        
 Total simulation length              :            24  hours
 Timestep in seconds =   45.000000
 Reading Domain file : input/EURR-3_DOMAIN000.nc
 Advection timestep =    15.000 (factor  3)
 Max. Courant number for horizontal advection =    0.9538
 Sound waves timestep =     3.000 (factor  5)
 Courant number of horizontal sound waves =    0.4512
 Setting IPCC scenario to SSP585  
 Load GHG for 200910 SSP585
 Model will output required CORDEX variables.
 Create SAV files :   T
 Create ATM files :   T
 Create RAD files :   T
 Create SRF files :   T
 Create STS files :   T
 Create SHF files :   F
 Frequency in days for new files:    1.0
 Monthly SAV files are written
 Frequency in hours to create ATM :    1.0
 Frequency in hours to create RAD :    1.0
 Frequency in hours to create SRF :    1.0
 Physical Parameterizations
  Lateral Boundary conditions :  5
  Semi-Lagrangian Advection   :  0
  Land cumulus conv. scheme   :  0
  Ocean cumulus conv. scheme  :  0
  Moisture schem              :  2
  Ocean Flux scheme           :  2
  Zeng roughness formula      :  1
  Zeng roughness method       :  1
  Coupling with ocean         :  0
  Coupling with wave          :  0
  Coupling with COP           :  0
  Pressure gradient force     :  0
  Prescribed LW emissivity    :  0
  Lake model in BATS          :  0
  Simulate diurnal sst cycle  :  0
  Simulate sea ice cover      :  1
  Enable chem/aerosol model   :  0
  Large scale LWP as convect. :  1
  Cloud fraction scheme       :  0
  Marine stratocumulus        :  0
  Climate O3 dataset          :  1
  Climate Aerosol dataset     :  2
 Boundary Pameterizations
  Num. of bndy points cross  :  31
  Num. of bndy points dot    :  31
  Nudge value high range     :  6.000000
  Nudge value medium range   :  4.000000
  Nudge value low range      :  2.000000
  Nm paramter                : -1.000000
  Dm paramter                : -1.000000
 Model Timestep Pameterizations
  time step for dynamical model in seconds :          45.000000
  time step for surface   model in seconds :         450.000000
  time step for cumulus   model in seconds :         225.000000
  time step for radiation model in seconds :        1350.000000
  time step for emission  model in seconds :       48600.000000
 Nudging coefficients F1=    0.033333, F2=    0.000000
  # Nudging coefficient profile #
     5.95       5.86       5.76       5.67       5.57       5.48       5.38    
     5.28       5.19       5.09       5.00       4.90       4.81       4.71    
     4.62       4.52       4.43       4.33       4.24       4.14       4.05    
     3.97       3.90       3.83       3.76       3.69       3.62       3.55    
     3.48       3.41       3.34       3.27       3.20       3.14       3.07    
     3.00       2.93       2.86       2.79       2.72       2.65       2.58    
     2.52       2.45       2.38       2.31       2.24       2.17       2.10    
     2.10       2.03    
 Model top at     30000.00000000000       m
 Domain grid parameters:
  Map Projection        : ROTLLR
  Dot Grid Full Extent  : 1003x1003x 50
  Model Grid Spacing    :    3.335968 km
  Proj Center Latitude  :   50.000000 deg
  Proj Center longitude :    6.600000 deg
  Pole Latitude         :   40.000000 deg
  Pole longitude        :  186.600000 deg
 Holtslag PBL Scheme
  ricr_ocn     =    0.250000
  ricr_lnd     =    0.250000
  zhnew_fac    =    0.250000
  ifaholt      =  0
  ifaholtth10  =  2
  holtth10iter =    1
 Cloud fraction schemes parameters
  # of bottom no cloud model levels :  0
  Maximum relative humidity         :    1.010000
  Minimum relative humidity         :    0.010000
  RH0 temperature threshold         :  238.000000
  Relative humidity thresholds: Land =    0.800000 Ocean =    0.900000
  Maximum total cloud cover for rad :    0.750000
  Conv. CF UMF factor deep cumulus  :    0.140000
  Conv. CF UMF factor deep cumulus  :    0.140000
  Conv. CF UMF factor k2            :  500.000000
  Surface radiation hack            :           F
  Vavrus-Waliser Arctic cloud fix   :           T
 Convective Cloud Cover parameters after resolution scaling
  Maximum Convective Cloud Cover :    0.750000
  Convective Cloud Water         :    0.000300
 The surface energy budget is used to calculate the ground temperature.
 The radiation is computed every   23. minutes.
 Relaxation boundary conditions (exponential method)
 READY IC DATA for  2009-10-01 00:00:00 UTC        
 SEARCH BC data for 2009100106 , step =        0
 READY  BC from     2009100100  to 2009100106 
 Computing weights, R =     348.80780029 .......... Done.
 Reading Initial Ozone Data...
  # Updated ozone profile #
    0.765E-05  0.694E-05  0.569E-05  0.413E-05  0.280E-05  0.178E-05  0.101E-05
    0.544E-06  0.304E-06  0.192E-06  0.138E-06  0.104E-06  0.848E-07  0.726E-07
    0.682E-07  0.663E-07  0.652E-07  0.645E-07  0.639E-07  0.633E-07  0.628E-07
    0.619E-07  0.606E-07  0.593E-07  0.580E-07  0.564E-07  0.549E-07  0.535E-07
    0.524E-07  0.516E-07  0.508E-07  0.501E-07  0.496E-07  0.493E-07  0.490E-07
    0.487E-07  0.487E-07  0.487E-07  0.487E-07  0.487E-07  0.487E-07  0.485E-07
    0.483E-07  0.481E-07  0.480E-07  0.478E-07  0.477E-07  0.475E-07  0.475E-07
    0.475E-07  0.475E-07  0.475E-07
 Read solar forcing total irradiance data...
 Updating orbit parameters at  2009-10-01 00:00:00 UTC        
 At  2009-10-01 00:00:00 UTC        
 JDay    273.00000 solar declination angle =  -2.71002168 degrees
                   solar TSI irradiance    =    1355.8045 W/m^2
 CLM version: 4.5 - RegCM 5.0.0-944-g5801-dirty
 Attempting to initialize the land model .....
 Mask given by RegCM model has a total of        487659  land points
 Attempting to initialize run control settings .....
 Read in clm_inparm namelist from: EURR-3_namelist.in
 Read in clm_hydrology1_inparm namelist
 Read in clm_soilhydrology_inparm namelist
 Successfully initialized run control settings
 
 define run:
    source                = Community Land Model CLM4.5
    model_version         = 5.0.0-944-g5801-dirty
    run type              = initial
    case title            = RegCM driven CLM4.5
    username              = 
    hostname              = lrdn1917.leonardo.local
 input data files:
    PFT physiology = 
 /leonardo_work/ICT25_ESP/RCMDATA/CLM45/pftdata/pft-physiology.c130503.nc
    surface data   = input/EURR-3_CLM45_surface.nc
    land frac data = input/EURR-3_DOMAIN000.nc
    enable_megan_emission                                 :   F
    enable_urban_landunit                                 :   T
    enable_more_crop_pft                                  :   F
    SNICAR optical = 
 /leonardo_work/ICT25_ESP/RCMDATA/CLM45/snicardata/snicar_optics_5bnd_c090915.nc
    SNICAR aging = 
 /leonardo_work/ICT25_ESP/RCMDATA/CLM45/snicardata/snicar_drdt_bst_fit_60_c070416.nc
    initial data is from RegCM atm model
    atmospheric forcing data is from RegCM atm model
 Large file support for output files is ON
 model physics parameters:
    flag for random perturbation test is not set
    CO2 volume mixing ratio   (umol/mol)   =     355.0000000000000     
    land albedos  (unitless 0-1)   =    0.8000000000000000     
    ice albedos   (unitless 0-1)   =    0.5500000000000000     
    urban air conditioning/heating and wasteheat   = ON_WASTEHEAT    
    urban traffic flux   =   F
    more vertical layers =   F
    maxpatch_pft         =            17
    allocate_all_vegpfts =   T
    perchroot (PWS based on unfrozen layers only) =   F
    perchroot (PWS based on time-integrated active layer only) =   F
 
 Lake Model Namelists:
 Hostetler eddy increase low    :     25.00000000000000     
 Hostetler eddy increase factor :     10.00000000000000     
 Albedo melting lakes (visible) :   0.1000000000000000     
 Albedo melting lakes (NIR)     :   0.1000000000000000     
 Attempting to read ldomain from input/EURR-3_DOMAIN000.nc
   domain_check set       = domain_set
   domain_check decomped  =   T
   domain_check ns        =       1000000
   domain_check ni,nj     =          1000         1000
   domain_check clmlevel  = gridcell
   domain_check nbeg,nend =             1         7619
   domain_check lonc      =    -6.952402887032403      
    11.11733380539798     
   domain_check latc      =     33.94779705280406      
    35.41999999999999     
   domain_check mask      =             1            1
   domain_check frac      =     100.0000000000000      
    100.0000000000000     
   domain_check topo      =     2.597854798038971      
    1849.270369674424     
   domain_check area      =     10.74947992534302      
    10.77177009040167     
   domain_check pftm      =             1            1
  
  Reading in urban input data from surface data file ...
  UrbanInput : input/EURR-3_CLM45_surface.nc
  Sucessfully read urban input data
 
 Attempting to read PFT physiological data .....
 Successfully read PFT physiological data
 Attempting to read surface boundary data .....
 Checked LAT/LON compliance
 Successfully read surface boundary data
 
  Surface Grid Characteristics
    total number of gridcells =        487659
    total number of landunits =       1169625
    total number of columns   =       2379439
    total number of pfts      =       9206259
  
 ---clm_ptrs_check:
    clm_ptrs_check: g index ranges - OK
    clm_ptrs_check: l index ranges - OK
    clm_ptrs_check: c index ranges - OK
    clm_ptrs_check: p index ranges - OK
    clm_ptrs_check: g mono increasing - OK
    clm_ptrs_check: l mono increasing - OK
    clm_ptrs_check: c mono increasing - OK
    clm_ptrs_check: p mono increasing - OK
    clm_ptrs_check: tree consistent - OK
  
 Attempting to initialize time invariant variables
 Attempting to read soil color, sand and clay boundary data .....
 WARNING:: ETALAKE not found on surface data set.
 All lake columns will have eta set equal to default value
 WARNING:: LAKEFETCH not found on surface data set.
 All lake columns will have fetch set equal to default value
 Successfully read fmax, soil color, sand and clay boundary data
 
 Attempting to read organic matter data .....
  organicrd : input/EURR-3_CLM45_surface.nc
 Successfully read organic matter data
 
  # zsoi #
    0.710E-02  0.279E-01  0.623E-01  0.119      0.212      0.366      0.620    
     1.04       1.73       2.86       4.74       7.83       12.9       21.3    
     21.3       35.2    
  # zisoi #
     0.00      0.175E-01  0.451E-01  0.906E-01  0.166      0.289      0.493    
    0.829       1.38       2.30       3.80       6.28       10.4       17.1    
     17.1       28.3       42.1    
  # dzsoi #
    0.175E-01  0.276E-01  0.455E-01  0.750E-01  0.124      0.204      0.336    
    0.554      0.913       1.51       2.48       4.09       6.75       11.1    
     11.1       13.9    
 dzsoi_decomp    1.000000000000000     
 Attempting to read snow optical properties .....
 SnowOptics_init : 
 /leonardo_work/ICT25_ESP/RCMDATA/CLM45/snicardata/snicar_optics_5bnd_c090915.nc
 Successfully read snow optical properties
 Attempting to read snow aging parameters .....
 Successfully read snow aging properties
 Successfully initialized time invariant variables
 CLM_hist_printflds : number of master fields =           241
 Setting initial data to non-spun up values
 Attempting to initialize time invariant variables for lakes
 CLM timestep appears to differ from 1800s. 
 Adjusting minimum snow layer thickness over lakes to maintain stability.
 New minimum thickness is    2.0000000000000000E-002 .
 Successfully initialized time invariant variables for lakes
 Setting initial data to non-spun up values for lake points
 Initializing clm2 history files
 There will be a total of             2  history tapes
 History tape             1  write frequency is MONTHLY
 All fields on history tape             1  are grid averaged
 Output precision on history tape             1 =            2
 History tape             2  write frequency =             1
 All fields on history tape             2  are grid averaged
 Output precision on history tape             2 =            2
 hist tape =             1  written with dov2xy=   T
 hist tape =             2  written with dov2xy=   T
 Successfully initialized clm2 history files
 Successfully initialized the land model
 begin initial run at:  2009-10-01 00:00:00 UTC
 Attempting to read monthly vegetation data .....
 At  2009-10-01 00:00:00 UTC
 Month =            10  Day =             1
 Reading months :             9           10
 Successfully read monthly vegetation data for
 month            10
 Restrict outout to CORDEX variables
 Opening new output file output//EURR-3_ATM.2009100100.nc
 Opening new output file output//EURR-3_SRF.2009100100.nc
 Opening new output file output//EURR-3_STS.2009100100.nc
 Opening new output file output//EURR-3_RAD.2009100100.nc
Time to run newoutfiles:  12.711273 s
Time to run write_record_output_stream:   7.167543 s
 ATM variables written at  2009-10-01 00:00:00 UTC        
 Computing weights, R =      89.00187683 .......... Done.
 Reading EXT,SSA,ASY Data...
 AEROPP file open 
 /leonardo_work/ICT25_ESP/RCMDATA/MERRA2/OPPMONTH/MERRA2_OPPMONTH_wb3.200909.nc
 AEROPP file open 
 /leonardo_work/ICT25_ESP/RCMDATA/MERRA2/OPPMONTH/MERRA2_OPPMONTH_wb3.200910.nc
 AEROPP file open 
 /leonardo_work/ICT25_ESP/RCMDATA/MERRA2/OPPMONTH/MERRA2_OPPMONTH_wb6.200909.nc
 AEROPP file open 
 /leonardo_work/ICT25_ESP/RCMDATA/MERRA2/OPPMONTH/MERRA2_OPPMONTH_wb6.200910.nc
 AEROPP file open 
 /leonardo_work/ICT25_ESP/RCMDATA/MERRA2/OPPMONTH/MERRA2_OPPMONTH_wb10.200909.nc
 AEROPP file open 
 /leonardo_work/ICT25_ESP/RCMDATA/MERRA2/OPPMONTH/MERRA2_OPPMONTH_wb10.200910.nc
 AEROPP file open 
 /leonardo_work/ICT25_ESP/RCMDATA/MERRA2/OPPMONTH/MERRA2_OPPMONTH_wb13.200909.nc
 AEROPP file open 
 /leonardo_work/ICT25_ESP/RCMDATA/MERRA2/OPPMONTH/MERRA2_OPPMONTH_wb13.200910.nc
 AEROPP file open 
 /leonardo_work/ICT25_ESP/RCMDATA/MERRA2/OPPMONTH/MERRA2_OPPMONTH_wb19.200909.nc
 AEROPP file open 
 /leonardo_work/ICT25_ESP/RCMDATA/MERRA2/OPPMONTH/MERRA2_OPPMONTH_wb19.200910.nc
  # Updated VIS ext profile #
    0.196E-05  0.568E-05  0.207E-04  0.770E-04  0.396E-03  0.111E-02  0.190E-02
    0.237E-02  0.247E-02  0.268E-02  0.275E-02  0.242E-02  0.206E-02  0.190E-02
    0.178E-02  0.163E-02  0.148E-02  0.140E-02  0.137E-02  0.137E-02  0.140E-02
    0.152E-02  0.173E-02  0.199E-02  0.226E-02  0.250E-02  0.270E-02  0.289E-02
    0.311E-02  0.334E-02  0.352E-02  0.367E-02  0.375E-02  0.378E-02  0.379E-02
    0.383E-02  0.390E-02  0.401E-02  0.422E-02  0.448E-02  0.471E-02  0.503E-02
    0.545E-02  0.582E-02  0.608E-02  0.601E-02  0.580E-02  0.537E-02  0.495E-02
    0.495E-02  0.458E-02
  # Updated VIS ssa profile #
    0.916      0.917      0.931      0.953      0.974      0.980      0.974    
    0.964      0.955      0.953      0.953      0.949      0.940      0.933    
    0.927      0.920      0.913      0.908      0.903      0.899      0.898    
    0.898      0.899      0.899      0.900      0.902      0.904      0.905    
    0.907      0.908      0.909      0.911      0.913      0.915      0.917    
    0.919      0.922      0.926      0.932      0.939      0.943      0.949    
    0.955      0.960      0.963      0.964      0.964      0.964      0.964    
    0.964      0.963    
  # Updated VIS asy profile #
    0.661      0.662      0.666      0.671      0.678      0.685      0.691    
    0.698      0.706      0.725      0.742      0.748      0.744      0.739    
    0.734      0.729      0.724      0.721      0.718      0.715      0.713    
    0.714      0.714      0.715      0.715      0.716      0.718      0.720    
    0.723      0.725      0.727      0.731      0.733      0.735      0.737    
    0.740      0.742      0.746      0.752      0.759      0.764      0.770    
    0.776      0.783      0.787      0.788      0.788      0.788      0.786    
    0.786      0.786    
 Creating history file output//EURR-3.clm.regcm.h1.20091001_03600.nc
 CLM History variables written
Time to run write_record_output_stream:  11.063142 s
 ATM variables written at  2009-10-01 01:00:00 UTC        
Time to run write_record_output_stream:  14.207453 s
 SRF variables written at  2009-10-01 01:00:00 UTC        
Time to run write_record_output_stream:   1.969848 s
 RAD variables written at  2009-10-01 01:00:00 UTC        
 CLM History variables written
Time to run write_record_output_stream:   8.627498 s
 ATM variables written at  2009-10-01 02:00:00 UTC        
Time to run write_record_output_stream:  15.939440 s
 SRF variables written at  2009-10-01 02:00:00 UTC        
Time to run write_record_output_stream:   1.979367 s
 RAD variables written at  2009-10-01 02:00:00 UTC        
 CLM History variables written
Time to run write_record_output_stream:   7.261945 s
 ATM variables written at  2009-10-01 03:00:00 UTC        
Time to run write_record_output_stream:  18.342489 s
 SRF variables written at  2009-10-01 03:00:00 UTC        
Time to run write_record_output_stream:   2.019037 s
 RAD variables written at  2009-10-01 03:00:00 UTC        
 $$$  2009-10-01 03:00:00 UTC        
 $$$ max, min of ps (mb) =  1027.23  679.73
 CLM History variables written
Time to run write_record_output_stream:   8.368345 s
 ATM variables written at  2009-10-01 04:00:00 UTC        
Time to run write_record_output_stream:  23.649713 s
 SRF variables written at  2009-10-01 04:00:00 UTC        
Time to run write_record_output_stream:   2.249772 s
 RAD variables written at  2009-10-01 04:00:00 UTC        
 CLM History variables written
Time to run write_record_output_stream:   6.990327 s
 ATM variables written at  2009-10-01 05:00:00 UTC        
Time to run write_record_output_stream:  19.841371 s
 SRF variables written at  2009-10-01 05:00:00 UTC        
Time to run write_record_output_stream:   1.641546 s
 RAD variables written at  2009-10-01 05:00:00 UTC        
 CLM History variables written
Time to run write_record_output_stream:   6.807651 s
 ATM variables written at  2009-10-01 06:00:00 UTC        
Time to run write_record_output_stream:  20.135712 s
 SRF variables written at  2009-10-01 06:00:00 UTC        
Time to run write_record_output_stream:   1.717355 s
 RAD variables written at  2009-10-01 06:00:00 UTC        
 SEARCH BC data for 2009100112 , step =      480
 READY  BC from     2009100106  to 2009100112 
  Time to read in seconds RCM_run is:    0.6810460    
 $$$  2009-10-01 06:00:00 UTC        
 $$$ max, min of ps (mb) =  1027.43  679.19
 CLM History variables written
Time to run write_record_output_stream:   6.595684 s
 ATM variables written at  2009-10-01 07:00:00 UTC        
Time to run write_record_output_stream:  16.519786 s
 SRF variables written at  2009-10-01 07:00:00 UTC        
Time to run write_record_output_stream:   3.495728 s
 RAD variables written at  2009-10-01 07:00:00 UTC        
 CLM History variables written
Time to run write_record_output_stream:   6.600751 s
 ATM variables written at  2009-10-01 08:00:00 UTC        
Time to run write_record_output_stream:  13.789907 s
 SRF variables written at  2009-10-01 08:00:00 UTC        
Time to run write_record_output_stream:   2.060976 s
 RAD variables written at  2009-10-01 08:00:00 UTC        
 CLM History variables written
Time to run write_record_output_stream:   6.607605 s
 ATM variables written at  2009-10-01 09:00:00 UTC        
Time to run write_record_output_stream:  12.081171 s
 SRF variables written at  2009-10-01 09:00:00 UTC        
Time to run write_record_output_stream:   1.688985 s
 RAD variables written at  2009-10-01 09:00:00 UTC        
 $$$  2009-10-01 09:00:00 UTC        
 $$$ max, min of ps (mb) =  1028.22  679.32
 CLM History variables written
Time to run write_record_output_stream:   6.588683 s
 ATM variables written at  2009-10-01 10:00:00 UTC        
Time to run write_record_output_stream:  10.704756 s
 SRF variables written at  2009-10-01 10:00:00 UTC        
Time to run write_record_output_stream:   1.624564 s
 RAD variables written at  2009-10-01 10:00:00 UTC        
 CLM History variables written
Time to run write_record_output_stream:   6.603150 s
 ATM variables written at  2009-10-01 11:00:00 UTC        
Time to run write_record_output_stream:  10.678087 s
 SRF variables written at  2009-10-01 11:00:00 UTC        
Time to run write_record_output_stream:   1.731773 s
 RAD variables written at  2009-10-01 11:00:00 UTC        
 CLM History variables written
Time to run write_record_output_stream:   6.592286 s
 ATM variables written at  2009-10-01 12:00:00 UTC        
Time to run write_record_output_stream:   7.902139 s
 SRF variables written at  2009-10-01 12:00:00 UTC        
Time to run write_record_output_stream:   2.378081 s
 RAD variables written at  2009-10-01 12:00:00 UTC        
 SEARCH BC data for 2009100118 , step =      960
 READY  BC from     2009100112  to 2009100118 
  Time to read in seconds RCM_run is:    0.6940200    
 $$$  2009-10-01 12:00:00 UTC        
 $$$ max, min of ps (mb) =  1028.83  679.01
 CLM History variables written
Time to run write_record_output_stream:   6.619812 s
 ATM variables written at  2009-10-01 13:00:00 UTC        
Time to run write_record_output_stream:   7.041322 s
 SRF variables written at  2009-10-01 13:00:00 UTC        
Time to run write_record_output_stream:   2.003632 s
 RAD variables written at  2009-10-01 13:00:00 UTC        
 CLM History variables written
Time to run write_record_output_stream:   6.633785 s
 ATM variables written at  2009-10-01 14:00:00 UTC        
Time to run write_record_output_stream:   6.350302 s
 SRF variables written at  2009-10-01 14:00:00 UTC        
Time to run write_record_output_stream:   1.830373 s
 RAD variables written at  2009-10-01 14:00:00 UTC        
 CLM History variables written
Time to run write_record_output_stream:   6.610589 s
 ATM variables written at  2009-10-01 15:00:00 UTC        
Time to run write_record_output_stream:   5.954154 s
 SRF variables written at  2009-10-01 15:00:00 UTC        
Time to run write_record_output_stream:   1.873650 s
 RAD variables written at  2009-10-01 15:00:00 UTC        
 $$$  2009-10-01 15:00:00 UTC        
 $$$ max, min of ps (mb) =  1029.07  678.16
 CLM History variables written
Time to run write_record_output_stream:   6.763960 s
 ATM variables written at  2009-10-01 16:00:00 UTC        
Time to run write_record_output_stream:   5.297049 s
 SRF variables written at  2009-10-01 16:00:00 UTC        
Time to run write_record_output_stream:   1.755977 s
 RAD variables written at  2009-10-01 16:00:00 UTC        
 CLM History variables written
Time to run write_record_output_stream:   6.601863 s
 ATM variables written at  2009-10-01 17:00:00 UTC        
Time to run write_record_output_stream:   5.116581 s
 SRF variables written at  2009-10-01 17:00:00 UTC        
Time to run write_record_output_stream:   2.431235 s
 RAD variables written at  2009-10-01 17:00:00 UTC        
 CLM History variables written
Time to run write_record_output_stream:   6.620620 s
 ATM variables written at  2009-10-01 18:00:00 UTC        
Time to run write_record_output_stream:   5.192346 s
 SRF variables written at  2009-10-01 18:00:00 UTC        
Time to run write_record_output_stream:   1.849151 s
 RAD variables written at  2009-10-01 18:00:00 UTC        
 SEARCH BC data for 2009100200 , step =     1440
 READY  BC from     2009100118  to 2009100200 
  Time to read in seconds RCM_run is:    0.7450790    
 $$$  2009-10-01 18:00:00 UTC        
 $$$ max, min of ps (mb) =  1028.98  677.94
 CLM History variables written
Time to run write_record_output_stream:   6.620299 s
 MPI Rank:            6  using device:            0
 Set    10 100% special land-units points to zero slope
Time to run newoutfiles:  14.436259 s
Time to run write_record_output_stream:   6.863084 s
Time to run write_record_output_stream:  11.062539 s
Time to run write_record_output_stream:  13.946975 s
Time to run write_record_output_stream:   1.970048 s
Time to run write_record_output_stream:   8.627866 s
Time to run write_record_output_stream:  15.254187 s
Time to run write_record_output_stream:   1.979640 s
Time to run write_record_output_stream:   7.262480 s
Time to run write_record_output_stream:  16.813831 s
Time to run write_record_output_stream:   2.019191 s
Time to run write_record_output_stream:   8.368279 s
Time to run write_record_output_stream:  21.817150 s
Time to run write_record_output_stream:   2.249920 s
Time to run write_record_output_stream:   6.989191 s
Time to run write_record_output_stream:  17.687684 s
Time to run write_record_output_stream:   1.641763 s
 MPI Rank:           48  using device:            0
 Set    10 100% special land-units points to zero slope
Time to run newoutfiles:  14.545699 s
Time to run write_record_output_stream:   6.714644 s
Time to run write_record_output_stream:  11.063181 s
Time to run write_record_output_stream:   0.481985 s
Time to run write_record_output_stream:   1.970127 s
Time to run write_record_output_stream:   8.626742 s
Time to run write_record_output_stream:   0.741925 s
Time to run write_record_output_stream:   1.979666 s
Time to run write_record_output_stream:   7.261932 s
Time to run write_record_output_stream:   1.187615 s
Time to run write_record_output_stream:   2.019199 s
Time to run write_record_output_stream:   8.368342 s
Time to run write_record_output_stream:   5.377866 s
Time to run write_record_output_stream:   2.249886 s
Time to run write_record_output_stream:   6.989092 s
Time to run write_record_output_stream:   0.716523 s
Time to run write_record_output_stream:   1.641653 s
 MPI Rank:           58  using device:            0
 Set    10 100% special land-units points to zero slope
Time to run newoutfiles:  14.217729 s
Time to run write_record_output_stream:   6.714189 s
Time to run write_record_output_stream:  11.063009 s
Time to run write_record_output_stream:   7.227557 s
Time to run write_record_output_stream:   1.970042 s
Time to run write_record_output_stream:   8.626626 s
Time to run write_record_output_stream:   7.762870 s
Time to run write_record_output_stream:   1.979654 s
Time to run write_record_output_stream:   7.261498 s
Time to run write_record_output_stream:   8.533865 s
Time to run write_record_output_stream:   2.019187 s
Time to run write_record_output_stream:   8.367905 s
Time to run write_record_output_stream:  13.211988 s
Time to run write_record_output_stream:   2.249963 s
Time to run write_record_output_stream:   6.989283 s
Time to run write_record_output_stream:   9.095841 s
Time to run write_record_output_stream:   1.641738 s
 MPI Rank:           20  using device:            0
 Set    20 100% special land-units points to zero slope
Time to run newoutfiles:  13.952206 s
Time to run write_record_output_stream:   6.808142 s
Time to run write_record_output_stream:  11.061919 s
Time to run write_record_output_stream:  11.131564 s
Time to run write_record_output_stream:   1.969966 s
Time to run write_record_output_stream:   8.626810 s
Time to run write_record_output_stream:  11.530909 s
Time to run write_record_output_stream:   1.979438 s
Time to run write_record_output_stream:   7.261153 s
Time to run write_record_output_stream:  12.502224 s
Time to run write_record_output_stream:   2.019120 s
Time to run write_record_output_stream:   8.367570 s
Time to run write_record_output_stream:  17.415022 s
Time to run write_record_output_stream:   2.249769 s
Time to run write_record_output_stream:   6.988747 s
Time to run write_record_output_stream:  13.231897 s
Time to run write_record_output_stream:   1.641512 s
 MPI Rank:           41  using device:            0
 Set    30 100% special land-units points to zero slope
Time to run newoutfiles:  13.149694 s
Time to run write_record_output_stream:   6.715128 s
Time to run write_record_output_stream:  11.061957 s
Time to run write_record_output_stream:   2.957181 s
Time to run write_record_output_stream:   1.969916 s
Time to run write_record_output_stream:   8.625998 s
Time to run write_record_output_stream:   3.466474 s
Time to run write_record_output_stream:   1.979433 s
Time to run write_record_output_stream:   7.261739 s
Time to run write_record_output_stream:   4.276696 s
Time to run write_record_output_stream:   2.019166 s
Time to run write_record_output_stream:   8.368186 s
Time to run write_record_output_stream:   8.870801 s
Time to run write_record_output_stream:   2.249987 s
Time to run write_record_output_stream:   6.988910 s
Time to run write_record_output_stream:   4.614560 s
Time to run write_record_output_stream:   1.641695 s
Time to run write_record_output_stream:   6.808112 s
Time to run write_record_output_stream:  18.214553 s
Time to run write_record_output_stream:   1.717508 s
  Time to read in seconds RCM_run is:    0.6814180    
Time to run write_record_output_stream:   6.596604 s
Time to run write_record_output_stream:  18.038050 s
Time to run write_record_output_stream:   3.495954 s
Time to run write_record_output_stream:   6.600265 s
Time to run write_record_output_stream:  18.020460 s
Time to run write_record_output_stream:   2.061211 s
Time to run write_record_output_stream:   6.607528 s
Time to run write_record_output_stream:  18.122471 s
Time to run write_record_output_stream:   1.689199 s
Time to run write_record_output_stream:   6.588788 s
Time to run write_record_output_stream:  18.307859 s
Time to run write_record_output_stream:   1.624798 s
Time to run write_record_output_stream:   6.602613 s
Time to run write_record_output_stream:  19.782337 s
Time to run write_record_output_stream:   1.731987 s
 MPI Rank:           38  using device:            0
 Set    70 100% special land-units points to zero slope
Time to run newoutfiles:  14.520297 s
Time to run write_record_output_stream:   6.772219 s
Time to run write_record_output_stream:  11.061780 s
Time to run write_record_output_stream:   6.599766 s
Time to run write_record_output_stream:   1.969826 s
Time to run write_record_output_stream:   8.626519 s
Time to run write_record_output_stream:   6.914201 s
Time to run write_record_output_stream:   1.979480 s
Time to run write_record_output_stream:   7.262096 s
Time to run write_record_output_stream:   7.491196 s
Time to run write_record_output_stream:   2.019038 s
Time to run write_record_output_stream:   8.367404 s
Time to run write_record_output_stream:  11.477010 s
Time to run write_record_output_stream:   2.249825 s
Time to run write_record_output_stream:   6.988703 s
Time to run write_record_output_stream:   6.437380 s
Time to run write_record_output_stream:   1.641542 s
 MPI Rank:           61  using device:            0
 Set     1 100% special land-units points to zero slope
Time to run newoutfiles:  13.660942 s
Time to run write_record_output_stream:   6.793479 s
Time to run write_record_output_stream:  11.062684 s
Time to run write_record_output_stream:  12.357234 s
Time to run write_record_output_stream:   1.969837 s
Time to run write_record_output_stream:   8.626707 s
Time to run write_record_output_stream:  14.567329 s
Time to run write_record_output_stream:   1.979476 s
Time to run write_record_output_stream:   7.262681 s
Time to run write_record_output_stream:  16.421108 s
Time to run write_record_output_stream:   2.019176 s
Time to run write_record_output_stream:   8.367947 s
Time to run write_record_output_stream:  21.473032 s
Time to run write_record_output_stream:   2.249868 s
Time to run write_record_output_stream:   6.989710 s
Time to run write_record_output_stream:  17.525195 s
Time to run write_record_output_stream:   1.641521 s
Time to run write_record_output_stream:   6.807800 s
Time to run write_record_output_stream:   0.963796 s
Time to run write_record_output_stream:   1.717517 s
  Time to read in seconds RCM_run is:    0.6964100    
Time to run write_record_output_stream:   6.596213 s
Time to run write_record_output_stream:   0.620736 s
Time to run write_record_output_stream:   3.496007 s
Time to run write_record_output_stream:   6.600200 s
Time to run write_record_output_stream:   0.490248 s
Time to run write_record_output_stream:   2.061296 s
Time to run write_record_output_stream:   6.607926 s
Time to run write_record_output_stream:   0.432007 s
Time to run write_record_output_stream:   1.689178 s
Time to run write_record_output_stream:   6.587750 s
Time to run write_record_output_stream:   0.414913 s
Time to run write_record_output_stream:   1.624726 s
Time to run write_record_output_stream:   6.603410 s
Time to run write_record_output_stream:   1.794345 s
Time to run write_record_output_stream:   1.731951 s
Time to run write_record_output_stream:   6.807749 s
Time to run write_record_output_stream:   9.947489 s
Time to run write_record_output_stream:   1.717549 s
  Time to read in seconds RCM_run is:    0.6965530    
Time to run write_record_output_stream:   6.596120 s
Time to run write_record_output_stream:   9.515864 s
Time to run write_record_output_stream:   3.495925 s
Time to run write_record_output_stream:   6.599231 s
Time to run write_record_output_stream:   7.530287 s
Time to run write_record_output_stream:   2.061270 s
Time to run write_record_output_stream:   6.607530 s
Time to run write_record_output_stream:   4.981437 s
Time to run write_record_output_stream:   1.689191 s
Time to run write_record_output_stream:   6.587754 s
Time to run write_record_output_stream:   2.585104 s
Time to run write_record_output_stream:   1.624826 s
Time to run write_record_output_stream:   6.603364 s
Time to run write_record_output_stream:   3.442167 s
Time to run write_record_output_stream:   1.732025 s
Time to run write_record_output_stream:   6.807846 s
Time to run write_record_output_stream:  13.766147 s
Time to run write_record_output_stream:   1.717295 s
  Time to read in seconds RCM_run is:    0.6815540    
Time to run write_record_output_stream:   6.595766 s
Time to run write_record_output_stream:  13.582349 s
Time to run write_record_output_stream:   3.495702 s
Time to run write_record_output_stream:   6.599458 s
Time to run write_record_output_stream:  13.478510 s
Time to run write_record_output_stream:   2.060996 s
Time to run write_record_output_stream:   6.607146 s
Time to run write_record_output_stream:  13.285317 s
Time to run write_record_output_stream:   1.688927 s
Time to run write_record_output_stream:   6.587996 s
Time to run write_record_output_stream:  13.067893 s
Time to run write_record_output_stream:   1.624636 s
Time to run write_record_output_stream:   6.602844 s
Time to run write_record_output_stream:  14.226569 s
Time to run write_record_output_stream:   1.731905 s
Time to run write_record_output_stream:   6.807754 s
Time to run write_record_output_stream:   5.254103 s
Time to run write_record_output_stream:   1.717633 s
  Time to read in seconds RCM_run is:    0.6962020    
Time to run write_record_output_stream:   6.595308 s
Time to run write_record_output_stream:   4.836512 s
Time to run write_record_output_stream:   3.495939 s
Time to run write_record_output_stream:   6.599936 s
Time to run write_record_output_stream:   4.379277 s
Time to run write_record_output_stream:   2.061306 s
Time to run write_record_output_stream:   6.607722 s
Time to run write_record_output_stream:   3.964671 s
Time to run write_record_output_stream:   1.689118 s
Time to run write_record_output_stream:   6.587259 s
Time to run write_record_output_stream:   3.687684 s
Time to run write_record_output_stream:   1.624743 s
Time to run write_record_output_stream:   6.602334 s
Time to run write_record_output_stream:   4.885155 s
Time to run write_record_output_stream:   1.732037 s
 MPI Rank:           29  using device:            0
 Set    10 100% special land-units points to zero slope
Time to run newoutfiles:  14.486536 s
Time to run write_record_output_stream:   6.773000 s
Time to run write_record_output_stream:  11.061469 s
Time to run write_record_output_stream:  13.075763 s
Time to run write_record_output_stream:   1.969996 s
Time to run write_record_output_stream:   8.626987 s
Time to run write_record_output_stream:  13.430303 s
Time to run write_record_output_stream:   1.979578 s
Time to run write_record_output_stream:   7.262286 s
Time to run write_record_output_stream:  14.680590 s
Time to run write_record_output_stream:   2.019406 s
Time to run write_record_output_stream:   8.367767 s
Time to run write_record_output_stream:  19.774096 s
Time to run write_record_output_stream:   2.249977 s
Time to run write_record_output_stream:   6.989410 s
Time to run write_record_output_stream:  15.366347 s
Time to run write_record_output_stream:   1.641761 s
Time to run write_record_output_stream:   6.592066 s
Time to run write_record_output_stream:  18.435788 s
Time to run write_record_output_stream:   2.378186 s
  Time to read in seconds RCM_run is:    0.6941620    
Time to run write_record_output_stream:   6.619575 s
Time to run write_record_output_stream:  18.073573 s
Time to run write_record_output_stream:   2.003725 s
Time to run write_record_output_stream:   6.633439 s
Time to run write_record_output_stream:  17.854924 s
Time to run write_record_output_stream:   1.830403 s
Time to run write_record_output_stream:   6.610468 s
Time to run write_record_output_stream:  17.656753 s
Time to run write_record_output_stream:   1.873771 s
Time to run write_record_output_stream:   6.763273 s
Time to run write_record_output_stream:  16.878612 s
Time to run write_record_output_stream:   1.756290 s
Time to run write_record_output_stream:   6.601221 s
Time to run write_record_output_stream:  16.422715 s
Time to run write_record_output_stream:   2.431465 s
Time to run write_record_output_stream:   6.807713 s
Time to run write_record_output_stream:   6.284394 s
Time to run write_record_output_stream:   1.717322 s
  Time to read in seconds RCM_run is:    0.6814830    
Time to run write_record_output_stream:   6.595474 s
Time to run write_record_output_stream:   5.679560 s
Time to run write_record_output_stream:   3.495897 s
Time to run write_record_output_stream:   6.599987 s
Time to run write_record_output_stream:   5.706851 s
Time to run write_record_output_stream:   2.061167 s
Time to run write_record_output_stream:   6.607567 s
Time to run write_record_output_stream:   6.155179 s
Time to run write_record_output_stream:   1.689095 s
Time to run write_record_output_stream:   6.588023 s
Time to run write_record_output_stream:   6.657240 s
Time to run write_record_output_stream:   1.624652 s
Time to run write_record_output_stream:   6.603199 s
Time to run write_record_output_stream:   7.531461 s
Time to run write_record_output_stream:   1.731827 s
Time to run write_record_output_stream:   6.807944 s
Time to run write_record_output_stream:  18.484110 s
Time to run write_record_output_stream:   1.717346 s
  Time to read in seconds RCM_run is:    0.6812710    
Time to run write_record_output_stream:   6.596226 s
Time to run write_record_output_stream:  18.745049 s
Time to run write_record_output_stream:   3.495904 s
Time to run write_record_output_stream:   6.600232 s
Time to run write_record_output_stream:  19.112219 s
Time to run write_record_output_stream:   2.061477 s
Time to run write_record_output_stream:   6.608047 s
Time to run write_record_output_stream:  19.431165 s
Time to run write_record_output_stream:   1.689025 s
Time to run write_record_output_stream:   6.588185 s
Time to run write_record_output_stream:  19.736155 s
Time to run write_record_output_stream:   1.624655 s
Time to run write_record_output_stream:   6.603679 s
Time to run write_record_output_stream:  21.379243 s
Time to run write_record_output_stream:   1.731777 s
Time to run write_record_output_stream:   6.592068 s
Time to run write_record_output_stream:   0.526824 s
Time to run write_record_output_stream:   2.378128 s
  Time to read in seconds RCM_run is:    0.6939390    
Time to run write_record_output_stream:   6.619770 s
Time to run write_record_output_stream:   0.339322 s
Time to run write_record_output_stream:   2.003689 s
Time to run write_record_output_stream:   6.633628 s
Time to run write_record_output_stream:   0.429035 s
Time to run write_record_output_stream:   1.830439 s
Time to run write_record_output_stream:   6.610465 s
Time to run write_record_output_stream:   0.647556 s
Time to run write_record_output_stream:   1.874005 s
Time to run write_record_output_stream:   6.763903 s
Time to run write_record_output_stream:   0.410201 s
Time to run write_record_output_stream:   1.756366 s
Time to run write_record_output_stream:   6.602566 s
Time to run write_record_output_stream:   0.440770 s
Time to run write_record_output_stream:   2.431501 s
Time to run write_record_output_stream:   6.591770 s
Time to run write_record_output_stream:   2.427087 s
Time to run write_record_output_stream:   2.378175 s
  Time to read in seconds RCM_run is:    0.6938750    
Time to run write_record_output_stream:   6.619642 s
Time to run write_record_output_stream:   2.797932 s
Time to run write_record_output_stream:   2.003668 s
Time to run write_record_output_stream:   6.633414 s
Time to run write_record_output_stream:   3.725064 s
Time to run write_record_output_stream:   1.830450 s
Time to run write_record_output_stream:   6.610152 s
Time to run write_record_output_stream:   5.659275 s
Time to run write_record_output_stream:   1.873678 s
Time to run write_record_output_stream:   6.763277 s
Time to run write_record_output_stream:  10.262489 s
Time to run write_record_output_stream:   1.756279 s
Time to run write_record_output_stream:   6.601948 s
Time to run write_record_output_stream:  15.189635 s
Time to run write_record_output_stream:   2.431278 s
Time to run write_record_output_stream:   6.591343 s
Time to run write_record_output_stream:  12.760955 s
Time to run write_record_output_stream:   2.378133 s
  Time to read in seconds RCM_run is:    0.7136670    
Time to run write_record_output_stream:   6.619849 s
Time to run write_record_output_stream:  12.584603 s
Time to run write_record_output_stream:   2.003471 s
Time to run write_record_output_stream:   6.632689 s
Time to run write_record_output_stream:  12.784269 s
Time to run write_record_output_stream:   1.830223 s
Time to run write_record_output_stream:   6.609633 s
Time to run write_record_output_stream:  13.434911 s
Time to run write_record_output_stream:   1.873514 s
Time to run write_record_output_stream:   6.762897 s
Time to run write_record_output_stream:  13.772640 s
Time to run write_record_output_stream:   1.756064 s
Time to run write_record_output_stream:   6.600562 s
Time to run write_record_output_stream:  14.447330 s
Time to run write_record_output_stream:   2.431177 s
Time to run write_record_output_stream:   6.590976 s
Time to run write_record_output_stream:   3.339860 s
Time to run write_record_output_stream:   2.378267 s
  Time to read in seconds RCM_run is:    0.6942210    
Time to run write_record_output_stream:   6.619215 s
Time to run write_record_output_stream:   2.920910 s
Time to run write_record_output_stream:   2.003667 s
Time to run write_record_output_stream:   6.632673 s
Time to run write_record_output_stream:   3.260277 s
Time to run write_record_output_stream:   1.830343 s
Time to run write_record_output_stream:   6.609473 s
Time to run write_record_output_stream:   4.417700 s
Time to run write_record_output_stream:   1.873741 s
Time to run write_record_output_stream:   6.763182 s
Time to run write_record_output_stream:   4.908526 s
Time to run write_record_output_stream:   1.756221 s
Time to run write_record_output_stream:   6.600908 s
Time to run write_record_output_stream:   5.811517 s
Time to run write_record_output_stream:   2.431530 s
Time to run write_record_output_stream:   6.808125 s
Time to run write_record_output_stream:  15.534118 s
Time to run write_record_output_stream:   1.717534 s
  Time to read in seconds RCM_run is:    0.6813030    
Time to run write_record_output_stream:   6.595983 s
Time to run write_record_output_stream:  15.356700 s
Time to run write_record_output_stream:   3.496022 s
Time to run write_record_output_stream:   6.599957 s
Time to run write_record_output_stream:  15.976214 s
Time to run write_record_output_stream:   2.061342 s
Time to run write_record_output_stream:   6.608309 s
Time to run write_record_output_stream:  16.951439 s
Time to run write_record_output_stream:   1.689244 s
Time to run write_record_output_stream:   6.588106 s
Time to run write_record_output_stream:  17.909097 s
Time to run write_record_output_stream:   1.624923 s
Time to run write_record_output_stream:   6.602590 s
Time to run write_record_output_stream:  19.882847 s
Time to run write_record_output_stream:   1.732070 s
Time to run write_record_output_stream:   6.619921 s
Time to run write_record_output_stream:  16.071745 s
Time to run write_record_output_stream:   1.849447 s
  Time to read in seconds RCM_run is:    0.7451880    
Time to run write_record_output_stream:   6.620166 s
Time to run write_record_output_stream:  15.922223 s
Time to run write_record_output_stream:   1.804422 s
Time to run write_record_output_stream:   6.614684 s
Time to run write_record_output_stream:  16.123345 s
Time to run write_record_output_stream:   1.875377 s
Time to run write_record_output_stream:   6.608891 s
Time to run write_record_output_stream:  16.357996 s
Time to run write_record_output_stream:   2.217342 s
Time to run write_record_output_stream:   6.612047 s
Time to run write_record_output_stream:  17.071749 s
Time to run write_record_output_stream:   2.200047 s
Time to run write_record_output_stream:   6.605559 s
Time to run write_record_output_stream: ********** s
Time to run write_record_output_stream:   1.933577 s
Time to run write_record_output_stream:   6.592064 s
Time to run write_record_output_stream:   5.212014 s
Time to run write_record_output_stream:   2.378100 s
  Time to read in seconds RCM_run is:    0.7136590    
Time to run write_record_output_stream:   6.618885 s
Time to run write_record_output_stream:   4.365698 s
Time to run write_record_output_stream:   2.003611 s
Time to run write_record_output_stream:   6.632268 s
Time to run write_record_output_stream:   4.086735 s
Time to run write_record_output_stream:   1.830261 s
Time to run write_record_output_stream:   6.609648 s
Time to run write_record_output_stream:   4.450334 s
Time to run write_record_output_stream:   1.873543 s
Time to run write_record_output_stream:   6.762385 s
Time to run write_record_output_stream:   4.766190 s
Time to run write_record_output_stream:   1.756125 s
Time to run write_record_output_stream:   6.600276 s
Time to run write_record_output_stream:   5.248580 s
Time to run write_record_output_stream:   2.431246 s
Time to run write_record_output_stream:   6.592270 s
Time to run write_record_output_stream:  20.485600 s
Time to run write_record_output_stream:   2.378242 s
  Time to read in seconds RCM_run is:    0.6935990    
Time to run write_record_output_stream:   6.620126 s
Time to run write_record_output_stream:  20.695759 s
Time to run write_record_output_stream:   2.003603 s
Time to run write_record_output_stream:   6.633561 s
Time to run write_record_output_stream:  20.958966 s
Time to run write_record_output_stream:   1.830373 s
Time to run write_record_output_stream:   6.610802 s
Time to run write_record_output_stream:  21.143952 s
Time to run write_record_output_stream:   1.873725 s
Time to run write_record_output_stream:   6.763701 s
Time to run write_record_output_stream:  20.718403 s
Time to run write_record_output_stream:   1.756231 s
Time to run write_record_output_stream:   6.601928 s
Time to run write_record_output_stream:  20.437402 s
Time to run write_record_output_stream:   2.431237 s
Time to run write_record_output_stream:   6.620897 s
Time to run write_record_output_stream:   0.385380 s
Time to run write_record_output_stream:   1.849459 s
  Time to read in seconds RCM_run is:    0.7453420    
Time to run write_record_output_stream:   6.620351 s
Time to run write_record_output_stream:   0.354260 s
Time to run write_record_output_stream:   1.804535 s
Time to run write_record_output_stream:   6.614854 s
Time to run write_record_output_stream:   0.444017 s
Time to run write_record_output_stream:   1.875480 s
Time to run write_record_output_stream:   6.609206 s
Time to run write_record_output_stream:   0.405318 s
Time to run write_record_output_stream:   2.217330 s
Time to run write_record_output_stream:   6.612700 s
Time to run write_record_output_stream:   0.777858 s
Time to run write_record_output_stream:   2.200058 s
Time to run write_record_output_stream:   6.605175 s
Time to run write_record_output_stream:   0.000000 s
Time to run write_record_output_stream:   1.933720 s
Time to run write_record_output_stream:   6.619629 s
Time to run write_record_output_stream:  17.599576 s
Time to run write_record_output_stream:   1.849352 s
  Time to read in seconds RCM_run is:    0.7452430    
Time to run write_record_output_stream:   6.620175 s
Time to run write_record_output_stream:  18.036547 s
Time to run write_record_output_stream:   1.804451 s
Time to run write_record_output_stream:   6.614822 s
Time to run write_record_output_stream:  18.251554 s
Time to run write_record_output_stream:   1.875450 s
Time to run write_record_output_stream:   6.608948 s
Time to run write_record_output_stream:  17.763812 s
Time to run write_record_output_stream:   2.217306 s
Time to run write_record_output_stream:   6.612180 s
Time to run write_record_output_stream:  17.393146 s
Time to run write_record_output_stream:   2.199978 s
Time to run write_record_output_stream:   6.604811 s
Time to run write_record_output_stream: ********** s
Time to run write_record_output_stream:   1.933690 s
Time to run write_record_output_stream:   6.617615 s
Time to run write_record_output_stream:  15.104759 s
Time to run write_record_output_stream:   1.849254 s
  Time to read in seconds RCM_run is:    0.7452570    
Time to run write_record_output_stream:   6.619231 s
Time to run write_record_output_stream:  15.752091 s
Time to run write_record_output_stream:   1.804280 s
Time to run write_record_output_stream:   6.614067 s
Time to run write_record_output_stream:  16.523050 s
Time to run write_record_output_stream:   1.875279 s
Time to run write_record_output_stream:   6.607805 s
Time to run write_record_output_stream:  17.312360 s
Time to run write_record_output_stream:   2.217090 s
Time to run write_record_output_stream:   6.611562 s
Time to run write_record_output_stream:  18.738405 s
Time to run write_record_output_stream:   2.199826 s
Time to run write_record_output_stream:   6.605123 s
Time to run write_record_output_stream: ********** s
Time to run write_record_output_stream:   1.933526 s
Time to run write_record_output_stream:   6.618468 s
Time to run write_record_output_stream:   6.754565 s
Time to run write_record_output_stream:   1.849378 s
  Time to read in seconds RCM_run is:    0.7448620    
Time to run write_record_output_stream:   6.619413 s
Time to run write_record_output_stream:   7.903250 s
Time to run write_record_output_stream:   1.804693 s
Time to run write_record_output_stream:   6.614034 s
Time to run write_record_output_stream:   8.919480 s
Time to run write_record_output_stream:   1.875490 s
Time to run write_record_output_stream:   6.608030 s
Time to run write_record_output_stream:  10.313956 s
Time to run write_record_output_stream:   2.217330 s
Time to run write_record_output_stream:   6.611445 s
Time to run write_record_output_stream:  11.959936 s
Time to run write_record_output_stream:   2.199960 s
Time to run write_record_output_stream:   6.604197 s
Time to run write_record_output_stream:   0.000000 s
Time to run write_record_output_stream:   1.933794 s
Time to run write_record_output_stream:   6.592222 s
Time to run write_record_output_stream:  19.133474 s
Time to run write_record_output_stream:   2.378349 s
  Time to read in seconds RCM_run is:    0.7136360    
Time to run write_record_output_stream:   6.620096 s
Time to run write_record_output_stream:  19.332454 s
Time to run write_record_output_stream:   2.003737 s
Time to run write_record_output_stream:   6.633024 s
Time to run write_record_output_stream:  19.507057 s
Time to run write_record_output_stream:   1.830939 s
Time to run write_record_output_stream:   6.609784 s
Time to run write_record_output_stream:  19.684632 s
Time to run write_record_output_stream:   1.873893 s
Time to run write_record_output_stream:   6.763464 s
Time to run write_record_output_stream:  19.397573 s
Time to run write_record_output_stream:   1.756399 s
Time to run write_record_output_stream:   6.601121 s
Time to run write_record_output_stream:  19.190327 s
Time to run write_record_output_stream:   2.431456 s
Time to run write_record_output_stream:   6.625647 s
Time to run write_record_output_stream:   6.617764 s
Time to run write_record_output_stream:   5.507918 s
Time to run write_record_output_stream:   1.849334 s
  Time to read in seconds RCM_run is:    0.7451630    
Time to run write_record_output_stream:   6.619410 s
Time to run write_record_output_stream:   5.781717 s
Time to run write_record_output_stream:   1.804379 s
Time to run write_record_output_stream:   6.613969 s
Time to run write_record_output_stream:   6.485762 s
Time to run write_record_output_stream:   1.875416 s
Time to run write_record_output_stream:   6.608554 s
Time to run write_record_output_stream:   6.720428 s
Time to run write_record_output_stream:   2.217117 s
Time to run write_record_output_stream:   6.611867 s
Time to run write_record_output_stream:   7.134165 s
Time to run write_record_output_stream:   2.199814 s
Time to run write_record_output_stream:   6.604575 s
Time to run write_record_output_stream:   0.000000 s
Time to run write_record_output_stream:   1.933552 s
Time to run write_record_output_stream:   6.620179 s
Time to run write_record_output_stream:  19.919171 s
Time to run write_record_output_stream:   1.849267 s
  Time to read in seconds RCM_run is:    0.7444590    
Time to run write_record_output_stream:   6.620311 s
Time to run write_record_output_stream:  18.973976 s
Time to run write_record_output_stream:   1.804453 s
Time to run write_record_output_stream:   6.615140 s
Time to run write_record_output_stream:  17.662724 s
Time to run write_record_output_stream:   1.875465 s
Time to run write_record_output_stream:   6.608500 s
Time to run write_record_output_stream:  16.146626 s
Time to run write_record_output_stream:   2.217175 s
Time to run write_record_output_stream:   6.611701 s
Time to run write_record_output_stream:  15.208980 s
Time to run write_record_output_stream:   2.199896 s
Time to run write_record_output_stream:   6.605763 s
Time to run write_record_output_stream:   0.000000 s
Time to run write_record_output_stream:   1.933673 s
Time to run write_record_output_stream:   6.627224 s
Time to run write_record_output_stream:   6.626705 s
Time to run write_record_output_stream:   6.625514 s
Time to run write_record_output_stream:   6.626302 s
Time to run write_record_output_stream:   6.618688 s
Time to run write_record_output_stream:  19.208556 s
Time to run write_record_output_stream:   1.849561 s
  Time to read in seconds RCM_run is:    0.7449060    
Time to run write_record_output_stream:   6.620185 s
Time to run write_record_output_stream:  19.436829 s
Time to run write_record_output_stream:   1.804615 s
Time to run write_record_output_stream:   6.613923 s
Time to run write_record_output_stream:  19.419855 s
Time to run write_record_output_stream:   1.875587 s
Time to run write_record_output_stream:   6.608400 s
Time to run write_record_output_stream:  18.901549 s
Time to run write_record_output_stream:   2.217487 s
Time to run write_record_output_stream:   6.612029 s
Time to run write_record_output_stream:  18.659282 s
Time to run write_record_output_stream:   2.200110 s
Time to run write_record_output_stream:   6.605131 s
Time to run write_record_output_stream: ********** s
Time to run write_record_output_stream:   1.933752 s
Time to run write_record_output_stream:   6.625820 s
Time to run write_record_output_stream:   6.626831 s
 MPI Rank:           23  using device:            0
 Set     1 100% special land-units points to zero slope
Time to run newoutfiles:  14.475676 s
Time to run write_record_output_stream:   6.819752 s
Time to run write_record_output_stream:  11.062786 s
Time to run write_record_output_stream:   6.572554 s
Time to run write_record_output_stream:   1.969833 s
Time to run write_record_output_stream:   8.627475 s
Time to run write_record_output_stream:   7.419217 s
Time to run write_record_output_stream:   1.979531 s
Time to run write_record_output_stream:   7.262585 s
Time to run write_record_output_stream:   8.553635 s
Time to run write_record_output_stream:   2.019196 s
Time to run write_record_output_stream:   8.368278 s
Time to run write_record_output_stream:  13.428671 s
Time to run write_record_output_stream:   2.249817 s
Time to run write_record_output_stream:   6.989652 s
Time to run write_record_output_stream:   9.354441 s
Time to run write_record_output_stream:   1.641570 s
Time to run write_record_output_stream:   6.625865 s
Time to run write_record_output_stream:   6.808316 s
Time to run write_record_output_stream:  10.026467 s
Time to run write_record_output_stream:   1.717350 s
  Time to read in seconds RCM_run is:    0.6813980    
Time to run write_record_output_stream:   6.596398 s
Time to run write_record_output_stream:   9.805554 s
Time to run write_record_output_stream:   3.495866 s
Time to run write_record_output_stream:   6.600565 s
Time to run write_record_output_stream:   9.542963 s
Time to run write_record_output_stream:   2.061096 s
Time to run write_record_output_stream:   6.607485 s
Time to run write_record_output_stream:   9.099380 s
Time to run write_record_output_stream:   1.689126 s
Time to run write_record_output_stream:   6.588780 s
Time to run write_record_output_stream:   8.508481 s
Time to run write_record_output_stream:   1.624645 s
Time to run write_record_output_stream:   6.603175 s
Time to run write_record_output_stream:   9.295124 s
Time to run write_record_output_stream:   1.731846 s
 MPI Rank:           30  using device:            0
 Set   110 100% special land-units points to zero slope
Time to run newoutfiles:  14.443454 s
Time to run write_record_output_stream:   6.773555 s
Time to run write_record_output_stream:  11.062132 s
Time to run write_record_output_stream:   2.824146 s
Time to run write_record_output_stream:   1.970049 s
Time to run write_record_output_stream:   8.627079 s
Time to run write_record_output_stream:   3.053963 s
Time to run write_record_output_stream:   1.979512 s
Time to run write_record_output_stream:   7.262476 s
Time to run write_record_output_stream:   3.803415 s
Time to run write_record_output_stream:   2.019223 s
Time to run write_record_output_stream:   8.367996 s
Time to run write_record_output_stream:   8.643278 s
Time to run write_record_output_stream:   2.249898 s
Time to run write_record_output_stream:   6.989319 s
Time to run write_record_output_stream:   4.675496 s
Time to run write_record_output_stream:   1.641594 s
Time to run write_record_output_stream:   6.592532 s
Time to run write_record_output_stream:   7.524652 s
Time to run write_record_output_stream:   2.378130 s
  Time to read in seconds RCM_run is:    0.7033510    
Time to run write_record_output_stream:   6.620290 s
Time to run write_record_output_stream:   7.010883 s
Time to run write_record_output_stream:   2.003629 s
Time to run write_record_output_stream:   6.633407 s
Time to run write_record_output_stream:   6.635620 s
Time to run write_record_output_stream:   1.830287 s
Time to run write_record_output_stream:   6.610278 s
Time to run write_record_output_stream:   6.430917 s
Time to run write_record_output_stream:   1.873553 s
Time to run write_record_output_stream:   6.763026 s
Time to run write_record_output_stream:   5.987600 s
Time to run write_record_output_stream:   1.756100 s
Time to run write_record_output_stream:   6.600812 s
Time to run write_record_output_stream:   5.994753 s
Time to run write_record_output_stream:   2.431267 s
Time to run write_record_output_stream:   6.808009 s
Time to run write_record_output_stream:   6.035245 s
Time to run write_record_output_stream:   1.717611 s
  Time to read in seconds RCM_run is:    0.6816520    
Time to run write_record_output_stream:   6.596061 s
Time to run write_record_output_stream:   7.039394 s
Time to run write_record_output_stream:   3.495831 s
Time to run write_record_output_stream:   6.600091 s
Time to run write_record_output_stream:   7.933594 s
Time to run write_record_output_stream:   2.061223 s
Time to run write_record_output_stream:   6.607691 s
Time to run write_record_output_stream:   8.366955 s
Time to run write_record_output_stream:   1.689196 s
Time to run write_record_output_stream:   6.588591 s
Time to run write_record_output_stream:   8.777840 s
Time to run write_record_output_stream:   1.624720 s
Time to run write_record_output_stream:   6.602718 s
Time to run write_record_output_stream:  10.518551 s
Time to run write_record_output_stream:   1.731954 s
Time to run write_record_output_stream:   6.618749 s
Time to run write_record_output_stream:   5.934263 s
Time to run write_record_output_stream:   1.849237 s
  Time to read in seconds RCM_run is:    0.7451670    
Time to run write_record_output_stream:   6.620160 s
Time to run write_record_output_stream:   5.977376 s
Time to run write_record_output_stream:   1.804425 s
Time to run write_record_output_stream:   6.614809 s
Time to run write_record_output_stream:   6.354147 s
Time to run write_record_output_stream:   1.875325 s
Time to run write_record_output_stream:   6.607943 s
Time to run write_record_output_stream:   6.824055 s
Time to run write_record_output_stream:   2.217212 s
Time to run write_record_output_stream:   6.611129 s
Time to run write_record_output_stream:   7.891408 s
Time to run write_record_output_stream:   2.199945 s
Time to run write_record_output_stream:   6.605736 s
Time to run write_record_output_stream:   0.000000 s
Time to run write_record_output_stream:   1.933630 s
Time to run write_record_output_stream:   6.591756 s
Time to run write_record_output_stream:   9.794811 s
Time to run write_record_output_stream:   2.378289 s
  Time to read in seconds RCM_run is:    0.7034670    
Time to run write_record_output_stream:   6.619780 s
Time to run write_record_output_stream:  10.215169 s
Time to run write_record_output_stream:   2.003535 s
Time to run write_record_output_stream:   6.633029 s
Time to run write_record_output_stream:  10.074876 s
Time to run write_record_output_stream:   1.830792 s
Time to run write_record_output_stream:   6.609901 s
Time to run write_record_output_stream:  10.105073 s
Time to run write_record_output_stream:   1.873772 s
Time to run write_record_output_stream:   6.763329 s
Time to run write_record_output_stream:   9.330245 s
Time to run write_record_output_stream:   1.756273 s
Time to run write_record_output_stream:   6.601240 s
Time to run write_record_output_stream:   8.640461 s
Time to run write_record_output_stream:   2.431356 s
Time to run write_record_output_stream:   6.625848 s
Time to run write_record_output_stream:   6.618644 s
Time to run write_record_output_stream:   7.921432 s
Time to run write_record_output_stream:   1.849324 s
  Time to read in seconds RCM_run is:    0.7450940    
Time to run write_record_output_stream:   6.620192 s
Time to run write_record_output_stream:   6.702676 s
Time to run write_record_output_stream:   1.804435 s
Time to run write_record_output_stream:   6.614108 s
Time to run write_record_output_stream:   5.708451 s
Time to run write_record_output_stream:   1.875505 s
Time to run write_record_output_stream:   6.609032 s
Time to run write_record_output_stream:   4.676358 s
Time to run write_record_output_stream:   2.217313 s
Time to run write_record_output_stream:   6.612005 s
Time to run write_record_output_stream:   4.377147 s
Time to run write_record_output_stream:   2.199929 s
Time to run write_record_output_stream:   6.605554 s
Time to run write_record_output_stream:   0.000000 s
Time to run write_record_output_stream:   1.933677 s
Time to run write_record_output_stream:   6.625498 s
 MPI Rank:           21  using device:            0
Time to run newoutfiles:  13.967947 s
Time to run write_record_output_stream:   6.808684 s
Time to run write_record_output_stream:  11.062611 s
Time to run write_record_output_stream:  15.749903 s
Time to run write_record_output_stream:   1.969881 s
Time to run write_record_output_stream:   8.627495 s
Time to run write_record_output_stream:  16.412329 s
Time to run write_record_output_stream:   1.979479 s
Time to run write_record_output_stream:   7.262312 s
Time to run write_record_output_stream:  16.771904 s
Time to run write_record_output_stream:   2.019012 s
Time to run write_record_output_stream:   8.367625 s
Time to run write_record_output_stream:  20.629011 s
Time to run write_record_output_stream:   2.249739 s
Time to run write_record_output_stream:   6.988938 s
Time to run write_record_output_stream:  16.030143 s
Time to run write_record_output_stream:   1.641602 s
Time to run write_record_output_stream:   6.808339 s
 MPI Rank:            1  using device:            0
Time to run newoutfiles:  12.696089 s
Time to run write_record_output_stream:   7.167447 s
Time to run write_record_output_stream:  11.062114 s
Time to run write_record_output_stream:   7.944090 s
Time to run write_record_output_stream:   1.969752 s
Time to run write_record_output_stream:   8.626613 s
Time to run write_record_output_stream:  12.358500 s
Time to run write_record_output_stream:   1.979369 s
Time to run write_record_output_stream:   7.261468 s
Time to run write_record_output_stream:  14.819071 s
Time to run write_record_output_stream:   2.019068 s
Time to run write_record_output_stream:   8.367564 s
Time to run write_record_output_stream:  20.186705 s
Time to run write_record_output_stream:   2.249773 s
Time to run write_record_output_stream:   6.989081 s
Time to run write_record_output_stream:  16.213499 s
Time to run write_record_output_stream:   1.641479 s
Time to run write_record_output_stream:   6.807962 s
 MPI Rank:           28  using device:            0
Time to run newoutfiles:  14.448680 s
Time to run write_record_output_stream:   6.808609 s
Time to run write_record_output_stream:  11.061336 s
Time to run write_record_output_stream:  10.679303 s
Time to run write_record_output_stream:   1.969887 s
Time to run write_record_output_stream:   8.626699 s
Time to run write_record_output_stream:  11.275263 s
Time to run write_record_output_stream:   1.979546 s
Time to run write_record_output_stream:   7.262162 s
Time to run write_record_output_stream:  11.931727 s
Time to run write_record_output_stream:   2.019177 s
Time to run write_record_output_stream:   8.367671 s
Time to run write_record_output_stream:  17.038833 s
Time to run write_record_output_stream:   2.249845 s
Time to run write_record_output_stream:   6.989034 s
Time to run write_record_output_stream:  13.632349 s
Time to run write_record_output_stream:   1.641648 s
Time to run write_record_output_stream:   6.808197 s
 MPI Rank:            4  using device:            0
Time to run newoutfiles:  14.097568 s
Time to run write_record_output_stream:   6.852733 s
Time to run write_record_output_stream:  11.062658 s
Time to run write_record_output_stream:   8.890803 s
Time to run write_record_output_stream:   1.969898 s
Time to run write_record_output_stream:   8.627633 s
Time to run write_record_output_stream:   9.409542 s
Time to run write_record_output_stream:   1.979544 s
Time to run write_record_output_stream:   7.261692 s
Time to run write_record_output_stream:  10.198710 s
Time to run write_record_output_stream:   2.019167 s
Time to run write_record_output_stream:   8.368473 s
Time to run write_record_output_stream:  14.766021 s
Time to run write_record_output_stream:   2.249908 s
Time to run write_record_output_stream:   6.989454 s
Time to run write_record_output_stream:  10.523691 s
Time to run write_record_output_stream:   1.641543 s
Time to run write_record_output_stream:   6.808043 s
 MPI Rank:           49  using device:            0
Time to run newoutfiles:  14.580046 s
Time to run write_record_output_stream:   6.714704 s
Time to run write_record_output_stream:  11.062897 s
Time to run write_record_output_stream:   4.371308 s
Time to run write_record_output_stream:   1.969849 s
Time to run write_record_output_stream:   8.626669 s
Time to run write_record_output_stream:   5.056951 s
Time to run write_record_output_stream:   1.979442 s
Time to run write_record_output_stream:   7.261750 s
Time to run write_record_output_stream:   5.914766 s
Time to run write_record_output_stream:   2.019221 s
Time to run write_record_output_stream:   8.368478 s
Time to run write_record_output_stream:  10.389918 s
Time to run write_record_output_stream:   2.249867 s
Time to run write_record_output_stream:   6.988997 s
Time to run write_record_output_stream:   5.945831 s
Time to run write_record_output_stream:   1.641572 s
Time to run write_record_output_stream:   6.807737 s
 MPI Rank:           56  using device:            0
Time to run newoutfiles:  13.428977 s
Time to run write_record_output_stream:   6.714613 s
Time to run write_record_output_stream:  11.063696 s
Time to run write_record_output_stream:   2.811909 s
Time to run write_record_output_stream:   1.969971 s
Time to run write_record_output_stream:   8.627520 s
Time to run write_record_output_stream:   3.016698 s
Time to run write_record_output_stream:   1.979577 s
Time to run write_record_output_stream:   7.261703 s
Time to run write_record_output_stream:   3.536336 s
Time to run write_record_output_stream:   2.019189 s
Time to run write_record_output_stream:   8.369247 s
Time to run write_record_output_stream:   7.861870 s
Time to run write_record_output_stream:   2.249912 s
Time to run write_record_output_stream:   6.989678 s
Time to run write_record_output_stream:   3.374456 s
Time to run write_record_output_stream:   1.641683 s
Time to run write_record_output_stream:   6.808094 s
 MPI Rank:           16  using device:            0
Time to run newoutfiles:  13.412914 s
Time to run write_record_output_stream:   7.168225 s
Time to run write_record_output_stream:  11.063100 s
Time to run write_record_output_stream:   5.412772 s
Time to run write_record_output_stream:   1.969793 s
Time to run write_record_output_stream:   8.627100 s
Time to run write_record_output_stream:   5.711223 s
Time to run write_record_output_stream:   1.979418 s
Time to run write_record_output_stream:   7.261795 s
Time to run write_record_output_stream:   6.213576 s
Time to run write_record_output_stream:   2.019121 s
Time to run write_record_output_stream:   8.367790 s
Time to run write_record_output_stream:  10.643801 s
Time to run write_record_output_stream:   2.249784 s
Time to run write_record_output_stream:   6.989070 s
Time to run write_record_output_stream:   6.301856 s
Time to run write_record_output_stream:   1.641502 s
Time to run write_record_output_stream:   6.807158 s
 MPI Rank:           12  using device:            0
Time to run newoutfiles:  14.448806 s
Time to run write_record_output_stream:   6.845871 s
Time to run write_record_output_stream:  11.062687 s
Time to run write_record_output_stream:   9.991124 s
Time to run write_record_output_stream:   1.969666 s
Time to run write_record_output_stream:   8.627123 s
Time to run write_record_output_stream:  10.416932 s
Time to run write_record_output_stream:   1.979405 s
Time to run write_record_output_stream:   7.261575 s
Time to run write_record_output_stream:  11.049088 s
Time to run write_record_output_stream:   2.019153 s
Time to run write_record_output_stream:   8.368175 s
Time to run write_record_output_stream:  15.441997 s
Time to run write_record_output_stream:   2.249711 s
Time to run write_record_output_stream:   6.989022 s
Time to run write_record_output_stream:  10.960429 s
Time to run write_record_output_stream:   1.641524 s
Time to run write_record_output_stream:   6.807973 s
Time to run write_record_output_stream:  16.656348 s
Time to run write_record_output_stream:   1.717281 s
  Time to read in seconds RCM_run is:    0.6814380    
Time to run write_record_output_stream:   6.596615 s
Time to run write_record_output_stream:  16.929610 s
Time to run write_record_output_stream:   3.495728 s
Time to run write_record_output_stream:   6.599822 s
Time to run write_record_output_stream:  17.571035 s
Time to run write_record_output_stream:   2.061098 s
Time to run write_record_output_stream:   6.607678 s
Time to run write_record_output_stream:  18.266748 s
Time to run write_record_output_stream:   1.688922 s
Time to run write_record_output_stream:   6.588493 s
Time to run write_record_output_stream:  18.948261 s
Time to run write_record_output_stream:   1.624645 s
Time to run write_record_output_stream:   6.603256 s
Time to run write_record_output_stream:  20.996048 s
Time to run write_record_output_stream:   1.731812 s
Time to run write_record_output_stream:   6.592407 s
 MPI Rank:           40  using device:            0
Time to run newoutfiles:  14.547616 s
Time to run write_record_output_stream:   6.718987 s
Time to run write_record_output_stream:  11.062972 s
Time to run write_record_output_stream:   3.093202 s
Time to run write_record_output_stream:   1.969952 s
Time to run write_record_output_stream:   8.626411 s
Time to run write_record_output_stream:   3.691464 s
Time to run write_record_output_stream:   1.979572 s
Time to run write_record_output_stream:   7.261845 s
Time to run write_record_output_stream:   4.558153 s
Time to run write_record_output_stream:   2.019298 s
Time to run write_record_output_stream:   8.368309 s
Time to run write_record_output_stream:   9.141161 s
Time to run write_record_output_stream:   2.249785 s
Time to run write_record_output_stream:   6.989216 s
Time to run write_record_output_stream:   4.818140 s
Time to run write_record_output_stream:   1.641572 s
Time to run write_record_output_stream:   6.808160 s
Time to run write_record_output_stream:  16.948227 s
Time to run write_record_output_stream:   1.717375 s
  Time to read in seconds RCM_run is:    0.6810770    
Time to run write_record_output_stream:   6.595526 s
Time to run write_record_output_stream:  16.765481 s
Time to run write_record_output_stream:   3.495728 s
Time to run write_record_output_stream:   6.599738 s
Time to run write_record_output_stream:  17.140055 s
Time to run write_record_output_stream:   2.061036 s
Time to run write_record_output_stream:   6.607390 s
Time to run write_record_output_stream:  17.496413 s
Time to run write_record_output_stream:   1.689029 s
Time to run write_record_output_stream:   6.588110 s
Time to run write_record_output_stream:  17.546059 s
Time to run write_record_output_stream:   1.624621 s
Time to run write_record_output_stream:   6.602822 s
Time to run write_record_output_stream:  19.010331 s
Time to run write_record_output_stream:   1.731840 s
Time to run write_record_output_stream:   6.591130 s
Time to run write_record_output_stream:  14.989594 s
Time to run write_record_output_stream:   1.717441 s
  Time to read in seconds RCM_run is:    0.6814520    
Time to run write_record_output_stream:   6.596069 s
Time to run write_record_output_stream:  15.125602 s
Time to run write_record_output_stream:   3.495767 s
Time to run write_record_output_stream:   6.599799 s
Time to run write_record_output_stream:  14.907428 s
Time to run write_record_output_stream:   2.061146 s
Time to run write_record_output_stream:   6.607945 s
Time to run write_record_output_stream:  14.904909 s
Time to run write_record_output_stream:   1.689110 s
Time to run write_record_output_stream:   6.588073 s
Time to run write_record_output_stream:  15.060762 s
Time to run write_record_output_stream:   1.624786 s
Time to run write_record_output_stream:   6.603167 s
Time to run write_record_output_stream:  16.741474 s
Time to run write_record_output_stream:   1.731893 s
Time to run write_record_output_stream:   6.591745 s
Time to run write_record_output_stream:  11.131205 s
Time to run write_record_output_stream:   1.717346 s
  Time to read in seconds RCM_run is:    0.6817030    
Time to run write_record_output_stream:   6.595907 s
Time to run write_record_output_stream:  11.037066 s
Time to run write_record_output_stream:   3.495954 s
Time to run write_record_output_stream:   6.600275 s
Time to run write_record_output_stream:  11.079923 s
Time to run write_record_output_stream:   2.061081 s
Time to run write_record_output_stream:   6.607326 s
Time to run write_record_output_stream:  11.089426 s
Time to run write_record_output_stream:   1.689032 s
Time to run write_record_output_stream:   6.588114 s
Time to run write_record_output_stream:  11.076200 s
Time to run write_record_output_stream:   1.624681 s
Time to run write_record_output_stream:   6.602784 s
Time to run write_record_output_stream:  12.536794 s
Time to run write_record_output_stream:   1.731876 s
Time to run write_record_output_stream:   6.592012 s
 MPI Rank:            8  using device:            0
Time to run newoutfiles:  13.980806 s
Time to run write_record_output_stream:   7.168125 s
Time to run write_record_output_stream:  11.063148 s
Time to run write_record_output_stream:   5.929535 s
Time to run write_record_output_stream:   1.969920 s
Time to run write_record_output_stream:   8.627077 s
Time to run write_record_output_stream:   6.623306 s
Time to run write_record_output_stream:   1.979475 s
Time to run write_record_output_stream:   7.261557 s
Time to run write_record_output_stream:   8.640963 s
Time to run write_record_output_stream:   2.019118 s
Time to run write_record_output_stream:   8.368023 s
Time to run write_record_output_stream:  14.482501 s
Time to run write_record_output_stream:   2.249758 s
Time to run write_record_output_stream:   6.989634 s
Time to run write_record_output_stream:  11.274897 s
Time to run write_record_output_stream:   1.641537 s
Time to run write_record_output_stream:   6.807322 s
 MPI Rank:           36  using device:            0
Time to run newoutfiles:  14.468935 s
Time to run write_record_output_stream:   6.772034 s
Time to run write_record_output_stream:  11.062252 s
Time to run write_record_output_stream:  12.795275 s
Time to run write_record_output_stream:   1.969888 s
Time to run write_record_output_stream:   8.626180 s
Time to run write_record_output_stream:  13.785868 s
Time to run write_record_output_stream:   1.979413 s
Time to run write_record_output_stream:   7.262131 s
Time to run write_record_output_stream:  14.867823 s
Time to run write_record_output_stream:   2.019053 s
Time to run write_record_output_stream:   8.367266 s
Time to run write_record_output_stream:  19.394397 s
Time to run write_record_output_stream:   2.249748 s
Time to run write_record_output_stream:   6.988557 s
Time to run write_record_output_stream:  14.773180 s
Time to run write_record_output_stream:   1.641449 s
Time to run write_record_output_stream:   6.807798 s
 MPI Rank:           60  using device:            0
Time to run newoutfiles:  13.842728 s
Time to run write_record_output_stream:   6.917669 s
Time to run write_record_output_stream:  11.062458 s
Time to run write_record_output_stream:  10.702242 s
Time to run write_record_output_stream:   1.969820 s
Time to run write_record_output_stream:   8.627689 s
Time to run write_record_output_stream:  12.501620 s
Time to run write_record_output_stream:   1.979519 s
Time to run write_record_output_stream:   7.262631 s
Time to run write_record_output_stream:  14.457911 s
Time to run write_record_output_stream:   2.019117 s
Time to run write_record_output_stream:   8.368463 s
Time to run write_record_output_stream:  20.006176 s
Time to run write_record_output_stream:   2.249873 s
Time to run write_record_output_stream:   6.989816 s
Time to run write_record_output_stream:  16.165734 s
Time to run write_record_output_stream:   1.641590 s
Time to run write_record_output_stream:   6.808160 s
Time to run write_record_output_stream:   6.295403 s
Time to run write_record_output_stream:   1.717318 s
  Time to read in seconds RCM_run is:    0.6965580    
Time to run write_record_output_stream:   6.595593 s
Time to run write_record_output_stream:   4.865825 s
Time to run write_record_output_stream:   3.495834 s
Time to run write_record_output_stream:   6.599241 s
Time to run write_record_output_stream:   3.733892 s
Time to run write_record_output_stream:   2.061029 s
Time to run write_record_output_stream:   6.607599 s
Time to run write_record_output_stream:   2.747428 s
Time to run write_record_output_stream:   1.688969 s
Time to run write_record_output_stream:   6.587834 s
Time to run write_record_output_stream:   2.123708 s
Time to run write_record_output_stream:   1.624575 s
Time to run write_record_output_stream:   6.603440 s
Time to run write_record_output_stream:   3.321094 s
Time to run write_record_output_stream:   1.731906 s
Time to run write_record_output_stream:   6.591649 s
 MPI Rank:           44  using device:            0
Time to run newoutfiles:  14.376991 s
Time to run write_record_output_stream:   6.776034 s
Time to run write_record_output_stream:  11.062189 s
Time to run write_record_output_stream:  12.512815 s
Time to run write_record_output_stream:   1.969969 s
Time to run write_record_output_stream:   8.626362 s
Time to run write_record_output_stream:  13.535645 s
Time to run write_record_output_stream:   1.979513 s
Time to run write_record_output_stream:   7.262178 s
Time to run write_record_output_stream:  14.809279 s
Time to run write_record_output_stream:   2.019241 s
Time to run write_record_output_stream:   8.368167 s
Time to run write_record_output_stream:  19.648364 s
Time to run write_record_output_stream:   2.249788 s
Time to run write_record_output_stream:   6.988833 s
Time to run write_record_output_stream:  15.659868 s
Time to run write_record_output_stream:   1.641628 s
Time to run write_record_output_stream:   6.807868 s
 MPI Rank:           24  using device:            0
Time to run newoutfiles:  13.809988 s
Time to run write_record_output_stream:   6.752490 s
Time to run write_record_output_stream:  11.062864 s
Time to run write_record_output_stream:   5.814934 s
Time to run write_record_output_stream:   1.970119 s
Time to run write_record_output_stream:   8.626806 s
Time to run write_record_output_stream:   6.306098 s
Time to run write_record_output_stream:   1.979673 s
Time to run write_record_output_stream:   7.261772 s
Time to run write_record_output_stream:   6.922439 s
Time to run write_record_output_stream:   2.019379 s
Time to run write_record_output_stream:   8.368096 s
Time to run write_record_output_stream:  11.523547 s
Time to run write_record_output_stream:   2.249952 s
Time to run write_record_output_stream:   6.989805 s
Time to run write_record_output_stream:   7.326942 s
Time to run write_record_output_stream:   1.641732 s
Time to run write_record_output_stream:   6.807327 s
Time to run write_record_output_stream:   3.739650 s
Time to run write_record_output_stream:   1.717399 s
  Time to read in seconds RCM_run is:    0.6962220    
Time to run write_record_output_stream:   6.596384 s
Time to run write_record_output_stream:   3.247816 s
Time to run write_record_output_stream:   3.495961 s
Time to run write_record_output_stream:   6.600080 s
Time to run write_record_output_stream:   2.931182 s
Time to run write_record_output_stream:   2.061255 s
Time to run write_record_output_stream:   6.608361 s
Time to run write_record_output_stream:   2.720112 s
Time to run write_record_output_stream:   1.689030 s
Time to run write_record_output_stream:   6.587977 s
Time to run write_record_output_stream:   2.610830 s
Time to run write_record_output_stream:   1.624744 s
Time to run write_record_output_stream:   6.603395 s
Time to run write_record_output_stream:   3.940729 s
Time to run write_record_output_stream:   1.731984 s
Time to run write_record_output_stream:   6.592215 s
 MPI Rank:           32  using device:            0
Time to run newoutfiles:  13.997828 s
Time to run write_record_output_stream:   6.752020 s
Time to run write_record_output_stream:  11.063122 s
Time to run write_record_output_stream:   4.782527 s
Time to run write_record_output_stream:   1.969929 s
Time to run write_record_output_stream:   8.626601 s
Time to run write_record_output_stream:   5.178899 s
Time to run write_record_output_stream:   1.979614 s
Time to run write_record_output_stream:   7.262393 s
Time to run write_record_output_stream:   6.054833 s
Time to run write_record_output_stream:   2.019175 s
Time to run write_record_output_stream:   8.368288 s
Time to run write_record_output_stream:  10.720305 s
Time to run write_record_output_stream:   2.249763 s
Time to run write_record_output_stream:   6.989946 s
Time to run write_record_output_stream:   6.617391 s
Time to run write_record_output_stream:   1.641469 s
Time to run write_record_output_stream:   6.807671 s
 MPI Rank:           52  using device:            0
Time to run newoutfiles:  13.042501 s
Time to run write_record_output_stream:   6.792414 s
Time to run write_record_output_stream:  11.062115 s
Time to run write_record_output_stream:  13.092809 s
Time to run write_record_output_stream:   1.970025 s
Time to run write_record_output_stream:   8.626822 s
Time to run write_record_output_stream:  13.509879 s
Time to run write_record_output_stream:   1.979622 s
Time to run write_record_output_stream:   7.262139 s
Time to run write_record_output_stream:  14.153366 s
Time to run write_record_output_stream:   2.019202 s
Time to run write_record_output_stream:   8.367934 s
Time to run write_record_output_stream:  18.696706 s
Time to run write_record_output_stream:   2.249962 s
Time to run write_record_output_stream:   6.989376 s
Time to run write_record_output_stream:  14.761783 s
Time to run write_record_output_stream:   1.641598 s
Time to run write_record_output_stream:   6.807585 s
Time to run write_record_output_stream:   6.844960 s
Time to run write_record_output_stream:   1.717336 s
  Time to read in seconds RCM_run is:    0.6810660    
Time to run write_record_output_stream:   6.595340 s
Time to run write_record_output_stream:   6.657261 s
Time to run write_record_output_stream:   3.495762 s
Time to run write_record_output_stream:   6.600387 s
Time to run write_record_output_stream:   6.055747 s
Time to run write_record_output_stream:   2.061006 s
Time to run write_record_output_stream:   6.607392 s
Time to run write_record_output_stream:   4.614753 s
Time to run write_record_output_stream:   1.689034 s
Time to run write_record_output_stream:   6.588538 s
Time to run write_record_output_stream:   3.709035 s
Time to run write_record_output_stream:   1.624584 s
Time to run write_record_output_stream:   6.603024 s
Time to run write_record_output_stream:   4.411022 s
Time to run write_record_output_stream:   1.731823 s
Time to run write_record_output_stream:   6.591553 s
Time to run write_record_output_stream:  11.197136 s
Time to run write_record_output_stream:   1.717327 s
  Time to read in seconds RCM_run is:    0.6817540    
Time to run write_record_output_stream:   6.596064 s
Time to run write_record_output_stream:  10.745745 s
Time to run write_record_output_stream:   3.495805 s
Time to run write_record_output_stream:   6.600778 s
Time to run write_record_output_stream:  10.396047 s
Time to run write_record_output_stream:   2.061032 s
Time to run write_record_output_stream:   6.607022 s
Time to run write_record_output_stream:   9.987804 s
Time to run write_record_output_stream:   1.688925 s
Time to run write_record_output_stream:   6.588307 s
Time to run write_record_output_stream:   9.568228 s
Time to run write_record_output_stream:   1.624617 s
Time to run write_record_output_stream:   6.602694 s
Time to run write_record_output_stream:  10.615772 s
Time to run write_record_output_stream:   1.731746 s
Time to run write_record_output_stream:   6.591613 s
Time to run write_record_output_stream:  20.328583 s
Time to run write_record_output_stream:   2.378123 s
  Time to read in seconds RCM_run is:    0.6985340    
Time to run write_record_output_stream:   6.618942 s
Time to run write_record_output_stream:  20.789823 s
Time to run write_record_output_stream:   2.003569 s
Time to run write_record_output_stream:   6.633096 s
Time to run write_record_output_stream:  21.399420 s
Time to run write_record_output_stream:   1.830198 s
Time to run write_record_output_stream:   6.610637 s
Time to run write_record_output_stream:  22.093735 s
Time to run write_record_output_stream:   1.873559 s
Time to run write_record_output_stream:   6.762962 s
Time to run write_record_output_stream:  22.215171 s
Time to run write_record_output_stream:   1.756098 s
Time to run write_record_output_stream:   6.601055 s
Time to run write_record_output_stream:  22.576071 s
Time to run write_record_output_stream:   2.431281 s
Time to run write_record_output_stream:   6.617997 s
Time to run write_record_output_stream:   5.290325 s
Time to run write_record_output_stream:   1.717403 s
  Time to read in seconds RCM_run is:    0.6965650    
Time to run write_record_output_stream:   6.595509 s
Time to run write_record_output_stream:   5.001776 s
Time to run write_record_output_stream:   3.496036 s
Time to run write_record_output_stream:   6.599959 s
Time to run write_record_output_stream:   4.728399 s
Time to run write_record_output_stream:   2.061297 s
Time to run write_record_output_stream:   6.608016 s
Time to run write_record_output_stream:   4.514113 s
Time to run write_record_output_stream:   1.689194 s
Time to run write_record_output_stream:   6.588112 s
Time to run write_record_output_stream:   4.361984 s
Time to run write_record_output_stream:   1.624720 s
Time to run write_record_output_stream:   6.602681 s
Time to run write_record_output_stream:   5.718731 s
Time to run write_record_output_stream:   1.732002 s
Time to run write_record_output_stream:   6.591369 s
Time to run write_record_output_stream:  18.376687 s
Time to run write_record_output_stream:   2.378002 s
  Time to read in seconds RCM_run is:    0.6939300    
Time to run write_record_output_stream:   6.618709 s
Time to run write_record_output_stream:  18.704047 s
Time to run write_record_output_stream:   2.003527 s
Time to run write_record_output_stream:   6.632730 s
Time to run write_record_output_stream:  18.815504 s
Time to run write_record_output_stream:   1.830325 s
Time to run write_record_output_stream:   6.609925 s
Time to run write_record_output_stream:  19.334595 s
Time to run write_record_output_stream:   1.873707 s
Time to run write_record_output_stream:   6.762562 s
Time to run write_record_output_stream:  19.250941 s
Time to run write_record_output_stream:   1.756096 s
Time to run write_record_output_stream:   6.601303 s
Time to run write_record_output_stream:  18.690925 s
Time to run write_record_output_stream:   2.431188 s
Time to run write_record_output_stream:   6.619572 s
Time to run write_record_output_stream:  15.989036 s
Time to run write_record_output_stream:   2.378122 s
  Time to read in seconds RCM_run is:    0.7136670    
Time to run write_record_output_stream:   6.619251 s
Time to run write_record_output_stream:  16.056521 s
Time to run write_record_output_stream:   2.003638 s
Time to run write_record_output_stream:   6.633319 s
Time to run write_record_output_stream:  16.131315 s
Time to run write_record_output_stream:   1.830823 s
Time to run write_record_output_stream:   6.610479 s
Time to run write_record_output_stream:  16.393240 s
Time to run write_record_output_stream:   1.873819 s
Time to run write_record_output_stream:   6.762650 s
Time to run write_record_output_stream:  16.333476 s
Time to run write_record_output_stream:   1.756253 s
Time to run write_record_output_stream:   6.601232 s
Time to run write_record_output_stream:  16.746526 s
Time to run write_record_output_stream:   2.431449 s
Time to run write_record_output_stream:   6.617845 s
Time to run write_record_output_stream:  11.448242 s
Time to run write_record_output_stream:   2.378118 s
  Time to read in seconds RCM_run is:    0.6944250    
Time to run write_record_output_stream:   6.619639 s
Time to run write_record_output_stream:  11.512222 s
Time to run write_record_output_stream:   2.003732 s
Time to run write_record_output_stream:   6.633773 s
Time to run write_record_output_stream:  11.750771 s
Time to run write_record_output_stream:   1.830282 s
Time to run write_record_output_stream:   6.610609 s
Time to run write_record_output_stream:  12.084561 s
Time to run write_record_output_stream:   1.873718 s
Time to run write_record_output_stream:   6.763430 s
Time to run write_record_output_stream:  11.845879 s
Time to run write_record_output_stream:   1.756114 s
Time to run write_record_output_stream:   6.601424 s
Time to run write_record_output_stream:  11.803923 s
Time to run write_record_output_stream:   2.431262 s
Time to run write_record_output_stream:   6.618144 s
Time to run write_record_output_stream:  13.531830 s
Time to run write_record_output_stream:   1.717334 s
  Time to read in seconds RCM_run is:    0.6809380    
Time to run write_record_output_stream:   6.595293 s
Time to run write_record_output_stream:  15.785934 s
Time to run write_record_output_stream:   3.495898 s
Time to run write_record_output_stream:   6.600613 s
Time to run write_record_output_stream:  17.947399 s
Time to run write_record_output_stream:   2.061125 s
Time to run write_record_output_stream:   6.607315 s
Time to run write_record_output_stream:  19.169884 s
Time to run write_record_output_stream:   1.689074 s
Time to run write_record_output_stream:   6.588915 s
Time to run write_record_output_stream:  19.373178 s
Time to run write_record_output_stream:   1.624654 s
Time to run write_record_output_stream:   6.603053 s
Time to run write_record_output_stream:  20.642213 s
Time to run write_record_output_stream:   1.731853 s
Time to run write_record_output_stream:   6.591867 s
Time to run write_record_output_stream:  15.188405 s
Time to run write_record_output_stream:   1.717218 s
  Time to read in seconds RCM_run is:    0.6967570    
Time to run write_record_output_stream:   6.595552 s
Time to run write_record_output_stream:  15.022883 s
Time to run write_record_output_stream:   3.495768 s
Time to run write_record_output_stream:   6.599277 s
Time to run write_record_output_stream:  15.397363 s
Time to run write_record_output_stream:   2.061001 s
Time to run write_record_output_stream:   6.607594 s
Time to run write_record_output_stream:  15.920913 s
Time to run write_record_output_stream:   1.688905 s
Time to run write_record_output_stream:   6.587448 s
Time to run write_record_output_stream:  16.497266 s
Time to run write_record_output_stream:   1.624552 s
Time to run write_record_output_stream:   6.602783 s
Time to run write_record_output_stream:  18.227245 s
Time to run write_record_output_stream:   1.731793 s
Time to run write_record_output_stream:   6.591254 s
Time to run write_record_output_stream:  16.613422 s
Time to run write_record_output_stream:   1.717329 s
  Time to read in seconds RCM_run is:    0.6812450    
Time to run write_record_output_stream:   6.596332 s
Time to run write_record_output_stream:  16.076101 s
Time to run write_record_output_stream:   3.495829 s
Time to run write_record_output_stream:   6.600210 s
Time to run write_record_output_stream:  15.727931 s
Time to run write_record_output_stream:   2.061341 s
Time to run write_record_output_stream:   6.608195 s
Time to run write_record_output_stream:  15.670846 s
Time to run write_record_output_stream:   1.689123 s
Time to run write_record_output_stream:   6.588171 s
Time to run write_record_output_stream:  16.107915 s
Time to run write_record_output_stream:   1.624561 s
Time to run write_record_output_stream:   6.603413 s
Time to run write_record_output_stream:  18.199018 s
Time to run write_record_output_stream:   1.731875 s
Time to run write_record_output_stream:   6.592203 s
Time to run write_record_output_stream:   2.065886 s
Time to run write_record_output_stream:   2.378179 s
  Time to read in seconds RCM_run is:    0.6940390    
Time to run write_record_output_stream:   6.619779 s
Time to run write_record_output_stream:   1.809718 s
Time to run write_record_output_stream:   2.003578 s
Time to run write_record_output_stream:   6.633373 s
Time to run write_record_output_stream:   2.074557 s
Time to run write_record_output_stream:   1.830362 s
Time to run write_record_output_stream:   6.610279 s
Time to run write_record_output_stream:   2.799970 s
Time to run write_record_output_stream:   1.873560 s
Time to run write_record_output_stream:   6.763101 s
Time to run write_record_output_stream:   3.642028 s
Time to run write_record_output_stream:   1.756138 s
Time to run write_record_output_stream:   6.602133 s
Time to run write_record_output_stream:   4.780328 s
Time to run write_record_output_stream:   2.431275 s
Time to run write_record_output_stream:   6.619818 s
Time to run write_record_output_stream:  16.647138 s
Time to run write_record_output_stream:   1.717392 s
  Time to read in seconds RCM_run is:    0.6962690    
Time to run write_record_output_stream:   6.595559 s
Time to run write_record_output_stream:  17.009254 s
Time to run write_record_output_stream:   3.495862 s
Time to run write_record_output_stream:   6.599938 s
Time to run write_record_output_stream:  17.300560 s
Time to run write_record_output_stream:   2.061135 s
Time to run write_record_output_stream:   6.607461 s
Time to run write_record_output_stream:  16.814719 s
Time to run write_record_output_stream:   1.689076 s
Time to run write_record_output_stream:   6.587442 s
Time to run write_record_output_stream:  16.113416 s
Time to run write_record_output_stream:   1.624689 s
Time to run write_record_output_stream:   6.603138 s
Time to run write_record_output_stream:  17.038090 s
Time to run write_record_output_stream:   1.731852 s
Time to run write_record_output_stream:   6.591972 s
Time to run write_record_output_stream:   8.013047 s
Time to run write_record_output_stream:   1.717507 s
  Time to read in seconds RCM_run is:    0.6965520    
Time to run write_record_output_stream:   6.595467 s
Time to run write_record_output_stream:   7.644282 s
Time to run write_record_output_stream:   3.496143 s
Time to run write_record_output_stream:   6.600416 s
Time to run write_record_output_stream:   6.803726 s
Time to run write_record_output_stream:   2.061162 s
Time to run write_record_output_stream:   6.607507 s
Time to run write_record_output_stream:   5.968797 s
Time to run write_record_output_stream:   1.689254 s
Time to run write_record_output_stream:   6.587979 s
Time to run write_record_output_stream:   5.435324 s
Time to run write_record_output_stream:   1.624740 s
Time to run write_record_output_stream:   6.603419 s
Time to run write_record_output_stream:   6.582507 s
Time to run write_record_output_stream:   1.731998 s
Time to run write_record_output_stream:   6.591450 s
Time to run write_record_output_stream:   2.636086 s
Time to run write_record_output_stream:   2.378146 s
  Time to read in seconds RCM_run is:    0.6936560    
Time to run write_record_output_stream:   6.619901 s
Time to run write_record_output_stream:   2.605415 s
Time to run write_record_output_stream:   2.003710 s
Time to run write_record_output_stream:   6.633865 s
Time to run write_record_output_stream:   2.661034 s
Time to run write_record_output_stream:   1.830410 s
Time to run write_record_output_stream:   6.610460 s
Time to run write_record_output_stream:   2.742306 s
Time to run write_record_output_stream:   1.873622 s
Time to run write_record_output_stream:   6.764648 s
Time to run write_record_output_stream:   2.488941 s
Time to run write_record_output_stream:   1.756289 s
Time to run write_record_output_stream:   6.602115 s
Time to run write_record_output_stream:   2.544356 s
Time to run write_record_output_stream:   2.431377 s
Time to run write_record_output_stream:   6.621763 s
Time to run write_record_output_stream:   7.394584 s
Time to run write_record_output_stream:   1.717427 s
  Time to read in seconds RCM_run is:    0.6965680    
Time to run write_record_output_stream:   6.595809 s
Time to run write_record_output_stream:   7.314685 s
Time to run write_record_output_stream:   3.495773 s
Time to run write_record_output_stream:   6.599650 s
Time to run write_record_output_stream:   6.652209 s
Time to run write_record_output_stream:   2.061216 s
Time to run write_record_output_stream:   6.608054 s
Time to run write_record_output_stream:   6.042673 s
Time to run write_record_output_stream:   1.689130 s
Time to run write_record_output_stream:   6.588032 s
Time to run write_record_output_stream:   5.759379 s
Time to run write_record_output_stream:   1.624547 s
Time to run write_record_output_stream:   6.603523 s
Time to run write_record_output_stream:   7.207484 s
Time to run write_record_output_stream:   1.731811 s
Time to run write_record_output_stream:   6.592148 s
Time to run write_record_output_stream:  15.778860 s
Time to run write_record_output_stream:   1.717505 s
  Time to read in seconds RCM_run is:    0.6963520    
Time to run write_record_output_stream:   6.595851 s
Time to run write_record_output_stream:  16.106020 s
Time to run write_record_output_stream:   3.496026 s
Time to run write_record_output_stream:   6.599982 s
Time to run write_record_output_stream:  16.715515 s
Time to run write_record_output_stream:   2.061157 s
Time to run write_record_output_stream:   6.607637 s
Time to run write_record_output_stream:  17.499676 s
Time to run write_record_output_stream:   1.689109 s
Time to run write_record_output_stream:   6.587999 s
Time to run write_record_output_stream:  18.289964 s
Time to run write_record_output_stream:   1.624810 s
Time to run write_record_output_stream:   6.603453 s
Time to run write_record_output_stream:  20.147505 s
Time to run write_record_output_stream:   1.731886 s
Time to run write_record_output_stream:   6.591861 s
Time to run write_record_output_stream:   2.871172 s
Time to run write_record_output_stream:   2.378151 s
  Time to read in seconds RCM_run is:    0.6944230    
Time to run write_record_output_stream:   6.619811 s
Time to run write_record_output_stream:   2.785890 s
Time to run write_record_output_stream:   2.003654 s
Time to run write_record_output_stream:   6.633337 s
Time to run write_record_output_stream:   3.270111 s
Time to run write_record_output_stream:   1.830205 s
Time to run write_record_output_stream:   6.609900 s
Time to run write_record_output_stream:   4.049362 s
Time to run write_record_output_stream:   1.873571 s
Time to run write_record_output_stream:   6.763551 s
Time to run write_record_output_stream:   5.108024 s
Time to run write_record_output_stream:   1.756048 s
Time to run write_record_output_stream:   6.601735 s
Time to run write_record_output_stream:   6.868029 s
Time to run write_record_output_stream:   2.431196 s
Time to run write_record_output_stream:   6.618245 s
Time to run write_record_output_stream:   9.189888 s
Time to run write_record_output_stream:   2.378057 s
  Time to read in seconds RCM_run is:    0.6943270    
Time to run write_record_output_stream:   6.619191 s
Time to run write_record_output_stream:   9.039067 s
Time to run write_record_output_stream:   2.003502 s
Time to run write_record_output_stream:   6.633677 s
Time to run write_record_output_stream:   9.207181 s
Time to run write_record_output_stream:   1.830198 s
Time to run write_record_output_stream:   6.610020 s
Time to run write_record_output_stream:   9.670090 s
Time to run write_record_output_stream:   1.873636 s
Time to run write_record_output_stream:   6.763091 s
Time to run write_record_output_stream:   9.731171 s
Time to run write_record_output_stream:   1.756115 s
Time to run write_record_output_stream:   6.601254 s
Time to run write_record_output_stream:  10.042642 s
Time to run write_record_output_stream:   2.431223 s
Time to run write_record_output_stream:   6.617684 s
Time to run write_record_output_stream:  22.882092 s
Time to run write_record_output_stream:   1.849356 s
  Time to read in seconds RCM_run is:    0.7452320    
Time to run write_record_output_stream:   6.620535 s
Time to run write_record_output_stream:  23.212898 s
Time to run write_record_output_stream:   1.804389 s
Time to run write_record_output_stream:   6.614996 s
Time to run write_record_output_stream:  23.569669 s
Time to run write_record_output_stream:   1.875283 s
Time to run write_record_output_stream:   6.608078 s
Time to run write_record_output_stream:  23.642746 s
Time to run write_record_output_stream:   2.217178 s
Time to run write_record_output_stream:   6.611640 s
Time to run write_record_output_stream:  23.914792 s
Time to run write_record_output_stream:   2.199908 s
Time to run write_record_output_stream:   6.604652 s
Time to run write_record_output_stream: ********** s
Time to run write_record_output_stream:   1.933650 s
Time to run write_record_output_stream:   6.625899 s
Time to run write_record_output_stream:   4.515025 s
Time to run write_record_output_stream:   2.378215 s
  Time to read in seconds RCM_run is:    0.6941020    
Time to run write_record_output_stream:   6.619798 s
Time to run write_record_output_stream:   4.610005 s
Time to run write_record_output_stream:   2.003778 s
Time to run write_record_output_stream:   6.633042 s
Time to run write_record_output_stream:   5.077948 s
Time to run write_record_output_stream:   1.830274 s
Time to run write_record_output_stream:   6.609848 s
Time to run write_record_output_stream:   5.801675 s
Time to run write_record_output_stream:   1.873736 s
Time to run write_record_output_stream:   6.763608 s
Time to run write_record_output_stream:   5.954829 s
Time to run write_record_output_stream:   1.756227 s
Time to run write_record_output_stream:   6.601732 s
Time to run write_record_output_stream:   6.175691 s
Time to run write_record_output_stream:   2.431354 s
Time to run write_record_output_stream:   6.619954 s
Time to run write_record_output_stream:  18.027538 s
Time to run write_record_output_stream:   1.849201 s
  Time to read in seconds RCM_run is:    0.7451720    
Time to run write_record_output_stream:   6.620044 s
Time to run write_record_output_stream:  17.723964 s
Time to run write_record_output_stream:   1.804394 s
Time to run write_record_output_stream:   6.614063 s
Time to run write_record_output_stream:  17.345209 s
Time to run write_record_output_stream:   1.875256 s
Time to run write_record_output_stream:   6.607889 s
Time to run write_record_output_stream:  16.850866 s
Time to run write_record_output_stream:   2.217075 s
Time to run write_record_output_stream:   6.611446 s
Time to run write_record_output_stream:  16.777834 s
Time to run write_record_output_stream:   2.199779 s
Time to run write_record_output_stream:   6.604778 s
Time to run write_record_output_stream: ********** s
Time to run write_record_output_stream:   1.933531 s
Time to run write_record_output_stream:   6.626983 s
Time to run write_record_output_stream:  17.329030 s
Time to run write_record_output_stream:   1.849438 s
  Time to read in seconds RCM_run is:    0.7452630    
Time to run write_record_output_stream:   6.619481 s
Time to run write_record_output_stream:  18.113654 s
Time to run write_record_output_stream:   1.804562 s
Time to run write_record_output_stream:   6.614537 s
Time to run write_record_output_stream:  19.104280 s
Time to run write_record_output_stream:   1.875438 s
Time to run write_record_output_stream:   6.608278 s
Time to run write_record_output_stream:  20.039754 s
Time to run write_record_output_stream:   2.217284 s
Time to run write_record_output_stream:   6.611367 s
Time to run write_record_output_stream:  21.317316 s
Time to run write_record_output_stream:   2.199977 s
Time to run write_record_output_stream:   6.604712 s
Time to run write_record_output_stream: ********** s
Time to run write_record_output_stream:   1.933601 s
Time to run write_record_output_stream:   6.625809 s
Time to run write_record_output_stream:  11.626195 s
Time to run write_record_output_stream:   1.849279 s
  Time to read in seconds RCM_run is:    0.7452490    
Time to run write_record_output_stream:   6.619938 s
Time to run write_record_output_stream:  11.376538 s
Time to run write_record_output_stream:   1.804500 s
Time to run write_record_output_stream:   6.614272 s
Time to run write_record_output_stream:  11.210277 s
Time to run write_record_output_stream:   1.875379 s
Time to run write_record_output_stream:   6.608590 s
Time to run write_record_output_stream:  10.968742 s
Time to run write_record_output_stream:   2.217225 s
Time to run write_record_output_stream:   6.611924 s
Time to run write_record_output_stream:  11.114838 s
Time to run write_record_output_stream:   2.199851 s
Time to run write_record_output_stream:   6.605045 s
Time to run write_record_output_stream:   0.000000 s
Time to run write_record_output_stream:   1.933527 s
Time to run write_record_output_stream:   6.626452 s
Time to run write_record_output_stream:  19.199045 s
Time to run write_record_output_stream:   2.378092 s
  Time to read in seconds RCM_run is:    0.6939550    
Time to run write_record_output_stream:   6.619365 s
Time to run write_record_output_stream:  18.817984 s
Time to run write_record_output_stream:   2.003556 s
Time to run write_record_output_stream:   6.633616 s
Time to run write_record_output_stream:  18.754218 s
Time to run write_record_output_stream:   1.830291 s
Time to run write_record_output_stream:   6.610440 s
Time to run write_record_output_stream:  18.601310 s
Time to run write_record_output_stream:   1.873723 s
Time to run write_record_output_stream:   6.763399 s
Time to run write_record_output_stream:  17.852905 s
Time to run write_record_output_stream:   1.756230 s
Time to run write_record_output_stream:   6.601754 s
Time to run write_record_output_stream:  17.017410 s
Time to run write_record_output_stream:   2.431247 s
Time to run write_record_output_stream:   6.619954 s
Time to run write_record_output_stream:  17.110457 s
Time to run write_record_output_stream:   2.378013 s
  Time to read in seconds RCM_run is:    0.7137020    
Time to run write_record_output_stream:   6.619492 s
Time to run write_record_output_stream:  17.174443 s
Time to run write_record_output_stream:   2.003520 s
Time to run write_record_output_stream:   6.633221 s
Time to run write_record_output_stream:  17.393050 s
Time to run write_record_output_stream:   1.830268 s
Time to run write_record_output_stream:   6.609854 s
Time to run write_record_output_stream:  17.718050 s
Time to run write_record_output_stream:   1.873581 s
Time to run write_record_output_stream:   6.763061 s
Time to run write_record_output_stream:  17.606821 s
Time to run write_record_output_stream:   1.756094 s
Time to run write_record_output_stream:   6.601508 s
Time to run write_record_output_stream:  17.941863 s
Time to run write_record_output_stream:   2.431178 s
Time to run write_record_output_stream:   6.618017 s
Time to run write_record_output_stream:  17.609473 s
Time to run write_record_output_stream:   2.378136 s
  Time to read in seconds RCM_run is:    0.6936660    
Time to run write_record_output_stream:   6.620115 s
Time to run write_record_output_stream:  18.292044 s
Time to run write_record_output_stream:   2.003512 s
Time to run write_record_output_stream:   6.633884 s
Time to run write_record_output_stream:  19.202403 s
Time to run write_record_output_stream:   1.830212 s
Time to run write_record_output_stream:   6.610795 s
Time to run write_record_output_stream:  20.078513 s
Time to run write_record_output_stream:   1.873644 s
Time to run write_record_output_stream:   6.763599 s
Time to run write_record_output_stream:  20.176188 s
Time to run write_record_output_stream:   1.756108 s
Time to run write_record_output_stream:   6.602484 s
Time to run write_record_output_stream:  20.459821 s
Time to run write_record_output_stream:   2.431249 s
Time to run write_record_output_stream:   6.618777 s
Time to run write_record_output_stream:   5.336641 s
Time to run write_record_output_stream:   1.849258 s
  Time to read in seconds RCM_run is:    0.7451520    
Time to run write_record_output_stream:   6.620151 s
Time to run write_record_output_stream:   5.492135 s
Time to run write_record_output_stream:   1.804452 s
Time to run write_record_output_stream:   6.615219 s
Time to run write_record_output_stream:   5.644447 s
Time to run write_record_output_stream:   1.875320 s
Time to run write_record_output_stream:   6.609068 s
Time to run write_record_output_stream:   5.662645 s
Time to run write_record_output_stream:   2.217100 s
Time to run write_record_output_stream:   6.611811 s
Time to run write_record_output_stream:   6.161278 s
Time to run write_record_output_stream:   2.199857 s
Time to run write_record_output_stream:   6.604908 s
Time to run write_record_output_stream:   0.000000 s
Time to run write_record_output_stream:   1.933421 s
Time to run write_record_output_stream:   6.626582 s
Time to run write_record_output_stream:  15.444509 s
Time to run write_record_output_stream:   2.378280 s
  Time to read in seconds RCM_run is:    0.7137330    
Time to run write_record_output_stream:   6.619744 s
Time to run write_record_output_stream:  15.606558 s
Time to run write_record_output_stream:   2.003624 s
Time to run write_record_output_stream:   6.633565 s
Time to run write_record_output_stream:  16.311037 s
Time to run write_record_output_stream:   1.830477 s
Time to run write_record_output_stream:   6.609893 s
Time to run write_record_output_stream:  16.830225 s
Time to run write_record_output_stream:   1.873730 s
Time to run write_record_output_stream:   6.762460 s
Time to run write_record_output_stream:  16.941362 s
Time to run write_record_output_stream:   1.756237 s
Time to run write_record_output_stream:   6.601380 s
Time to run write_record_output_stream:  17.420258 s
Time to run write_record_output_stream:   2.431429 s
Time to run write_record_output_stream:   6.617570 s
Time to run write_record_output_stream:   5.155009 s
Time to run write_record_output_stream:   2.378228 s
  Time to read in seconds RCM_run is:    0.6946790    
Time to run write_record_output_stream:   6.618860 s
Time to run write_record_output_stream:   5.199121 s
Time to run write_record_output_stream:   2.003763 s
Time to run write_record_output_stream:   6.633707 s
Time to run write_record_output_stream:   5.391345 s
Time to run write_record_output_stream:   1.830461 s
Time to run write_record_output_stream:   6.610591 s
Time to run write_record_output_stream:   5.489758 s
Time to run write_record_output_stream:   1.873891 s
Time to run write_record_output_stream:   6.763408 s
Time to run write_record_output_stream:   5.453732 s
Time to run write_record_output_stream:   1.756479 s
Time to run write_record_output_stream:   6.601408 s
Time to run write_record_output_stream:   6.094185 s
Time to run write_record_output_stream:   2.431399 s
Time to run write_record_output_stream:   6.618331 s
Time to run write_record_output_stream:   2.424975 s
Time to run write_record_output_stream:   1.849447 s
  Time to read in seconds RCM_run is:    0.7446130    
Time to run write_record_output_stream:   6.620358 s
Time to run write_record_output_stream:   2.322498 s
Time to run write_record_output_stream:   1.804524 s
Time to run write_record_output_stream:   6.615469 s
Time to run write_record_output_stream:   2.209477 s
Time to run write_record_output_stream:   1.875434 s
Time to run write_record_output_stream:   6.609022 s
Time to run write_record_output_stream:   1.999928 s
Time to run write_record_output_stream:   2.217321 s
Time to run write_record_output_stream:   6.613001 s
Time to run write_record_output_stream:   2.148873 s
Time to run write_record_output_stream:   2.199899 s
Time to run write_record_output_stream:   6.605167 s
Time to run write_record_output_stream:   0.000000 s
Time to run write_record_output_stream:   1.933589 s
Time to run write_record_output_stream:   6.627463 s
Time to run write_record_output_stream:   6.006585 s
Time to run write_record_output_stream:   2.378160 s
  Time to read in seconds RCM_run is:    0.6945590    
Time to run write_record_output_stream:   6.620032 s
Time to run write_record_output_stream:   6.251989 s
Time to run write_record_output_stream:   2.003529 s
Time to run write_record_output_stream:   6.633961 s
Time to run write_record_output_stream:   6.766642 s
Time to run write_record_output_stream:   1.830240 s
Time to run write_record_output_stream:   6.610601 s
Time to run write_record_output_stream:   6.861974 s
Time to run write_record_output_stream:   1.873585 s
Time to run write_record_output_stream:   6.763567 s
Time to run write_record_output_stream:   7.622233 s
Time to run write_record_output_stream:   1.756068 s
Time to run write_record_output_stream:   6.601739 s
Time to run write_record_output_stream:   8.325430 s
Time to run write_record_output_stream:   2.431355 s
Time to run write_record_output_stream:   6.618393 s
Time to run write_record_output_stream:  18.796752 s
Time to run write_record_output_stream:   2.378201 s
  Time to read in seconds RCM_run is:    0.7137150    
Time to run write_record_output_stream:   6.619830 s
Time to run write_record_output_stream:  17.959057 s
Time to run write_record_output_stream:   2.003641 s
Time to run write_record_output_stream:   6.633508 s
Time to run write_record_output_stream:  17.176183 s
Time to run write_record_output_stream:   1.830382 s
Time to run write_record_output_stream:   6.609966 s
Time to run write_record_output_stream:  17.037061 s
Time to run write_record_output_stream:   1.873787 s
Time to run write_record_output_stream:   6.763232 s
Time to run write_record_output_stream:  16.592557 s
Time to run write_record_output_stream:   1.756200 s
Time to run write_record_output_stream:   6.601533 s
Time to run write_record_output_stream:  16.771541 s
Time to run write_record_output_stream:   2.431378 s
Time to run write_record_output_stream:   6.618679 s
Time to run write_record_output_stream:   8.541226 s
Time to run write_record_output_stream:   1.849166 s
  Time to read in seconds RCM_run is:    0.7451230    
Time to run write_record_output_stream:   6.619943 s
Time to run write_record_output_stream:  10.029243 s
Time to run write_record_output_stream:   1.804339 s
Time to run write_record_output_stream:   6.615023 s
Time to run write_record_output_stream:  10.207815 s
Time to run write_record_output_stream:   1.875355 s
Time to run write_record_output_stream:   6.608490 s
Time to run write_record_output_stream:   9.962546 s
Time to run write_record_output_stream:   2.217113 s
Time to run write_record_output_stream:   6.612419 s
Time to run write_record_output_stream:  10.572940 s
Time to run write_record_output_stream:   2.199827 s
Time to run write_record_output_stream:   6.604923 s
Time to run write_record_output_stream:   0.000000 s
Time to run write_record_output_stream:   1.933376 s
Time to run write_record_output_stream:   6.626702 s
Time to run write_record_output_stream:  10.341486 s
Time to run write_record_output_stream:   1.849208 s
  Time to read in seconds RCM_run is:    0.7452600    
Time to run write_record_output_stream:   6.619755 s
Time to run write_record_output_stream:  10.773784 s
Time to run write_record_output_stream:   1.804306 s
Time to run write_record_output_stream:   6.615003 s
Time to run write_record_output_stream:  11.471660 s
Time to run write_record_output_stream:   1.875321 s
Time to run write_record_output_stream:   6.608902 s
Time to run write_record_output_stream:  12.077074 s
Time to run write_record_output_stream:   2.217120 s
Time to run write_record_output_stream:   6.611138 s
Time to run write_record_output_stream:  12.977735 s
Time to run write_record_output_stream:   2.199800 s
Time to run write_record_output_stream:   6.604411 s
Time to run write_record_output_stream:   0.000000 s
Time to run write_record_output_stream:   1.933700 s
Time to run write_record_output_stream:   6.625775 s
Time to run write_record_output_stream:  22.937086 s
Time to run write_record_output_stream:   6.277460 s
Time to run write_record_output_stream:   1.849302 s
  Time to read in seconds RCM_run is:    0.7451330    
Time to run write_record_output_stream:   6.619531 s
Time to run write_record_output_stream:   6.283716 s
Time to run write_record_output_stream:   1.804566 s
Time to run write_record_output_stream:   6.614434 s
Time to run write_record_output_stream:   6.433774 s
Time to run write_record_output_stream:   1.875395 s
Time to run write_record_output_stream:   6.609223 s
Time to run write_record_output_stream:   6.597675 s
Time to run write_record_output_stream:   2.217290 s
Time to run write_record_output_stream:   6.612657 s
Time to run write_record_output_stream:   7.352365 s
Time to run write_record_output_stream:   2.199999 s
Time to run write_record_output_stream:   6.605250 s
Time to run write_record_output_stream:   0.000000 s
Time to run write_record_output_stream:   1.933653 s
Time to run write_record_output_stream:   6.627019 s
Time to run write_record_output_stream:  16.845811 s
Time to run write_record_output_stream:  22.335774 s
Time to run write_record_output_stream:  10.231608 s
Time to run write_record_output_stream:  14.831080 s
Time to run write_record_output_stream:   1.849304 s
  Time to read in seconds RCM_run is:    0.7449810    
Time to run write_record_output_stream:   6.620014 s
Time to run write_record_output_stream:  13.629150 s
Time to run write_record_output_stream:   1.804533 s
Time to run write_record_output_stream:   6.614894 s
Time to run write_record_output_stream:  13.545625 s
Time to run write_record_output_stream:   1.875326 s
Time to run write_record_output_stream:   6.608775 s
Time to run write_record_output_stream:  13.642398 s
Time to run write_record_output_stream:   2.217166 s
Time to run write_record_output_stream:   6.612293 s
Time to run write_record_output_stream:  14.179323 s
Time to run write_record_output_stream:   2.199874 s
Time to run write_record_output_stream:   6.604394 s
Time to run write_record_output_stream:   0.000000 s
Time to run write_record_output_stream:   1.933466 s
Time to run write_record_output_stream:   6.626991 s
Time to run write_record_output_stream:  18.266006 s
Time to run write_record_output_stream:   1.849267 s
  Time to read in seconds RCM_run is:    0.7449780    
Time to run write_record_output_stream:   6.619560 s
Time to run write_record_output_stream:  18.504246 s
Time to run write_record_output_stream:   1.804363 s
Time to run write_record_output_stream:   6.614250 s
Time to run write_record_output_stream:  18.915739 s
Time to run write_record_output_stream:   1.875344 s
Time to run write_record_output_stream:   6.608611 s
Time to run write_record_output_stream:  19.322309 s
Time to run write_record_output_stream:   2.217175 s
Time to run write_record_output_stream:   6.611771 s
Time to run write_record_output_stream:  20.245480 s
Time to run write_record_output_stream:   2.199795 s
Time to run write_record_output_stream:   6.605156 s
Time to run write_record_output_stream: ********** s
Time to run write_record_output_stream:   1.933337 s
Time to run write_record_output_stream:   6.625710 s
Time to run write_record_output_stream:  20.218522 s
Time to run write_record_output_stream:   1.849233 s
  Time to read in seconds RCM_run is:    0.7444740    
Time to run write_record_output_stream:   6.620432 s
Time to run write_record_output_stream:  19.231018 s
Time to run write_record_output_stream:   1.804295 s
Time to run write_record_output_stream:   6.615183 s
Time to run write_record_output_stream:  18.139804 s
Time to run write_record_output_stream:   1.875282 s
Time to run write_record_output_stream:   6.609077 s
Time to run write_record_output_stream:  17.297955 s
Time to run write_record_output_stream:   2.217235 s
Time to run write_record_output_stream:   6.612365 s
Time to run write_record_output_stream:  17.045538 s
Time to run write_record_output_stream:   2.199838 s
Time to run write_record_output_stream:   6.605143 s
Time to run write_record_output_stream: ********** s
Time to run write_record_output_stream:   1.933418 s
Time to run write_record_output_stream:   6.626915 s
Time to run write_record_output_stream:   5.927248 s
Time to run write_record_output_stream:  17.510683 s
Time to run write_record_output_stream:   1.849354 s
  Time to read in seconds RCM_run is:    0.7450790    
Time to run write_record_output_stream:   6.619894 s
Time to run write_record_output_stream:  17.711765 s
Time to run write_record_output_stream:   1.804455 s
Time to run write_record_output_stream:   6.614839 s
Time to run write_record_output_stream:  18.060760 s
Time to run write_record_output_stream:   1.875386 s
Time to run write_record_output_stream:   6.608507 s
Time to run write_record_output_stream:  18.133996 s
Time to run write_record_output_stream:   2.217283 s
Time to run write_record_output_stream:   6.611762 s
Time to run write_record_output_stream:  18.410556 s
Time to run write_record_output_stream:   2.200072 s
Time to run write_record_output_stream:   6.605263 s
Time to run write_record_output_stream: ********** s
Time to run write_record_output_stream:   1.933568 s
Time to run write_record_output_stream:   6.626014 s
Time to run write_record_output_stream:   6.664574 s
Time to run write_record_output_stream:   1.849421 s
  Time to read in seconds RCM_run is:    0.7451700    
Time to run write_record_output_stream:   6.619988 s
Time to run write_record_output_stream:   6.869985 s
Time to run write_record_output_stream:   1.804646 s
Time to run write_record_output_stream:   6.615398 s
Time to run write_record_output_stream:   7.268230 s
Time to run write_record_output_stream:   1.875481 s
Time to run write_record_output_stream:   6.608717 s
Time to run write_record_output_stream:   7.411868 s
Time to run write_record_output_stream:   2.217404 s
Time to run write_record_output_stream:   6.612144 s
Time to run write_record_output_stream:   7.939014 s
Time to run write_record_output_stream:   2.200010 s
Time to run write_record_output_stream:   6.604714 s
Time to run write_record_output_stream:   0.000000 s
Time to run write_record_output_stream:   1.933803 s
Time to run write_record_output_stream:   6.626320 s
Time to run write_record_output_stream:   1.430983 s
Time to run write_record_output_stream:   8.793334 s
Time to run write_record_output_stream:   1.849320 s
  Time to read in seconds RCM_run is:    0.7451100    
Time to run write_record_output_stream:   6.620626 s
Time to run write_record_output_stream:   9.271691 s
Time to run write_record_output_stream:   1.804407 s
Time to run write_record_output_stream:   6.615811 s
Time to run write_record_output_stream:   9.514439 s
Time to run write_record_output_stream:   1.875309 s
Time to run write_record_output_stream:   6.609059 s
Time to run write_record_output_stream:   9.427086 s
Time to run write_record_output_stream:   2.217168 s
Time to run write_record_output_stream:   6.611655 s
Time to run write_record_output_stream:   9.202313 s
Time to run write_record_output_stream:   2.199960 s
Time to run write_record_output_stream:   6.605258 s
Time to run write_record_output_stream:   0.000000 s
Time to run write_record_output_stream:   1.933579 s
Time to run write_record_output_stream:   6.626734 s
Time to run write_record_output_stream:  16.837514 s
Time to run write_record_output_stream:   1.849395 s
  Time to read in seconds RCM_run is:    0.7451080    
Time to run write_record_output_stream:   6.620133 s
Time to run write_record_output_stream:  17.164282 s
Time to run write_record_output_stream:   1.804449 s
Time to run write_record_output_stream:   6.615126 s
Time to run write_record_output_stream:  17.266260 s
Time to run write_record_output_stream:   1.875404 s
Time to run write_record_output_stream:   6.608942 s
Time to run write_record_output_stream:  17.142802 s
Time to run write_record_output_stream:   2.217314 s
Time to run write_record_output_stream:   6.611826 s
Time to run write_record_output_stream:  17.480413 s
Time to run write_record_output_stream:   2.199952 s
Time to run write_record_output_stream:   6.604955 s
Time to run write_record_output_stream: ********** s
Time to run write_record_output_stream:   1.933518 s
Time to run write_record_output_stream:   6.626359 s
Time to run write_record_output_stream:  10.901350 s
Time to run write_record_output_stream:  13.218052 s
 MPI Rank:           22  using device:            0
Time to run newoutfiles:  14.244553 s
Time to run write_record_output_stream:   6.774169 s
Time to run write_record_output_stream:  11.061841 s
Time to run write_record_output_stream:  13.947702 s
Time to run write_record_output_stream:   1.969865 s
Time to run write_record_output_stream:   8.627244 s
Time to run write_record_output_stream:  15.367687 s
Time to run write_record_output_stream:   1.979427 s
Time to run write_record_output_stream:   7.262167 s
Time to run write_record_output_stream:  16.617404 s
Time to run write_record_output_stream:   2.018990 s
Time to run write_record_output_stream:   8.368077 s
Time to run write_record_output_stream:  21.521808 s
Time to run write_record_output_stream:   2.249789 s
Time to run write_record_output_stream:   6.988922 s
Time to run write_record_output_stream:  17.614794 s
Time to run write_record_output_stream:   1.641525 s
Time to run write_record_output_stream:   6.807795 s
Time to run write_record_output_stream:   7.351735 s
 MPI Rank:            2  using device:            0
Time to run newoutfiles:  12.903081 s
Time to run write_record_output_stream:   7.167572 s
Time to run write_record_output_stream:  11.062408 s
Time to run write_record_output_stream:   8.277488 s
Time to run write_record_output_stream:   1.969829 s
Time to run write_record_output_stream:   8.626153 s
Time to run write_record_output_stream:  10.765753 s
Time to run write_record_output_stream:   1.979402 s
Time to run write_record_output_stream:   7.261359 s
Time to run write_record_output_stream:  12.807581 s
Time to run write_record_output_stream:   2.018984 s
Time to run write_record_output_stream:   8.367632 s
Time to run write_record_output_stream:  18.158678 s
Time to run write_record_output_stream:   2.249858 s
Time to run write_record_output_stream:   6.989423 s
Time to run write_record_output_stream:  14.262642 s
Time to run write_record_output_stream:   1.641551 s
Time to run write_record_output_stream:   6.808270 s
 MPI Rank:           31  using device:            0
Time to run newoutfiles:  13.664121 s
Time to run write_record_output_stream:   6.773469 s
Time to run write_record_output_stream:  11.062041 s
Time to run write_record_output_stream:   5.629733 s
Time to run write_record_output_stream:   1.969905 s
Time to run write_record_output_stream:   8.626763 s
Time to run write_record_output_stream:   6.028309 s
Time to run write_record_output_stream:   1.979592 s
Time to run write_record_output_stream:   7.262613 s
Time to run write_record_output_stream:   6.741774 s
Time to run write_record_output_stream:   2.019196 s
Time to run write_record_output_stream:   8.367745 s
Time to run write_record_output_stream:  11.315938 s
Time to run write_record_output_stream:   2.249864 s
Time to run write_record_output_stream:   6.989337 s
Time to run write_record_output_stream:   7.088635 s
Time to run write_record_output_stream:   1.641637 s
Time to run write_record_output_stream:   6.808220 s
 MPI Rank:            5  using device:            0
Time to run newoutfiles:  13.097985 s
Time to run write_record_output_stream:   6.852372 s
Time to run write_record_output_stream:  11.062500 s
Time to run write_record_output_stream:   9.528444 s
Time to run write_record_output_stream:   1.969714 s
Time to run write_record_output_stream:   8.627699 s
Time to run write_record_output_stream:  10.496929 s
Time to run write_record_output_stream:   1.979453 s
Time to run write_record_output_stream:   7.262719 s
Time to run write_record_output_stream:  11.572427 s
Time to run write_record_output_stream:   2.019100 s
Time to run write_record_output_stream:   8.368659 s
Time to run write_record_output_stream:  16.329979 s
Time to run write_record_output_stream:   2.249818 s
Time to run write_record_output_stream:   6.989520 s
Time to run write_record_output_stream:  12.199493 s
Time to run write_record_output_stream:   1.641604 s
Time to run write_record_output_stream:   6.808140 s
Time to run write_record_output_stream:  13.394068 s
Time to run write_record_output_stream:  21.048483 s
Time to run write_record_output_stream:  17.359684 s
 MPI Rank:           50  using device:            0
Time to run newoutfiles:  13.297209 s
Time to run write_record_output_stream:   6.714961 s
Time to run write_record_output_stream:  11.062253 s
Time to run write_record_output_stream:   8.886442 s
Time to run write_record_output_stream:   1.969916 s
Time to run write_record_output_stream:   8.626928 s
Time to run write_record_output_stream:  10.272981 s
Time to run write_record_output_stream:   1.979553 s
Time to run write_record_output_stream:   7.261703 s
Time to run write_record_output_stream:  11.940445 s
Time to run write_record_output_stream:   2.019121 s
Time to run write_record_output_stream:   8.368422 s
Time to run write_record_output_stream:  17.421161 s
Time to run write_record_output_stream:   2.249817 s
Time to run write_record_output_stream:   6.989077 s
Time to run write_record_output_stream:  14.141710 s
Time to run write_record_output_stream:   1.641590 s
Time to run write_record_output_stream:   6.807882 s
Time to run write_record_output_stream:  17.949778 s
Time to run write_record_output_stream:   7.982861 s
 MPI Rank:           57  using device:            0
Time to run newoutfiles:  14.583567 s
Time to run write_record_output_stream:   6.714528 s
Time to run write_record_output_stream:  11.063613 s
Time to run write_record_output_stream:   3.884933 s
Time to run write_record_output_stream:   1.969968 s
Time to run write_record_output_stream:   8.627287 s
Time to run write_record_output_stream:   4.818985 s
Time to run write_record_output_stream:   1.979558 s
Time to run write_record_output_stream:   7.261762 s
Time to run write_record_output_stream:   6.114809 s
Time to run write_record_output_stream:   2.019195 s
Time to run write_record_output_stream:   8.368896 s
Time to run write_record_output_stream:  11.335548 s
Time to run write_record_output_stream:   2.249877 s
Time to run write_record_output_stream:   6.989450 s
Time to run write_record_output_stream:   7.764917 s
Time to run write_record_output_stream:   1.641599 s
Time to run write_record_output_stream:   6.808041 s
Time to run write_record_output_stream:   7.696420 s
Time to run write_record_output_stream:  16.948797 s
 MPI Rank:           17  using device:            0
Time to run newoutfiles:  13.928647 s
Time to run write_record_output_stream:   7.168325 s
Time to run write_record_output_stream:  11.062656 s
Time to run write_record_output_stream:   6.058713 s
Time to run write_record_output_stream:   1.969803 s
Time to run write_record_output_stream:   8.627019 s
Time to run write_record_output_stream:   6.754623 s
Time to run write_record_output_stream:   1.979479 s
Time to run write_record_output_stream:   7.261770 s
Time to run write_record_output_stream:   7.426864 s
Time to run write_record_output_stream:   2.019056 s
Time to run write_record_output_stream:   8.368234 s
Time to run write_record_output_stream:  11.776724 s
Time to run write_record_output_stream:   2.249704 s
Time to run write_record_output_stream:   6.989271 s
Time to run write_record_output_stream:   7.478152 s
Time to run write_record_output_stream:   1.641533 s
Time to run write_record_output_stream:   6.807186 s
 MPI Rank:           13  using device:            0
Time to run newoutfiles:  14.337650 s
Time to run write_record_output_stream:   6.809583 s
Time to run write_record_output_stream:  11.062477 s
Time to run write_record_output_stream:  10.148843 s
Time to run write_record_output_stream:   1.969977 s
Time to run write_record_output_stream:   8.627381 s
Time to run write_record_output_stream:  10.258770 s
Time to run write_record_output_stream:   1.979558 s
Time to run write_record_output_stream:   7.261363 s
Time to run write_record_output_stream:  10.953161 s
Time to run write_record_output_stream:   2.019207 s
Time to run write_record_output_stream:   8.367892 s
Time to run write_record_output_stream:  15.508476 s
Time to run write_record_output_stream:   2.249873 s
Time to run write_record_output_stream:   6.989137 s
Time to run write_record_output_stream:  11.358912 s
Time to run write_record_output_stream:   1.641671 s
Time to run write_record_output_stream:   6.807794 s
Time to run write_record_output_stream:  18.585244 s
Time to run write_record_output_stream:   1.717216 s
  Time to read in seconds RCM_run is:    0.6814800    
Time to run write_record_output_stream:   6.596123 s
Time to run write_record_output_stream:  18.695350 s
Time to run write_record_output_stream:   3.495727 s
Time to run write_record_output_stream:   6.599663 s
Time to run write_record_output_stream:  18.789995 s
Time to run write_record_output_stream:   2.060969 s
Time to run write_record_output_stream:   6.607056 s
Time to run write_record_output_stream:  18.864374 s
Time to run write_record_output_stream:   1.688901 s
Time to run write_record_output_stream:   6.587650 s
Time to run write_record_output_stream:  18.980896 s
Time to run write_record_output_stream:   1.624557 s
Time to run write_record_output_stream:   6.602839 s
Time to run write_record_output_stream:  20.383504 s
Time to run write_record_output_stream:   1.731760 s
Time to run write_record_output_stream:   6.592186 s
 MPI Rank:           42  using device:            0
Time to run newoutfiles:  14.230737 s
Time to run write_record_output_stream:   6.718667 s
Time to run write_record_output_stream:  11.061799 s
Time to run write_record_output_stream:   4.816413 s
Time to run write_record_output_stream:   1.969816 s
Time to run write_record_output_stream:   8.625973 s
Time to run write_record_output_stream:   5.780958 s
Time to run write_record_output_stream:   1.979368 s
Time to run write_record_output_stream:   7.262040 s
Time to run write_record_output_stream:   6.863075 s
Time to run write_record_output_stream:   2.019054 s
Time to run write_record_output_stream:   8.367974 s
Time to run write_record_output_stream:  11.594924 s
Time to run write_record_output_stream:   2.249744 s
Time to run write_record_output_stream:   6.989049 s
Time to run write_record_output_stream:   7.450119 s
Time to run write_record_output_stream:   1.641472 s
Time to run write_record_output_stream:   6.807906 s
Time to run write_record_output_stream:  15.178283 s
Time to run write_record_output_stream:   1.717378 s
  Time to read in seconds RCM_run is:    0.6812470    
Time to run write_record_output_stream:   6.595455 s
Time to run write_record_output_stream:  15.303174 s
Time to run write_record_output_stream:   3.495711 s
Time to run write_record_output_stream:   6.599824 s
Time to run write_record_output_stream:  15.745595 s
Time to run write_record_output_stream:   2.061054 s
Time to run write_record_output_stream:   6.606980 s
Time to run write_record_output_stream:  16.044595 s
Time to run write_record_output_stream:   1.688993 s
Time to run write_record_output_stream:   6.588098 s
Time to run write_record_output_stream:  16.188680 s
Time to run write_record_output_stream:   1.624564 s
Time to run write_record_output_stream:   6.602671 s
Time to run write_record_output_stream:  17.903941 s
Time to run write_record_output_stream:   1.731822 s
Time to run write_record_output_stream:   6.591140 s
Time to run write_record_output_stream:   7.610997 s
Time to run write_record_output_stream:   1.717402 s
  Time to read in seconds RCM_run is:    0.6811950    
Time to run write_record_output_stream:   6.596413 s
Time to run write_record_output_stream:   7.494251 s
Time to run write_record_output_stream:   3.495899 s
Time to run write_record_output_stream:   6.599939 s
Time to run write_record_output_stream:   7.629507 s
Time to run write_record_output_stream:   2.061253 s
Time to run write_record_output_stream:   6.607364 s
Time to run write_record_output_stream:   7.760375 s
Time to run write_record_output_stream:   1.689090 s
Time to run write_record_output_stream:   6.588534 s
Time to run write_record_output_stream:   8.078972 s
Time to run write_record_output_stream:   1.624686 s
Time to run write_record_output_stream:   6.602605 s
Time to run write_record_output_stream:   9.711638 s
Time to run write_record_output_stream:   1.731874 s
Time to run write_record_output_stream:   6.591515 s
Time to run write_record_output_stream:  12.972814 s
Time to run write_record_output_stream:   1.717357 s
  Time to read in seconds RCM_run is:    0.6817220    
Time to run write_record_output_stream:   6.595845 s
Time to run write_record_output_stream:  13.103278 s
Time to run write_record_output_stream:   3.495678 s
Time to run write_record_output_stream:   6.600186 s
Time to run write_record_output_stream:  13.401280 s
Time to run write_record_output_stream:   2.061089 s
Time to run write_record_output_stream:   6.607325 s
Time to run write_record_output_stream:  13.635774 s
Time to run write_record_output_stream:   1.688971 s
Time to run write_record_output_stream:   6.589003 s
Time to run write_record_output_stream:  13.838382 s
Time to run write_record_output_stream:   1.624644 s
Time to run write_record_output_stream:   6.602900 s
Time to run write_record_output_stream:  15.309543 s
Time to run write_record_output_stream:   1.731872 s
Time to run write_record_output_stream:   6.592194 s
 MPI Rank:            9  using device:            0
Time to run newoutfiles:  14.126807 s
Time to run write_record_output_stream:   7.168086 s
Time to run write_record_output_stream:  11.063035 s
Time to run write_record_output_stream:   6.970705 s
Time to run write_record_output_stream:   1.969892 s
Time to run write_record_output_stream:   8.626881 s
Time to run write_record_output_stream:   7.614577 s
Time to run write_record_output_stream:   1.979518 s
Time to run write_record_output_stream:   7.261658 s
Time to run write_record_output_stream:   8.413810 s
Time to run write_record_output_stream:   2.019176 s
Time to run write_record_output_stream:   8.367957 s
Time to run write_record_output_stream:  13.000683 s
Time to run write_record_output_stream:   2.249846 s
Time to run write_record_output_stream:   6.989549 s
Time to run write_record_output_stream:   8.936191 s
Time to run write_record_output_stream:   1.641515 s
Time to run write_record_output_stream:   6.807614 s
 MPI Rank:           37  using device:            0
Time to run newoutfiles:  14.396834 s
Time to run write_record_output_stream:   6.772081 s
Time to run write_record_output_stream:  11.061441 s
Time to run write_record_output_stream:  13.153983 s
Time to run write_record_output_stream:   1.970153 s
Time to run write_record_output_stream:   8.625788 s
Time to run write_record_output_stream:  12.654722 s
Time to run write_record_output_stream:   1.979610 s
Time to run write_record_output_stream:   7.262014 s
Time to run write_record_output_stream:  12.320040 s
Time to run write_record_output_stream:   2.019174 s
Time to run write_record_output_stream:   8.367389 s
Time to run write_record_output_stream:  15.620649 s
Time to run write_record_output_stream:   2.249870 s
Time to run write_record_output_stream:   6.988673 s
Time to run write_record_output_stream:   9.927175 s
Time to run write_record_output_stream:   1.641669 s
Time to run write_record_output_stream:   6.807493 s
 MPI Rank:           62  using device:            0
Time to run newoutfiles:  13.900264 s
Time to run write_record_output_stream:   6.777367 s
Time to run write_record_output_stream:  11.062670 s
Time to run write_record_output_stream:  10.593271 s
Time to run write_record_output_stream:   1.969836 s
Time to run write_record_output_stream:   8.627488 s
Time to run write_record_output_stream:  11.490387 s
Time to run write_record_output_stream:   1.979517 s
Time to run write_record_output_stream:   7.262686 s
Time to run write_record_output_stream:  12.481821 s
Time to run write_record_output_stream:   2.019107 s
Time to run write_record_output_stream:   8.368113 s
Time to run write_record_output_stream:  17.161173 s
Time to run write_record_output_stream:   2.249744 s
Time to run write_record_output_stream:   6.989709 s
Time to run write_record_output_stream:  12.962229 s
Time to run write_record_output_stream:   1.641559 s
Time to run write_record_output_stream:   6.808107 s
Time to run write_record_output_stream:  15.605700 s
Time to run write_record_output_stream:   1.717401 s
  Time to read in seconds RCM_run is:    0.6965400    
Time to run write_record_output_stream:   6.596007 s
Time to run write_record_output_stream:  16.064105 s
Time to run write_record_output_stream:   3.495794 s
Time to run write_record_output_stream:   6.599273 s
Time to run write_record_output_stream:  15.203524 s
Time to run write_record_output_stream:   2.061098 s
Time to run write_record_output_stream:   6.607819 s
Time to run write_record_output_stream:  11.526385 s
Time to run write_record_output_stream:   1.689033 s
Time to run write_record_output_stream:   6.588023 s
Time to run write_record_output_stream:   7.518579 s
Time to run write_record_output_stream:   1.624597 s
Time to run write_record_output_stream:   6.603319 s
Time to run write_record_output_stream:   7.219196 s
Time to run write_record_output_stream:   1.731879 s
Time to run write_record_output_stream:   6.591887 s
 MPI Rank:           45  using device:            0
Time to run newoutfiles:  14.502372 s
Time to run write_record_output_stream:   6.772978 s
Time to run write_record_output_stream:  11.062235 s
Time to run write_record_output_stream:  16.622723 s
Time to run write_record_output_stream:   1.970007 s
Time to run write_record_output_stream:   8.626695 s
Time to run write_record_output_stream:  16.808486 s
Time to run write_record_output_stream:   1.979546 s
Time to run write_record_output_stream:   7.262133 s
Time to run write_record_output_stream:  17.080134 s
Time to run write_record_output_stream:   2.019203 s
Time to run write_record_output_stream:   8.367598 s
Time to run write_record_output_stream:  21.398514 s
Time to run write_record_output_stream:   2.249924 s
Time to run write_record_output_stream:   6.989104 s
Time to run write_record_output_stream:  16.035455 s
Time to run write_record_output_stream:   1.641631 s
Time to run write_record_output_stream:   6.807691 s
 MPI Rank:           25  using device:            0
Time to run newoutfiles:  13.730937 s
Time to run write_record_output_stream:   7.154582 s
Time to run write_record_output_stream:  11.062772 s
Time to run write_record_output_stream:   4.336762 s
Time to run write_record_output_stream:   1.969839 s
Time to run write_record_output_stream:   8.627037 s
Time to run write_record_output_stream:   4.660992 s
Time to run write_record_output_stream:   1.979585 s
Time to run write_record_output_stream:   7.262593 s
Time to run write_record_output_stream:   5.093204 s
Time to run write_record_output_stream:   2.019227 s
Time to run write_record_output_stream:   8.368637 s
Time to run write_record_output_stream:   9.293581 s
Time to run write_record_output_stream:   2.250045 s
Time to run write_record_output_stream:   6.989199 s
Time to run write_record_output_stream:   4.774076 s
Time to run write_record_output_stream:   1.641733 s
Time to run write_record_output_stream:   6.807384 s
Time to run write_record_output_stream:   8.885442 s
Time to run write_record_output_stream:   1.717510 s
  Time to read in seconds RCM_run is:    0.6965310    
Time to run write_record_output_stream:   6.596358 s
Time to run write_record_output_stream:   7.669776 s
Time to run write_record_output_stream:   3.495898 s
Time to run write_record_output_stream:   6.599920 s
Time to run write_record_output_stream:   5.605459 s
Time to run write_record_output_stream:   2.061190 s
Time to run write_record_output_stream:   6.607749 s
Time to run write_record_output_stream:   4.988084 s
Time to run write_record_output_stream:   1.689059 s
Time to run write_record_output_stream:   6.588058 s
Time to run write_record_output_stream:   4.054787 s
Time to run write_record_output_stream:   1.624677 s
Time to run write_record_output_stream:   6.603768 s
Time to run write_record_output_stream:   5.958169 s
Time to run write_record_output_stream:   1.731950 s
Time to run write_record_output_stream:   6.592230 s
 MPI Rank:           33  using device:            0
Time to run newoutfiles:  13.950441 s
Time to run write_record_output_stream:   6.719588 s
Time to run write_record_output_stream:  11.061971 s
Time to run write_record_output_stream:   3.891328 s
Time to run write_record_output_stream:   1.969891 s
Time to run write_record_output_stream:   8.626207 s
Time to run write_record_output_stream:   4.396269 s
Time to run write_record_output_stream:   1.979495 s
Time to run write_record_output_stream:   7.261871 s
Time to run write_record_output_stream:   5.050295 s
Time to run write_record_output_stream:   2.019114 s
Time to run write_record_output_stream:   8.367504 s
Time to run write_record_output_stream:   9.483595 s
Time to run write_record_output_stream:   2.249802 s
Time to run write_record_output_stream:   6.989021 s
Time to run write_record_output_stream:   4.976866 s
Time to run write_record_output_stream:   1.641494 s
Time to run write_record_output_stream:   6.807727 s
 MPI Rank:           53  using device:            0
Time to run newoutfiles:  13.245260 s
Time to run write_record_output_stream:   6.776449 s
Time to run write_record_output_stream:  11.062505 s
Time to run write_record_output_stream:  15.663434 s
Time to run write_record_output_stream:   1.970012 s
Time to run write_record_output_stream:   8.626689 s
Time to run write_record_output_stream:  16.459311 s
Time to run write_record_output_stream:   1.979640 s
Time to run write_record_output_stream:   7.262170 s
Time to run write_record_output_stream:  17.478611 s
Time to run write_record_output_stream:   2.019238 s
Time to run write_record_output_stream:   8.367553 s
Time to run write_record_output_stream:  22.258083 s
Time to run write_record_output_stream:   2.249962 s
Time to run write_record_output_stream:   6.989306 s
Time to run write_record_output_stream:  17.860649 s
Time to run write_record_output_stream:   1.641690 s
Time to run write_record_output_stream:   6.807860 s
Time to run write_record_output_stream:   8.189962 s
Time to run write_record_output_stream:   1.717286 s
  Time to read in seconds RCM_run is:    0.6812150    
Time to run write_record_output_stream:   6.595579 s
Time to run write_record_output_stream:   8.260933 s
Time to run write_record_output_stream:   3.495782 s
Time to run write_record_output_stream:   6.599781 s
Time to run write_record_output_stream:   7.520799 s
Time to run write_record_output_stream:   2.060983 s
Time to run write_record_output_stream:   6.607439 s
Time to run write_record_output_stream:   5.754238 s
Time to run write_record_output_stream:   1.688990 s
Time to run write_record_output_stream:   6.587976 s
Time to run write_record_output_stream:   4.430460 s
Time to run write_record_output_stream:   1.624498 s
Time to run write_record_output_stream:   6.602750 s
Time to run write_record_output_stream:   5.048550 s
Time to run write_record_output_stream:   1.731839 s
Time to run write_record_output_stream:   6.591278 s
Time to run write_record_output_stream:  12.195442 s
Time to run write_record_output_stream:   1.717555 s
  Time to read in seconds RCM_run is:    0.6816060    
Time to run write_record_output_stream:   6.596131 s
Time to run write_record_output_stream:  12.600124 s
Time to run write_record_output_stream:   3.495989 s
Time to run write_record_output_stream:   6.600503 s
Time to run write_record_output_stream:  13.565230 s
Time to run write_record_output_stream:   2.061347 s
Time to run write_record_output_stream:   6.607061 s
Time to run write_record_output_stream:  14.809980 s
Time to run write_record_output_stream:   1.689152 s
Time to run write_record_output_stream:   6.587969 s
Time to run write_record_output_stream:  16.112853 s
Time to run write_record_output_stream:   1.624812 s
Time to run write_record_output_stream:   6.602742 s
Time to run write_record_output_stream:  18.570104 s
Time to run write_record_output_stream:   1.731970 s
Time to run write_record_output_stream:   6.592011 s
Time to run write_record_output_stream:  18.970858 s
Time to run write_record_output_stream:   2.378062 s
  Time to read in seconds RCM_run is:    0.6990780    
Time to run write_record_output_stream:   6.618815 s
Time to run write_record_output_stream:  18.643027 s
Time to run write_record_output_stream:   2.003538 s
Time to run write_record_output_stream:   6.632516 s
Time to run write_record_output_stream:  18.530311 s
Time to run write_record_output_stream:   1.830216 s
Time to run write_record_output_stream:   6.609747 s
Time to run write_record_output_stream:  18.601010 s
Time to run write_record_output_stream:   1.873643 s
Time to run write_record_output_stream:   6.762624 s
Time to run write_record_output_stream:  18.121025 s
Time to run write_record_output_stream:   1.756066 s
Time to run write_record_output_stream:   6.600585 s
Time to run write_record_output_stream:  17.852932 s
Time to run write_record_output_stream:   2.431207 s
Time to run write_record_output_stream:   6.618203 s
Time to run write_record_output_stream:   8.113368 s
Time to run write_record_output_stream:   1.717363 s
  Time to read in seconds RCM_run is:    0.6963720    
Time to run write_record_output_stream:   6.595333 s
Time to run write_record_output_stream:   7.241780 s
Time to run write_record_output_stream:   3.495813 s
Time to run write_record_output_stream:   6.599547 s
Time to run write_record_output_stream:   5.267772 s
Time to run write_record_output_stream:   2.061024 s
Time to run write_record_output_stream:   6.607535 s
Time to run write_record_output_stream:   3.501575 s
Time to run write_record_output_stream:   1.688988 s
Time to run write_record_output_stream:   6.587506 s
Time to run write_record_output_stream:   2.738630 s
Time to run write_record_output_stream:   1.624595 s
Time to run write_record_output_stream:   6.602415 s
Time to run write_record_output_stream:   3.401205 s
Time to run write_record_output_stream:   1.731889 s
Time to run write_record_output_stream:   6.591059 s
Time to run write_record_output_stream:  16.875947 s
Time to run write_record_output_stream:   2.378106 s
  Time to read in seconds RCM_run is:    0.6942410    
Time to run write_record_output_stream:   6.618942 s
Time to run write_record_output_stream:  17.016929 s
Time to run write_record_output_stream:   2.003625 s
Time to run write_record_output_stream:   6.633573 s
Time to run write_record_output_stream:  17.424292 s
Time to run write_record_output_stream:   1.830134 s
Time to run write_record_output_stream:   6.609380 s
Time to run write_record_output_stream:  17.945451 s
Time to run write_record_output_stream:   1.873651 s
Time to run write_record_output_stream:   6.762716 s
Time to run write_record_output_stream:  17.890796 s
Time to run write_record_output_stream:   1.756148 s
Time to run write_record_output_stream:   6.600713 s
Time to run write_record_output_stream:  18.026884 s
Time to run write_record_output_stream:   2.431295 s
Time to run write_record_output_stream:   6.618140 s
Time to run write_record_output_stream:   8.618283 s
Time to run write_record_output_stream:   2.378255 s
  Time to read in seconds RCM_run is:    0.7030930    
Time to run write_record_output_stream:   6.620168 s
Time to run write_record_output_stream:   8.541323 s
Time to run write_record_output_stream:   2.003678 s
Time to run write_record_output_stream:   6.633641 s
Time to run write_record_output_stream:   8.579113 s
Time to run write_record_output_stream:   1.830821 s
Time to run write_record_output_stream:   6.610017 s
Time to run write_record_output_stream:   8.719608 s
Time to run write_record_output_stream:   1.873736 s
Time to run write_record_output_stream:   6.763570 s
Time to run write_record_output_stream:   8.320786 s
Time to run write_record_output_stream:   1.756223 s
Time to run write_record_output_stream:   6.600740 s
Time to run write_record_output_stream:   8.178362 s
Time to run write_record_output_stream:   2.431381 s
Time to run write_record_output_stream:   6.618914 s
Time to run write_record_output_stream:  13.968452 s
Time to run write_record_output_stream:   2.378103 s
  Time to read in seconds RCM_run is:    0.6942810    
Time to run write_record_output_stream:   6.619212 s
Time to run write_record_output_stream:  13.729682 s
Time to run write_record_output_stream:   2.003596 s
Time to run write_record_output_stream:   6.633825 s
Time to run write_record_output_stream:  13.688622 s
Time to run write_record_output_stream:   1.830173 s
Time to run write_record_output_stream:   6.610608 s
Time to run write_record_output_stream:  13.790847 s
Time to run write_record_output_stream:   1.873588 s
Time to run write_record_output_stream:   6.762898 s
Time to run write_record_output_stream:  13.413839 s
Time to run write_record_output_stream:   1.756176 s
Time to run write_record_output_stream:   6.601519 s
Time to run write_record_output_stream:  13.246343 s
Time to run write_record_output_stream:   2.431288 s
Time to run write_record_output_stream:   6.618829 s
Time to run write_record_output_stream:   9.855909 s
Time to run write_record_output_stream:   1.717404 s
  Time to read in seconds RCM_run is:    0.6810460    
Time to run write_record_output_stream:   6.595764 s
Time to run write_record_output_stream:  10.221361 s
Time to run write_record_output_stream:   3.495888 s
Time to run write_record_output_stream:   6.600325 s
Time to run write_record_output_stream:  10.256497 s
Time to run write_record_output_stream:   2.061099 s
Time to run write_record_output_stream:   6.607439 s
Time to run write_record_output_stream:   8.600409 s
Time to run write_record_output_stream:   1.689137 s
Time to run write_record_output_stream:   6.587913 s
Time to run write_record_output_stream:   7.037463 s
Time to run write_record_output_stream:   1.624805 s
Time to run write_record_output_stream:   6.602706 s
Time to run write_record_output_stream:   7.536456 s
Time to run write_record_output_stream:   1.731953 s
Time to run write_record_output_stream:   6.591304 s
Time to run write_record_output_stream:   9.619027 s
Time to run write_record_output_stream:   1.717493 s
  Time to read in seconds RCM_run is:    0.6812550    
Time to run write_record_output_stream:   6.595092 s
Time to run write_record_output_stream:   9.010046 s
Time to run write_record_output_stream:   3.495859 s
Time to run write_record_output_stream:   6.599375 s
Time to run write_record_output_stream:   8.314638 s
Time to run write_record_output_stream:   2.061133 s
Time to run write_record_output_stream:   6.606808 s
Time to run write_record_output_stream:   7.411150 s
Time to run write_record_output_stream:   1.689230 s
Time to run write_record_output_stream:   6.587742 s
Time to run write_record_output_stream:   6.895228 s
Time to run write_record_output_stream:   1.624801 s
Time to run write_record_output_stream:   6.602557 s
Time to run write_record_output_stream:   8.727212 s
Time to run write_record_output_stream:   1.732067 s
Time to run write_record_output_stream:   6.591361 s
Time to run write_record_output_stream:  13.649596 s
Time to run write_record_output_stream:   1.717445 s
  Time to read in seconds RCM_run is:    0.6811600    
Time to run write_record_output_stream:   6.596359 s
Time to run write_record_output_stream:  13.656216 s
Time to run write_record_output_stream:   3.495849 s
Time to run write_record_output_stream:   6.600475 s
Time to run write_record_output_stream:  13.891772 s
Time to run write_record_output_stream:   2.061284 s
Time to run write_record_output_stream:   6.608066 s
Time to run write_record_output_stream:  14.202698 s
Time to run write_record_output_stream:   1.688963 s
Time to run write_record_output_stream:   6.588207 s
Time to run write_record_output_stream:  14.506404 s
Time to run write_record_output_stream:   1.624709 s
Time to run write_record_output_stream:   6.603615 s
Time to run write_record_output_stream:  16.035432 s
Time to run write_record_output_stream:   1.731788 s
Time to run write_record_output_stream:   6.592963 s
Time to run write_record_output_stream:   4.799288 s
Time to run write_record_output_stream:   2.378131 s
  Time to read in seconds RCM_run is:    0.6940280    
Time to run write_record_output_stream:   6.619904 s
Time to run write_record_output_stream:   3.902140 s
Time to run write_record_output_stream:   2.003640 s
Time to run write_record_output_stream:   6.633385 s
Time to run write_record_output_stream:   3.810958 s
Time to run write_record_output_stream:   1.830254 s
Time to run write_record_output_stream:   6.610358 s
Time to run write_record_output_stream:   4.666681 s
Time to run write_record_output_stream:   1.873677 s
Time to run write_record_output_stream:   6.763269 s
Time to run write_record_output_stream:   6.902643 s
Time to run write_record_output_stream:   1.756162 s
Time to run write_record_output_stream:   6.601416 s
Time to run write_record_output_stream:   9.747271 s
Time to run write_record_output_stream:   2.431257 s
Time to run write_record_output_stream:   6.618640 s
Time to run write_record_output_stream:  15.206757 s
Time to run write_record_output_stream:   1.717429 s
  Time to read in seconds RCM_run is:    0.6964690    
Time to run write_record_output_stream:   6.595626 s
Time to run write_record_output_stream:  13.162130 s
Time to run write_record_output_stream:   3.496075 s
Time to run write_record_output_stream:   6.600064 s
Time to run write_record_output_stream:  11.193992 s
Time to run write_record_output_stream:   2.061276 s
Time to run write_record_output_stream:   6.607811 s
Time to run write_record_output_stream:   9.580547 s
Time to run write_record_output_stream:   1.689154 s
Time to run write_record_output_stream:   6.587859 s
Time to run write_record_output_stream:   7.962978 s
Time to run write_record_output_stream:   1.624848 s
Time to run write_record_output_stream:   6.602871 s
Time to run write_record_output_stream:   7.280901 s
Time to run write_record_output_stream:   1.732055 s
Time to run write_record_output_stream:   6.591972 s
Time to run write_record_output_stream:   5.184947 s
Time to run write_record_output_stream:   1.717374 s
  Time to read in seconds RCM_run is:    0.6962340    
Time to run write_record_output_stream:   6.595684 s
Time to run write_record_output_stream:   4.872947 s
Time to run write_record_output_stream:   3.495942 s
Time to run write_record_output_stream:   6.600400 s
Time to run write_record_output_stream:   4.708034 s
Time to run write_record_output_stream:   2.061153 s
Time to run write_record_output_stream:   6.608062 s
Time to run write_record_output_stream:   4.685739 s
Time to run write_record_output_stream:   1.689210 s
Time to run write_record_output_stream:   6.588217 s
Time to run write_record_output_stream:   4.908298 s
Time to run write_record_output_stream:   1.624816 s
Time to run write_record_output_stream:   6.603349 s
Time to run write_record_output_stream:   6.180545 s
Time to run write_record_output_stream:   1.732090 s
Time to run write_record_output_stream:   6.592008 s
Time to run write_record_output_stream:   5.832015 s
Time to run write_record_output_stream:   2.378241 s
  Time to read in seconds RCM_run is:    0.6935850    
Time to run write_record_output_stream:   6.620295 s
Time to run write_record_output_stream:   6.727155 s
Time to run write_record_output_stream:   2.003709 s
Time to run write_record_output_stream:   6.633874 s
Time to run write_record_output_stream:   7.835034 s
Time to run write_record_output_stream:   1.830402 s
Time to run write_record_output_stream:   6.610794 s
Time to run write_record_output_stream:   9.598470 s
Time to run write_record_output_stream:   1.873683 s
Time to run write_record_output_stream:   6.764076 s
Time to run write_record_output_stream:  10.985685 s
Time to run write_record_output_stream:   1.756250 s
Time to run write_record_output_stream:   6.602423 s
Time to run write_record_output_stream:  11.868526 s
Time to run write_record_output_stream:   2.431378 s
Time to run write_record_output_stream:   6.620660 s
Time to run write_record_output_stream:   5.499646 s
Time to run write_record_output_stream:   1.717477 s
  Time to read in seconds RCM_run is:    0.6964990    
Time to run write_record_output_stream:   6.594917 s
Time to run write_record_output_stream:   5.394641 s
Time to run write_record_output_stream:   3.495684 s
Time to run write_record_output_stream:   6.599791 s
Time to run write_record_output_stream:   5.345274 s
Time to run write_record_output_stream:   2.061065 s
Time to run write_record_output_stream:   6.607314 s
Time to run write_record_output_stream:   5.361554 s
Time to run write_record_output_stream:   1.689024 s
Time to run write_record_output_stream:   6.587497 s
Time to run write_record_output_stream:   5.372189 s
Time to run write_record_output_stream:   1.624768 s
Time to run write_record_output_stream:   6.602318 s
Time to run write_record_output_stream:   6.874168 s
Time to run write_record_output_stream:   1.731826 s
Time to run write_record_output_stream:   6.591289 s
Time to run write_record_output_stream:  18.178214 s
Time to run write_record_output_stream:   1.717586 s
  Time to read in seconds RCM_run is:    0.6815190    
Time to run write_record_output_stream:   6.596341 s
Time to run write_record_output_stream:  18.295855 s
Time to run write_record_output_stream:   3.496026 s
Time to run write_record_output_stream:   6.599428 s
Time to run write_record_output_stream:  18.548406 s
Time to run write_record_output_stream:   2.061323 s
Time to run write_record_output_stream:   6.607686 s
Time to run write_record_output_stream:  18.555664 s
Time to run write_record_output_stream:   1.689171 s
Time to run write_record_output_stream:   6.587924 s
Time to run write_record_output_stream:  18.293384 s
Time to run write_record_output_stream:   1.624838 s
Time to run write_record_output_stream:   6.603358 s
Time to run write_record_output_stream:  19.164233 s
Time to run write_record_output_stream:   1.731984 s
Time to run write_record_output_stream:   6.592309 s
Time to run write_record_output_stream:   3.410483 s
Time to run write_record_output_stream:   2.378030 s
  Time to read in seconds RCM_run is:    0.6944130    
Time to run write_record_output_stream:   6.618878 s
Time to run write_record_output_stream:   3.116166 s
Time to run write_record_output_stream:   2.003521 s
Time to run write_record_output_stream:   6.632851 s
Time to run write_record_output_stream:   3.169706 s
Time to run write_record_output_stream:   1.830147 s
Time to run write_record_output_stream:   6.609812 s
Time to run write_record_output_stream:   3.512200 s
Time to run write_record_output_stream:   1.873654 s
Time to run write_record_output_stream:   6.762845 s
Time to run write_record_output_stream:   3.700883 s
Time to run write_record_output_stream:   1.756066 s
Time to run write_record_output_stream:   6.600797 s
Time to run write_record_output_stream:   4.476315 s
Time to run write_record_output_stream:   2.431203 s
Time to run write_record_output_stream:   6.618352 s
Time to run write_record_output_stream:  17.914213 s
Time to run write_record_output_stream:   2.378294 s
  Time to read in seconds RCM_run is:    0.6941280    
Time to run write_record_output_stream:   6.619232 s
Time to run write_record_output_stream:  18.296600 s
Time to run write_record_output_stream:   2.003821 s
Time to run write_record_output_stream:   6.632849 s
Time to run write_record_output_stream:  18.846458 s
Time to run write_record_output_stream:   1.830554 s
Time to run write_record_output_stream:   6.610748 s
Time to run write_record_output_stream:  19.583783 s
Time to run write_record_output_stream:   1.873796 s
Time to run write_record_output_stream:   6.763429 s
Time to run write_record_output_stream:  19.788360 s
Time to run write_record_output_stream:   1.756343 s
Time to run write_record_output_stream:   6.601375 s
Time to run write_record_output_stream:  20.116753 s
Time to run write_record_output_stream:   2.431457 s
Time to run write_record_output_stream:   6.617410 s
Time to run write_record_output_stream:  17.544145 s
Time to run write_record_output_stream:   1.849158 s
  Time to read in seconds RCM_run is:    0.7452090    
Time to run write_record_output_stream:   6.619140 s
Time to run write_record_output_stream:  17.328491 s
Time to run write_record_output_stream:   1.804299 s
Time to run write_record_output_stream:   6.614057 s
Time to run write_record_output_stream:  17.294173 s
Time to run write_record_output_stream:   1.875234 s
Time to run write_record_output_stream:   6.607788 s
Time to run write_record_output_stream:  17.154100 s
Time to run write_record_output_stream:   2.217124 s
Time to run write_record_output_stream:   6.611656 s
Time to run write_record_output_stream:  17.411817 s
Time to run write_record_output_stream:   2.199831 s
Time to run write_record_output_stream:   6.605154 s
Time to run write_record_output_stream: ********** s
Time to run write_record_output_stream:   1.933339 s
Time to run write_record_output_stream:   6.625350 s
Time to run write_record_output_stream:   1.732561 s
Time to run write_record_output_stream:   2.378168 s
  Time to read in seconds RCM_run is:    0.6941530    
Time to run write_record_output_stream:   6.619149 s
Time to run write_record_output_stream:   1.660746 s
Time to run write_record_output_stream:   2.003589 s
Time to run write_record_output_stream:   6.632788 s
Time to run write_record_output_stream:   2.294354 s
Time to run write_record_output_stream:   1.830311 s
Time to run write_record_output_stream:   6.609362 s
Time to run write_record_output_stream:   3.585959 s
Time to run write_record_output_stream:   1.873608 s
Time to run write_record_output_stream:   6.762658 s
Time to run write_record_output_stream:   4.407283 s
Time to run write_record_output_stream:   1.756187 s
Time to run write_record_output_stream:   6.600903 s
Time to run write_record_output_stream:   5.460717 s
Time to run write_record_output_stream:   2.431245 s
Time to run write_record_output_stream:   6.618167 s
Time to run write_record_output_stream:  18.053653 s
Time to run write_record_output_stream:   1.849153 s
  Time to read in seconds RCM_run is:    0.7453440    
Time to run write_record_output_stream:   6.619931 s
Time to run write_record_output_stream:  18.091545 s
Time to run write_record_output_stream:   1.804286 s
Time to run write_record_output_stream:   6.614141 s
Time to run write_record_output_stream:  18.191537 s
Time to run write_record_output_stream:   1.875142 s
Time to run write_record_output_stream:   6.608500 s
Time to run write_record_output_stream:  18.072624 s
Time to run write_record_output_stream:   2.217145 s
Time to run write_record_output_stream:   6.611961 s
Time to run write_record_output_stream:  18.337497 s
Time to run write_record_output_stream:   2.199835 s
Time to run write_record_output_stream:   6.605176 s
Time to run write_record_output_stream: ********** s
Time to run write_record_output_stream:   1.933537 s
Time to run write_record_output_stream:   6.626340 s
Time to run write_record_output_stream:   7.927770 s
Time to run write_record_output_stream:   1.849383 s
  Time to read in seconds RCM_run is:    0.7446820    
Time to run write_record_output_stream:   6.620319 s
Time to run write_record_output_stream:   7.773865 s
Time to run write_record_output_stream:   1.804493 s
Time to run write_record_output_stream:   6.614779 s
Time to run write_record_output_stream:   7.786310 s
Time to run write_record_output_stream:   1.875310 s
Time to run write_record_output_stream:   6.608162 s
Time to run write_record_output_stream:   7.669338 s
Time to run write_record_output_stream:   2.217299 s
Time to run write_record_output_stream:   6.612031 s
Time to run write_record_output_stream:   7.943022 s
Time to run write_record_output_stream:   2.200041 s
Time to run write_record_output_stream:   6.605781 s
Time to run write_record_output_stream:   0.000000 s
Time to run write_record_output_stream:   1.933833 s
Time to run write_record_output_stream:   6.625607 s
Time to run write_record_output_stream:  12.993961 s
Time to run write_record_output_stream:   1.849270 s
  Time to read in seconds RCM_run is:    0.7452000    
Time to run write_record_output_stream:   6.620124 s
Time to run write_record_output_stream:  12.819863 s
Time to run write_record_output_stream:   1.804348 s
Time to run write_record_output_stream:   6.614879 s
Time to run write_record_output_stream:  12.754551 s
Time to run write_record_output_stream:   1.875317 s
Time to run write_record_output_stream:   6.608896 s
Time to run write_record_output_stream:  12.486662 s
Time to run write_record_output_stream:   2.217140 s
Time to run write_record_output_stream:   6.612218 s
Time to run write_record_output_stream:  12.523132 s
Time to run write_record_output_stream:   2.199889 s
Time to run write_record_output_stream:   6.605346 s
Time to run write_record_output_stream:   0.000000 s
Time to run write_record_output_stream:   1.933421 s
Time to run write_record_output_stream:   6.625985 s
Time to run write_record_output_stream:   5.745279 s
Time to run write_record_output_stream:   2.378190 s
  Time to read in seconds RCM_run is:    0.6941960    
Time to run write_record_output_stream:   6.618747 s
Time to run write_record_output_stream:   5.455089 s
Time to run write_record_output_stream:   2.003706 s
Time to run write_record_output_stream:   6.632898 s
Time to run write_record_output_stream:   5.626395 s
Time to run write_record_output_stream:   1.830286 s
Time to run write_record_output_stream:   6.610113 s
Time to run write_record_output_stream:   6.069105 s
Time to run write_record_output_stream:   1.873733 s
Time to run write_record_output_stream:   6.763827 s
Time to run write_record_output_stream:   6.291933 s
Time to run write_record_output_stream:   1.756198 s
Time to run write_record_output_stream:   6.601606 s
Time to run write_record_output_stream:   7.494185 s
Time to run write_record_output_stream:   2.431321 s
Time to run write_record_output_stream:   6.618383 s
Time to run write_record_output_stream:   8.303540 s
Time to run write_record_output_stream:   2.378278 s
  Time to read in seconds RCM_run is:    0.7134400    
Time to run write_record_output_stream:   6.619687 s
Time to run write_record_output_stream:   9.168176 s
Time to run write_record_output_stream:   2.003754 s
Time to run write_record_output_stream:   6.632076 s
Time to run write_record_output_stream:   9.652739 s
Time to run write_record_output_stream:   1.830381 s
Time to run write_record_output_stream:   6.609368 s
Time to run write_record_output_stream:  10.181359 s
Time to run write_record_output_stream:   1.873913 s
Time to run write_record_output_stream:   6.762009 s
Time to run write_record_output_stream:  10.139096 s
Time to run write_record_output_stream:   1.756228 s
Time to run write_record_output_stream:   6.601109 s
Time to run write_record_output_stream:   9.935943 s
Time to run write_record_output_stream:   2.431375 s
Time to run write_record_output_stream:   6.617668 s
Time to run write_record_output_stream:  14.851753 s
Time to run write_record_output_stream:   2.378132 s
  Time to read in seconds RCM_run is:    0.6931760    
Time to run write_record_output_stream:   6.620278 s
Time to run write_record_output_stream:  15.065269 s
Time to run write_record_output_stream:   2.003690 s
Time to run write_record_output_stream:   6.633744 s
Time to run write_record_output_stream:  15.506444 s
Time to run write_record_output_stream:   1.830181 s
Time to run write_record_output_stream:   6.610806 s
Time to run write_record_output_stream:  16.087370 s
Time to run write_record_output_stream:   1.873717 s
Time to run write_record_output_stream:   6.763353 s
Time to run write_record_output_stream:  16.485237 s
Time to run write_record_output_stream:   1.756217 s
Time to run write_record_output_stream:   6.601768 s
Time to run write_record_output_stream:  16.781218 s
Time to run write_record_output_stream:   2.431243 s
Time to run write_record_output_stream:   6.620306 s
Time to run write_record_output_stream:  10.693170 s
Time to run write_record_output_stream:   1.849257 s
  Time to read in seconds RCM_run is:    0.7452980    
Time to run write_record_output_stream:   6.620127 s
Time to run write_record_output_stream:  11.331613 s
Time to run write_record_output_stream:   1.804402 s
Time to run write_record_output_stream:   6.615385 s
Time to run write_record_output_stream:  11.704813 s
Time to run write_record_output_stream:   1.875368 s
Time to run write_record_output_stream:   6.609102 s
Time to run write_record_output_stream:  12.012436 s
Time to run write_record_output_stream:   2.217236 s
Time to run write_record_output_stream:   6.611872 s
Time to run write_record_output_stream:  12.429491 s
Time to run write_record_output_stream:   2.199902 s
Time to run write_record_output_stream:   6.604311 s
Time to run write_record_output_stream:   0.000000 s
Time to run write_record_output_stream:   1.933415 s
Time to run write_record_output_stream:   6.626571 s
Time to run write_record_output_stream:   4.506554 s
Time to run write_record_output_stream:   2.378362 s
  Time to read in seconds RCM_run is:    0.7135820    
Time to run write_record_output_stream:   6.619773 s
Time to run write_record_output_stream:   3.686925 s
Time to run write_record_output_stream:   2.003798 s
Time to run write_record_output_stream:   6.632698 s
Time to run write_record_output_stream:   4.244002 s
Time to run write_record_output_stream:   1.830449 s
Time to run write_record_output_stream:   6.609933 s
Time to run write_record_output_stream:   4.993625 s
Time to run write_record_output_stream:   1.873970 s
Time to run write_record_output_stream:   6.763246 s
Time to run write_record_output_stream:   4.742799 s
Time to run write_record_output_stream:   1.756297 s
Time to run write_record_output_stream:   6.601257 s
Time to run write_record_output_stream:   5.233723 s
Time to run write_record_output_stream:   2.431418 s
Time to run write_record_output_stream:   6.617652 s
Time to run write_record_output_stream:   4.686665 s
Time to run write_record_output_stream:   2.378219 s
  Time to read in seconds RCM_run is:    0.6944740    
Time to run write_record_output_stream:   6.619275 s
Time to run write_record_output_stream:   4.477886 s
Time to run write_record_output_stream:   2.003689 s
Time to run write_record_output_stream:   6.633585 s
Time to run write_record_output_stream:   4.573211 s
Time to run write_record_output_stream:   1.830411 s
Time to run write_record_output_stream:   6.610297 s
Time to run write_record_output_stream:   4.797714 s
Time to run write_record_output_stream:   1.873744 s
Time to run write_record_output_stream:   6.762795 s
Time to run write_record_output_stream:   4.485768 s
Time to run write_record_output_stream:   1.756292 s
Time to run write_record_output_stream:   6.601541 s
Time to run write_record_output_stream:   4.503609 s
Time to run write_record_output_stream:   2.431432 s
Time to run write_record_output_stream:   6.617630 s
Time to run write_record_output_stream:  11.513212 s
Time to run write_record_output_stream:   1.849380 s
  Time to read in seconds RCM_run is:    0.7450380    
Time to run write_record_output_stream:   6.619849 s
Time to run write_record_output_stream:  10.659065 s
Time to run write_record_output_stream:   1.804452 s
Time to run write_record_output_stream:   6.615465 s
Time to run write_record_output_stream:   9.607793 s
Time to run write_record_output_stream:   1.875379 s
Time to run write_record_output_stream:   6.609087 s
Time to run write_record_output_stream:   8.489422 s
Time to run write_record_output_stream:   2.217290 s
Time to run write_record_output_stream:   6.612466 s
Time to run write_record_output_stream:   7.865907 s
Time to run write_record_output_stream:   2.199989 s
Time to run write_record_output_stream:   6.605321 s
Time to run write_record_output_stream:   0.000000 s
Time to run write_record_output_stream:   1.933740 s
Time to run write_record_output_stream:   6.627500 s
Time to run write_record_output_stream:   5.814535 s
Time to run write_record_output_stream:   2.378097 s
  Time to read in seconds RCM_run is:    0.6945410    
Time to run write_record_output_stream:   6.619443 s
Time to run write_record_output_stream:   6.460505 s
Time to run write_record_output_stream:   2.003635 s
Time to run write_record_output_stream:   6.632739 s
Time to run write_record_output_stream:   7.517238 s
Time to run write_record_output_stream:   1.830288 s
Time to run write_record_output_stream:   6.609640 s
Time to run write_record_output_stream:   8.168985 s
Time to run write_record_output_stream:   1.873673 s
Time to run write_record_output_stream:   6.762983 s
Time to run write_record_output_stream:   7.660731 s
Time to run write_record_output_stream:   1.756139 s
Time to run write_record_output_stream:   6.601343 s
Time to run write_record_output_stream:   8.204838 s
Time to run write_record_output_stream:   2.431320 s
Time to run write_record_output_stream:   6.618081 s
Time to run write_record_output_stream:  17.551827 s
Time to run write_record_output_stream:   2.378256 s
  Time to read in seconds RCM_run is:    0.6985070    
Time to run write_record_output_stream:   6.619904 s
Time to run write_record_output_stream:  16.536990 s
Time to run write_record_output_stream:   2.003853 s
Time to run write_record_output_stream:   6.633556 s
Time to run write_record_output_stream:  15.144756 s
Time to run write_record_output_stream:   1.830397 s
Time to run write_record_output_stream:   6.610876 s
Time to run write_record_output_stream:  13.532127 s
Time to run write_record_output_stream:   1.873861 s
Time to run write_record_output_stream:   6.763137 s
Time to run write_record_output_stream:  11.667254 s
Time to run write_record_output_stream:   1.756316 s
Time to run write_record_output_stream:   6.601906 s
Time to run write_record_output_stream:  10.220015 s
Time to run write_record_output_stream:   2.431599 s
Time to run write_record_output_stream:   6.618634 s
Time to run write_record_output_stream:   5.455810 s
Time to run write_record_output_stream:   1.849156 s
  Time to read in seconds RCM_run is:    0.7450150    
Time to run write_record_output_stream:   6.619977 s
Time to run write_record_output_stream:   6.615249 s
Time to run write_record_output_stream:   1.804312 s
Time to run write_record_output_stream:   6.614084 s
Time to run write_record_output_stream:   7.859207 s
Time to run write_record_output_stream:   1.875293 s
Time to run write_record_output_stream:   6.608050 s
Time to run write_record_output_stream:   8.772585 s
Time to run write_record_output_stream:   2.217163 s
Time to run write_record_output_stream:   6.611407 s
Time to run write_record_output_stream:   9.767299 s
Time to run write_record_output_stream:   2.199766 s
Time to run write_record_output_stream:   6.604531 s
Time to run write_record_output_stream:   0.000000 s
Time to run write_record_output_stream:   1.933479 s
Time to run write_record_output_stream:   6.626343 s
Time to run write_record_output_stream:  20.181971 s
Time to run write_record_output_stream:   1.849448 s
  Time to read in seconds RCM_run is:    0.7450130    
Time to run write_record_output_stream:   6.619849 s
Time to run write_record_output_stream:  20.016257 s
Time to run write_record_output_stream:   1.804555 s
Time to run write_record_output_stream:   6.614814 s
Time to run write_record_output_stream:  19.747695 s
Time to run write_record_output_stream:   1.875470 s
Time to run write_record_output_stream:   6.608261 s
Time to run write_record_output_stream:  19.229215 s
Time to run write_record_output_stream:   2.217341 s
Time to run write_record_output_stream:   6.611806 s
Time to run write_record_output_stream:  19.082100 s
Time to run write_record_output_stream:   2.200084 s
Time to run write_record_output_stream:   6.605026 s
Time to run write_record_output_stream: ********** s
Time to run write_record_output_stream:   1.933784 s
Time to run write_record_output_stream:   6.625613 s
Time to run write_record_output_stream:  17.097646 s
Time to run write_record_output_stream:   6.038508 s
Time to run write_record_output_stream:   1.849319 s
  Time to read in seconds RCM_run is:    0.7451920    
Time to run write_record_output_stream:   6.619110 s
Time to run write_record_output_stream:   6.179771 s
Time to run write_record_output_stream:   1.804363 s
Time to run write_record_output_stream:   6.614299 s
Time to run write_record_output_stream:   6.605945 s
Time to run write_record_output_stream:   1.875300 s
Time to run write_record_output_stream:   6.608417 s
Time to run write_record_output_stream:   7.050125 s
Time to run write_record_output_stream:   2.217155 s
Time to run write_record_output_stream:   6.611513 s
Time to run write_record_output_stream:   7.833433 s
Time to run write_record_output_stream:   2.199811 s
Time to run write_record_output_stream:   6.604415 s
Time to run write_record_output_stream:   0.000000 s
Time to run write_record_output_stream:   1.933557 s
Time to run write_record_output_stream:   6.626333 s
Time to run write_record_output_stream:  17.521771 s
Time to run write_record_output_stream:   7.461334 s
Time to run write_record_output_stream:  11.215388 s
Time to run write_record_output_stream:   8.868886 s
Time to run write_record_output_stream:   1.849368 s
  Time to read in seconds RCM_run is:    0.7448560    
Time to run write_record_output_stream:   6.619405 s
Time to run write_record_output_stream:  10.999593 s
Time to run write_record_output_stream:   1.804447 s
Time to run write_record_output_stream:   6.614929 s
Time to run write_record_output_stream:  12.954402 s
Time to run write_record_output_stream:   1.875381 s
Time to run write_record_output_stream:   6.608228 s
Time to run write_record_output_stream:  14.509730 s
Time to run write_record_output_stream:   2.217309 s
Time to run write_record_output_stream:   6.611610 s
Time to run write_record_output_stream:  15.791492 s
Time to run write_record_output_stream:   2.200057 s
Time to run write_record_output_stream:   6.604246 s
Time to run write_record_output_stream: ********** s
Time to run write_record_output_stream:   1.933653 s
Time to run write_record_output_stream:   6.626711 s
Time to run write_record_output_stream:   9.502320 s
Time to run write_record_output_stream:   1.849417 s
  Time to read in seconds RCM_run is:    0.7448820    
Time to run write_record_output_stream:   6.619046 s
Time to run write_record_output_stream:   9.310109 s
Time to run write_record_output_stream:   1.804513 s
Time to run write_record_output_stream:   6.613851 s
Time to run write_record_output_stream:   9.063567 s
Time to run write_record_output_stream:   1.875420 s
Time to run write_record_output_stream:   6.607796 s
Time to run write_record_output_stream:   8.999276 s
Time to run write_record_output_stream:   2.217415 s
Time to run write_record_output_stream:   6.611727 s
Time to run write_record_output_stream:   8.970697 s
Time to run write_record_output_stream:   2.199989 s
Time to run write_record_output_stream:   6.603945 s
Time to run write_record_output_stream:   0.000000 s
Time to run write_record_output_stream:   1.933648 s
Time to run write_record_output_stream:   6.625798 s
Time to run write_record_output_stream:  16.671803 s
Time to run write_record_output_stream:   1.849251 s
  Time to read in seconds RCM_run is:    0.7446050    
Time to run write_record_output_stream:   6.620376 s
Time to run write_record_output_stream:  16.416134 s
Time to run write_record_output_stream:   1.804302 s
Time to run write_record_output_stream:   6.614840 s
Time to run write_record_output_stream:  16.071205 s
Time to run write_record_output_stream:   1.875357 s
Time to run write_record_output_stream:   6.609145 s
Time to run write_record_output_stream:  15.394564 s
Time to run write_record_output_stream:   2.217268 s
Time to run write_record_output_stream:   6.612292 s
Time to run write_record_output_stream:  15.072376 s
Time to run write_record_output_stream:   2.199893 s
Time to run write_record_output_stream:   6.605851 s
Time to run write_record_output_stream:   0.000000 s
Time to run write_record_output_stream:   1.933754 s
Time to run write_record_output_stream:   6.626293 s
Time to run write_record_output_stream:  11.730232 s
Time to run write_record_output_stream:   5.125373 s
Time to run write_record_output_stream:   1.849484 s
  Time to read in seconds RCM_run is:    0.7448390    
Time to run write_record_output_stream:   6.620125 s
Time to run write_record_output_stream:   4.661089 s
Time to run write_record_output_stream:   1.804537 s
Time to run write_record_output_stream:   6.614843 s
Time to run write_record_output_stream:   4.501273 s
Time to run write_record_output_stream:   1.875570 s
Time to run write_record_output_stream:   6.607812 s
Time to run write_record_output_stream:   4.401562 s
Time to run write_record_output_stream:   2.217364 s
Time to run write_record_output_stream:   6.611729 s
Time to run write_record_output_stream:   4.087703 s
Time to run write_record_output_stream:   2.200111 s
Time to run write_record_output_stream:   6.604472 s
Time to run write_record_output_stream:   0.000000 s
Time to run write_record_output_stream:   1.933705 s
Time to run write_record_output_stream:   6.625987 s
Time to run write_record_output_stream:   4.585089 s
Time to run write_record_output_stream:   1.849379 s
  Time to read in seconds RCM_run is:    0.7450160    
Time to run write_record_output_stream:   6.620194 s
Time to run write_record_output_stream:   4.736327 s
Time to run write_record_output_stream:   1.804497 s
Time to run write_record_output_stream:   6.615334 s
Time to run write_record_output_stream:   4.633121 s
Time to run write_record_output_stream:   1.875495 s
Time to run write_record_output_stream:   6.608900 s
Time to run write_record_output_stream:   4.154766 s
Time to run write_record_output_stream:   2.217312 s
Time to run write_record_output_stream:   6.611358 s
Time to run write_record_output_stream:   4.006268 s
Time to run write_record_output_stream:   2.200156 s
Time to run write_record_output_stream:   6.605292 s
Time to run write_record_output_stream:   0.000000 s
Time to run write_record_output_stream:   1.933697 s
Time to run write_record_output_stream:   6.626109 s
Time to run write_record_output_stream:   6.756527 s
Time to run write_record_output_stream:   8.752752 s
Time to run write_record_output_stream:   1.849236 s
  Time to read in seconds RCM_run is:    0.7450470    
Time to run write_record_output_stream:   6.620101 s
Time to run write_record_output_stream:   8.309191 s
Time to run write_record_output_stream:   1.804558 s
Time to run write_record_output_stream:   6.614255 s
Time to run write_record_output_stream:   7.832064 s
Time to run write_record_output_stream:   1.875340 s
Time to run write_record_output_stream:   6.607863 s
Time to run write_record_output_stream:   7.453929 s
Time to run write_record_output_stream:   2.217289 s
Time to run write_record_output_stream:   6.611792 s
Time to run write_record_output_stream:   7.536647 s
Time to run write_record_output_stream:   2.199926 s
Time to run write_record_output_stream:   6.604159 s
Time to run write_record_output_stream:   0.000000 s
Time to run write_record_output_stream:   1.933461 s
Time to run write_record_output_stream:   6.626388 s
Time to run write_record_output_stream:   9.002453 s
Time to run write_record_output_stream:   1.849442 s
  Time to read in seconds RCM_run is:    0.7447650    
Time to run write_record_output_stream:   6.620272 s
Time to run write_record_output_stream:   8.195697 s
Time to run write_record_output_stream:   1.804628 s
Time to run write_record_output_stream:   6.614715 s
Time to run write_record_output_stream:   7.915871 s
Time to run write_record_output_stream:   1.875465 s
Time to run write_record_output_stream:   6.608772 s
Time to run write_record_output_stream:   8.360600 s
Time to run write_record_output_stream:   2.217291 s
Time to run write_record_output_stream:   6.611968 s
Time to run write_record_output_stream:   9.091164 s
Time to run write_record_output_stream:   2.200057 s
Time to run write_record_output_stream:   6.605382 s
Time to run write_record_output_stream:   0.000000 s
Time to run write_record_output_stream:   1.933576 s
Time to run write_record_output_stream:   6.626098 s
Time to run write_record_output_stream:  10.570050 s
Time to run write_record_output_stream:  18.021922 s
Time to run write_record_output_stream:   8.637968 s
 MPI Rank:            3  using device:            0
Time to run newoutfiles:  12.692676 s
Time to run write_record_output_stream:   6.852827 s
Time to run write_record_output_stream:  11.062602 s
Time to run write_record_output_stream:   7.744822 s
Time to run write_record_output_stream:   1.969908 s
Time to run write_record_output_stream:   8.627084 s
Time to run write_record_output_stream:   8.391925 s
Time to run write_record_output_stream:   1.979547 s
Time to run write_record_output_stream:   7.261323 s
Time to run write_record_output_stream:   9.198132 s
Time to run write_record_output_stream:   2.019254 s
Time to run write_record_output_stream:   8.368149 s
Time to run write_record_output_stream:  13.721946 s
Time to run write_record_output_stream:   2.249985 s
Time to run write_record_output_stream:   6.988836 s
Time to run write_record_output_stream:   9.368506 s
Time to run write_record_output_stream:   1.641587 s
Time to run write_record_output_stream:   6.808154 s
 MPI Rank:            7  using device:            0
Time to run newoutfiles:  14.030160 s
Time to run write_record_output_stream:   6.821079 s
Time to run write_record_output_stream:  11.062496 s
Time to run write_record_output_stream:  19.949619 s
Time to run write_record_output_stream:   1.970011 s
Time to run write_record_output_stream:   8.627539 s
Time to run write_record_output_stream:  20.571546 s
Time to run write_record_output_stream:   1.979594 s
Time to run write_record_output_stream:   7.263168 s
Time to run write_record_output_stream:  21.491749 s
Time to run write_record_output_stream:   2.019241 s
Time to run write_record_output_stream:   8.368355 s
Time to run write_record_output_stream:  26.258990 s
Time to run write_record_output_stream:   2.249959 s
Time to run write_record_output_stream:   6.989190 s
Time to run write_record_output_stream:  22.213131 s
Time to run write_record_output_stream:   1.641598 s
Time to run write_record_output_stream:   6.808256 s
Time to run write_record_output_stream:  15.795852 s
Time to run write_record_output_stream:   7.052247 s
Time to run write_record_output_stream:  13.022057 s
 MPI Rank:           51  using device:            0
Time to run newoutfiles:  13.027559 s
Time to run write_record_output_stream:   6.717441 s
Time to run write_record_output_stream:  11.062343 s
Time to run write_record_output_stream:  11.730481 s
Time to run write_record_output_stream:   1.970078 s
Time to run write_record_output_stream:   8.626949 s
Time to run write_record_output_stream:  12.548643 s
Time to run write_record_output_stream:   1.979618 s
Time to run write_record_output_stream:   7.262033 s
Time to run write_record_output_stream:  13.634027 s
Time to run write_record_output_stream:   2.019290 s
Time to run write_record_output_stream:   8.368238 s
Time to run write_record_output_stream:  18.578124 s
Time to run write_record_output_stream:   2.250089 s
Time to run write_record_output_stream:   6.989703 s
Time to run write_record_output_stream:  14.721062 s
Time to run write_record_output_stream:   1.641722 s
Time to run write_record_output_stream:   6.807863 s
Time to run write_record_output_stream:   2.506678 s
Time to run write_record_output_stream:   2.935215 s
 MPI Rank:           59  using device:            0
Time to run newoutfiles:  13.242905 s
Time to run write_record_output_stream:   6.714564 s
Time to run write_record_output_stream:  11.062665 s
Time to run write_record_output_stream:   7.625226 s
Time to run write_record_output_stream:   1.970077 s
Time to run write_record_output_stream:   8.626879 s
Time to run write_record_output_stream:   9.008148 s
Time to run write_record_output_stream:   1.979717 s
Time to run write_record_output_stream:   7.262504 s
Time to run write_record_output_stream:  10.639312 s
Time to run write_record_output_stream:   2.019275 s
Time to run write_record_output_stream:   8.368412 s
Time to run write_record_output_stream:  15.945669 s
Time to run write_record_output_stream:   2.249970 s
Time to run write_record_output_stream:   6.989603 s
Time to run write_record_output_stream:  12.194695 s
Time to run write_record_output_stream:   1.641577 s
Time to run write_record_output_stream:   6.807885 s
Time to run write_record_output_stream:   5.804478 s
Time to run write_record_output_stream:   8.678002 s
 MPI Rank:           18  using device:            0
Time to run newoutfiles:  13.050086 s
Time to run write_record_output_stream:   7.155088 s
Time to run write_record_output_stream:  11.062670 s
Time to run write_record_output_stream:  10.254793 s
Time to run write_record_output_stream:   1.970056 s
Time to run write_record_output_stream:   8.626137 s
Time to run write_record_output_stream:  11.104696 s
Time to run write_record_output_stream:   1.979748 s
Time to run write_record_output_stream:   7.261236 s
Time to run write_record_output_stream:  12.012958 s
Time to run write_record_output_stream:   2.019294 s
Time to run write_record_output_stream:   8.367186 s
Time to run write_record_output_stream:  16.650742 s
Time to run write_record_output_stream:   2.249966 s
Time to run write_record_output_stream:   6.988939 s
Time to run write_record_output_stream:  12.307848 s
Time to run write_record_output_stream:   1.641768 s
Time to run write_record_output_stream:   6.807475 s
 MPI Rank:           14  using device:            0
Time to run newoutfiles:  13.115818 s
Time to run write_record_output_stream:   6.820077 s
Time to run write_record_output_stream:  11.061984 s
Time to run write_record_output_stream:  16.699977 s
Time to run write_record_output_stream:   1.969741 s
Time to run write_record_output_stream:   8.627114 s
Time to run write_record_output_stream:  17.652834 s
Time to run write_record_output_stream:   1.979443 s
Time to run write_record_output_stream:   7.262218 s
Time to run write_record_output_stream:  18.924380 s
Time to run write_record_output_stream:   2.019121 s
Time to run write_record_output_stream:   8.368215 s
Time to run write_record_output_stream:  24.087266 s
Time to run write_record_output_stream:   2.249708 s
Time to run write_record_output_stream:   6.989159 s
Time to run write_record_output_stream:  20.424736 s
Time to run write_record_output_stream:   1.641522 s
Time to run write_record_output_stream:   6.808059 s
 MPI Rank:           43  using device:            0
Time to run newoutfiles:  14.139822 s
Time to run write_record_output_stream:   6.792719 s
Time to run write_record_output_stream:  11.062067 s
Time to run write_record_output_stream:  14.296746 s
Time to run write_record_output_stream:   1.969921 s
Time to run write_record_output_stream:   8.626802 s
Time to run write_record_output_stream:  14.752635 s
Time to run write_record_output_stream:   1.979544 s
Time to run write_record_output_stream:   7.262259 s
Time to run write_record_output_stream:  15.446062 s
Time to run write_record_output_stream:   2.019118 s
Time to run write_record_output_stream:   8.367831 s
Time to run write_record_output_stream:  19.882211 s
Time to run write_record_output_stream:   2.249948 s
Time to run write_record_output_stream:   6.989005 s
Time to run write_record_output_stream:  15.508400 s
Time to run write_record_output_stream:   1.641564 s
Time to run write_record_output_stream:   6.807544 s
Time to run write_record_output_stream:   9.854157 s
Time to run write_record_output_stream:   1.717455 s
  Time to read in seconds RCM_run is:    0.6815050    
Time to run write_record_output_stream:   6.595895 s
Time to run write_record_output_stream:   9.704671 s
Time to run write_record_output_stream:   3.495897 s
Time to run write_record_output_stream:   6.600176 s
Time to run write_record_output_stream:   9.770557 s
Time to run write_record_output_stream:   2.061151 s
Time to run write_record_output_stream:   6.607168 s
Time to run write_record_output_stream:   9.873637 s
Time to run write_record_output_stream:   1.689074 s
Time to run write_record_output_stream:   6.588003 s
Time to run write_record_output_stream:   9.961511 s
Time to run write_record_output_stream:   1.624753 s
Time to run write_record_output_stream:   6.602817 s
Time to run write_record_output_stream:  11.414971 s
Time to run write_record_output_stream:   1.731881 s
Time to run write_record_output_stream:   6.591708 s
Time to run write_record_output_stream:  23.080099 s
Time to run write_record_output_stream:   1.717441 s
  Time to read in seconds RCM_run is:    0.6809250    
Time to run write_record_output_stream:   6.596812 s
Time to run write_record_output_stream:  23.219833 s
Time to run write_record_output_stream:   3.495908 s
Time to run write_record_output_stream:   6.600255 s
Time to run write_record_output_stream:  23.399124 s
Time to run write_record_output_stream:   2.061141 s
Time to run write_record_output_stream:   6.608001 s
Time to run write_record_output_stream:  23.449213 s
Time to run write_record_output_stream:   1.689166 s
Time to run write_record_output_stream:   6.589139 s
Time to run write_record_output_stream:  23.427014 s
Time to run write_record_output_stream:   1.624837 s
Time to run write_record_output_stream:   6.603317 s
Time to run write_record_output_stream:  24.736132 s
Time to run write_record_output_stream:   1.731895 s
Time to run write_record_output_stream:   6.592293 s
 MPI Rank:           10  using device:            0
Time to run newoutfiles:  13.893475 s
Time to run write_record_output_stream:   6.852054 s
Time to run write_record_output_stream:  11.062626 s
Time to run write_record_output_stream:   7.705809 s
Time to run write_record_output_stream:   1.969789 s
Time to run write_record_output_stream:   8.626534 s
Time to run write_record_output_stream:   8.744568 s
Time to run write_record_output_stream:   1.979350 s
Time to run write_record_output_stream:   7.261215 s
Time to run write_record_output_stream:   9.904949 s
Time to run write_record_output_stream:   2.019045 s
Time to run write_record_output_stream:   8.367628 s
Time to run write_record_output_stream:  14.771982 s
Time to run write_record_output_stream:   2.249698 s
Time to run write_record_output_stream:   6.989695 s
Time to run write_record_output_stream:  10.539131 s
Time to run write_record_output_stream:   1.641497 s
Time to run write_record_output_stream:   6.808164 s
 MPI Rank:           39  using device:            0
Time to run newoutfiles:  13.912370 s
Time to run write_record_output_stream:   6.772202 s
Time to run write_record_output_stream:  11.061724 s
Time to run write_record_output_stream:   8.503490 s
Time to run write_record_output_stream:   1.969689 s
Time to run write_record_output_stream:   8.626673 s
Time to run write_record_output_stream:   8.748812 s
Time to run write_record_output_stream:   1.979607 s
Time to run write_record_output_stream:   7.262460 s
Time to run write_record_output_stream:   9.249066 s
Time to run write_record_output_stream:   2.019195 s
Time to run write_record_output_stream:   8.367919 s
Time to run write_record_output_stream:  13.550607 s
Time to run write_record_output_stream:   2.249865 s
Time to run write_record_output_stream:   6.989304 s
Time to run write_record_output_stream:   9.018734 s
Time to run write_record_output_stream:   1.641613 s
Time to run write_record_output_stream:   6.807975 s
 MPI Rank:           63  using device:            0
Time to run newoutfiles:  14.463203 s
Time to run write_record_output_stream:   6.835195 s
Time to run write_record_output_stream:  11.062636 s
Time to run write_record_output_stream:   6.583062 s
Time to run write_record_output_stream:   1.969985 s
Time to run write_record_output_stream:   8.626975 s
Time to run write_record_output_stream:   7.075930 s
Time to run write_record_output_stream:   1.979573 s
Time to run write_record_output_stream:   7.262938 s
Time to run write_record_output_stream:   7.930338 s
Time to run write_record_output_stream:   2.019075 s
Time to run write_record_output_stream:   8.368558 s
Time to run write_record_output_stream:  12.652185 s
Time to run write_record_output_stream:   2.249965 s
Time to run write_record_output_stream:   6.989553 s
Time to run write_record_output_stream:   8.613996 s
Time to run write_record_output_stream:   1.641520 s
Time to run write_record_output_stream:   6.808210 s
Time to run write_record_output_stream:  15.397717 s
Time to run write_record_output_stream:   1.717527 s
  Time to read in seconds RCM_run is:    0.6964950    
Time to run write_record_output_stream:   6.595524 s
Time to run write_record_output_stream:  15.401941 s
Time to run write_record_output_stream:   3.496016 s
Time to run write_record_output_stream:   6.599296 s
Time to run write_record_output_stream:  14.849124 s
Time to run write_record_output_stream:   2.061217 s
Time to run write_record_output_stream:   6.607877 s
Time to run write_record_output_stream:  13.552340 s
Time to run write_record_output_stream:   1.689183 s
Time to run write_record_output_stream:   6.587835 s
Time to run write_record_output_stream:  11.059491 s
Time to run write_record_output_stream:   1.624752 s
Time to run write_record_output_stream:   6.603642 s
Time to run write_record_output_stream:  11.036859 s
Time to run write_record_output_stream:   1.732006 s
Time to run write_record_output_stream:   6.592363 s
 MPI Rank:           46  using device:            0
Time to run newoutfiles:  14.518507 s
Time to run write_record_output_stream:   6.773157 s
Time to run write_record_output_stream:  11.061719 s
Time to run write_record_output_stream:   6.421431 s
Time to run write_record_output_stream:   1.969873 s
Time to run write_record_output_stream:   8.626912 s
Time to run write_record_output_stream:   7.234101 s
Time to run write_record_output_stream:   1.979574 s
Time to run write_record_output_stream:   7.262091 s
Time to run write_record_output_stream:   8.667748 s
Time to run write_record_output_stream:   2.019154 s
Time to run write_record_output_stream:   8.367732 s
Time to run write_record_output_stream:  13.846875 s
Time to run write_record_output_stream:   2.249817 s
Time to run write_record_output_stream:   6.988991 s
Time to run write_record_output_stream:  10.039470 s
Time to run write_record_output_stream:   1.641700 s
Time to run write_record_output_stream:   6.807638 s
 MPI Rank:           26  using device:            0
Time to run newoutfiles:  13.492756 s
Time to run write_record_output_stream:   6.846678 s
Time to run write_record_output_stream:  11.061272 s
Time to run write_record_output_stream:  10.346189 s
Time to run write_record_output_stream:   1.969862 s
Time to run write_record_output_stream:   8.626150 s
Time to run write_record_output_stream:  11.363468 s
Time to run write_record_output_stream:   1.979561 s
Time to run write_record_output_stream:   7.262045 s
Time to run write_record_output_stream:  12.568354 s
Time to run write_record_output_stream:   2.019210 s
Time to run write_record_output_stream:   8.367970 s
Time to run write_record_output_stream:  17.498242 s
Time to run write_record_output_stream:   2.249756 s
Time to run write_record_output_stream:   6.989067 s
Time to run write_record_output_stream:  13.362743 s
Time to run write_record_output_stream:   1.641502 s
Time to run write_record_output_stream:   6.807650 s
Time to run write_record_output_stream:  13.293356 s
Time to run write_record_output_stream:   1.717640 s
  Time to read in seconds RCM_run is:    0.6961790    
Time to run write_record_output_stream:   6.596134 s
Time to run write_record_output_stream:  13.709036 s
Time to run write_record_output_stream:   3.496105 s
Time to run write_record_output_stream:   6.599941 s
Time to run write_record_output_stream:  13.995873 s
Time to run write_record_output_stream:   2.061214 s
Time to run write_record_output_stream:   6.607993 s
Time to run write_record_output_stream:  13.591660 s
Time to run write_record_output_stream:   1.689106 s
Time to run write_record_output_stream:   6.588030 s
Time to run write_record_output_stream:  12.489822 s
Time to run write_record_output_stream:   1.624841 s
Time to run write_record_output_stream:   6.603416 s
Time to run write_record_output_stream:  11.939654 s
Time to run write_record_output_stream:   1.731917 s
Time to run write_record_output_stream:   6.592154 s
 MPI Rank:           35  using device:            0
Time to run newoutfiles:  13.202709 s
Time to run write_record_output_stream:   6.824618 s
Time to run write_record_output_stream:  11.062226 s
Time to run write_record_output_stream:  14.195497 s
Time to run write_record_output_stream:   1.969755 s
Time to run write_record_output_stream:   8.626215 s
Time to run write_record_output_stream:  14.249745 s
Time to run write_record_output_stream:   1.979529 s
Time to run write_record_output_stream:   7.262237 s
Time to run write_record_output_stream:  14.738680 s
Time to run write_record_output_stream:   2.019288 s
Time to run write_record_output_stream:   8.367751 s
Time to run write_record_output_stream:  19.050256 s
Time to run write_record_output_stream:   2.249882 s
Time to run write_record_output_stream:   6.988826 s
Time to run write_record_output_stream:  14.619502 s
Time to run write_record_output_stream:   1.641712 s
Time to run write_record_output_stream:   6.807770 s
 MPI Rank:           54  using device:            0
Time to run newoutfiles:  13.637300 s
Time to run write_record_output_stream:   6.774664 s
Time to run write_record_output_stream:  11.062420 s
Time to run write_record_output_stream:   9.406563 s
Time to run write_record_output_stream:   1.969931 s
Time to run write_record_output_stream:   8.626705 s
Time to run write_record_output_stream:   8.204363 s
Time to run write_record_output_stream:   1.979539 s
Time to run write_record_output_stream:   7.262401 s
Time to run write_record_output_stream:   8.320323 s
Time to run write_record_output_stream:   2.019235 s
Time to run write_record_output_stream:   8.367821 s
Time to run write_record_output_stream:  12.687261 s
Time to run write_record_output_stream:   2.249846 s
Time to run write_record_output_stream:   6.989393 s
Time to run write_record_output_stream:   8.146454 s
Time to run write_record_output_stream:   1.641629 s
Time to run write_record_output_stream:   6.807946 s
Time to run write_record_output_stream:  12.872459 s
Time to run write_record_output_stream:   1.717497 s
  Time to read in seconds RCM_run is:    0.6815450    
Time to run write_record_output_stream:   6.594979 s
Time to run write_record_output_stream:  12.630162 s
Time to run write_record_output_stream:   3.496059 s
Time to run write_record_output_stream:   6.599851 s
Time to run write_record_output_stream:  11.975686 s
Time to run write_record_output_stream:   2.061299 s
Time to run write_record_output_stream:   6.607554 s
Time to run write_record_output_stream:  11.003380 s
Time to run write_record_output_stream:   1.689180 s
Time to run write_record_output_stream:   6.587602 s
Time to run write_record_output_stream:  10.032869 s
Time to run write_record_output_stream:   1.624677 s
Time to run write_record_output_stream:   6.602530 s
Time to run write_record_output_stream:  10.628562 s
Time to run write_record_output_stream:   1.731969 s
Time to run write_record_output_stream:   6.591092 s
Time to run write_record_output_stream:  21.616640 s
Time to run write_record_output_stream:   1.717300 s
  Time to read in seconds RCM_run is:    0.6816680    
Time to run write_record_output_stream:   6.596408 s
Time to run write_record_output_stream:  21.984465 s
Time to run write_record_output_stream:   3.495882 s
Time to run write_record_output_stream:   6.600089 s
Time to run write_record_output_stream:  22.310538 s
Time to run write_record_output_stream:   2.061108 s
Time to run write_record_output_stream:   6.607382 s
Time to run write_record_output_stream:  22.481254 s
Time to run write_record_output_stream:   1.689014 s
Time to run write_record_output_stream:   6.588727 s
Time to run write_record_output_stream:  22.689026 s
Time to run write_record_output_stream:   1.624686 s
Time to run write_record_output_stream:   6.602254 s
Time to run write_record_output_stream:  24.311273 s
Time to run write_record_output_stream:   1.731788 s
Time to run write_record_output_stream:   6.592243 s
Time to run write_record_output_stream:  16.068408 s
Time to run write_record_output_stream:   1.717497 s
  Time to read in seconds RCM_run is:    0.6963930    
Time to run write_record_output_stream:   6.595469 s
Time to run write_record_output_stream:  15.757112 s
Time to run write_record_output_stream:   3.495929 s
Time to run write_record_output_stream:   6.599477 s
Time to run write_record_output_stream:  14.937282 s
Time to run write_record_output_stream:   2.061161 s
Time to run write_record_output_stream:   6.607557 s
Time to run write_record_output_stream:  13.961129 s
Time to run write_record_output_stream:   1.689233 s
Time to run write_record_output_stream:   6.587227 s
Time to run write_record_output_stream:  12.496737 s
Time to run write_record_output_stream:   1.624810 s
Time to run write_record_output_stream:   6.603280 s
Time to run write_record_output_stream:  12.093813 s
Time to run write_record_output_stream:   1.732021 s
Time to run write_record_output_stream:   6.591125 s
Time to run write_record_output_stream:  10.138927 s
Time to run write_record_output_stream:   2.378209 s
  Time to read in seconds RCM_run is:    0.6944710    
Time to run write_record_output_stream:   6.618928 s
Time to run write_record_output_stream:   9.940659 s
Time to run write_record_output_stream:   2.003551 s
Time to run write_record_output_stream:   6.633676 s
Time to run write_record_output_stream:   9.935936 s
Time to run write_record_output_stream:   1.830389 s
Time to run write_record_output_stream:   6.610848 s
Time to run write_record_output_stream:  10.077963 s
Time to run write_record_output_stream:   1.873914 s
Time to run write_record_output_stream:   6.762697 s
Time to run write_record_output_stream:   9.754478 s
Time to run write_record_output_stream:   1.756246 s
Time to run write_record_output_stream:   6.601051 s
Time to run write_record_output_stream:   9.719568 s
Time to run write_record_output_stream:   2.431345 s
Time to run write_record_output_stream:   6.618395 s
Time to run write_record_output_stream:  23.359901 s
Time to run write_record_output_stream:   2.378272 s
  Time to read in seconds RCM_run is:    0.6938340    
Time to run write_record_output_stream:   6.619838 s
Time to run write_record_output_stream:  23.188716 s
Time to run write_record_output_stream:   2.003785 s
Time to run write_record_output_stream:   6.633576 s
Time to run write_record_output_stream:  23.318151 s
Time to run write_record_output_stream:   1.830375 s
Time to run write_record_output_stream:   6.610502 s
Time to run write_record_output_stream:  23.617111 s
Time to run write_record_output_stream:   1.873842 s
Time to run write_record_output_stream:   6.763669 s
Time to run write_record_output_stream:  23.450471 s
Time to run write_record_output_stream:   1.756410 s
Time to run write_record_output_stream:   6.601411 s
Time to run write_record_output_stream:  23.532792 s
Time to run write_record_output_stream:   2.431435 s
Time to run write_record_output_stream:   6.620256 s
Time to run write_record_output_stream:  11.101893 s
Time to run write_record_output_stream:   1.717359 s
  Time to read in seconds RCM_run is:    0.6813730    
Time to run write_record_output_stream:   6.595652 s
Time to run write_record_output_stream:  11.057543 s
Time to run write_record_output_stream:   3.495767 s
Time to run write_record_output_stream:   6.600215 s
Time to run write_record_output_stream:  10.772440 s
Time to run write_record_output_stream:   2.061025 s
Time to run write_record_output_stream:   6.607366 s
Time to run write_record_output_stream:   8.933781 s
Time to run write_record_output_stream:   1.688915 s
Time to run write_record_output_stream:   6.587957 s
Time to run write_record_output_stream:   7.537512 s
Time to run write_record_output_stream:   1.624578 s
Time to run write_record_output_stream:   6.602901 s
Time to run write_record_output_stream:   8.045650 s
Time to run write_record_output_stream:   1.731849 s
Time to run write_record_output_stream:   6.591126 s
Time to run write_record_output_stream:   9.377619 s
Time to run write_record_output_stream:   1.717391 s
  Time to read in seconds RCM_run is:    0.6811750    
Time to run write_record_output_stream:   6.595958 s
Time to run write_record_output_stream:   9.064834 s
Time to run write_record_output_stream:   3.495941 s
Time to run write_record_output_stream:   6.600108 s
Time to run write_record_output_stream:   8.973389 s
Time to run write_record_output_stream:   2.061179 s
Time to run write_record_output_stream:   6.607547 s
Time to run write_record_output_stream:   8.894578 s
Time to run write_record_output_stream:   1.689095 s
Time to run write_record_output_stream:   6.588223 s
Time to run write_record_output_stream:   8.768923 s
Time to run write_record_output_stream:   1.624734 s
Time to run write_record_output_stream:   6.603410 s
Time to run write_record_output_stream:  10.030886 s
Time to run write_record_output_stream:   1.731808 s
Time to run write_record_output_stream:   6.591717 s
Time to run write_record_output_stream:   9.472554 s
Time to run write_record_output_stream:   1.717508 s
  Time to read in seconds RCM_run is:    0.6808350    
Time to run write_record_output_stream:   6.596518 s
Time to run write_record_output_stream:   9.739142 s
Time to run write_record_output_stream:   3.496014 s
Time to run write_record_output_stream:   6.600834 s
Time to run write_record_output_stream:  10.294997 s
Time to run write_record_output_stream:   2.061380 s
Time to run write_record_output_stream:   6.608225 s
Time to run write_record_output_stream:  10.868905 s
Time to run write_record_output_stream:   1.689047 s
Time to run write_record_output_stream:   6.588391 s
Time to run write_record_output_stream:  11.435069 s
Time to run write_record_output_stream:   1.624635 s
Time to run write_record_output_stream:   6.603556 s
Time to run write_record_output_stream:  13.323451 s
Time to run write_record_output_stream:   1.731920 s
Time to run write_record_output_stream:   6.592966 s
Time to run write_record_output_stream:   8.753033 s
Time to run write_record_output_stream:   2.378308 s
  Time to read in seconds RCM_run is:    0.6941020    
Time to run write_record_output_stream:   6.620071 s
Time to run write_record_output_stream:   7.831826 s
Time to run write_record_output_stream:   2.003761 s
Time to run write_record_output_stream:   6.633713 s
Time to run write_record_output_stream:   7.706398 s
Time to run write_record_output_stream:   1.830455 s
Time to run write_record_output_stream:   6.610564 s
Time to run write_record_output_stream:   8.421545 s
Time to run write_record_output_stream:   1.873769 s
Time to run write_record_output_stream:   6.763402 s
Time to run write_record_output_stream:   9.276630 s
Time to run write_record_output_stream:   1.756325 s
Time to run write_record_output_stream:   6.601911 s
Time to run write_record_output_stream:  10.273935 s
Time to run write_record_output_stream:   2.431356 s
Time to run write_record_output_stream:   6.618755 s
Time to run write_record_output_stream:  10.581389 s
Time to run write_record_output_stream:   1.717416 s
  Time to read in seconds RCM_run is:    0.6813010    
Time to run write_record_output_stream:   6.595783 s
Time to run write_record_output_stream:  10.162102 s
Time to run write_record_output_stream:   3.495820 s
Time to run write_record_output_stream:   6.599979 s
Time to run write_record_output_stream:   9.730456 s
Time to run write_record_output_stream:   2.061150 s
Time to run write_record_output_stream:   6.607596 s
Time to run write_record_output_stream:   9.144182 s
Time to run write_record_output_stream:   1.689035 s
Time to run write_record_output_stream:   6.587986 s
Time to run write_record_output_stream:   8.411881 s
Time to run write_record_output_stream:   1.624858 s
Time to run write_record_output_stream:   6.602831 s
Time to run write_record_output_stream:   9.066964 s
Time to run write_record_output_stream:   1.731949 s
Time to run write_record_output_stream:   6.591957 s
Time to run write_record_output_stream:  13.850557 s
Time to run write_record_output_stream:   1.717534 s
  Time to read in seconds RCM_run is:    0.6963890    
Time to run write_record_output_stream:   6.595451 s
Time to run write_record_output_stream:  13.376878 s
Time to run write_record_output_stream:   3.495824 s
Time to run write_record_output_stream:   6.599842 s
Time to run write_record_output_stream:  12.171943 s
Time to run write_record_output_stream:   2.061057 s
Time to run write_record_output_stream:   6.607577 s
Time to run write_record_output_stream:   9.379948 s
Time to run write_record_output_stream:   1.688984 s
Time to run write_record_output_stream:   6.587820 s
Time to run write_record_output_stream:   7.245916 s
Time to run write_record_output_stream:   1.624750 s
Time to run write_record_output_stream:   6.603234 s
Time to run write_record_output_stream:   7.366766 s
Time to run write_record_output_stream:   1.731811 s
Time to run write_record_output_stream:   6.591566 s
Time to run write_record_output_stream:   8.960520 s
Time to run write_record_output_stream:   2.378373 s
  Time to read in seconds RCM_run is:    0.6935800    
Time to run write_record_output_stream:   6.619752 s
Time to run write_record_output_stream:   8.235900 s
Time to run write_record_output_stream:   2.003695 s
Time to run write_record_output_stream:   6.633859 s
Time to run write_record_output_stream:   8.452835 s
Time to run write_record_output_stream:   1.830463 s
Time to run write_record_output_stream:   6.610522 s
Time to run write_record_output_stream:   9.209034 s
Time to run write_record_output_stream:   1.873769 s
Time to run write_record_output_stream:   6.763572 s
Time to run write_record_output_stream:  11.112276 s
Time to run write_record_output_stream:   1.756231 s
Time to run write_record_output_stream:   6.602002 s
Time to run write_record_output_stream:  13.461696 s
Time to run write_record_output_stream:   2.431357 s
Time to run write_record_output_stream:   6.618724 s
Time to run write_record_output_stream:  15.110250 s
Time to run write_record_output_stream:   1.717378 s
  Time to read in seconds RCM_run is:    0.6965110    
Time to run write_record_output_stream:   6.596198 s
Time to run write_record_output_stream:  14.809772 s
Time to run write_record_output_stream:   3.495806 s
Time to run write_record_output_stream:   6.599748 s
Time to run write_record_output_stream:  14.447202 s
Time to run write_record_output_stream:   2.061214 s
Time to run write_record_output_stream:   6.607610 s
Time to run write_record_output_stream:  13.745459 s
Time to run write_record_output_stream:   1.689027 s
Time to run write_record_output_stream:   6.587407 s
Time to run write_record_output_stream:  13.262480 s
Time to run write_record_output_stream:   1.624691 s
Time to run write_record_output_stream:   6.602998 s
Time to run write_record_output_stream:  14.351296 s
Time to run write_record_output_stream:   1.731909 s
Time to run write_record_output_stream:   6.591464 s
Time to run write_record_output_stream:   8.657214 s
Time to run write_record_output_stream:   1.717410 s
  Time to read in seconds RCM_run is:    0.6814240    
Time to run write_record_output_stream:   6.596348 s
Time to run write_record_output_stream:   8.689798 s
Time to run write_record_output_stream:   3.495919 s
Time to run write_record_output_stream:   6.600353 s
Time to run write_record_output_stream:   8.878691 s
Time to run write_record_output_stream:   2.061152 s
Time to run write_record_output_stream:   6.607659 s
Time to run write_record_output_stream:   9.477144 s
Time to run write_record_output_stream:   1.689057 s
Time to run write_record_output_stream:   6.588022 s
Time to run write_record_output_stream:  10.483288 s
Time to run write_record_output_stream:   1.624724 s
Time to run write_record_output_stream:   6.603195 s
Time to run write_record_output_stream:  12.596987 s
Time to run write_record_output_stream:   1.731863 s
Time to run write_record_output_stream:   6.592325 s
Time to run write_record_output_stream:   8.298896 s
Time to run write_record_output_stream:   2.378376 s
  Time to read in seconds RCM_run is:    0.6945040    
Time to run write_record_output_stream:   6.618739 s
Time to run write_record_output_stream:   7.140636 s
Time to run write_record_output_stream:   2.003767 s
Time to run write_record_output_stream:   6.633013 s
Time to run write_record_output_stream:   6.797065 s
Time to run write_record_output_stream:   1.830425 s
Time to run write_record_output_stream:   6.610002 s
Time to run write_record_output_stream:   6.971113 s
Time to run write_record_output_stream:   1.874007 s
Time to run write_record_output_stream:   6.762665 s
Time to run write_record_output_stream:   6.869744 s
Time to run write_record_output_stream:   1.756330 s
Time to run write_record_output_stream:   6.601511 s
Time to run write_record_output_stream:   7.220645 s
Time to run write_record_output_stream:   2.431340 s
Time to run write_record_output_stream:   6.617473 s
Time to run write_record_output_stream:  23.355179 s
Time to run write_record_output_stream:   2.378109 s
  Time to read in seconds RCM_run is:    0.6943050    
Time to run write_record_output_stream:   6.619745 s
Time to run write_record_output_stream:  23.541543 s
Time to run write_record_output_stream:   2.003670 s
Time to run write_record_output_stream:   6.633192 s
Time to run write_record_output_stream:  23.800658 s
Time to run write_record_output_stream:   1.830202 s
Time to run write_record_output_stream:   6.610376 s
Time to run write_record_output_stream:  24.046555 s
Time to run write_record_output_stream:   1.873667 s
Time to run write_record_output_stream:   6.763325 s
Time to run write_record_output_stream:  23.608239 s
Time to run write_record_output_stream:   1.756095 s
Time to run write_record_output_stream:   6.601334 s
Time to run write_record_output_stream:  23.379932 s
Time to run write_record_output_stream:   2.431284 s
Time to run write_record_output_stream:   6.618563 s
Time to run write_record_output_stream:   9.555032 s
Time to run write_record_output_stream:   2.378269 s
  Time to read in seconds RCM_run is:    0.7135290    
Time to run write_record_output_stream:   6.618992 s
Time to run write_record_output_stream:   8.842868 s
Time to run write_record_output_stream:   2.003718 s
Time to run write_record_output_stream:   6.633399 s
Time to run write_record_output_stream:   8.977552 s
Time to run write_record_output_stream:   1.830456 s
Time to run write_record_output_stream:   6.609730 s
Time to run write_record_output_stream:   9.820112 s
Time to run write_record_output_stream:   1.873907 s
Time to run write_record_output_stream:   6.762311 s
Time to run write_record_output_stream:  10.800792 s
Time to run write_record_output_stream:   1.756434 s
Time to run write_record_output_stream:   6.600952 s
Time to run write_record_output_stream:  12.895683 s
Time to run write_record_output_stream:   2.431565 s
Time to run write_record_output_stream:   6.617893 s
Time to run write_record_output_stream:   9.616613 s
Time to run write_record_output_stream:   1.849371 s
  Time to read in seconds RCM_run is:    0.7452270    
Time to run write_record_output_stream:   6.619778 s
Time to run write_record_output_stream:   9.543751 s
Time to run write_record_output_stream:   1.804495 s
Time to run write_record_output_stream:   6.614242 s
Time to run write_record_output_stream:   9.566419 s
Time to run write_record_output_stream:   1.875574 s
Time to run write_record_output_stream:   6.608413 s
Time to run write_record_output_stream:   9.420917 s
Time to run write_record_output_stream:   2.217295 s
Time to run write_record_output_stream:   6.612318 s
Time to run write_record_output_stream:   9.633726 s
Time to run write_record_output_stream:   2.200034 s
Time to run write_record_output_stream:   6.604709 s
Time to run write_record_output_stream:   0.000000 s
Time to run write_record_output_stream:   1.933963 s
Time to run write_record_output_stream:   6.626069 s
Time to run write_record_output_stream:  23.545750 s
Time to run write_record_output_stream:   1.849319 s
  Time to read in seconds RCM_run is:    0.7447530    
Time to run write_record_output_stream:   6.619990 s
Time to run write_record_output_stream:  23.565656 s
Time to run write_record_output_stream:   1.804528 s
Time to run write_record_output_stream:   6.614952 s
Time to run write_record_output_stream:  23.650718 s
Time to run write_record_output_stream:   1.875479 s
Time to run write_record_output_stream:   6.608827 s
Time to run write_record_output_stream:  23.519558 s
Time to run write_record_output_stream:   2.217299 s
Time to run write_record_output_stream:   6.611684 s
Time to run write_record_output_stream:  23.739727 s
Time to run write_record_output_stream:   2.199923 s
Time to run write_record_output_stream:   6.606011 s
Time to run write_record_output_stream: ********** s
Time to run write_record_output_stream:   1.933712 s
Time to run write_record_output_stream:   6.625689 s
Time to run write_record_output_stream:   6.200630 s
Time to run write_record_output_stream:   2.378120 s
  Time to read in seconds RCM_run is:    0.6942230    
Time to run write_record_output_stream:   6.618704 s
Time to run write_record_output_stream:   5.895122 s
Time to run write_record_output_stream:   2.003539 s
Time to run write_record_output_stream:   6.632725 s
Time to run write_record_output_stream:   6.149252 s
Time to run write_record_output_stream:   1.830254 s
Time to run write_record_output_stream:   6.609765 s
Time to run write_record_output_stream:   6.940930 s
Time to run write_record_output_stream:   1.873658 s
Time to run write_record_output_stream:   6.762637 s
Time to run write_record_output_stream:   7.815388 s
Time to run write_record_output_stream:   1.756128 s
Time to run write_record_output_stream:   6.600951 s
Time to run write_record_output_stream:   8.989500 s
Time to run write_record_output_stream:   2.431230 s
Time to run write_record_output_stream:   6.617874 s
Time to run write_record_output_stream:   8.678584 s
Time to run write_record_output_stream:   2.378080 s
  Time to read in seconds RCM_run is:    0.7031790    
Time to run write_record_output_stream:   6.618911 s
Time to run write_record_output_stream:   8.541142 s
Time to run write_record_output_stream:   2.003544 s
Time to run write_record_output_stream:   6.632201 s
Time to run write_record_output_stream:   8.642856 s
Time to run write_record_output_stream:   1.830310 s
Time to run write_record_output_stream:   6.609893 s
Time to run write_record_output_stream:   8.822532 s
Time to run write_record_output_stream:   1.873670 s
Time to run write_record_output_stream:   6.762391 s
Time to run write_record_output_stream:   8.439934 s
Time to run write_record_output_stream:   1.756214 s
Time to run write_record_output_stream:   6.601470 s
Time to run write_record_output_stream:   8.267805 s
Time to run write_record_output_stream:   2.431335 s
Time to run write_record_output_stream:   6.618433 s
Time to run write_record_output_stream:  12.424874 s
Time to run write_record_output_stream:   2.378185 s
  Time to read in seconds RCM_run is:    0.6932590    
Time to run write_record_output_stream:   6.620404 s
Time to run write_record_output_stream:  12.583876 s
Time to run write_record_output_stream:   2.003659 s
Time to run write_record_output_stream:   6.633785 s
Time to run write_record_output_stream:  12.842077 s
Time to run write_record_output_stream:   1.830293 s
Time to run write_record_output_stream:   6.610677 s
Time to run write_record_output_stream:  13.073986 s
Time to run write_record_output_stream:   1.873626 s
Time to run write_record_output_stream:   6.763521 s
Time to run write_record_output_stream:  12.413651 s
Time to run write_record_output_stream:   1.756181 s
Time to run write_record_output_stream:   6.601385 s
Time to run write_record_output_stream:  12.218894 s
Time to run write_record_output_stream:   2.431342 s
Time to run write_record_output_stream:   6.620936 s
Time to run write_record_output_stream:  11.113401 s
Time to run write_record_output_stream:   1.849422 s
  Time to read in seconds RCM_run is:    0.7451110    
Time to run write_record_output_stream:   6.620254 s
Time to run write_record_output_stream:  12.299886 s
Time to run write_record_output_stream:   1.804517 s
Time to run write_record_output_stream:   6.615412 s
Time to run write_record_output_stream:  13.770774 s
Time to run write_record_output_stream:   1.875534 s
Time to run write_record_output_stream:   6.608552 s
Time to run write_record_output_stream:  14.928106 s
Time to run write_record_output_stream:   2.217278 s
Time to run write_record_output_stream:   6.612170 s
Time to run write_record_output_stream:  16.191863 s
Time to run write_record_output_stream:   2.200032 s
Time to run write_record_output_stream:   6.605139 s
Time to run write_record_output_stream: ********** s
Time to run write_record_output_stream:   1.933514 s
Time to run write_record_output_stream:   6.627285 s
Time to run write_record_output_stream:   6.673274 s
Time to run write_record_output_stream:   2.378176 s
  Time to read in seconds RCM_run is:    0.7033990    
Time to run write_record_output_stream:   6.619812 s
Time to run write_record_output_stream:   5.864832 s
Time to run write_record_output_stream:   2.003748 s
Time to run write_record_output_stream:   6.632843 s
Time to run write_record_output_stream:   4.898507 s
Time to run write_record_output_stream:   1.830468 s
Time to run write_record_output_stream:   6.610464 s
Time to run write_record_output_stream:   4.417911 s
Time to run write_record_output_stream:   1.873652 s
Time to run write_record_output_stream:   6.763362 s
Time to run write_record_output_stream:   4.565614 s
Time to run write_record_output_stream:   1.756255 s
Time to run write_record_output_stream:   6.600937 s
Time to run write_record_output_stream:   4.590081 s
Time to run write_record_output_stream:   2.431365 s
Time to run write_record_output_stream:   6.618457 s
Time to run write_record_output_stream:   4.668250 s
Time to run write_record_output_stream:   2.378114 s
  Time to read in seconds RCM_run is:    0.6944930    
Time to run write_record_output_stream:   6.619120 s
Time to run write_record_output_stream:   3.301632 s
Time to run write_record_output_stream:   2.003644 s
Time to run write_record_output_stream:   6.632676 s
Time to run write_record_output_stream:   2.762320 s
Time to run write_record_output_stream:   1.830271 s
Time to run write_record_output_stream:   6.609796 s
Time to run write_record_output_stream:   3.483234 s
Time to run write_record_output_stream:   1.873649 s
Time to run write_record_output_stream:   6.762629 s
Time to run write_record_output_stream:   4.918767 s
Time to run write_record_output_stream:   1.756099 s
Time to run write_record_output_stream:   6.600661 s
Time to run write_record_output_stream:   7.307143 s
Time to run write_record_output_stream:   2.431317 s
Time to run write_record_output_stream:   6.617694 s
Time to run write_record_output_stream:  14.416915 s
Time to run write_record_output_stream:   1.849513 s
  Time to read in seconds RCM_run is:    0.7447820    
Time to run write_record_output_stream:   6.620385 s
Time to run write_record_output_stream:  15.068306 s
Time to run write_record_output_stream:   1.804502 s
Time to run write_record_output_stream:   6.615159 s
Time to run write_record_output_stream:  15.747159 s
Time to run write_record_output_stream:   1.875569 s
Time to run write_record_output_stream:   6.609225 s
Time to run write_record_output_stream:  16.668477 s
Time to run write_record_output_stream:   2.217250 s
Time to run write_record_output_stream:   6.612211 s
Time to run write_record_output_stream:  17.873814 s
Time to run write_record_output_stream:   2.199915 s
Time to run write_record_output_stream:   6.605252 s
Time to run write_record_output_stream: ********** s
Time to run write_record_output_stream:   1.933588 s
Time to run write_record_output_stream:   6.626526 s
Time to run write_record_output_stream:  12.603930 s
Time to run write_record_output_stream:   2.378170 s
  Time to read in seconds RCM_run is:    0.7135290    
Time to run write_record_output_stream:   6.619696 s
Time to run write_record_output_stream:  12.354551 s
Time to run write_record_output_stream:   2.003783 s
Time to run write_record_output_stream:   6.633680 s
Time to run write_record_output_stream:  12.557902 s
Time to run write_record_output_stream:   1.830208 s
Time to run write_record_output_stream:   6.610112 s
Time to run write_record_output_stream:  13.724878 s
Time to run write_record_output_stream:   1.873627 s
Time to run write_record_output_stream:   6.762897 s
Time to run write_record_output_stream:  14.518708 s
Time to run write_record_output_stream:   1.756271 s
Time to run write_record_output_stream:   6.601709 s
Time to run write_record_output_stream:  15.187326 s
Time to run write_record_output_stream:   2.431313 s
Time to run write_record_output_stream:   6.617808 s
Time to run write_record_output_stream:  11.853245 s
Time to run write_record_output_stream:   2.378201 s
  Time to read in seconds RCM_run is:    0.6989170    
Time to run write_record_output_stream:   6.619952 s
Time to run write_record_output_stream:  11.889072 s
Time to run write_record_output_stream:   2.003749 s
Time to run write_record_output_stream:   6.633422 s
Time to run write_record_output_stream:  11.688399 s
Time to run write_record_output_stream:   1.830287 s
Time to run write_record_output_stream:   6.610673 s
Time to run write_record_output_stream:  11.276354 s
Time to run write_record_output_stream:   1.873760 s
Time to run write_record_output_stream:   6.763204 s
Time to run write_record_output_stream:   9.940739 s
Time to run write_record_output_stream:   1.756154 s
Time to run write_record_output_stream:   6.601197 s
Time to run write_record_output_stream:   9.348745 s
Time to run write_record_output_stream:   2.431301 s
Time to run write_record_output_stream:   6.619898 s
Time to run write_record_output_stream:   9.325728 s
Time to run write_record_output_stream:   1.849455 s
  Time to read in seconds RCM_run is:    0.7451160    
Time to run write_record_output_stream:   6.619407 s
Time to run write_record_output_stream:  10.909220 s
Time to run write_record_output_stream:   1.804506 s
Time to run write_record_output_stream:   6.614072 s
Time to run write_record_output_stream:  12.018634 s
Time to run write_record_output_stream:   1.875383 s
Time to run write_record_output_stream:   6.607871 s
Time to run write_record_output_stream:  12.376260 s
Time to run write_record_output_stream:   2.217348 s
Time to run write_record_output_stream:   6.611291 s
Time to run write_record_output_stream:  12.767593 s
Time to run write_record_output_stream:   2.200093 s
Time to run write_record_output_stream:   6.604468 s
Time to run write_record_output_stream:   0.000000 s
Time to run write_record_output_stream:   1.933750 s
Time to run write_record_output_stream:   6.626101 s
Time to run write_record_output_stream:  23.088419 s
Time to run write_record_output_stream:   1.849256 s
  Time to read in seconds RCM_run is:    0.7452280    
Time to run write_record_output_stream:   6.619797 s
Time to run write_record_output_stream:  22.816947 s
Time to run write_record_output_stream:   1.804352 s
Time to run write_record_output_stream:   6.614424 s
Time to run write_record_output_stream:  22.711457 s
Time to run write_record_output_stream:   1.875369 s
Time to run write_record_output_stream:   6.608103 s
Time to run write_record_output_stream:  22.582470 s
Time to run write_record_output_stream:   2.217213 s
Time to run write_record_output_stream:   6.611758 s
Time to run write_record_output_stream:  22.839862 s
Time to run write_record_output_stream:   2.199963 s
Time to run write_record_output_stream:   6.604931 s
Time to run write_record_output_stream: ********** s
Time to run write_record_output_stream:   1.933493 s
Time to run write_record_output_stream:   6.625512 s
Time to run write_record_output_stream:  14.599685 s
Time to run write_record_output_stream:   1.849353 s
  Time to read in seconds RCM_run is:    0.7449880    
Time to run write_record_output_stream:   6.620077 s
Time to run write_record_output_stream:  15.841785 s
Time to run write_record_output_stream:   1.804582 s
Time to run write_record_output_stream:   6.614749 s
Time to run write_record_output_stream:  16.472811 s
Time to run write_record_output_stream:   1.875415 s
Time to run write_record_output_stream:   6.608536 s
Time to run write_record_output_stream:  16.467891 s
Time to run write_record_output_stream:   2.217365 s
Time to run write_record_output_stream:   6.611718 s
Time to run write_record_output_stream:  16.832566 s
Time to run write_record_output_stream:   2.200165 s
Time to run write_record_output_stream:   6.604878 s
Time to run write_record_output_stream: ********** s
Time to run write_record_output_stream:   1.933784 s
Time to run write_record_output_stream:   6.626369 s
Time to run write_record_output_stream:   8.955689 s
Time to run write_record_output_stream:  23.436993 s
Time to run write_record_output_stream:  10.236039 s
Time to run write_record_output_stream:   1.849342 s
  Time to read in seconds RCM_run is:    0.7449780    
Time to run write_record_output_stream:   6.620325 s
Time to run write_record_output_stream:  11.202282 s
Time to run write_record_output_stream:   1.804359 s
Time to run write_record_output_stream:   6.614202 s
Time to run write_record_output_stream:  11.990101 s
Time to run write_record_output_stream:   1.875207 s
Time to run write_record_output_stream:   6.608102 s
Time to run write_record_output_stream:  12.248498 s
Time to run write_record_output_stream:   2.217139 s
Time to run write_record_output_stream:   6.611374 s
Time to run write_record_output_stream:  12.577873 s
Time to run write_record_output_stream:   2.199881 s
Time to run write_record_output_stream:   6.604204 s
Time to run write_record_output_stream:   0.000000 s
Time to run write_record_output_stream:   1.933465 s
Time to run write_record_output_stream:   6.626670 s
Time to run write_record_output_stream:   8.012016 s
Time to run write_record_output_stream:   1.849234 s
  Time to read in seconds RCM_run is:    0.7448440    
Time to run write_record_output_stream:   6.619677 s
Time to run write_record_output_stream:   7.954849 s
Time to run write_record_output_stream:   1.804486 s
Time to run write_record_output_stream:   6.613866 s
Time to run write_record_output_stream:   8.202502 s
Time to run write_record_output_stream:   1.875426 s
Time to run write_record_output_stream:   6.608201 s
Time to run write_record_output_stream:   8.443292 s
Time to run write_record_output_stream:   2.217255 s
Time to run write_record_output_stream:   6.611435 s
Time to run write_record_output_stream:   9.095108 s
Time to run write_record_output_stream:   2.199965 s
Time to run write_record_output_stream:   6.605394 s
Time to run write_record_output_stream:   0.000000 s
Time to run write_record_output_stream:   1.933757 s
Time to run write_record_output_stream:   6.625843 s
Time to run write_record_output_stream:  12.364135 s
Time to run write_record_output_stream:   1.849324 s
  Time to read in seconds RCM_run is:    0.7446740    
Time to run write_record_output_stream:   6.620464 s
Time to run write_record_output_stream:  12.501797 s
Time to run write_record_output_stream:   1.804380 s
Time to run write_record_output_stream:   6.615438 s
Time to run write_record_output_stream:  12.757689 s
Time to run write_record_output_stream:   1.875407 s
Time to run write_record_output_stream:   6.608788 s
Time to run write_record_output_stream:  12.860477 s
Time to run write_record_output_stream:   2.217323 s
Time to run write_record_output_stream:   6.612535 s
Time to run write_record_output_stream:  13.304130 s
Time to run write_record_output_stream:   2.200020 s
Time to run write_record_output_stream:   6.606041 s
Time to run write_record_output_stream:   0.000000 s
Time to run write_record_output_stream:   1.933663 s
Time to run write_record_output_stream:   6.626808 s
Time to run write_record_output_stream:  17.292334 s
Time to run write_record_output_stream:   4.453945 s
Time to run write_record_output_stream:   1.849373 s
  Time to read in seconds RCM_run is:    0.7448830    
Time to run write_record_output_stream:   6.619737 s
Time to run write_record_output_stream:   4.651506 s
Time to run write_record_output_stream:   1.804620 s
Time to run write_record_output_stream:   6.614523 s
Time to run write_record_output_stream:   5.039666 s
Time to run write_record_output_stream:   1.875529 s
Time to run write_record_output_stream:   6.608732 s
Time to run write_record_output_stream:   5.277239 s
Time to run write_record_output_stream:   2.217403 s
Time to run write_record_output_stream:   6.611834 s
Time to run write_record_output_stream:   5.899972 s
Time to run write_record_output_stream:   2.199955 s
Time to run write_record_output_stream:   6.604891 s
Time to run write_record_output_stream:   0.000000 s
Time to run write_record_output_stream:   1.933657 s
Time to run write_record_output_stream:   6.625762 s
Time to run write_record_output_stream:  10.184342 s
Time to run write_record_output_stream:   1.849224 s
  Time to read in seconds RCM_run is:    0.7450310    
Time to run write_record_output_stream:   6.619201 s
Time to run write_record_output_stream:  10.938199 s
Time to run write_record_output_stream:   1.804361 s
Time to run write_record_output_stream:   6.614517 s
Time to run write_record_output_stream:  11.191061 s
Time to run write_record_output_stream:   1.875436 s
Time to run write_record_output_stream:   6.607759 s
Time to run write_record_output_stream:  11.262564 s
Time to run write_record_output_stream:   2.217223 s
Time to run write_record_output_stream:   6.611137 s
Time to run write_record_output_stream:  11.888297 s
Time to run write_record_output_stream:   2.199904 s
Time to run write_record_output_stream:   6.604342 s
Time to run write_record_output_stream:   0.000000 s
Time to run write_record_output_stream:   1.933521 s
Time to run write_record_output_stream:   6.625830 s
Time to run write_record_output_stream:  18.779909 s
Time to run write_record_output_stream:  15.101514 s
Time to run write_record_output_stream:   1.849294 s
  Time to read in seconds RCM_run is:    0.7447920    
Time to run write_record_output_stream:   6.619936 s
Time to run write_record_output_stream:  14.511971 s
Time to run write_record_output_stream:   1.804430 s
Time to run write_record_output_stream:   6.614151 s
Time to run write_record_output_stream:  14.104505 s
Time to run write_record_output_stream:   1.875391 s
Time to run write_record_output_stream:   6.608431 s
Time to run write_record_output_stream:  13.718562 s
Time to run write_record_output_stream:   2.217322 s
Time to run write_record_output_stream:   6.611463 s
Time to run write_record_output_stream:  13.875562 s
Time to run write_record_output_stream:   2.199911 s
Time to run write_record_output_stream:   6.605137 s
Time to run write_record_output_stream:   0.000000 s
Time to run write_record_output_stream:   1.933398 s
Time to run write_record_output_stream:   6.625761 s
Time to run write_record_output_stream:   8.534944 s
Time to run write_record_output_stream:   1.849318 s
  Time to read in seconds RCM_run is:    0.7449640    
Time to run write_record_output_stream:   6.620296 s
Time to run write_record_output_stream:   7.932238 s
Time to run write_record_output_stream:   1.804515 s
Time to run write_record_output_stream:   6.614839 s
Time to run write_record_output_stream:   7.803168 s
Time to run write_record_output_stream:   1.875355 s
Time to run write_record_output_stream:   6.608924 s
Time to run write_record_output_stream:   7.460428 s
Time to run write_record_output_stream:   2.217198 s
Time to run write_record_output_stream:   6.612228 s
Time to run write_record_output_stream:   7.271911 s
Time to run write_record_output_stream:   2.200067 s
Time to run write_record_output_stream:   6.605815 s
Time to run write_record_output_stream:   0.000000 s
Time to run write_record_output_stream:   1.933668 s
Time to run write_record_output_stream:   6.626281 s
Time to run write_record_output_stream:  12.072683 s
Time to run write_record_output_stream:  22.060443 s
Time to run write_record_output_stream:  16.444159 s
Time to run write_record_output_stream:  12.267317 s
Time to run write_record_output_stream:   9.080939 s
Time to run write_record_output_stream:  12.984870 s
Time to run write_record_output_stream:   5.994438 s
Time to run write_record_output_stream:  12.074086 s
Time to run write_record_output_stream:  13.853214 s
Time to run write_record_output_stream:   6.315001 s
 MPI Rank:           19  using device:            0
Time to run newoutfiles:  12.777812 s
Time to run write_record_output_stream:   6.847417 s
Time to run write_record_output_stream:  11.062430 s
Time to run write_record_output_stream:   9.046647 s
Time to run write_record_output_stream:   1.969807 s
Time to run write_record_output_stream:   8.627037 s
Time to run write_record_output_stream:   9.672616 s
Time to run write_record_output_stream:   1.979607 s
Time to run write_record_output_stream:   7.261446 s
Time to run write_record_output_stream:  10.509055 s
Time to run write_record_output_stream:   2.019059 s
Time to run write_record_output_stream:   8.368296 s
Time to run write_record_output_stream:  15.121191 s
Time to run write_record_output_stream:   2.249807 s
Time to run write_record_output_stream:   6.989104 s
Time to run write_record_output_stream:  10.861667 s
Time to run write_record_output_stream:   1.641553 s
Time to run write_record_output_stream:   6.807951 s
 MPI Rank:           15  using device:            0
Time to run newoutfiles:  13.888000 s
Time to run write_record_output_stream:   6.820035 s
Time to run write_record_output_stream:  11.062521 s
Time to run write_record_output_stream:  17.493920 s
Time to run write_record_output_stream:   1.969864 s
Time to run write_record_output_stream:   8.627193 s
Time to run write_record_output_stream:  18.057433 s
Time to run write_record_output_stream:   1.979470 s
Time to run write_record_output_stream:   7.262583 s
Time to run write_record_output_stream:  18.883266 s
Time to run write_record_output_stream:   2.019126 s
Time to run write_record_output_stream:   8.368264 s
Time to run write_record_output_stream:  23.415372 s
Time to run write_record_output_stream:   2.249826 s
Time to run write_record_output_stream:   6.988512 s
Time to run write_record_output_stream:  19.068690 s
Time to run write_record_output_stream:   1.641588 s
Time to run write_record_output_stream:   6.808010 s
 MPI Rank:           11  using device:            0
Time to run newoutfiles:  13.960348 s
Time to run write_record_output_stream:   6.852424 s
Time to run write_record_output_stream:  11.062538 s
Time to run write_record_output_stream:  10.423706 s
Time to run write_record_output_stream:   1.969872 s
Time to run write_record_output_stream:   8.626856 s
Time to run write_record_output_stream:  11.089664 s
Time to run write_record_output_stream:   1.979488 s
Time to run write_record_output_stream:   7.261446 s
Time to run write_record_output_stream:  11.983706 s
Time to run write_record_output_stream:   2.019097 s
Time to run write_record_output_stream:   8.367813 s
Time to run write_record_output_stream:  16.552598 s
Time to run write_record_output_stream:   2.249824 s
Time to run write_record_output_stream:   6.989450 s
Time to run write_record_output_stream:  12.168213 s
Time to run write_record_output_stream:   1.641617 s
Time to run write_record_output_stream:   6.807827 s
 MPI Rank:           47  using device:            0
Time to run newoutfiles:  14.425863 s
Time to run write_record_output_stream:   6.773103 s
Time to run write_record_output_stream:  11.061997 s
Time to run write_record_output_stream:   4.664793 s
Time to run write_record_output_stream:   1.969876 s
Time to run write_record_output_stream:   8.627111 s
Time to run write_record_output_stream:   5.324462 s
Time to run write_record_output_stream:   1.979573 s
Time to run write_record_output_stream:   7.262087 s
Time to run write_record_output_stream:   6.362882 s
Time to run write_record_output_stream:   2.019189 s
Time to run write_record_output_stream:   8.367757 s
Time to run write_record_output_stream:  10.956021 s
Time to run write_record_output_stream:   2.249929 s
Time to run write_record_output_stream:   6.988985 s
Time to run write_record_output_stream:   6.367160 s
Time to run write_record_output_stream:   1.641675 s
Time to run write_record_output_stream:   6.807462 s
 MPI Rank:           27  using device:            0
Time to run newoutfiles:  14.107117 s
Time to run write_record_output_stream:   6.808799 s
Time to run write_record_output_stream:  11.061985 s
Time to run write_record_output_stream:  10.592161 s
Time to run write_record_output_stream:   1.970048 s
Time to run write_record_output_stream:   8.626622 s
Time to run write_record_output_stream:  11.227982 s
Time to run write_record_output_stream:   1.979618 s
Time to run write_record_output_stream:   7.261585 s
Time to run write_record_output_stream:  12.047907 s
Time to run write_record_output_stream:   2.019188 s
Time to run write_record_output_stream:   8.367551 s
Time to run write_record_output_stream:  16.599182 s
Time to run write_record_output_stream:   2.249879 s
Time to run write_record_output_stream:   6.989124 s
Time to run write_record_output_stream:  12.253678 s
Time to run write_record_output_stream:   1.641775 s
Time to run write_record_output_stream:   6.807655 s
 MPI Rank:           34  using device:            0
Time to run newoutfiles:  13.995916 s
Time to run write_record_output_stream:   6.824627 s
Time to run write_record_output_stream:  11.061870 s
Time to run write_record_output_stream:   6.808641 s
Time to run write_record_output_stream:   1.969986 s
Time to run write_record_output_stream:   8.626493 s
Time to run write_record_output_stream:   7.407000 s
Time to run write_record_output_stream:   1.979592 s
Time to run write_record_output_stream:   7.261745 s
Time to run write_record_output_stream:   8.259263 s
Time to run write_record_output_stream:   2.019158 s
Time to run write_record_output_stream:   8.367568 s
Time to run write_record_output_stream:  12.954531 s
Time to run write_record_output_stream:   2.249739 s
Time to run write_record_output_stream:   6.988915 s
Time to run write_record_output_stream:   8.598990 s
Time to run write_record_output_stream:   1.641762 s
Time to run write_record_output_stream:   6.807724 s
 MPI Rank:           55  using device:            0
Time to run newoutfiles:  14.463315 s
Time to run write_record_output_stream:   6.776661 s
Time to run write_record_output_stream:  11.062178 s
Time to run write_record_output_stream:   7.907634 s
Time to run write_record_output_stream:   1.969615 s
Time to run write_record_output_stream:   8.626890 s
Time to run write_record_output_stream:   8.626643 s
Time to run write_record_output_stream:   1.979447 s
Time to run write_record_output_stream:   7.262620 s
Time to run write_record_output_stream:   9.166330 s
Time to run write_record_output_stream:   2.019240 s
Time to run write_record_output_stream:   8.367651 s
Time to run write_record_output_stream:  13.414629 s
Time to run write_record_output_stream:   2.249813 s
Time to run write_record_output_stream:   6.989046 s
Time to run write_record_output_stream:   8.961148 s
Time to run write_record_output_stream:   1.641468 s
Time to run write_record_output_stream:   6.807842 s
Time to run write_record_output_stream:  11.498779 s
Time to run write_record_output_stream:   1.717442 s
  Time to read in seconds RCM_run is:    0.6815490    
Time to run write_record_output_stream:   6.596011 s
Time to run write_record_output_stream:  11.536609 s
Time to run write_record_output_stream:   3.495925 s
Time to run write_record_output_stream:   6.600403 s
Time to run write_record_output_stream:  11.820853 s
Time to run write_record_output_stream:   2.061184 s
Time to run write_record_output_stream:   6.607627 s
Time to run write_record_output_stream:  12.141888 s
Time to run write_record_output_stream:   1.689062 s
Time to run write_record_output_stream:   6.588235 s
Time to run write_record_output_stream:  12.418465 s
Time to run write_record_output_stream:   1.624717 s
Time to run write_record_output_stream:   6.603157 s
Time to run write_record_output_stream:  13.944802 s
Time to run write_record_output_stream:   1.732044 s
Time to run write_record_output_stream:   6.592391 s
Time to run write_record_output_stream:  19.567461 s
Time to run write_record_output_stream:   1.717350 s
  Time to read in seconds RCM_run is:    0.6813670    
Time to run write_record_output_stream:   6.596282 s
Time to run write_record_output_stream:  19.344141 s
Time to run write_record_output_stream:   3.495883 s
Time to run write_record_output_stream:   6.600393 s
Time to run write_record_output_stream:  19.367920 s
Time to run write_record_output_stream:   2.061108 s
Time to run write_record_output_stream:   6.607590 s
Time to run write_record_output_stream:  19.494739 s
Time to run write_record_output_stream:   1.689039 s
Time to run write_record_output_stream:   6.588951 s
Time to run write_record_output_stream:  19.719025 s
Time to run write_record_output_stream:   1.624707 s
Time to run write_record_output_stream:   6.602272 s
Time to run write_record_output_stream:  21.293859 s
Time to run write_record_output_stream:   1.731825 s
Time to run write_record_output_stream:   6.592067 s
Time to run write_record_output_stream:  12.730881 s
Time to run write_record_output_stream:   1.717421 s
  Time to read in seconds RCM_run is:    0.6817030    
Time to run write_record_output_stream:   6.596252 s
Time to run write_record_output_stream:  12.762665 s
Time to run write_record_output_stream:   3.495823 s
Time to run write_record_output_stream:   6.600345 s
Time to run write_record_output_stream:  13.029521 s
Time to run write_record_output_stream:   2.061118 s
Time to run write_record_output_stream:   6.607191 s
Time to run write_record_output_stream:  13.344123 s
Time to run write_record_output_stream:   1.689047 s
Time to run write_record_output_stream:   6.588073 s
Time to run write_record_output_stream:  13.594071 s
Time to run write_record_output_stream:   1.624738 s
Time to run write_record_output_stream:   6.602619 s
Time to run write_record_output_stream:  15.123448 s
Time to run write_record_output_stream:   1.731914 s
Time to run write_record_output_stream:   6.591336 s
Time to run write_record_output_stream:   6.861262 s
Time to run write_record_output_stream:   1.717405 s
  Time to read in seconds RCM_run is:    0.6806550    
Time to run write_record_output_stream:   6.595866 s
Time to run write_record_output_stream:   6.854985 s
Time to run write_record_output_stream:   3.495888 s
Time to run write_record_output_stream:   6.600440 s
Time to run write_record_output_stream:   7.016002 s
Time to run write_record_output_stream:   2.061090 s
Time to run write_record_output_stream:   6.607522 s
Time to run write_record_output_stream:   7.390632 s
Time to run write_record_output_stream:   1.689051 s
Time to run write_record_output_stream:   6.587910 s
Time to run write_record_output_stream:   7.829763 s
Time to run write_record_output_stream:   1.624768 s
Time to run write_record_output_stream:   6.602800 s
Time to run write_record_output_stream:   9.547776 s
Time to run write_record_output_stream:   1.731996 s
Time to run write_record_output_stream:   6.591718 s
Time to run write_record_output_stream:  12.871070 s
Time to run write_record_output_stream:   1.717577 s
  Time to read in seconds RCM_run is:    0.6964290    
Time to run write_record_output_stream:   6.595661 s
Time to run write_record_output_stream:  13.002626 s
Time to run write_record_output_stream:   3.496065 s
Time to run write_record_output_stream:   6.599608 s
Time to run write_record_output_stream:  13.258146 s
Time to run write_record_output_stream:   2.061293 s
Time to run write_record_output_stream:   6.607770 s
Time to run write_record_output_stream:  12.960777 s
Time to run write_record_output_stream:   1.689276 s
Time to run write_record_output_stream:   6.587680 s
Time to run write_record_output_stream:  12.297505 s
Time to run write_record_output_stream:   1.624855 s
Time to run write_record_output_stream:   6.602698 s
Time to run write_record_output_stream:  13.019857 s
Time to run write_record_output_stream:   1.732115 s
Time to run write_record_output_stream:   6.591223 s
Time to run write_record_output_stream:   9.175636 s
Time to run write_record_output_stream:   1.717477 s
  Time to read in seconds RCM_run is:    0.6965190    
Time to run write_record_output_stream:   6.595767 s
Time to run write_record_output_stream:   8.908296 s
Time to run write_record_output_stream:   3.495897 s
Time to run write_record_output_stream:   6.599455 s
Time to run write_record_output_stream:   8.241317 s
Time to run write_record_output_stream:   2.061128 s
Time to run write_record_output_stream:   6.607206 s
Time to run write_record_output_stream:   7.331530 s
Time to run write_record_output_stream:   1.689187 s
Time to run write_record_output_stream:   6.587958 s
Time to run write_record_output_stream:   6.599151 s
Time to run write_record_output_stream:   1.624774 s
Time to run write_record_output_stream:   6.602199 s
Time to run write_record_output_stream:   7.203823 s
Time to run write_record_output_stream:   1.732030 s
Time to run write_record_output_stream:   6.591057 s
Time to run write_record_output_stream:   9.458828 s
Time to run write_record_output_stream:   1.717416 s
  Time to read in seconds RCM_run is:    0.6808870    
Time to run write_record_output_stream:   6.596560 s
Time to run write_record_output_stream:   9.420927 s
Time to run write_record_output_stream:   3.495770 s
Time to run write_record_output_stream:   6.600466 s
Time to run write_record_output_stream:   9.500449 s
Time to run write_record_output_stream:   2.061027 s
Time to run write_record_output_stream:   6.607636 s
Time to run write_record_output_stream:   9.662055 s
Time to run write_record_output_stream:   1.689038 s
Time to run write_record_output_stream:   6.588076 s
Time to run write_record_output_stream:   9.523079 s
Time to run write_record_output_stream:   1.624560 s
Time to run write_record_output_stream:   6.603507 s
Time to run write_record_output_stream:   9.850359 s
Time to run write_record_output_stream:   1.731914 s
Time to run write_record_output_stream:   6.591565 s
Time to run write_record_output_stream:  12.334720 s
Time to run write_record_output_stream:   2.378227 s
  Time to read in seconds RCM_run is:    0.6943960    
Time to run write_record_output_stream:   6.618972 s
Time to run write_record_output_stream:  12.002760 s
Time to run write_record_output_stream:   2.003815 s
Time to run write_record_output_stream:   6.632914 s
Time to run write_record_output_stream:  12.004857 s
Time to run write_record_output_stream:   1.830357 s
Time to run write_record_output_stream:   6.610134 s
Time to run write_record_output_stream:  12.347847 s
Time to run write_record_output_stream:   1.873686 s
Time to run write_record_output_stream:   6.762815 s
Time to run write_record_output_stream:  12.188492 s
Time to run write_record_output_stream:   1.756221 s
Time to run write_record_output_stream:   6.601261 s
Time to run write_record_output_stream:  12.227539 s
Time to run write_record_output_stream:   2.431422 s
Time to run write_record_output_stream:   6.618287 s
Time to run write_record_output_stream:  20.180167 s
Time to run write_record_output_stream:   2.378199 s
  Time to read in seconds RCM_run is:    0.6942260    
Time to run write_record_output_stream:   6.619779 s
Time to run write_record_output_stream:  20.293309 s
Time to run write_record_output_stream:   2.003546 s
Time to run write_record_output_stream:   6.633477 s
Time to run write_record_output_stream:  20.718282 s
Time to run write_record_output_stream:   1.830432 s
Time to run write_record_output_stream:   6.610327 s
Time to run write_record_output_stream:  21.330481 s
Time to run write_record_output_stream:   1.873699 s
Time to run write_record_output_stream:   6.762884 s
Time to run write_record_output_stream:  21.298467 s
Time to run write_record_output_stream:   1.756151 s
Time to run write_record_output_stream:   6.601331 s
Time to run write_record_output_stream:  21.390881 s
Time to run write_record_output_stream:   2.431293 s
Time to run write_record_output_stream:   6.619760 s
Time to run write_record_output_stream:  13.847566 s
Time to run write_record_output_stream:   2.378177 s
  Time to read in seconds RCM_run is:    0.6943490    
Time to run write_record_output_stream:   6.619507 s
Time to run write_record_output_stream:  13.622563 s
Time to run write_record_output_stream:   2.003724 s
Time to run write_record_output_stream:   6.633007 s
Time to run write_record_output_stream:  13.574571 s
Time to run write_record_output_stream:   1.830407 s
Time to run write_record_output_stream:   6.610678 s
Time to run write_record_output_stream:  13.646853 s
Time to run write_record_output_stream:   1.873806 s
Time to run write_record_output_stream:   6.763539 s
Time to run write_record_output_stream:  13.125107 s
Time to run write_record_output_stream:   1.756299 s
Time to run write_record_output_stream:   6.601269 s
Time to run write_record_output_stream:  12.797062 s
Time to run write_record_output_stream:   2.431435 s
Time to run write_record_output_stream:   6.617680 s
Time to run write_record_output_stream:   8.604960 s
Time to run write_record_output_stream:   2.378216 s
  Time to read in seconds RCM_run is:    0.7032600    
Time to run write_record_output_stream:   6.619697 s
Time to run write_record_output_stream:   9.017235 s
Time to run write_record_output_stream:   2.003599 s
Time to run write_record_output_stream:   6.632726 s
Time to run write_record_output_stream:   9.385756 s
Time to run write_record_output_stream:   1.830461 s
Time to run write_record_output_stream:   6.610322 s
Time to run write_record_output_stream:   9.759775 s
Time to run write_record_output_stream:   1.873832 s
Time to run write_record_output_stream:   6.762967 s
Time to run write_record_output_stream:   9.608879 s
Time to run write_record_output_stream:   1.756160 s
Time to run write_record_output_stream:   6.600830 s
Time to run write_record_output_stream:   9.502032 s
Time to run write_record_output_stream:   2.431297 s
Time to run write_record_output_stream:   6.619056 s
Time to run write_record_output_stream:  11.099947 s
Time to run write_record_output_stream:   2.378304 s
  Time to read in seconds RCM_run is:    0.7134730    
Time to run write_record_output_stream:   6.618726 s
Time to run write_record_output_stream:  10.506543 s
Time to run write_record_output_stream:   2.003796 s
Time to run write_record_output_stream:   6.633464 s
Time to run write_record_output_stream:  10.835976 s
Time to run write_record_output_stream:   1.830470 s
Time to run write_record_output_stream:   6.610355 s
Time to run write_record_output_stream:  11.524218 s
Time to run write_record_output_stream:   1.873865 s
Time to run write_record_output_stream:   6.762434 s
Time to run write_record_output_stream:  11.803328 s
Time to run write_record_output_stream:   1.756322 s
Time to run write_record_output_stream:   6.600960 s
Time to run write_record_output_stream:  12.647159 s
Time to run write_record_output_stream:   2.431493 s
Time to run write_record_output_stream:   6.618270 s
Time to run write_record_output_stream:   5.293592 s
Time to run write_record_output_stream:   2.378211 s
  Time to read in seconds RCM_run is:    0.7136270    
Time to run write_record_output_stream:   6.619523 s
Time to run write_record_output_stream:   4.818626 s
Time to run write_record_output_stream:   2.003590 s
Time to run write_record_output_stream:   6.633035 s
Time to run write_record_output_stream:   4.963161 s
Time to run write_record_output_stream:   1.830115 s
Time to run write_record_output_stream:   6.609621 s
Time to run write_record_output_stream:   5.509796 s
Time to run write_record_output_stream:   1.873725 s
Time to run write_record_output_stream:   6.763009 s
Time to run write_record_output_stream:   5.872166 s
Time to run write_record_output_stream:   1.756340 s
Time to run write_record_output_stream:   6.600815 s
Time to run write_record_output_stream:   6.920488 s
Time to run write_record_output_stream:   2.431379 s
Time to run write_record_output_stream:   6.617440 s
Time to run write_record_output_stream:   7.638520 s
Time to run write_record_output_stream:   2.378083 s
  Time to read in seconds RCM_run is:    0.7030530    
Time to run write_record_output_stream:   6.619859 s
Time to run write_record_output_stream:   7.621167 s
Time to run write_record_output_stream:   2.003534 s
Time to run write_record_output_stream:   6.632702 s
Time to run write_record_output_stream:   8.427418 s
Time to run write_record_output_stream:   1.830265 s
Time to run write_record_output_stream:   6.610379 s
Time to run write_record_output_stream:   9.339075 s
Time to run write_record_output_stream:   1.873692 s
Time to run write_record_output_stream:   6.763078 s
Time to run write_record_output_stream:   9.853147 s
Time to run write_record_output_stream:   1.756197 s
Time to run write_record_output_stream:   6.601686 s
Time to run write_record_output_stream:  10.033110 s
Time to run write_record_output_stream:   2.431236 s
Time to run write_record_output_stream:   6.619744 s
Time to run write_record_output_stream:  12.123677 s
Time to run write_record_output_stream:   1.849304 s
  Time to read in seconds RCM_run is:    0.7453080    
Time to run write_record_output_stream:   6.619666 s
Time to run write_record_output_stream:  11.877434 s
Time to run write_record_output_stream:   1.804579 s
Time to run write_record_output_stream:   6.615045 s
Time to run write_record_output_stream:  11.598148 s
Time to run write_record_output_stream:   1.875397 s
Time to run write_record_output_stream:   6.608909 s
Time to run write_record_output_stream:  11.155674 s
Time to run write_record_output_stream:   2.217364 s
Time to run write_record_output_stream:   6.611980 s
Time to run write_record_output_stream:  10.998283 s
Time to run write_record_output_stream:   2.199974 s
Time to run write_record_output_stream:   6.604371 s
Time to run write_record_output_stream:   0.000000 s
Time to run write_record_output_stream:   1.933682 s
Time to run write_record_output_stream:   6.625921 s
Time to run write_record_output_stream:  21.356958 s
Time to run write_record_output_stream:   1.849228 s
  Time to read in seconds RCM_run is:    0.7451300    
Time to run write_record_output_stream:   6.619233 s
Time to run write_record_output_stream:  21.335166 s
Time to run write_record_output_stream:   1.804394 s
Time to run write_record_output_stream:   6.614517 s
Time to run write_record_output_stream:  21.478657 s
Time to run write_record_output_stream:   1.875309 s
Time to run write_record_output_stream:   6.607969 s
Time to run write_record_output_stream:  21.521414 s
Time to run write_record_output_stream:   2.217225 s
Time to run write_record_output_stream:   6.611778 s
Time to run write_record_output_stream:  21.942195 s
Time to run write_record_output_stream:   2.199994 s
Time to run write_record_output_stream:   6.605098 s
Time to run write_record_output_stream: ********** s
Time to run write_record_output_stream:   1.933449 s
Time to run write_record_output_stream:   6.625463 s
Time to run write_record_output_stream:  12.376498 s
Time to run write_record_output_stream:   1.849373 s
  Time to read in seconds RCM_run is:    0.7451200    
Time to run write_record_output_stream:   6.620056 s
Time to run write_record_output_stream:  11.955564 s
Time to run write_record_output_stream:   1.804473 s
Time to run write_record_output_stream:   6.614862 s
Time to run write_record_output_stream:  11.565373 s
Time to run write_record_output_stream:   1.875428 s
Time to run write_record_output_stream:   6.608309 s
Time to run write_record_output_stream:  11.095003 s
Time to run write_record_output_stream:   2.217387 s
Time to run write_record_output_stream:   6.612161 s
Time to run write_record_output_stream:  11.098121 s
Time to run write_record_output_stream:   2.200004 s
Time to run write_record_output_stream:   6.604343 s
Time to run write_record_output_stream:   0.000000 s
Time to run write_record_output_stream:   1.933588 s
Time to run write_record_output_stream:   6.626002 s
Time to run write_record_output_stream:   9.279598 s
Time to run write_record_output_stream:   1.849304 s
  Time to read in seconds RCM_run is:    0.7445880    
Time to run write_record_output_stream:   6.619822 s
Time to run write_record_output_stream:   9.144479 s
Time to run write_record_output_stream:   1.804595 s
Time to run write_record_output_stream:   6.614768 s
Time to run write_record_output_stream:   9.257181 s
Time to run write_record_output_stream:   1.875450 s
Time to run write_record_output_stream:   6.608459 s
Time to run write_record_output_stream:   9.212823 s
Time to run write_record_output_stream:   2.217190 s
Time to run write_record_output_stream:   6.611396 s
Time to run write_record_output_stream:   9.444599 s
Time to run write_record_output_stream:   2.199903 s
Time to run write_record_output_stream:   6.605416 s
Time to run write_record_output_stream:   0.000000 s
Time to run write_record_output_stream:   1.933512 s
Time to run write_record_output_stream:   6.625961 s
Time to run write_record_output_stream:  12.971565 s
Time to run write_record_output_stream:   1.849468 s
  Time to read in seconds RCM_run is:    0.7449130    
Time to run write_record_output_stream:   6.620210 s
Time to run write_record_output_stream:  12.876922 s
Time to run write_record_output_stream:   1.804690 s
Time to run write_record_output_stream:   6.615069 s
Time to run write_record_output_stream:  12.786179 s
Time to run write_record_output_stream:   1.875486 s
Time to run write_record_output_stream:   6.607838 s
Time to run write_record_output_stream:  12.502839 s
Time to run write_record_output_stream:   2.217388 s
Time to run write_record_output_stream:   6.611131 s
Time to run write_record_output_stream:  12.807261 s
Time to run write_record_output_stream:   2.200081 s
Time to run write_record_output_stream:   6.604900 s
Time to run write_record_output_stream:   0.000000 s
Time to run write_record_output_stream:   1.933906 s
Time to run write_record_output_stream:   6.625755 s
Time to run write_record_output_stream:   7.874699 s
Time to run write_record_output_stream:   1.849224 s
  Time to read in seconds RCM_run is:    0.7450230    
Time to run write_record_output_stream:   6.619976 s
Time to run write_record_output_stream:   8.722704 s
Time to run write_record_output_stream:   1.804420 s
Time to run write_record_output_stream:   6.614224 s
Time to run write_record_output_stream:   9.297140 s
Time to run write_record_output_stream:   1.875368 s
Time to run write_record_output_stream:   6.607716 s
Time to run write_record_output_stream:   9.338768 s
Time to run write_record_output_stream:   2.217218 s
Time to run write_record_output_stream:   6.611593 s
Time to run write_record_output_stream:   9.555121 s
Time to run write_record_output_stream:   2.199988 s
Time to run write_record_output_stream:   6.605021 s
Time to run write_record_output_stream:   0.000000 s
Time to run write_record_output_stream:   1.933559 s
Time to run write_record_output_stream:   6.626055 s
Time to run write_record_output_stream:   9.971780 s
Time to run write_record_output_stream:   1.848931 s
  Time to read in seconds RCM_run is:    0.7446540    
Time to run write_record_output_stream:   6.619862 s
Time to run write_record_output_stream:   9.837771 s
Time to run write_record_output_stream:   1.804506 s
Time to run write_record_output_stream:   6.614188 s
Time to run write_record_output_stream:   9.776447 s
Time to run write_record_output_stream:   1.875277 s
Time to run write_record_output_stream:   6.608221 s
Time to run write_record_output_stream:   9.516995 s
Time to run write_record_output_stream:   2.216942 s
Time to run write_record_output_stream:   6.612046 s
Time to run write_record_output_stream:   9.489530 s
Time to run write_record_output_stream:   2.199945 s
Time to run write_record_output_stream:   6.605983 s
Time to run write_record_output_stream:   0.000000 s
Time to run write_record_output_stream:   1.933535 s
Time to run write_record_output_stream:   6.626341 s
Time to run write_record_output_stream:   9.743522 s
Time to run write_record_output_stream:  21.571151 s
Time to run write_record_output_stream:   9.825907 s
Time to run write_record_output_stream:   8.501070 s
Time to run write_record_output_stream:  12.545314 s
Time to run write_record_output_stream:   8.879614 s
Time to run write_record_output_stream:   8.154100 s
Time to run write_record_output_stream:   0.126156 s
Time to run write_record_output_stream:   1.988266 s
Time to run dispose_output_streams subroutine:   0.000000 s
Time to run write_record_output_stream:   0.126215 s
Time to run write_record_output_stream:   1.987998 s
Time to run dispose_output_streams subroutine:   0.000000 s
Time to run write_record_output_stream:   0.126219 s
Time to run write_record_output_stream:   1.987879 s
Time to run dispose_output_streams subroutine:   0.000000 s
Time to run write_record_output_stream:   0.126227 s
Time to run write_record_output_stream:   1.988137 s
Time to run dispose_output_streams subroutine:   0.000000 s
Time to run write_record_output_stream:   0.126231 s
Time to run write_record_output_stream:   1.988007 s
Time to run dispose_output_streams subroutine:   0.000000 s
Time to run write_record_output_stream:   0.126241 s
Time to run write_record_output_stream:   1.988027 s
Time to run dispose_output_streams subroutine:   0.000000 s
Time to run write_record_output_stream:   6.656671 s
Time to run write_record_output_stream:   0.126125 s
Time to run write_record_output_stream:   1.988148 s
Time to run dispose_output_streams subroutine:   0.000000 s
Time to run write_record_output_stream:   0.126221 s
Time to run write_record_output_stream:   1.988028 s
Time to run dispose_output_streams subroutine:   0.000000 s
Time to run write_record_output_stream:   0.125484 s
Time to run write_record_output_stream:   1.988246 s
Time to run dispose_output_streams subroutine:   0.000000 s
Time to run write_record_output_stream:   0.126208 s
Time to run write_record_output_stream:   1.987897 s
Time to run dispose_output_streams subroutine:   0.000000 s
Time to run write_record_output_stream:   0.125446 s
Time to run write_record_output_stream:   1.988204 s
Time to run dispose_output_streams subroutine:   0.000000 s
Time to run write_record_output_stream:   0.126198 s
Time to run write_record_output_stream:   1.988025 s
Time to run dispose_output_streams subroutine:   0.000000 s
Time to run write_record_output_stream:   0.126259 s
Time to run write_record_output_stream:   1.988032 s
Time to run dispose_output_streams subroutine:   0.000000 s
Time to run write_record_output_stream:   0.126178 s
Time to run write_record_output_stream:   1.987837 s
Time to run dispose_output_streams subroutine:   0.000000 s
Time to run write_record_output_stream:   0.126282 s
Time to run write_record_output_stream:   1.988178 s
Time to run dispose_output_streams subroutine:   0.000000 s
Time to run write_record_output_stream:   0.126055 s
Time to run write_record_output_stream:   1.987984 s
Time to run dispose_output_streams subroutine:   0.000000 s
Time to run write_record_output_stream:  17.071543 s
Time to run write_record_output_stream:   0.125942 s
Time to run write_record_output_stream:   1.988263 s
Time to run dispose_output_streams subroutine:   0.000000 s
Time to run write_record_output_stream:   3.072758 s
Time to run write_record_output_stream:   0.125919 s
Time to run write_record_output_stream:   1.988199 s
Time to run dispose_output_streams subroutine:   0.000000 s
Time to run write_record_output_stream:   0.126229 s
Time to run write_record_output_stream:   1.988163 s
Time to run dispose_output_streams subroutine:   0.000000 s
Time to run write_record_output_stream:   0.126254 s
Time to run write_record_output_stream:   1.988074 s
Time to run dispose_output_streams subroutine:   0.000000 s
Time to run write_record_output_stream:   0.126240 s
Time to run write_record_output_stream:   1.988139 s
Time to run dispose_output_streams subroutine:   0.000000 s
Time to run write_record_output_stream:   0.126231 s
Time to run write_record_output_stream:   1.988316 s
Time to run dispose_output_streams subroutine:   0.000000 s
Time to run write_record_output_stream:   0.126087 s
Time to run write_record_output_stream:   1.987791 s
Time to run dispose_output_streams subroutine:   0.000000 s
Time to run write_record_output_stream:   0.126148 s
Time to run write_record_output_stream:   1.987840 s
Time to run dispose_output_streams subroutine:   0.000000 s
Time to run write_record_output_stream:   0.378826 s
Time to run write_record_output_stream:   0.126160 s
Time to run write_record_output_stream:   1.988194 s
Time to run dispose_output_streams subroutine:   0.000000 s
Time to run write_record_output_stream:   0.126226 s
Time to run write_record_output_stream:   1.987839 s
Time to run dispose_output_streams subroutine:   0.000000 s
Time to run write_record_output_stream:   0.126253 s
Time to run write_record_output_stream:   1.988180 s
Time to run dispose_output_streams subroutine:   0.000000 s
Time to run write_record_output_stream:   0.126241 s
Time to run write_record_output_stream:   1.988195 s
Time to run dispose_output_streams subroutine:   0.000000 s
 ATM variables written at  2009-10-01 19:00:00 UTC        
Time to run write_record_output_stream:   5.627486 s
 SRF variables written at  2009-10-01 19:00:00 UTC        
Time to run write_record_output_stream:   1.804243 s
 RAD variables written at  2009-10-01 19:00:00 UTC        
 CLM History variables written
Time to run write_record_output_stream:   6.615267 s
 ATM variables written at  2009-10-01 20:00:00 UTC        
Time to run write_record_output_stream:   5.967248 s
 SRF variables written at  2009-10-01 20:00:00 UTC        
Time to run write_record_output_stream:   1.875284 s
 RAD variables written at  2009-10-01 20:00:00 UTC        
 CLM History variables written
Time to run write_record_output_stream:   6.609208 s
 ATM variables written at  2009-10-01 21:00:00 UTC        
Time to run write_record_output_stream:   0.000000 s
 SRF variables written at  2009-10-01 21:00:00 UTC        
Time to run write_record_output_stream:   2.217054 s
 RAD variables written at  2009-10-01 21:00:00 UTC        
 $$$  2009-10-01 21:00:00 UTC        
 $$$ max, min of ps (mb) =  1028.74  677.65
 CLM History variables written
Time to run write_record_output_stream:   6.612483 s
 ATM variables written at  2009-10-01 22:00:00 UTC        
Time to run write_record_output_stream:   6.627444 s
 SRF variables written at  2009-10-01 22:00:00 UTC        
Time to run write_record_output_stream:   2.199845 s
 RAD variables written at  2009-10-01 22:00:00 UTC        
 CLM History variables written
Time to run write_record_output_stream:   6.605041 s
 ATM variables written at  2009-10-01 23:00:00 UTC        
Time to run write_record_output_stream:   6.353230 s
 SRF variables written at  2009-10-01 23:00:00 UTC        
Time to run write_record_output_stream:   1.933558 s
 RAD variables written at  2009-10-01 23:00:00 UTC        
 Write restart file for CLM at  2009-10-02 00:00:00 UTC        
 CLM History variables written
 history tape             1 : no open file to close
 Closing local history file output//EURR-3.clm.regcm.h1.20091001_03600.nc
 Writing restart dataset on output/EURR-3.clm.regcm.r.2009100200.nc
 Writing restart dataset on output//EURR-3.clm.regcm.rh0.2009100200.nc
 Writing restart dataset on output//EURR-3.clm.regcm.rh1.2009100200.nc
 Successfully wrote out restart data for CLM 4.5
 At  2009-10-02 00:00:00 UTC        
 JDay    274.00000 solar declination angle =  -3.09798020 degrees
                   solar TSI irradiance    =    1355.8045 W/m^2
Time to run write_record_output_stream:   6.627055 s
 ATM variables written at  2009-10-02 00:00:00 UTC        
Time to run write_record_output_stream:   6.809853 s
 SRF variables written at  2009-10-02 00:00:00 UTC        
Time to run write_record_output_stream:   0.125816 s
 STS variables written at  2009-10-02 00:00:00 UTC        
Time to run write_record_output_stream:   1.970037 s
 RAD variables written at  2009-10-02 00:00:00 UTC        
 SAV variables written at  2009-10-02 00:00:00 UTC        
 Final time  2009-10-02 00:00:00 UTC reached.
Time to run dispose_output_streams subroutine:   0.000000 s
 Elapsed seconds of run for this final timeslice :    1.7499924E-04
 : this run stops at  : 2025-08-30 00:15:08+0200
 : Run has been completed using            64  processors.
 : Total elapsed seconds of run :    0.7230460643768311     
 RegCM V5 simulation successfully reached end
Time to run write_record_output_stream:   0.126109 s
Time to run write_record_output_stream:   1.987799 s
Time to run dispose_output_streams subroutine:   0.000000 s
Time to run write_record_output_stream:   0.126165 s
Time to run write_record_output_stream:   1.987922 s
Time to run dispose_output_streams subroutine:   0.000000 s
Time to run write_record_output_stream:   0.126114 s
Time to run write_record_output_stream:   1.988076 s
Time to run dispose_output_streams subroutine:   0.000000 s
Time to run write_record_output_stream:   0.125926 s
Time to run write_record_output_stream:   1.988051 s
Time to run dispose_output_streams subroutine:   0.000000 s
Time to run write_record_output_stream:   0.126275 s
Time to run write_record_output_stream:   1.987895 s
Time to run dispose_output_streams subroutine:   0.000000 s
Time to run write_record_output_stream:  17.631406 s
Time to run write_record_output_stream:   0.126077 s
Time to run write_record_output_stream:   1.988160 s
Time to run dispose_output_streams subroutine:   0.000000 s
Time to run write_record_output_stream:   0.126117 s
Time to run write_record_output_stream:   1.988010 s
Time to run dispose_output_streams subroutine:   0.000000 s
Time to run write_record_output_stream:   0.125900 s
Time to run write_record_output_stream:   1.987900 s
Time to run dispose_output_streams subroutine:   0.000000 s
Time to run write_record_output_stream:   0.126217 s
Time to run write_record_output_stream:   1.988218 s
Time to run dispose_output_streams subroutine:   0.000000 s
Time to run write_record_output_stream:   0.126185 s
Time to run write_record_output_stream:   1.988147 s
Time to run dispose_output_streams subroutine:   0.000000 s
Time to run write_record_output_stream:   0.126195 s
Time to run write_record_output_stream:   1.988112 s
Time to run dispose_output_streams subroutine:   0.000000 s
Time to run write_record_output_stream:   0.126225 s
Time to run write_record_output_stream:   1.988263 s
Time to run dispose_output_streams subroutine:   0.000000 s
Time to run write_record_output_stream:   0.126222 s
Time to run write_record_output_stream:   1.988060 s
Time to run dispose_output_streams subroutine:   0.000000 s
Time to run write_record_output_stream:  15.453973 s
Time to run write_record_output_stream:   0.126128 s
Time to run write_record_output_stream:   1.988289 s
Time to run dispose_output_streams subroutine:   0.000000 s
Time to run write_record_output_stream:   0.126263 s
Time to run write_record_output_stream:   1.988220 s
Time to run dispose_output_streams subroutine:   0.000000 s
Time to run write_record_output_stream:   0.126244 s
Time to run write_record_output_stream:   1.988256 s
Time to run dispose_output_streams subroutine:   0.000000 s
Time to run write_record_output_stream:  11.504291 s
Time to run write_record_output_stream:   0.126090 s
Time to run write_record_output_stream:   1.988149 s
Time to run dispose_output_streams subroutine:   0.000000 s
Time to run write_record_output_stream:   0.126197 s
Time to run write_record_output_stream:   1.988182 s
Time to run dispose_output_streams subroutine:   0.000000 s
Time to run write_record_output_stream:   0.125902 s
Time to run write_record_output_stream:   1.987990 s
Time to run dispose_output_streams subroutine:   0.000000 s
Time to run write_record_output_stream:   0.126217 s
Time to run write_record_output_stream:   1.988162 s
Time to run dispose_output_streams subroutine:   0.000000 s
Time to run write_record_output_stream:   0.126209 s
Time to run write_record_output_stream:   1.987989 s
Time to run dispose_output_streams subroutine:   0.000000 s
Time to run write_record_output_stream:   0.126236 s
Time to run write_record_output_stream:   1.987708 s
Time to run dispose_output_streams subroutine:   0.000000 s
Time to run write_record_output_stream:   0.126137 s
Time to run write_record_output_stream:   1.988146 s
Time to run dispose_output_streams subroutine:   0.000000 s
Time to run write_record_output_stream:   0.126200 s
Time to run write_record_output_stream:   1.988047 s
Time to run dispose_output_streams subroutine:   0.000000 s
Time to run write_record_output_stream:  12.717539 s
Time to run write_record_output_stream:   0.126070 s
Time to run write_record_output_stream:   1.988049 s
Time to run dispose_output_streams subroutine:   0.000000 s
Time to run write_record_output_stream:   0.126209 s
Time to run write_record_output_stream:   1.988273 s
Time to run dispose_output_streams subroutine:   0.000000 s
Time to run write_record_output_stream:   0.126264 s
Time to run write_record_output_stream:   1.987973 s
Time to run dispose_output_streams subroutine:   0.000000 s
Time to run write_record_output_stream:   0.126238 s
Time to run write_record_output_stream:   1.988125 s
Time to run dispose_output_streams subroutine:   0.000000 s
Time to run write_record_output_stream:   0.126245 s
Time to run write_record_output_stream:   1.988016 s
Time to run dispose_output_streams subroutine:   0.000000 s
Time to run write_record_output_stream:   0.125804 s
Time to run write_record_output_stream:   1.987994 s
Time to run dispose_output_streams subroutine:   0.000000 s
Time to run write_record_output_stream:   0.126205 s
Time to run write_record_output_stream:   1.988020 s
Time to run dispose_output_streams subroutine:   0.000000 s
Time to run write_record_output_stream:  20.198068 s
Time to run write_record_output_stream:   0.126098 s
Time to run write_record_output_stream:   1.987985 s
Time to run dispose_output_streams subroutine:   0.000000 s
Time to run write_record_output_stream:   0.126226 s
Time to run write_record_output_stream:   1.988064 s
Time to run dispose_output_streams subroutine:   0.000000 s
Time to run write_record_output_stream:   0.126179 s
Time to run write_record_output_stream:   1.987873 s
Time to run dispose_output_streams subroutine:   0.000000 s
Time to run write_record_output_stream:   9.380188 s
Time to run write_record_output_stream:   0.126075 s
Time to run write_record_output_stream:   1.988083 s
Time to run dispose_output_streams subroutine:   0.000000 s
