 WARNING:  CLM step     :                         0
 WARNING:  indexc       :       2323068
 WARNING:  ctype(indexc):             1
 WARNING:  water balance error   -1.3806981101334529E-007
 WARNING:  CLM step     :                         0
 WARNING:  indexc       :       2141825
 WARNING:  ctype(indexc):             1
 WARNING:  water balance error   -2.8731990888068598E-007
 WARNING:  CLM step     :                         0
 WARNING:  indexc       :       2219163
 WARNING:  ctype(indexc):             1
 WARNING:  water balance error   -2.1248564832415814E-007
 WARNING:  CLM step     :                         0
 WARNING:  indexc       :       2022498
 WARNING:  ctype(indexc):             1
 WARNING:  water balance error   -1.7431287668337132E-006
 WARNING:  CLM step     :                         0
 WARNING:  indexc       :        248902
 WARNING:  ctype(indexc):             1
 WARNING:  water balance error    2.8122984894414762E-007
 WARNING:  CLM step     :                         0
 WARNING:  CLM step     :                         0
 WARNING:  indexc       :        709105
 WARNING:  ctype(indexc):             1
 WARNING:  water balance error   -3.9794427990888583E-006
 WARNING:  indexc       :        427257
 WARNING:  ctype(indexc):             1
 WARNING:  water balance error   -2.2194865931581619E-007
 WARNING:  CLM step     :                         0
 WARNING:  indexc       :        553320
 WARNING:  ctype(indexc):             1
 WARNING:  water balance error   -3.7976801119551411E-006
 WARNING:  CLM step     :                         0
 WARNING:  indexc       :       1707136
 WARNING:  ctype(indexc):             1
 WARNING:  water balance error   -6.5685080875043464E-006
 WARNING:  CLM step     :                         0
 WARNING:  indexc       :       1940343
 WARNING:  ctype(indexc):             1
 WARNING:  water balance error   -1.1478508751967347E-006
 WARNING:  CLM step     :                         0
 WARNING:  indexc       :       1199895
 WARNING:  ctype(indexc):             1
 WARNING:  water balance error   -2.0468990422833893E-005
 WARNING:  CLM step     :                         0
 WARNING:  indexc       :        965505
 WARNING:  ctype(indexc):             1
 WARNING:  water balance error   -2.2013070127553332E-006
 WARNING:  CLM step     :                         0
 WARNING:  indexc       :         77387
 WARNING:  ctype(indexc):             1
 WARNING:  water balance error   -2.8675793430044897E-007
 WARNING:  CLM step     :                         0
 WARNING:  indexc       :       1292981
 WARNING:  ctype(indexc):             1
 WARNING:  water balance error   -1.5430212399051394E-006
 WARNING:  CLM step     :                         0
 WARNING:  indexc       :        806459
 WARNING:  ctype(indexc):             1
 WARNING:  water balance error   -6.9644190662149093E-007
 WARNING:  CLM step     :                         0
 WARNING:  indexc       :       1610175
 WARNING:  ctype(indexc):             1
 WARNING:  water balance error   -3.4458020883367262E-006
 WARNING:  CLM step     :                         0
 WARNING:  indexc       :       2300245
 WARNING:  ctype(indexc):             1
 WARNING:  water balance error   -3.6388667900808205E-007
 WARNING:  CLM step     :                         0
 WARNING:  indexc       :       2136217
 WARNING:  ctype(indexc):             1
 WARNING:  water balance error   -1.4958670143978746E-006
 WARNING:  CLM step     :                         0
 WARNING:  indexc       :       2239332
 WARNING:  ctype(indexc):             1
 WARNING:  water balance error   -2.1333398805468040E-007
 WARNING:  CLM step     :                         0
 WARNING:  indexc       :       2022569
 WARNING:  ctype(indexc):             1
 WARNING:  water balance error   -1.9649621292038766E-007
 WARNING:  CLM step     :                         0
 WARNING:  indexc       :        248438
 WARNING:  ctype(indexc):             1
 WARNING:  water balance error   -1.8366452475399373E-005
 WARNING:  CLM step     :                         0
 WARNING:  indexc       :        653610
 WARNING:  ctype(indexc):             1
 WARNING:  water balance error   -3.0264967565928420E-006
 WARNING:  CLM step     :                         0
 WARNING:  indexc       :       1877046
 WARNING:  ctype(indexc):             1
 WARNING:  water balance error   -5.8403614155483627E-006
 WARNING:  CLM step     :                         0
 WARNING:  indexc       :        510858
 WARNING:  ctype(indexc):             1
 WARNING:  water balance error   -1.6039171307076631E-006
 WARNING:  CLM step     :                         0
 WARNING:  indexc       :        965513
 WARNING:  ctype(indexc):             1
 WARNING:  water balance error    2.8946001504118072E-006
 WARNING:  CLM step     :                         0
 WARNING:  indexc       :        376910
 WARNING:  ctype(indexc):             1
 WARNING:  water balance error   -1.3518852751668224E-005
 WARNING:  CLM step     :                         0
 WARNING:  indexc       :       1706204
 WARNING:  ctype(indexc):             1
 WARNING:  water balance error    3.1541589548399604E-007
 WARNING:  CLM step     :                         0
 WARNING:  indexc       :       1308368
 WARNING:  ctype(indexc):             1
 WARNING:  water balance error   -2.4477947041608125E-007
 WARNING:  CLM step     :                         0
 WARNING:  indexc       :        806189
 WARNING:  ctype(indexc):             1
 WARNING:  water balance error   -1.1923010737017172E-007
 WARNING:  CLM step     :                         0
 WARNING:  indexc       :       1130630
 WARNING:  ctype(indexc):             1
 WARNING:  water balance error   -2.3228174175530926E-006
 WARNING:  CLM step     :                         0
 WARNING:  indexc       :         77379
 WARNING:  ctype(indexc):             1
 WARNING:  water balance error   -6.5859823794294693E-007
 WARNING:  CLM step     :                         0
 WARNING:  indexc       :       1501501
 WARNING:  ctype(indexc):             1
 WARNING:  water balance error   -2.0448867746508950E-007
 WARNING:  CLM step     :                         1
 WARNING:  indexc       :       2300245
 WARNING:  ctype(indexc):             1
 WARNING:  water balance error   -3.4125757146168627E-007
 WARNING:  CLM step     :                         1
 WARNING:  indexc       :       2136217
 WARNING:  ctype(indexc):             1
 WARNING:  water balance error   -1.3411919057625056E-006
 WARNING:  CLM step     :                         1
 WARNING:  indexc       :       2208761
 WARNING:  ctype(indexc):             1
 WARNING:  water balance error   -1.0115553054631260E-006
 WARNING:  CLM step     :                         1
 WARNING:  indexc       :       2022569
 WARNING:  ctype(indexc):             1
 WARNING:  water balance error   -1.3237337266528442E-007
 WARNING:  CLM step     :                         1
 WARNING:  indexc       :        248498
 WARNING:  ctype(indexc):             1
 WARNING:  water balance error   -3.6468184440497140E-007
 WARNING:  CLM step     :                         1
 WARNING:  indexc       :        653639
 WARNING:  ctype(indexc):             1
 WARNING:  water balance error   -2.0175932716900072E-007
 WARNING:  CLM step     :                         1
 WARNING:  indexc       :        376910
 WARNING:  ctype(indexc):             1
 WARNING:  water balance error   -9.4199326948076675E-006
 WARNING:  CLM step     :                         1
 WARNING:  indexc       :       1877176
 WARNING:  ctype(indexc):             1
 WARNING:  water balance error   -8.5128183126979403E-007
 WARNING:  CLM step     :                         1
 WARNING:  indexc       :        510858
 WARNING:  ctype(indexc):             1
 WARNING:  water balance error   -1.4492164552886253E-006
 WARNING:  CLM step     :                         1
 WARNING:  indexc       :        965333
 WARNING:  ctype(indexc):             1
 WARNING:  water balance error    1.1975967802114568E-006
 WARNING:  CLM step     :                         1
 WARNING:  indexc       :       1130696
 WARNING:  ctype(indexc):             1
 WARNING:  water balance error   -3.3608248210056635E-007
 WARNING:  CLM step     :                         1
 WARNING:  indexc       :       1705509
 WARNING:  ctype(indexc):             1
 WARNING:  water balance error   -2.1123330233281415E-006
 WARNING:  CLM step     :                         1
 WARNING:  indexc       :       1308342
 WARNING:  ctype(indexc):             1
 WARNING:  water balance error   -6.7416189851545459E-007
 WARNING:  CLM step     :                         1
 WARNING:  indexc       :        806189
 WARNING:  ctype(indexc):             1
 WARNING:  water balance error   -1.2841596096525989E-007
 WARNING:  CLM step     :                         1
 WARNING:  indexc       :         77980
 WARNING:  ctype(indexc):             1
 WARNING:  water balance error   -2.1618779191275086E-006
 WARNING:  CLM step     :                         1
 WARNING:  indexc       :       1500576
 WARNING:  ctype(indexc):             1
 WARNING:  water balance error    6.5612945319464718E-007
 WARNING:  CLM step     :                         2
 WARNING:  indexc       :       2348201
 WARNING:  ctype(indexc):             1
 WARNING:  water balance error   -2.2527228500315386E-007
 WARNING:  CLM step     :                         2
 WARNING:  indexc       :       2247186
 WARNING:  ctype(indexc):             1
 WARNING:  water balance error   -4.4330529898440289E-006
 WARNING:  CLM step     :                         2
 WARNING:  indexc       :        654102
 WARNING:  ctype(indexc):             1
 WARNING:  water balance error   -8.1540145269575756E-007
 WARNING:  CLM step     :                         2
 WARNING:  indexc       :       2029154
 WARNING:  ctype(indexc):             1
 WARNING:  water balance error   -2.5629372393964018E-006
 WARNING:  CLM step     :                         2
 WARNING:  indexc       :       2135978
 WARNING:  ctype(indexc):             1
 WARNING:  water balance error   -4.7389102056882737E-006
 WARNING:  CLM step     :                         2
 WARNING:  indexc       :        376955
 WARNING:  ctype(indexc):             1
 WARNING:  water balance error   -1.2843457851579907E-005
 WARNING:  CLM step     :                         2
 WARNING:  indexc       :        248893
 WARNING:  ctype(indexc):             1
 WARNING:  water balance error    1.0952244497286315E-007
 WARNING:  CLM step     :                         2
 WARNING:  indexc       :       1877046
 WARNING:  ctype(indexc):             1
 WARNING:  water balance error   -1.2069773836185657E-005
 WARNING:  CLM step     :                         2
 WARNING:  indexc       :       1131442
 WARNING:  ctype(indexc):             1
 WARNING:  water balance error   -7.2170893808733866E-007
 WARNING:  CLM step     :                         2
 WARNING:  indexc       :       1707063
 WARNING:  ctype(indexc):             1
 WARNING:  water balance error   -1.3050916541563066E-005
 WARNING:  CLM step     :                         2
 WARNING:  indexc       :        510858
 WARNING:  ctype(indexc):             1
 WARNING:  water balance error   -5.8817458384392573E-006
 WARNING:  CLM step     :                         2
 WARNING:  indexc       :        805785
 WARNING:  ctype(indexc):             1
 WARNING:  water balance error   -3.7164699618672865E-006
 WARNING:  CLM step     :                         2
 WARNING:  indexc       :        968842
 WARNING:  ctype(indexc):             1
 WARNING:  water balance error   -9.4858644044047243E-007
 WARNING:  CLM step     :                         2
 WARNING:  indexc       :       1309747
 WARNING:  ctype(indexc):             1
 WARNING:  water balance error   -1.5145605628826902E-006
 WARNING:  CLM step     :                         2
 WARNING:  indexc       :         78228
 WARNING:  ctype(indexc):             1
 WARNING:  water balance error   -9.9493777671494771E-006
 WARNING:  CLM step     :                         2
 WARNING:  indexc       :       1501163
 WARNING:  ctype(indexc):             1
 WARNING:  water balance error   -4.7984597597134179E-006
 WARNING:  CLM step     :                         3
 WARNING:  indexc       :       2351318
 WARNING:  ctype(indexc):             1
 WARNING:  water balance error   -3.1565794207660810E-007
 WARNING:  CLM step     :                         3
 WARNING:  indexc       :       2136127
 WARNING:  ctype(indexc):             1
 WARNING:  water balance error   -4.7348950934682839E-007
 WARNING:  CLM step     :                         3
 WARNING:  indexc       :       2247186
 WARNING:  ctype(indexc):             1
 WARNING:  water balance error   -4.0382393404679608E-006
 WARNING:  CLM step     :                         3
 WARNING:  indexc       :       2043864
 WARNING:  ctype(indexc):             1
 WARNING:  water balance error   -5.9066092366386166E-006
 WARNING:  CLM step     :                         3
 WARNING:  indexc       :        248893
 WARNING:  ctype(indexc):             1
 WARNING:  water balance error    1.6416483891560427E-007
 WARNING:  CLM step     :                         3
 WARNING:  indexc       :        654102
 WARNING:  ctype(indexc):             1
 WARNING:  water balance error   -3.4492833251015496E-007
 WARNING:  CLM step     :                         3
 WARNING:  indexc       :       1877096
 WARNING:  ctype(indexc):             1
 WARNING:  water balance error   -4.8168358846052621E-006
 WARNING:  CLM step     :                         3
 WARNING:  indexc       :        376955
 WARNING:  ctype(indexc):             1
 WARNING:  water balance error   -1.5437412427815425E-005
 WARNING:  CLM step     :                         3
 WARNING:  indexc       :        510919
 WARNING:  ctype(indexc):             1
 WARNING:  water balance error   -5.5395649730476595E-005
 WARNING:  CLM step     :                         3
 WARNING:  indexc       :       1706992
 WARNING:  ctype(indexc):             1
 WARNING:  water balance error   -2.0288682080484737E-005
 WARNING:  CLM step     :                         3
 WARNING:  indexc       :        968741
 WARNING:  ctype(indexc):             1
 WARNING:  water balance error   -4.6069892789567910E-006
 WARNING:  CLM step     :                         3
 WARNING:  indexc       :        806277
 WARNING:  ctype(indexc):             1
 WARNING:  water balance error   -6.8625659210529697E-007
 WARNING:  CLM step     :                         3
 WARNING:  indexc       :       1224367
 WARNING:  ctype(indexc):             1
 WARNING:  water balance error   -1.2714348687767434E-005
 WARNING:  CLM step     :                         3
 WARNING:  indexc       :       1309771
 WARNING:  ctype(indexc):             1
 WARNING:  water balance error   -5.8611545184108875E-006
 WARNING:  CLM step     :                         3
 WARNING:  indexc       :         78647
 WARNING:  ctype(indexc):             1
 WARNING:  water balance error   -1.0192356661056673E-007
 WARNING:  CLM step     :                         3
 WARNING:  indexc       :       1501160
 WARNING:  ctype(indexc):             1
 WARNING:  water balance error   -9.5173168833830900E-006
 WARNING:  CLM step     :                         4
 WARNING:  indexc       :       2351155
 WARNING:  ctype(indexc):             1
 WARNING:  water balance error   -1.0479277105766809E-007
 WARNING:  CLM step     :                         4
 WARNING:  indexc       :       2136748
 WARNING:  ctype(indexc):             1
 WARNING:  water balance error   -7.9323452744945186E-007
 WARNING:  CLM step     :                         4
 WARNING:  indexc       :       2247186
 WARNING:  ctype(indexc):             1
 WARNING:  water balance error   -3.9464283061555017E-006
 WARNING:  CLM step     :                         4
 WARNING:  indexc       :       2022560
 WARNING:  ctype(indexc):             1
 WARNING:  water balance error   -1.5083318101545238E-006
 WARNING:  CLM step     :                         4
 WARNING:  indexc       :        248893
 WARNING:  ctype(indexc):             1
 WARNING:  water balance error    1.3538378906806499E-007
 WARNING:  CLM step     :                         4
 WARNING:  indexc       :        654141
 WARNING:  ctype(indexc):             1
 WARNING:  water balance error   -1.4944489194351604E-007
 WARNING:  CLM step     :                         4
 WARNING:  indexc       :       1877275
 WARNING:  ctype(indexc):             1
 WARNING:  water balance error   -5.9795511274417503E-006
 WARNING:  CLM step     :                         4
 WARNING:  indexc       :        376955
 WARNING:  ctype(indexc):             1
 WARNING:  water balance error   -4.2939945856895670E-007
 WARNING:  CLM step     :                         4
 WARNING:  indexc       :        510822
 WARNING:  ctype(indexc):             1
 WARNING:  water balance error   -5.1886090034904395E-005
 WARNING:  CLM step     :                         4
 WARNING:  indexc       :       1707106
 WARNING:  ctype(indexc):             1
 WARNING:  water balance error   -4.0003584288340953E-005
 WARNING:  CLM step     :                         4
 WARNING:  indexc       :        968842
 WARNING:  ctype(indexc):             1
 WARNING:  water balance error   -1.1064151060170458E-006
 WARNING:  CLM step     :                         4
 WARNING:  indexc       :       1131442
 WARNING:  ctype(indexc):             1
 WARNING:  water balance error   -1.9221010007490465E-006
 WARNING:  CLM step     :                         4
 WARNING:  indexc       :        806186
 WARNING:  ctype(indexc):             1
 WARNING:  water balance error   -3.4314694399376603E-007
 WARNING:  CLM step     :                         4
 WARNING:  indexc       :       1309811
 WARNING:  ctype(indexc):             1
 WARNING:  water balance error   -2.2306775761978623E-006
 WARNING:  CLM step     :                         4
 WARNING:  indexc       :         78647
 WARNING:  ctype(indexc):             1
 WARNING:  water balance error   -1.1523440265977285E-007
 WARNING:  CLM step     :                         4
 WARNING:  indexc       :       1501264
 WARNING:  ctype(indexc):             1
 WARNING:  water balance error   -1.1916255850243663E-007
 WARNING:  CLM step     :                         5
 WARNING:  indexc       :       2136748
 WARNING:  ctype(indexc):             1
 WARNING:  water balance error   -1.5384706058646476E-006
 WARNING:  CLM step     :                         5
 WARNING:  indexc       :       2352005
 WARNING:  ctype(indexc):             1
 WARNING:  water balance error   -4.6516543116377369E-007
 WARNING:  CLM step     :                         5
 WARNING:  indexc       :       2247186
 WARNING:  ctype(indexc):             1
 WARNING:  water balance error   -4.8613219962052150E-006
 WARNING:  CLM step     :                         5
 WARNING:  indexc       :       2022677
 WARNING:  ctype(indexc):             1
 WARNING:  water balance error   -3.9330037428781331E-007
 WARNING:  CLM step     :                         5
 WARNING:  indexc       :        249126
 WARNING:  ctype(indexc):             1
 WARNING:  water balance error   -2.0512958833465201E-006
 WARNING:  CLM step     :                         5
 WARNING:  indexc       :        653977
 WARNING:  ctype(indexc):             1
 WARNING:  water balance error   -1.0988335228659750E-006
 WARNING:  CLM step     :                         5
 WARNING:  indexc       :       1877275
 WARNING:  ctype(indexc):             1
 WARNING:  water balance error   -6.9039924394876814E-006
 WARNING:  CLM step     :                         5
 WARNING:  indexc       :        377317
 WARNING:  ctype(indexc):             1
 WARNING:  water balance error   -2.6323463448571107E-006
 WARNING:  CLM step     :                         5
 WARNING:  indexc       :        510822
 WARNING:  ctype(indexc):             1
 WARNING:  water balance error   -5.2746151524346523E-005
 WARNING:  CLM step     :                         5
 WARNING:  indexc       :       1706847
 WARNING:  ctype(indexc):             1
 WARNING:  water balance error   -3.2970171373948475E-006
 WARNING:  CLM step     :                         5
 WARNING:  indexc       :        968848
 WARNING:  ctype(indexc):             1
 WARNING:  water balance error   -2.2436043490002245E-006
 WARNING:  CLM step     :                         5
 WARNING:  indexc       :       1156742
 WARNING:  ctype(indexc):             1
 WARNING:  water balance error   -6.4486546702721744E-006
 WARNING:  CLM step     :                         5
 WARNING:  indexc       :        806277
 WARNING:  ctype(indexc):             1
 WARNING:  water balance error   -4.6669978765474237E-007
 WARNING:  CLM step     :                         5
 WARNING:  indexc       :       1309860
 WARNING:  ctype(indexc):             1
 WARNING:  water balance error   -3.3996215884674415E-006
 WARNING:  CLM step     :                         5
 WARNING:  indexc       :         78632
 WARNING:  ctype(indexc):             1
 WARNING:  water balance error   -1.0046051606616773E-007
 WARNING:  CLM step     :                         5
 WARNING:  indexc       :       1501246
 WARNING:  ctype(indexc):             1
 WARNING:  water balance error   -1.2220807714437829E-007
 WARNING:  CLM step     :                         6
 WARNING:  indexc       :       2352187
 WARNING:  ctype(indexc):             1
 WARNING:  water balance error   -1.0601487591539315E-007
 WARNING:  CLM step     :                         6
 WARNING:  indexc       :       2136751
 WARNING:  ctype(indexc):             1
 WARNING:  water balance error   -1.8534325613710070E-006
 WARNING:  CLM step     :                         6
 WARNING:  indexc       :       2022638
 WARNING:  ctype(indexc):             1
 WARNING:  water balance error   -1.3821774956953449E-007
 WARNING:  CLM step     :                         6
 WARNING:  indexc       :       2247186
 WARNING:  ctype(indexc):             1
 WARNING:  water balance error   -5.0809686690051041E-006
 WARNING:  CLM step     :                         6
 WARNING:  indexc       :        249126
 WARNING:  ctype(indexc):             1
 WARNING:  water balance error   -2.7866778924008700E-006
 WARNING:  CLM step     :                         6
 WARNING:  indexc       :        653980
 WARNING:  ctype(indexc):             1
 WARNING:  water balance error   -7.9418605299618233E-006
 WARNING:  CLM step     :                         6
 WARNING:  indexc       :       1877275
 WARNING:  ctype(indexc):             1
 WARNING:  water balance error   -7.0542894420152440E-006
 WARNING:  CLM step     :                         6
 WARNING:  indexc       :        377317
 WARNING:  ctype(indexc):             1
 WARNING:  water balance error   -2.8726184063795185E-006
 WARNING:  CLM step     :                         6
 WARNING:  indexc       :        510858
 WARNING:  ctype(indexc):             1
 WARNING:  water balance error   -6.9297516467328422E-006
 WARNING:  CLM step     :                         6
 WARNING:  indexc       :       1707063
 WARNING:  ctype(indexc):             1
 WARNING:  water balance error   -3.2434849420568837E-005
 WARNING:  CLM step     :                         6
 WARNING:  indexc       :        968860
 WARNING:  ctype(indexc):             1
 WARNING:  water balance error   -4.9201294664945161E-006
 WARNING:  CLM step     :                         6
 WARNING:  indexc       :        806277
 WARNING:  ctype(indexc):             1
 WARNING:  water balance error   -4.3124275051934858E-007
 WARNING:  CLM step     :                         6
 WARNING:  indexc       :       1131570
 WARNING:  ctype(indexc):             1
 WARNING:  water balance error   -4.3072108694423583E-006
 WARNING:  CLM step     :                         6
 WARNING:  indexc       :       1360756
 WARNING:  ctype(indexc):             1
 WARNING:  water balance error   -1.3520955719242200E-007
 WARNING:  CLM step     :                         6
 WARNING:  indexc       :         78650
 WARNING:  ctype(indexc):             1
 WARNING:  water balance error   -1.0924539984118311E-007
 WARNING:  CLM step     :                         6
 WARNING:  indexc       :       1618156
 WARNING:  ctype(indexc):             1
 WARNING:  water balance error   -3.6202930324640225E-006
 WARNING:  CLM step     :                         7
 WARNING:  indexc       :       2352187
 WARNING:  ctype(indexc):             1
 WARNING:  water balance error   -1.1641235630166421E-007
 WARNING:  CLM step     :                         7
 WARNING:  indexc       :       2136361
 WARNING:  ctype(indexc):             1
 WARNING:  water balance error   -1.3862604959914725E-007
 WARNING:  CLM step     :                         7
 WARNING:  indexc       :       2022677
 WARNING:  ctype(indexc):             1
 WARNING:  water balance error   -5.5204190530070076E-007
 WARNING:  CLM step     :                         7
 WARNING:  indexc       :       2247186
 WARNING:  ctype(indexc):             1
 WARNING:  water balance error   -5.4134539112882598E-006
 WARNING:  CLM step     :                         7
 WARNING:  indexc       :        254950
 WARNING:  ctype(indexc):             1
 WARNING:  water balance error   -3.1794168884022168E-006
 WARNING:  CLM step     :                         7
 WARNING:  indexc       :        654144
 WARNING:  ctype(indexc):             1
 WARNING:  water balance error   -3.9386451795298966E-007
 WARNING:  CLM step     :                         7
 WARNING:  indexc       :        377317
 WARNING:  ctype(indexc):             1
 WARNING:  water balance error   -3.1738039882799144E-006
 WARNING:  CLM step     :                         7
 WARNING:  indexc       :       1877046
 WARNING:  ctype(indexc):             1
 WARNING:  water balance error   -9.9458634187624855E-005
 WARNING:  CLM step     :                         7
 WARNING:  indexc       :        510858
 WARNING:  ctype(indexc):             1
 WARNING:  water balance error   -6.9657749112656876E-006
 WARNING:  CLM step     :                         7
 WARNING:  indexc       :       1706923
 WARNING:  ctype(indexc):             1
 WARNING:  water balance error   -9.1181080284025531E-006
 WARNING:  CLM step     :                         7
 WARNING:  indexc       :        968887
 WARNING:  ctype(indexc):             1
 WARNING:  water balance error   -1.2237458114932070E-006
 WARNING:  CLM step     :                         7
 WARNING:  indexc       :        806277
 WARNING:  ctype(indexc):             1
 WARNING:  water balance error   -3.9614610486134427E-007
 WARNING:  CLM step     :                         7
 WARNING:  indexc       :       1131658
 WARNING:  ctype(indexc):             1
 WARNING:  water balance error   -2.4340564001453021E-007
 WARNING:  CLM step     :                         7
 WARNING:  indexc       :       1312716
 WARNING:  ctype(indexc):             1
 WARNING:  water balance error   -6.2000552438169164E-006
 WARNING:  CLM step     :                         7
 WARNING:  indexc       :         78608
 WARNING:  ctype(indexc):             1
 WARNING:  water balance error   -2.0167261852713920E-007
 WARNING:  CLM step     :                         7
 WARNING:  indexc       :       1501258
 WARNING:  ctype(indexc):             1
 WARNING:  water balance error   -1.4179072672339630E-007
 WARNING:  CLM step     :                         8
 WARNING:  indexc       :       2351483
 WARNING:  ctype(indexc):             1
 WARNING:  water balance error   -3.4434856636218072E-007
 WARNING:  CLM step     :                         8
 WARNING:  indexc       :       2136748
 WARNING:  ctype(indexc):             1
 WARNING:  water balance error   -1.4651396052066067E-006
 WARNING:  CLM step     :                         8
 WARNING:  indexc       :       2247186
 WARNING:  ctype(indexc):             1
 WARNING:  water balance error   -5.7404459219497689E-006
 WARNING:  CLM step     :                         8
 WARNING:  indexc       :       2022638
 WARNING:  ctype(indexc):             1
 WARNING:  water balance error   -1.7447404933358780E-007
 WARNING:  CLM step     :                         8
 WARNING:  indexc       :        249129
 WARNING:  ctype(indexc):             1
 WARNING:  water balance error   -1.3668118151315531E-006
 WARNING:  CLM step     :                         8
 WARNING:  indexc       :        654126
 WARNING:  ctype(indexc):             1
 WARNING:  water balance error   -5.5257468708900430E-007
 WARNING:  CLM step     :                         8
 WARNING:  indexc       :        377409
 WARNING:  ctype(indexc):             1
 WARNING:  water balance error   -1.6749070446799231E-007
 WARNING:  CLM step     :                         8
 WARNING:  indexc       :        510858
 WARNING:  ctype(indexc):             1
 WARNING:  water balance error   -6.2832821744175436E-006
 WARNING:  CLM step     :                         8
 WARNING:  indexc       :       1877046
 WARNING:  ctype(indexc):             1
 WARNING:  water balance error   -1.1922603418938235E-005
 WARNING:  CLM step     :                         8
 WARNING:  indexc       :       1756614
 WARNING:  ctype(indexc):             1
 WARNING:  water balance error   -3.0662536011665024E-007
 WARNING:  CLM step     :                         8
 WARNING:  indexc       :       1131567
 WARNING:  ctype(indexc):             1
 WARNING:  water balance error   -4.4092320520400569E-006
 WARNING:  CLM step     :                         8
 WARNING:  indexc       :       1309811
 WARNING:  ctype(indexc):             1
 WARNING:  water balance error   -4.3672941187412798E-006
 WARNING:  CLM step     :                         8
 WARNING:  indexc       :        968887
 WARNING:  ctype(indexc):             1
 WARNING:  water balance error   -5.7417730616953093E-006
 WARNING:  CLM step     :                         8
 WARNING:  indexc       :         78632
 WARNING:  ctype(indexc):             1
 WARNING:  water balance error   -1.3291605411370849E-007
 WARNING:  CLM step     :                         8
 WARNING:  indexc       :        806277
 WARNING:  ctype(indexc):             1
 WARNING:  water balance error   -2.9559100642884766E-007
 WARNING:  CLM step     :                         8
 WARNING:  indexc       :       1501249
 WARNING:  ctype(indexc):             1
 WARNING:  water balance error   -1.4085263459992061E-006
 WARNING:  CLM step     :                         9
 WARNING:  indexc       :       2136748
 WARNING:  ctype(indexc):             1
 WARNING:  water balance error   -1.2051138304492842E-006
 WARNING:  CLM step     :                         9
 WARNING:  indexc       :       2352187
 WARNING:  ctype(indexc):             1
 WARNING:  water balance error   -1.5557739703336029E-007
 WARNING:  CLM step     :                         9
 WARNING:  indexc       :       2247186
 WARNING:  ctype(indexc):             1
 WARNING:  water balance error   -6.0464465481219009E-006
 WARNING:  CLM step     :                         9
 WARNING:  indexc       :       2022677
 WARNING:  ctype(indexc):             1
 WARNING:  water balance error   -6.9468229887931702E-007
 WARNING:  CLM step     :                         9
 WARNING:  indexc       :        249123
 WARNING:  ctype(indexc):             1
 WARNING:  water balance error   -2.3670536992042187E-005
 WARNING:  CLM step     :                         9
 WARNING:  indexc       :        654126
 WARNING:  ctype(indexc):             1
 WARNING:  water balance error   -5.7207720133353932E-007
 WARNING:  CLM step     :                         9
 WARNING:  indexc       :        510825
 WARNING:  ctype(indexc):             1
 WARNING:  water balance error   -3.2715399462793126E-005
 WARNING:  CLM step     :                         9
 WARNING:  indexc       :        377409
 WARNING:  ctype(indexc):             1
 WARNING:  water balance error   -1.4455583512963103E-007
 WARNING:  CLM step     :                         9
 WARNING:  indexc       :       1706871
 WARNING:  ctype(indexc):             1
 WARNING:  water balance error   -3.9144741450568182E-006
 WARNING:  CLM step     :                         9
 WARNING:  indexc       :       1877126
 WARNING:  ctype(indexc):             1
 WARNING:  water balance error   -2.8939614359176625E-006
 WARNING:  CLM step     :                         9
 WARNING:  indexc       :        968904
 WARNING:  ctype(indexc):             1
 WARNING:  water balance error   -1.7375724879527976E-006
 WARNING:  CLM step     :                         9
 WARNING:  indexc       :       1131658
 WARNING:  ctype(indexc):             1
 WARNING:  water balance error   -3.2987041896113021E-006
 WARNING:  CLM step     :                         9
 WARNING:  indexc       :       1309860
 WARNING:  ctype(indexc):             1
 WARNING:  water balance error   -3.9578563149376108E-006
 WARNING:  CLM step     :                         9
 WARNING:  indexc       :         78608
 WARNING:  ctype(indexc):             1
 WARNING:  water balance error   -2.9562772263559166E-007
 WARNING:  CLM step     :                         9
 WARNING:  indexc       :       1501258
 WARNING:  ctype(indexc):             1
 WARNING:  water balance error   -2.4239627302890781E-006
 WARNING:  CLM step     :                         9
 WARNING:  indexc       :        806277
 WARNING:  ctype(indexc):             1
 WARNING:  water balance error   -2.9157906358764590E-007
 WARNING:  CLM step     :                        10
 WARNING:  indexc       :       2158328
 WARNING:  ctype(indexc):             1
 WARNING:  water balance error    7.1536379763921510E-006
 WARNING:  CLM step     :                        10
 WARNING:  indexc       :       2352070
 WARNING:  ctype(indexc):             1
 WARNING:  water balance error   -1.0812512726794835E-007
 WARNING:  CLM step     :                        10
 WARNING:  indexc       :       2247186
 WARNING:  ctype(indexc):             1
 WARNING:  water balance error   -6.0434980329549774E-006
 WARNING:  CLM step     :                        10
 WARNING:  indexc       :       2022677
 WARNING:  ctype(indexc):             1
 WARNING:  water balance error   -7.4007743946369540E-007
 WARNING:  CLM step     :                        10
 WARNING:  indexc       :        249123
 WARNING:  ctype(indexc):             1
 WARNING:  water balance error   -3.3809095238804874E-005
 WARNING:  CLM step     :                        10
 WARNING:  indexc       :        654126
 WARNING:  ctype(indexc):             1
 WARNING:  water balance error   -6.3959564868763752E-007
 WARNING:  CLM step     :                        10
 WARNING:  indexc       :        510822
 WARNING:  ctype(indexc):             1
 WARNING:  water balance error   -5.6759901755464418E-005
 WARNING:  CLM step     :                        10
 WARNING:  indexc       :        377309
 WARNING:  ctype(indexc):             1
 WARNING:  water balance error   -4.9595677603111506E-006
 WARNING:  CLM step     :                        10
 WARNING:  indexc       :       1877046
 WARNING:  ctype(indexc):             1
 WARNING:  water balance error   -1.1535730865849632E-005
 WARNING:  CLM step     :                        10
 WARNING:  indexc       :       1707136
 WARNING:  ctype(indexc):             1
 WARNING:  water balance error   -2.9902668761829071E-006
 WARNING:  CLM step     :                        10
 WARNING:  indexc       :       1131640
 WARNING:  ctype(indexc):             1
 WARNING:  water balance error   -1.5269872957839003E-006
 WARNING:  CLM step     :                        10
 WARNING:  indexc       :        968887
 WARNING:  ctype(indexc):             1
 WARNING:  water balance error   -6.1051120390385776E-006
 WARNING:  CLM step     :                        10
 WARNING:  indexc       :         90032
 WARNING:  ctype(indexc):             1
 WARNING:  water balance error   -3.2287336259888919E-007
 WARNING:  CLM step     :                        10
 WARNING:  indexc       :       1309811
 WARNING:  ctype(indexc):             1
 WARNING:  water balance error   -5.3190157164450989E-006
 WARNING:  CLM step     :                        10
 WARNING:  indexc       :       1501160
 WARNING:  ctype(indexc):             1
 WARNING:  water balance error   -1.2907494755103125E-005
 WARNING:  CLM step     :                        10
 WARNING:  indexc       :        805277
 WARNING:  ctype(indexc):             1
 WARNING:  water balance error   -3.7832702750312380E-007
 WARNING:  CLM step     :                        11
 WARNING:  indexc       :       2136748
 WARNING:  ctype(indexc):             1
 WARNING:  water balance error   -7.2492539977071693E-007
 WARNING:  CLM step     :                        11
 WARNING:  indexc       :       2247282
 WARNING:  ctype(indexc):             1
 WARNING:  water balance error   -2.0432445934049009E-007
 WARNING:  CLM step     :                        11
 WARNING:  indexc       :       2022677
 WARNING:  ctype(indexc):             1
 WARNING:  water balance error   -8.2173080975985331E-007
 WARNING:  CLM step     :                        11
 WARNING:  indexc       :       2363629
 WARNING:  ctype(indexc):             1
 WARNING:  water balance error   -4.5174014377023923E-007
 WARNING:  CLM step     :                        11
 WARNING:  indexc       :        249123
 WARNING:  ctype(indexc):             1
 WARNING:  water balance error   -7.9097211656933481E-005
 WARNING:  CLM step     :                        11
 WARNING:  indexc       :        654079
 WARNING:  ctype(indexc):             1
 WARNING:  water balance error   -5.2633870425026370E-005
 WARNING:  CLM step     :                        11
 WARNING:  indexc       :        510858
 WARNING:  ctype(indexc):             1
 WARNING:  water balance error   -5.7545058141556083E-006
 WARNING:  CLM step     :                        11
 WARNING:  indexc       :        377409
 WARNING:  ctype(indexc):             1
 WARNING:  water balance error   -1.2987240195035017E-007
 WARNING:  CLM step     :                        11
 WARNING:  indexc       :       1707125
 WARNING:  ctype(indexc):             1
 WARNING:  water balance error   -1.6524070546755306E-005
 WARNING:  CLM step     :                        11
 WARNING:  indexc       :       1877046
 WARNING:  ctype(indexc):             1
 WARNING:  water balance error   -1.1328919344374478E-005
 WARNING:  CLM step     :                        11
 WARNING:  indexc       :        968904
 WARNING:  ctype(indexc):             1
 WARNING:  water balance error   -1.7176208846038983E-007
 WARNING:  CLM step     :                        11
 WARNING:  indexc       :       1131661
 WARNING:  ctype(indexc):             1
 WARNING:  water balance error   -2.3419963662983931E-006
 WARNING:  CLM step     :                        11
 WARNING:  indexc       :       1319980
 WARNING:  ctype(indexc):             1
 WARNING:  water balance error   -4.9077658914488206E-006
 WARNING:  CLM step     :                        11
 WARNING:  indexc       :         78632
 WARNING:  ctype(indexc):             1
 WARNING:  water balance error   -1.4957862174836173E-007
 WARNING:  CLM step     :                        11
 WARNING:  indexc       :       1501278
 WARNING:  ctype(indexc):             1
 WARNING:  water balance error   -2.8079243090610650E-007
 WARNING:  CLM step     :                        11
 WARNING:  indexc       :        805849
 WARNING:  ctype(indexc):             1
 WARNING:  water balance error   -1.3765137215841067E-006
 WARNING:  CLM step     :                        12
 WARNING:  indexc       :       2136751
 WARNING:  ctype(indexc):             1
 WARNING:  water balance error   -6.0847475921282359E-007
 WARNING:  CLM step     :                        12
 WARNING:  indexc       :       2022611
 WARNING:  ctype(indexc):             1
 WARNING:  water balance error   -2.5054355924017758E-007
 WARNING:  CLM step     :                        12
 WARNING:  indexc       :       2352005
 WARNING:  ctype(indexc):             1
 WARNING:  water balance error   -3.8761193883156888E-007
 WARNING:  CLM step     :                        12
 WARNING:  indexc       :       2247186
 WARNING:  ctype(indexc):             1
 WARNING:  water balance error   -6.4031794419663615E-006
 WARNING:  CLM step     :                        12
 WARNING:  indexc       :        249126
 WARNING:  ctype(indexc):             1
 WARNING:  water balance error   -1.4044944070824862E-006
 WARNING:  CLM step     :                        12
 WARNING:  indexc       :        654108
 WARNING:  ctype(indexc):             1
 WARNING:  water balance error   -1.2110182047078412E-007
 WARNING:  CLM step     :                        12
 WARNING:  indexc       :        510858
 WARNING:  ctype(indexc):             1
 WARNING:  water balance error   -5.8779537638728636E-006
 WARNING:  CLM step     :                        12
 WARNING:  indexc       :       1707136
 WARNING:  ctype(indexc):             1
 WARNING:  water balance error   -8.0258967467215691E-006
 WARNING:  CLM step     :                        12
 WARNING:  indexc       :        377349
 WARNING:  ctype(indexc):             1
 WARNING:  water balance error   -6.3144701007982233E-007
 WARNING:  CLM step     :                        12
 WARNING:  indexc       :       1877275
 WARNING:  ctype(indexc):             1
 WARNING:  water balance error   -7.9296466376485494E-006
 WARNING:  CLM step     :                        12
 WARNING:  indexc       :       1131573
 WARNING:  ctype(indexc):             1
 WARNING:  water balance error   -5.6242546293242571E-006
 WARNING:  CLM step     :                        12
 WARNING:  indexc       :       1309811
 WARNING:  ctype(indexc):             1
 WARNING:  water balance error   -5.8961675596993105E-006
 WARNING:  CLM step     :                        12
 WARNING:  indexc       :         78653
 WARNING:  ctype(indexc):             1
 WARNING:  water balance error   -1.3221724706552961E-007
 WARNING:  CLM step     :                        12
 WARNING:  indexc       :        968904
 WARNING:  ctype(indexc):             1
 WARNING:  water balance error   -2.3195355906178031E-007
 WARNING:  CLM step     :                        12
 WARNING:  indexc       :       1501278
 WARNING:  ctype(indexc):             1
 WARNING:  water balance error   -2.1582275741523925E-007
 WARNING:  CLM step     :                        12
 WARNING:  indexc       :        809046
 WARNING:  ctype(indexc):             1
 WARNING:  water balance error   -2.3916370432735179E-007
 WARNING:  CLM step     :                        13
 WARNING:  indexc       :       2022498
 WARNING:  ctype(indexc):             1
 WARNING:  water balance error   -4.5846869791792438E-006
 WARNING:  CLM step     :                        13
 WARNING:  indexc       :       2136748
 WARNING:  ctype(indexc):             1
 WARNING:  water balance error   -6.4884151106993099E-007
 WARNING:  CLM step     :                        13
 WARNING:  indexc       :       2352190
 WARNING:  ctype(indexc):             1
 WARNING:  water balance error   -1.3592393277828080E-007
 WARNING:  CLM step     :                        13
 WARNING:  indexc       :       2247018
 WARNING:  ctype(indexc):             1
 WARNING:  water balance error   -2.8159927478375460E-007
 WARNING:  CLM step     :                        13
 WARNING:  indexc       :        249132
 WARNING:  ctype(indexc):             1
 WARNING:  water balance error   -4.7873853311222094E-007
 WARNING:  CLM step     :                        13
 WARNING:  indexc       :        654126
 WARNING:  ctype(indexc):             1
 WARNING:  water balance error   -1.4539168073539906E-006
 WARNING:  CLM step     :                        13
 WARNING:  indexc       :        510822
 WARNING:  ctype(indexc):             1
 WARNING:  water balance error   -5.5429306458507335E-005
 WARNING:  CLM step     :                        13
 WARNING:  indexc       :        377409
 WARNING:  ctype(indexc):             1
 WARNING:  water balance error   -1.3897473991181722E-007
 WARNING:  CLM step     :                        13
 WARNING:  indexc       :       1707063
 WARNING:  ctype(indexc):             1
 WARNING:  water balance error   -3.3033972551607939E-005
 WARNING:  CLM step     :                        13
 WARNING:  indexc       :       1877275
 WARNING:  ctype(indexc):             1
 WARNING:  water balance error   -7.8884902955030698E-006
 WARNING:  CLM step     :                        13
 WARNING:  indexc       :       1131600
 WARNING:  ctype(indexc):             1
 WARNING:  water balance error   -2.8975202468977615E-006
 WARNING:  CLM step     :                        13
 WARNING:  indexc       :        968904
 WARNING:  ctype(indexc):             1
 WARNING:  water balance error   -2.1406021198518823E-007
 WARNING:  CLM step     :                        13
 WARNING:  indexc       :       1309825
 WARNING:  ctype(indexc):             1
 WARNING:  water balance error   -1.5812495670423454E-007
 WARNING:  CLM step     :                        13
 WARNING:  indexc       :         78632
 WARNING:  ctype(indexc):             1
 WARNING:  water balance error   -1.5532058661224891E-007
 WARNING:  CLM step     :                        13
 WARNING:  indexc       :       1501278
 WARNING:  ctype(indexc):             1
 WARNING:  water balance error   -1.5191103534755677E-007
 WARNING:  CLM step     :                        13
 WARNING:  indexc       :        806277
 WARNING:  ctype(indexc):             1
 WARNING:  water balance error   -3.0853126351428124E-007
 WARNING:  CLM step     :                        14
 WARNING:  indexc       :       2136751
 WARNING:  ctype(indexc):             1
 WARNING:  water balance error   -4.5589728698446812E-007
 WARNING:  CLM step     :                        14
 WARNING:  indexc       :       2022585
 WARNING:  ctype(indexc):             1
 WARNING:  water balance error   -8.4392627655661129E-007
 WARNING:  CLM step     :                        14
 WARNING:  CLM step     :                        14
 WARNING:  indexc       :       2247186
 WARNING:  ctype(indexc):             1
 WARNING:  water balance error   -7.6322890155985366E-006
 WARNING:  indexc       :       2359001
 WARNING:  ctype(indexc):             1
 WARNING:  water balance error    2.2181426722016714E-005
 WARNING:  CLM step     :                        14
 WARNING:  indexc       :        249132
 WARNING:  ctype(indexc):             1
 WARNING:  water balance error   -6.4611180776089202E-007
 WARNING:  CLM step     :                        14
 WARNING:  indexc       :        654079
 WARNING:  ctype(indexc):             1
 WARNING:  water balance error   -5.3486797984940383E-005
 WARNING:  CLM step     :                        14
 WARNING:  indexc       :        510919
 WARNING:  ctype(indexc):             1
 WARNING:  water balance error   -6.8161985326771875E-005
 WARNING:  CLM step     :                        14
 WARNING:  indexc       :        377409
 WARNING:  ctype(indexc):             1
 WARNING:  water balance error   -1.8260632117349703E-007
 WARNING:  CLM step     :                        14
 WARNING:  indexc       :       1877275
 WARNING:  ctype(indexc):             1
 WARNING:  water balance error   -7.9203996730235335E-006
 WARNING:  CLM step     :                        14
 WARNING:  indexc       :       1707136
 WARNING:  ctype(indexc):             1
 WARNING:  water balance error   -1.0228846808680114E-005
 WARNING:  CLM step     :                        14
 WARNING:  indexc       :        968904
 WARNING:  ctype(indexc):             1
 WARNING:  water balance error   -5.1482046342769313E-007
 WARNING:  CLM step     :                        14
 WARNING:  indexc       :       1131699
 WARNING:  ctype(indexc):             1
 WARNING:  water balance error   -2.7363952302501979E-007
 WARNING:  CLM step     :                        14
 WARNING:  indexc       :       1309825
 WARNING:  ctype(indexc):             1
 WARNING:  water balance error   -1.6055012964145936E-007
 WARNING:  CLM step     :                        14
 WARNING:  indexc       :         78632
 WARNING:  ctype(indexc):             1
 WARNING:  water balance error   -5.6058869672813350E-006
 WARNING:  CLM step     :                        14
 WARNING:  indexc       :       1501342
 WARNING:  ctype(indexc):             1
 WARNING:  water balance error   -1.4315975440206460E-007
 WARNING:  CLM step     :                        14
 WARNING:  indexc       :        806277
 WARNING:  ctype(indexc):             1
 WARNING:  water balance error   -4.0873055306868948E-007
 WARNING:  CLM step     :                        15
 WARNING:  indexc       :       2136751
 WARNING:  ctype(indexc):             1
 WARNING:  water balance error   -4.0001620811667277E-007
 WARNING:  CLM step     :                        15
 WARNING:  indexc       :       2022638
 WARNING:  ctype(indexc):             1
 WARNING:  water balance error   -4.0853958297270235E-007
 WARNING:  CLM step     :                        15
 WARNING:  indexc       :       2247186
 WARNING:  ctype(indexc):             1
 WARNING:  water balance error   -8.2998044967163721E-006
 WARNING:  CLM step     :                        15
 WARNING:  indexc       :       2352190
 WARNING:  ctype(indexc):             1
 WARNING:  water balance error   -1.4446574104289648E-007
 WARNING:  CLM step     :                        15
 WARNING:  indexc       :        248902
 WARNING:  ctype(indexc):             1
 WARNING:  water balance error    7.7607933548738717E-007
 WARNING:  CLM step     :                        15
 WARNING:  indexc       :        654126
 WARNING:  ctype(indexc):             1
 WARNING:  water balance error   -1.9204248179806507E-006
 WARNING:  CLM step     :                        15
 WARNING:  indexc       :        510858
 WARNING:  ctype(indexc):             1
 WARNING:  water balance error   -6.3706853254842672E-006
 WARNING:  CLM step     :                        15
 WARNING:  indexc       :        377409
 WARNING:  ctype(indexc):             1
 WARNING:  CLM step     :                        15
 WARNING:  water balance error   -1.8455557397820149E-007
 WARNING:  indexc       :       1877275
 WARNING:  ctype(indexc):             1
 WARNING:  water balance error   -7.8760935035611124E-006
 WARNING:  CLM step     :                        15
 WARNING:  indexc       :       1707008
 WARNING:  ctype(indexc):             1
 WARNING:  water balance error   -4.6873522648539773E-005
 WARNING:  CLM step     :                        15
 WARNING:  indexc       :        968904
 WARNING:  ctype(indexc):             1
 WARNING:  water balance error   -5.3635635737238410E-007
 WARNING:  CLM step     :                        15
 WARNING:  indexc       :       1389073
 WARNING:  ctype(indexc):             1
 WARNING:  water balance error   -5.6966039889979621E-005
 WARNING:  CLM step     :                        15
 WARNING:  indexc       :       1131699
 WARNING:  ctype(indexc):             1
 WARNING:  water balance error   -4.1660661164649018E-007
 WARNING:  CLM step     :                        15
 WARNING:  indexc       :         78653
 WARNING:  ctype(indexc):             1
 WARNING:  water balance error   -1.4138614144873566E-007
 WARNING:  CLM step     :                        15
 WARNING:  indexc       :       1501302
 WARNING:  ctype(indexc):             1
 WARNING:  water balance error   -3.8508643064865448E-007
 WARNING:  CLM step     :                        15
 WARNING:  indexc       :        806277
 WARNING:  ctype(indexc):             1
 WARNING:  water balance error   -3.1281607452026655E-007
 WARNING:  CLM step     :                        16
 WARNING:  indexc       :       2022644
 WARNING:  ctype(indexc):             1
 WARNING:  water balance error   -1.4539290521664340E-007
 WARNING:  CLM step     :                        16
 WARNING:  indexc       :       2139869
 WARNING:  ctype(indexc):             1
 WARNING:  water balance error   -5.3240371505102125E-007
 WARNING:  CLM step     :                        16
 WARNING:  indexc       :       2352028
 WARNING:  ctype(indexc):             1
 WARNING:  water balance error   -1.0902671767342674E-007
 WARNING:  CLM step     :                        16
 WARNING:  indexc       :       2247186
 WARNING:  ctype(indexc):             1
 WARNING:  water balance error   -8.9581922849699641E-006
 WARNING:  CLM step     :                        16
 WARNING:  indexc       :        249132
 WARNING:  ctype(indexc):             1
 WARNING:  water balance error   -7.6887259488079384E-007
 WARNING:  CLM step     :                        16
 WARNING:  indexc       :        654108
 WARNING:  ctype(indexc):             1
 WARNING:  water balance error   -2.0845851733733042E-007
 WARNING:  CLM step     :                        16
 WARNING:  indexc       :        510822
 WARNING:  ctype(indexc):             1
 WARNING:  water balance error   -5.5386288109802076E-005
 WARNING:  CLM step     :                        16
 WARNING:  indexc       :        377309
 WARNING:  ctype(indexc):             1
 WARNING:  water balance error   -7.7949695768338934E-006
 WARNING:  CLM step     :                        16
 WARNING:  indexc       :       1714641
 WARNING:  ctype(indexc):             1
 WARNING:  water balance error   -1.6833974965788543E-005
 WARNING:  CLM step     :                        16
 WARNING:  indexc       :       1877228
 WARNING:  ctype(indexc):             1
 WARNING:  water balance error   -1.7340484830110338E-005
 WARNING:  CLM step     :                        16
 WARNING:  indexc       :       1131570
 WARNING:  ctype(indexc):             1
 WARNING:  water balance error   -3.3382384113077730E-006
 WARNING:  CLM step     :                        16
 WARNING:  indexc       :        968904
 WARNING:  ctype(indexc):             1
 WARNING:  water balance error   -5.1990974741013736E-007
 WARNING:  CLM step     :                        16
 WARNING:  indexc       :       1309803
 WARNING:  ctype(indexc):             1
 WARNING:  water balance error   -2.0305999584112341E-005
 WARNING:  CLM step     :                        16
 WARNING:  indexc       :         78632
 WARNING:  ctype(indexc):             1
 WARNING:  water balance error   -1.8218447856453428E-007
 WARNING:  CLM step     :                        16
 WARNING:  indexc       :       1501302
 WARNING:  ctype(indexc):             1
 WARNING:  water balance error   -2.0810207717101466E-007
 WARNING:  CLM step     :                        16
 WARNING:  indexc       :        806277
 WARNING:  ctype(indexc):             1
 WARNING:  water balance error   -3.2538124795795164E-007
 WARNING:  CLM step     :                        17
 WARNING:  indexc       :       2136244
 WARNING:  ctype(indexc):             1
 WARNING:  water balance error   -1.1634387195160981E-007
 WARNING:  CLM step     :                        17
 WARNING:  indexc       :       2022585
 WARNING:  ctype(indexc):             1
 WARNING:  water balance error   -8.4620127233692430E-007
 WARNING:  CLM step     :                        17
 WARNING:  indexc       :       2352070
 WARNING:  ctype(indexc):             1
 WARNING:  water balance error   -1.4052963016800463E-007
 WARNING:  CLM step     :                        17
 WARNING:  indexc       :       2247186
 WARNING:  ctype(indexc):             1
 WARNING:  water balance error   -9.4877640250845613E-006
 WARNING:  CLM step     :                        17
 WARNING:  indexc       :        249123
 WARNING:  ctype(indexc):             1
 WARNING:  water balance error   -5.0517928148463499E-005
 WARNING:  CLM step     :                        17
 WARNING:  indexc       :        654144
 WARNING:  ctype(indexc):             1
 WARNING:  water balance error   -3.5949427925400041E-007
 WARNING:  CLM step     :                        17
 WARNING:  indexc       :        510858
 WARNING:  ctype(indexc):             1
 WARNING:  water balance error   -6.7644159707073743E-006
 WARNING:  CLM step     :                        17
 WARNING:  indexc       :        377409
 WARNING:  ctype(indexc):             1
 WARNING:  water balance error   -1.8223808793403797E-007
 WARNING:  CLM step     :                        17
 WARNING:  indexc       :       1707125
 WARNING:  ctype(indexc):             1
 WARNING:  water balance error   -5.8580906760676661E-005
 WARNING:  CLM step     :                        17
 WARNING:  indexc       :       1877275
 WARNING:  ctype(indexc):             1
 WARNING:  water balance error   -7.8717717469793035E-006
 WARNING:  CLM step     :                        17
 WARNING:  indexc       :       1131683
 WARNING:  ctype(indexc):             1
 WARNING:  water balance error   -2.5919608192214375E-006
 WARNING:  CLM step     :                        17
 WARNING:  indexc       :        968904
 WARNING:  ctype(indexc):             1
 WARNING:  water balance error   -9.0046054824169972E-007
 WARNING:  CLM step     :                        17
 WARNING:  indexc       :       1309825
 WARNING:  ctype(indexc):             1
 WARNING:  water balance error   -1.6063150552997076E-007
 WARNING:  CLM step     :                        17
 WARNING:  indexc       :         78653
 WARNING:  ctype(indexc):             1
 WARNING:  water balance error   -1.4919475115945681E-007
 WARNING:  CLM step     :                        17
 WARNING:  indexc       :       1501393
 WARNING:  ctype(indexc):             1
 WARNING:  water balance error   -1.2701967760108499E-007
 WARNING:  CLM step     :                        17
 WARNING:  indexc       :        805938
 WARNING:  ctype(indexc):             1
 WARNING:  water balance error   -1.3893238561158882E-007
 WARNING:  CLM step     :                        18
 WARNING:  indexc       :       2136748
 WARNING:  ctype(indexc):             1
 WARNING:  water balance error   -3.9783575759357341E-007
 WARNING:  CLM step     :                        18
 WARNING:  indexc       :       2022677
 WARNING:  ctype(indexc):             1
 WARNING:  water balance error   -1.3526378838928742E-006
 WARNING:  CLM step     :                        18
 WARNING:  indexc       :       2352070
 WARNING:  ctype(indexc):             1
 WARNING:  water balance error   -1.4481808822048950E-007
 WARNING:  CLM step     :                        18
 WARNING:  indexc       :       2247186
 WARNING:  ctype(indexc):             1
 WARNING:  water balance error   -1.0270655493093241E-005
 WARNING:  CLM step     :                        18
 WARNING:  indexc       :        249135
 WARNING:  ctype(indexc):             1
 WARNING:  water balance error   -1.7018896690790310E-006
 WARNING:  CLM step     :                        18
 WARNING:  indexc       :        654144
 WARNING:  ctype(indexc):             1
 WARNING:  water balance error   -2.4662222036269445E-007
 WARNING:  CLM step     :                        18
 WARNING:  indexc       :        510919
 WARNING:  ctype(indexc):             1
 WARNING:  water balance error   -6.5094855796987797E-005
 WARNING:  CLM step     :                        18
 WARNING:  indexc       :        377365
 WARNING:  ctype(indexc):             1
 WARNING:  water balance error   -1.9860661730875078E-006
 WARNING:  CLM step     :                        18
 WARNING:  indexc       :       1707136
 WARNING:  ctype(indexc):             1
 WARNING:  water balance error   -2.5322861243429335E-005
 WARNING:  CLM step     :                        18
 WARNING:  indexc       :       1877228
 WARNING:  ctype(indexc):             1
 WARNING:  water balance error   -1.7583643727827720E-005
 WARNING:  CLM step     :                        18
 WARNING:  indexc       :        968904
 WARNING:  ctype(indexc):             1
 WARNING:  water balance error   -8.7662146836381648E-007
 WARNING:  CLM step     :                        18
 WARNING:  indexc       :       1309825
 WARNING:  ctype(indexc):             1
 WARNING:  water balance error   -1.6019896854328633E-007
 WARNING:  CLM step     :                        18
 WARNING:  indexc       :         78659
 WARNING:  ctype(indexc):             1
 WARNING:  water balance error   -1.0431249754216283E-007
 WARNING:  CLM step     :                        18
 WARNING:  indexc       :       1131675
 WARNING:  ctype(indexc):             1
 WARNING:  water balance error   -1.4553507415513367E-006
 WARNING:  CLM step     :                        18
 WARNING:  indexc       :       1501390
 WARNING:  ctype(indexc):             1
 WARNING:  water balance error   -3.1321708124058387E-007
 WARNING:  CLM step     :                        18
 WARNING:  indexc       :        805938
 WARNING:  ctype(indexc):             1
 WARNING:  water balance error   -1.4349380722100155E-007
 WARNING:  CLM step     :                        19
 WARNING:  indexc       :       2022638
 WARNING:  ctype(indexc):             1
 WARNING:  water balance error   -5.4529038867711471E-007
 WARNING:  CLM step     :                        19
 WARNING:  indexc       :       2136751
 WARNING:  ctype(indexc):             1
 WARNING:  water balance error   -4.3591111805293048E-007
 WARNING:  CLM step     :                        19
 WARNING:  indexc       :       2352190
 WARNING:  ctype(indexc):             1
 WARNING:  water balance error   -1.7155535635543940E-007
 WARNING:  CLM step     :                        19
 WARNING:  indexc       :       2247186
 WARNING:  ctype(indexc):             1
 WARNING:  water balance error   -1.0940649525492765E-005
 WARNING:  CLM step     :                        19
 WARNING:  indexc       :        249138
 WARNING:  ctype(indexc):             1
 WARNING:  water balance error   -4.7794475181519418E-007
 WARNING:  CLM step     :                        19
 WARNING:  indexc       :        654117
 WARNING:  ctype(indexc):             1
 WARNING:  water balance error   -5.3519412830840709E-007
 WARNING:  CLM step     :                        19
 WARNING:  indexc       :        510822
 WARNING:  ctype(indexc):             1
 WARNING:  water balance error   -5.8344041597650437E-005
 WARNING:  CLM step     :                        19
 WARNING:  indexc       :        377409
 WARNING:  ctype(indexc):             1
 WARNING:  water balance error   -1.3766731041825531E-007
 WARNING:  CLM step     :                        19
 WARNING:  indexc       :       1877228
 WARNING:  ctype(indexc):             1
 WARNING:  water balance error   -1.7454770698172977E-005
 WARNING:  CLM step     :                        19
 WARNING:  indexc       :       1736424
 WARNING:  ctype(indexc):             1
 WARNING:  water balance error   -5.3370352566153829E-006
 WARNING:  CLM step     :                        19
 WARNING:  indexc       :        970332
 WARNING:  ctype(indexc):             1
 WARNING:  water balance error   -6.8138356838822397E-006
 WARNING:  CLM step     :                        19
 WARNING:  indexc       :       1309860
 WARNING:  ctype(indexc):             1
 WARNING:  water balance error   -9.2006878703982284E-006
 WARNING:  CLM step     :                        19
 WARNING:  indexc       :         78632
 WARNING:  ctype(indexc):             1
 WARNING:  water balance error   -1.8914153296029979E-007
 WARNING:  CLM step     :                        19
 WARNING:  indexc       :       1131722
 WARNING:  ctype(indexc):             1
 WARNING:  water balance error   -2.9133256775433805E-007
 WARNING:  CLM step     :                        19
 WARNING:  indexc       :       1501325
 WARNING:  ctype(indexc):             1
 WARNING:  water balance error   -2.8135780132367256E-007
 WARNING:  CLM step     :                        19
 WARNING:  indexc       :        806277
 WARNING:  ctype(indexc):             1
 WARNING:  water balance error   -4.1373242229195874E-007
 WARNING:  CLM step     :                        20
 WARNING:  indexc       :       2022498
 WARNING:  ctype(indexc):             1
 WARNING:  water balance error   -3.1764872569196384E-006
 WARNING:  CLM step     :                        20
 WARNING:  indexc       :       2170245
 WARNING:  ctype(indexc):             1
 WARNING:  water balance error   -5.0932091373056961E-007
 WARNING:  CLM step     :                        20
 WARNING:  indexc       :       2247186
 WARNING:  ctype(indexc):             1
 WARNING:  water balance error   -1.1451664614628874E-005
 WARNING:  CLM step     :                        20
 WARNING:  indexc       :       2352190
 WARNING:  ctype(indexc):             1
 WARNING:  water balance error   -1.6692715874929380E-007
 WARNING:  CLM step     :                        20
 WARNING:  indexc       :        249132
 WARNING:  ctype(indexc):             1
 WARNING:  water balance error   -5.7417606532178130E-007
 WARNING:  CLM step     :                        20
 WARNING:  indexc       :        654117
 WARNING:  ctype(indexc):             1
 WARNING:  water balance error   -9.8674078949594823E-007
 WARNING:  CLM step     :                        20
 WARNING:  indexc       :        510919
 WARNING:  ctype(indexc):             1
 WARNING:  water balance error   -6.2265661551000979E-005
 WARNING:  CLM step     :                        20
 WARNING:  indexc       :       1877126
 WARNING:  ctype(indexc):             1
 WARNING:  water balance error   -2.0639363135981575E-006
 WARNING:  CLM step     :                        20
 WARNING:  indexc       :        377365
 WARNING:  ctype(indexc):             1
 WARNING:  water balance error   -2.7292065354264330E-006
 WARNING:  CLM step     :                        20
 WARNING:  indexc       :       1707136
 WARNING:  ctype(indexc):             1
 WARNING:  water balance error   -2.8279116928295691E-005
 WARNING:  CLM step     :                        20
 WARNING:  indexc       :        968907
 WARNING:  ctype(indexc):             1
 WARNING:  water balance error   -4.9432946379565057E-007
 WARNING:  CLM step     :                        20
 WARNING:  indexc       :       1131731
 WARNING:  ctype(indexc):             1
 WARNING:  water balance error   -1.5076772892939070E-006
 WARNING:  CLM step     :                        20
 WARNING:  indexc       :       1309825
 WARNING:  ctype(indexc):             1
 WARNING:  water balance error   -1.5850106039504291E-007
 WARNING:  CLM step     :                        20
 WARNING:  indexc       :         78659
 WARNING:  ctype(indexc):             1
 WARNING:  water balance error   -1.1128071783947607E-007
 WARNING:  CLM step     :                        20
 WARNING:  indexc       :       1501424
 WARNING:  ctype(indexc):             1
 WARNING:  water balance error   -3.8788460877083745E-007
 WARNING:  CLM step     :                        20
 WARNING:  indexc       :        805941
 WARNING:  ctype(indexc):             1
 WARNING:  water balance error   -3.5801479933381548E-007
 WARNING:  CLM step     :                        21
 WARNING:  indexc       :       2025632
 WARNING:  ctype(indexc):             1
 WARNING:  water balance error    2.5759395278325190E-005
 WARNING:  CLM step     :                        21
 WARNING:  indexc       :       2137926
 WARNING:  ctype(indexc):             1
 WARNING:  water balance error    4.7659294820862682E-006
 WARNING:  CLM step     :                        21
 WARNING:  indexc       :       2352190
 WARNING:  ctype(indexc):             1
 WARNING:  water balance error   -1.7040938689295944E-007
 WARNING:  CLM step     :                        21
 WARNING:  indexc       :       2247186
 WARNING:  ctype(indexc):             1
 WARNING:  water balance error   -1.1844376891898689E-005
 WARNING:  CLM step     :                        21
 WARNING:  indexc       :        248902
 WARNING:  ctype(indexc):             1
 WARNING:  water balance error    6.4832513271988346E-007
 WARNING:  CLM step     :                        21
 WARNING:  indexc       :        654147
 WARNING:  ctype(indexc):             1
 WARNING:  water balance error   -8.0206985091567736E-007
 WARNING:  CLM step     :                        21
 WARNING:  indexc       :        510822
 WARNING:  ctype(indexc):             1
 WARNING:  water balance error   -5.8666372965194614E-005
 WARNING:  CLM step     :                        21
 WARNING:  indexc       :        377409
 WARNING:  ctype(indexc):             1
 WARNING:  water balance error   -1.5511808564246842E-007
 WARNING:  CLM step     :                        21
 WARNING:  indexc       :       1728953
 WARNING:  ctype(indexc):             1
 WARNING:  water balance error   -4.0200585209209028E-006
 WARNING:  CLM step     :                        21
 WARNING:  indexc       :       1877275
 WARNING:  ctype(indexc):             1
 WARNING:  water balance error   -7.7575454077621873E-006
 WARNING:  CLM step     :                        21
 WARNING:  indexc       :        968907
 WARNING:  ctype(indexc):             1
 WARNING:  water balance error   -4.9822727338108763E-007
 WARNING:  CLM step     :                        21
 WARNING:  indexc       :       1196701
 WARNING:  ctype(indexc):             1
 WARNING:  water balance error   -1.5073804501886348E-005
 WARNING:  CLM step     :                        21
 WARNING:  indexc       :       1309860
 WARNING:  ctype(indexc):             1
 WARNING:  water balance error   -9.0985950815515521E-006
 WARNING:  CLM step     :                        21
 WARNING:  indexc       :         78553
 WARNING:  ctype(indexc):             1
 WARNING:  water balance error   -6.8591780869784491E-007
 WARNING:  CLM step     :                        21
 WARNING:  indexc       :       1501294
 WARNING:  ctype(indexc):             1
 WARNING:  water balance error   -9.1076004539636174E-006
 WARNING:  CLM step     :                        21
 WARNING:  indexc       :        805941
 WARNING:  ctype(indexc):             1
 WARNING:  water balance error   -3.0437285981689034E-007
 WARNING:  CLM step     :                        22
 WARNING:  indexc       :       2143705
 WARNING:  ctype(indexc):             1
 WARNING:  water balance error   -2.9133393582533623E-007
 WARNING:  CLM step     :                        22
 WARNING:  indexc       :       2022677
 WARNING:  ctype(indexc):             1
 WARNING:  water balance error   -1.6941710593367150E-006
 WARNING:  CLM step     :                        22
 WARNING:  indexc       :       2352032
 WARNING:  ctype(indexc):             1
 WARNING:  water balance error   -1.6303840988267721E-007
 WARNING:  CLM step     :                        22
 WARNING:  indexc       :       2247186
 WARNING:  ctype(indexc):             1
 WARNING:  water balance error   -3.0455005277176332E-006
 WARNING:  CLM step     :                        22
 WARNING:  indexc       :        249123
 WARNING:  ctype(indexc):             1
 WARNING:  water balance error   -5.0113590619896353E-005
 WARNING:  CLM step     :                        22
 WARNING:  indexc       :        653980
 WARNING:  ctype(indexc):             1
 WARNING:  water balance error   -6.7258131576557875E-006
 WARNING:  CLM step     :                        22
 WARNING:  indexc       :        510858
 WARNING:  ctype(indexc):             1
 WARNING:  water balance error   -6.7512448684714674E-006
 WARNING:  CLM step     :                        22
 WARNING:  indexc       :        377365
 WARNING:  ctype(indexc):             1
 WARNING:  water balance error   -2.8778218137277978E-006
 WARNING:  CLM step     :                        22
 WARNING:  indexc       :       1877275
 WARNING:  ctype(indexc):             1
 WARNING:  water balance error   -7.6691395141683884E-006
 WARNING:  CLM step     :                        22
 WARNING:  indexc       :       1707136
 WARNING:  ctype(indexc):             1
 WARNING:  water balance error   -3.1629389521805922E-005
 WARNING:  CLM step     :                        22
 WARNING:  indexc       :        968926
 WARNING:  ctype(indexc):             1
 WARNING:  water balance error   -1.9663620007758097E-005
 WARNING:  CLM step     :                        22
 WARNING:  indexc       :       1131731
 WARNING:  ctype(indexc):             1
 WARNING:  water balance error   -3.1547722087835341E-007
 WARNING:  CLM step     :                        22
 WARNING:  indexc       :       1309825
 WARNING:  ctype(indexc):             1
 WARNING:  water balance error   -1.5063385995626969E-007
 WARNING:  CLM step     :                        22
 WARNING:  indexc       :         78659
 WARNING:  ctype(indexc):             1
 WARNING:  water balance error   -1.5028322045110071E-007
 WARNING:  CLM step     :                        22
 WARNING:  indexc       :       1585388
 WARNING:  ctype(indexc):             1
 WARNING:  water balance error    1.9217005740631763E-006
 WARNING:  CLM step     :                        22
 WARNING:  indexc       :        806277
 WARNING:  ctype(indexc):             1
 WARNING:  water balance error   -5.3263724231199949E-007
 WARNING:  CLM step     :                        23
 WARNING:  indexc       :       2136751
 WARNING:  ctype(indexc):             1
 WARNING:  water balance error   -4.2304148015444092E-007
 WARNING:  CLM step     :                        23
 WARNING:  indexc       :       2022698
 WARNING:  ctype(indexc):             1
 WARNING:  water balance error   -6.0750165002639054E-007
 WARNING:  CLM step     :                        23
 WARNING:  indexc       :       2352190
 WARNING:  ctype(indexc):             1
 WARNING:  water balance error   -1.5993114443029639E-007
 WARNING:  CLM step     :                        23
 WARNING:  indexc       :       2247186
 WARNING:  ctype(indexc):             1
 WARNING:  water balance error   -3.0464522218108077E-006
 WARNING:  CLM step     :                        23
 WARNING:  indexc       :        249141
 WARNING:  ctype(indexc):             1
 WARNING:  water balance error   -1.8149303975121545E-007
 WARNING:  CLM step     :                        23
 WARNING:  indexc       :        653980
 WARNING:  ctype(indexc):             1
 WARNING:  water balance error   -6.6242962728009563E-006
 WARNING:  CLM step     :                        23
 WARNING:  indexc       :        510858
 WARNING:  ctype(indexc):             1
 WARNING:  water balance error   -6.8959743076832903E-006
 WARNING:  CLM step     :                        23
 WARNING:  indexc       :        377409
 WARNING:  ctype(indexc):             1
 WARNING:  water balance error   -1.4274348863591308E-007
 WARNING:  CLM step     :                        23
 WARNING:  indexc       :       1877231
 WARNING:  ctype(indexc):             1
 WARNING:  water balance error   -1.1203137411767734E-005
 WARNING:  CLM step     :                        23
 WARNING:  indexc       :       1707125
 WARNING:  ctype(indexc):             1
 WARNING:  water balance error   -8.2458712045391090E-005
 WARNING:  CLM step     :                        23
 WARNING:  indexc       :        969002
 WARNING:  ctype(indexc):             1
 WARNING:  water balance error   -1.1513851736638540E-007
 WARNING:  CLM step     :                        23
 WARNING:  indexc       :       1131683
 WARNING:  ctype(indexc):             1
 WARNING:  water balance error   -3.8439330179390025E-006
 WARNING:  CLM step     :                        23
 WARNING:  indexc       :       1309825
 WARNING:  ctype(indexc):             1
 WARNING:  water balance error   -1.4395485481972264E-007
 WARNING:  CLM step     :                        23
 WARNING:  indexc       :         78659
 WARNING:  ctype(indexc):             1
 WARNING:  water balance error   -1.5726869971238883E-007
 WARNING:  CLM step     :                        23
 WARNING:  indexc       :       1501443
 WARNING:  ctype(indexc):             1
 WARNING:  water balance error   -3.0696023771326215E-007
 WARNING:  CLM step     :                        23
 WARNING:  indexc       :        806277
 WARNING:  ctype(indexc):             1
 WARNING:  water balance error   -7.6600382567703148E-007
 WARNING:  CLM step     :                        24
 WARNING:  indexc       :       2352028
 WARNING:  ctype(indexc):             1
 WARNING:  water balance error   -1.5359511255262648E-007
 WARNING:  CLM step     :                        24
 WARNING:  indexc       :       2022644
 WARNING:  ctype(indexc):             1
 WARNING:  water balance error   -2.1115441657983430E-007
 WARNING:  CLM step     :                        24
 WARNING:  indexc       :       2256400
 WARNING:  ctype(indexc):             1
 WARNING:  water balance error   -3.2356709827034255E-006
 WARNING:  CLM step     :                        24
 WARNING:  indexc       :       2136748
 WARNING:  ctype(indexc):             1
 WARNING:  water balance error   -2.5138790015647534E-007
 WARNING:  CLM step     :                        24
 WARNING:  indexc       :        249132
 WARNING:  ctype(indexc):             1
 WARNING:  water balance error   -1.4648736968677002E-006
 WARNING:  CLM step     :                        24
 WARNING:  indexc       :        654117
 WARNING:  ctype(indexc):             1
 WARNING:  water balance error   -1.4526351453288802E-006
 WARNING:  CLM step     :                        24
 WARNING:  indexc       :        510858
 WARNING:  ctype(indexc):             1
 WARNING:  water balance error   -6.9712471309338080E-006
 WARNING:  CLM step     :                        24
 WARNING:  indexc       :        377409
 WARNING:  ctype(indexc):             1
 WARNING:  water balance error   -1.5557004128885592E-007
 WARNING:  CLM step     :                        24
 WARNING:  indexc       :       1751751
 WARNING:  ctype(indexc):             1
 WARNING:  water balance error   -2.0571453883201548E-007
 WARNING:  CLM step     :                        24
 WARNING:  indexc       :       1877231
 WARNING:  ctype(indexc):             1
 WARNING:  water balance error   -1.0886340381259840E-005
 WARNING:  CLM step     :                        24
 WARNING:  indexc       :        969002
 WARNING:  ctype(indexc):             1
 WARNING:  water balance error   -1.2564974435734694E-007
 WARNING:  CLM step     :                        24
 WARNING:  indexc       :       1131758
 WARNING:  ctype(indexc):             1
 WARNING:  water balance error   -1.8481408367079371E-006
 WARNING:  CLM step     :                        24
 WARNING:  indexc       :       1324881
 WARNING:  ctype(indexc):             1
 WARNING:  water balance error   -1.0576308605518661E-006
 WARNING:  CLM step     :                        24
 WARNING:  indexc       :         78662
 WARNING:  ctype(indexc):             1
 WARNING:  water balance error    3.6684470091007123E-007
 WARNING:  CLM step     :                        24
 WARNING:  indexc       :       1501700
 WARNING:  ctype(indexc):             1
 WARNING:  water balance error    1.9958754480446845E-006
 WARNING:  CLM step     :                        24
 WARNING:  indexc       :        806239
 WARNING:  ctype(indexc):             1
 WARNING:  water balance error   -1.1462065663687952E-006
 WARNING:  CLM step     :                        25
 WARNING:  indexc       :       2352190
 WARNING:  ctype(indexc):             1
 WARNING:  water balance error   -1.6320705658254241E-007
 WARNING:  CLM step     :                        25
 WARNING:  indexc       :       2022698
 WARNING:  ctype(indexc):             1
 WARNING:  water balance error   -6.5595345682477026E-007
 WARNING:  CLM step     :                        25
 WARNING:  indexc       :       2136748
 WARNING:  ctype(indexc):             1
 WARNING:  water balance error   -2.1406484937292326E-007
 WARNING:  CLM step     :                        25
 WARNING:  indexc       :       2247186
 WARNING:  ctype(indexc):             1
 WARNING:  water balance error   -1.1328879669809574E-005
 WARNING:  CLM step     :                        25
 WARNING:  indexc       :        249141
 WARNING:  ctype(indexc):             1
 WARNING:  water balance error   -1.5965048075706961E-006
 WARNING:  CLM step     :                        25
 WARNING:  indexc       :        654147
 WARNING:  ctype(indexc):             1
 WARNING:  water balance error   -1.6378049370796196E-006
 WARNING:  CLM step     :                        25
 WARNING:  indexc       :        510867
 WARNING:  ctype(indexc):             1
 WARNING:  water balance error    6.5948106603874301E-005
 WARNING:  CLM step     :                        25
 WARNING:  indexc       :        377365
 WARNING:  ctype(indexc):             1
 WARNING:  water balance error   -3.3553296327942880E-006
 WARNING:  CLM step     :                        25
 WARNING:  indexc       :       1877275
 WARNING:  ctype(indexc):             1
 WARNING:  water balance error   -7.4183483842695114E-006
 WARNING:  CLM step     :                        25
 WARNING:  indexc       :       1707016
 WARNING:  ctype(indexc):             1
 WARNING:  water balance error   -6.4391844853064800E-005
 WARNING:  CLM step     :                        25
 WARNING:  indexc       :        968923
 WARNING:  ctype(indexc):             1
 WARNING:  water balance error   -2.9313494087078704E-007
 WARNING:  CLM step     :                        25
 WARNING:  indexc       :       1131675
 WARNING:  ctype(indexc):             1
 WARNING:  water balance error   -2.8933527943530689E-006
 WARNING:  CLM step     :                        25
 WARNING:  indexc       :         78228
 WARNING:  ctype(indexc):             1
 WARNING:  water balance error   -1.8055640398700973E-005
 WARNING:  CLM step     :                        25
 WARNING:  indexc       :       1309825
 WARNING:  ctype(indexc):             1
 WARNING:  water balance error   -1.2792915514080151E-007
 WARNING:  CLM step     :                        25
 WARNING:  indexc       :       1501803
 WARNING:  ctype(indexc):             1
 WARNING:  water balance error   -6.0217595672768236E-004
 WARNING:  CLM step     :                        25
 WARNING:  indexc       :        817219
 WARNING:  ctype(indexc):             1
 WARNING:  water balance error   -4.6198890846365514E-006
 WARNING:  CLM step     :                        26
 WARNING:  indexc       :       2352070
 WARNING:  ctype(indexc):             1
 WARNING:  water balance error   -1.7575526575707880E-007
 WARNING:  CLM step     :                        26
 WARNING:  indexc       :       2136751
 WARNING:  ctype(indexc):             1
 WARNING:  water balance error   -3.3766083472667568E-007
 WARNING:  CLM step     :                        26
 WARNING:  indexc       :       2022677
 WARNING:  ctype(indexc):             1
 WARNING:  water balance error   -2.0274534271182003E-006
 WARNING:  CLM step     :                        26
 WARNING:  indexc       :       2247186
 WARNING:  ctype(indexc):             1
 WARNING:  water balance error   -1.1278670060953537E-005
 WARNING:  CLM step     :                        26
 WARNING:  indexc       :        249126
 WARNING:  ctype(indexc):             1
 WARNING:  water balance error   -1.9399059843466952E-005
 WARNING:  CLM step     :                        26
 WARNING:  indexc       :        654147
 WARNING:  ctype(indexc):             1
 WARNING:  water balance error   -6.5080685419271874E-006
 WARNING:  CLM step     :                        26
 WARNING:  indexc       :        510822
 WARNING:  ctype(indexc):             1
 WARNING:  water balance error   -5.7739553393325899E-005
 WARNING:  CLM step     :                        26
 WARNING:  indexc       :        377309
 WARNING:  ctype(indexc):             1
 WARNING:  water balance error   -7.2088052249418132E-006
 WARNING:  CLM step     :                        26
 WARNING:  indexc       :       1877275
 WARNING:  ctype(indexc):             1
 WARNING:  water balance error   -7.3238078906182440E-006
 WARNING:  CLM step     :                        26
 WARNING:  indexc       :       1707136
 WARNING:  ctype(indexc):             1
 WARNING:  water balance error   -4.2387410063000177E-005
 WARNING:  CLM step     :                        26
 WARNING:  indexc       :       1131758
 WARNING:  ctype(indexc):             1
 WARNING:  water balance error   -6.5387067554873885E-006
 WARNING:  CLM step     :                        26
 WARNING:  indexc       :        968934
 WARNING:  ctype(indexc):             1
 WARNING:  water balance error   -1.4194120883168540E-007
 WARNING:  CLM step     :                        26
 WARNING:  indexc       :       1309825
 WARNING:  ctype(indexc):             1
 WARNING:  water balance error   -1.2121019254248344E-007
 WARNING:  CLM step     :                        26
 WARNING:  indexc       :         78094
 WARNING:  ctype(indexc):             1
 WARNING:  water balance error   -3.6229657376537057E-007
 WARNING:  CLM step     :                        26
 WARNING:  indexc       :       1501495
 WARNING:  ctype(indexc):             1
 WARNING:  water balance error   -1.5070996422487648E-007
 WARNING:  CLM step     :                        26
 WARNING:  indexc       :        881099
 WARNING:  ctype(indexc):             1
 WARNING:  water balance error   -2.1839462694830345E-007
 WARNING:  CLM step     :                        27
 WARNING:  indexc       :       2352190
 WARNING:  ctype(indexc):             1
 WARNING:  water balance error   -1.5085853577368471E-007
 WARNING:  CLM step     :                        27
 WARNING:  indexc       :       2022677
 WARNING:  ctype(indexc):             1
 WARNING:  water balance error   -2.0727788594505889E-006
 WARNING:  CLM step     :                        27
 WARNING:  indexc       :       2247186
 WARNING:  ctype(indexc):             1
 WARNING:  water balance error   -2.7122334567690367E-006
 WARNING:  CLM step     :                        27
 WARNING:  indexc       :       2136751
 WARNING:  ctype(indexc):             1
 WARNING:  water balance error   -2.6087204520473171E-007
 WARNING:  CLM step     :                        27
 WARNING:  indexc       :        248902
 WARNING:  ctype(indexc):             1
 WARNING:  water balance error    6.8870027349309716E-007
 WARNING:  CLM step     :                        27
 WARNING:  indexc       :        654117
 WARNING:  ctype(indexc):             1
 WARNING:  water balance error   -1.9218894661842101E-006
 WARNING:  CLM step     :                        27
 WARNING:  indexc       :        510919
 WARNING:  ctype(indexc):             1
 WARNING:  water balance error   -4.7755633502224745E-005
 WARNING:  CLM step     :                        27
 WARNING:  indexc       :        377309
 WARNING:  ctype(indexc):             1
 WARNING:  water balance error   -6.9660283178304082E-006
 WARNING:  CLM step     :                        27
 WARNING:  indexc       :       1707016
 WARNING:  ctype(indexc):             1
 WARNING:  water balance error   -7.2598020935753509E-005
 WARNING:  CLM step     :                        27
 WARNING:  indexc       :       1877228
 WARNING:  ctype(indexc):             1
 WARNING:  water balance error   -1.4647746301833895E-005
 WARNING:  CLM step     :                        27
 WARNING:  indexc       :       1131725
 WARNING:  ctype(indexc):             1
 WARNING:  water balance error   -3.5769996311201731E-006
 WARNING:  CLM step     :                        27
 WARNING:  indexc       :        969002
 WARNING:  ctype(indexc):             1
 WARNING:  water balance error   -4.7066910492076711E-007
 WARNING:  CLM step     :                        27
 WARNING:  indexc       :       1309747
 WARNING:  ctype(indexc):             1
 WARNING:  water balance error   -4.3814453247728165E-006
 WARNING:  CLM step     :                        27
 WARNING:  indexc       :         78632
 WARNING:  ctype(indexc):             1
 WARNING:  water balance error   -1.7919628059317121E-007
 WARNING:  CLM step     :                        27
 WARNING:  indexc       :       1522682
 WARNING:  ctype(indexc):             1
 WARNING:  water balance error   -1.6462498484045175E-006
 WARNING:  CLM step     :                        27
 WARNING:  indexc       :        805958
 WARNING:  ctype(indexc):             1
 WARNING:  water balance error   -1.0893163561137103E-007
 WARNING:  CLM step     :                        28
 WARNING:  indexc       :       2352028
 WARNING:  ctype(indexc):             1
 WARNING:  water balance error   -1.5383142954648034E-007
 WARNING:  CLM step     :                        28
 WARNING:  indexc       :       2022585
 WARNING:  ctype(indexc):             1
 WARNING:  water balance error   -8.3013533072775286E-007
 WARNING:  CLM step     :                        28
 WARNING:  indexc       :       2247186
 WARNING:  ctype(indexc):             1
 WARNING:  water balance error   -1.0474096516824774E-005
 WARNING:  CLM step     :                        28
 WARNING:  indexc       :       2136751
 WARNING:  ctype(indexc):             1
 WARNING:  water balance error   -1.8597340483085301E-007
 WARNING:  CLM step     :                        28
 WARNING:  indexc       :        249144
 WARNING:  ctype(indexc):             1
 WARNING:  water balance error   -2.8065110185542205E-007
 WARNING:  CLM step     :                        28
 WARNING:  indexc       :        654147
 WARNING:  ctype(indexc):             1
 WARNING:  water balance error   -2.1391863969509486E-006
 WARNING:  CLM step     :                        28
 WARNING:  indexc       :        510919
 WARNING:  ctype(indexc):             1
 WARNING:  water balance error   -4.5911243725592607E-005
 WARNING:  CLM step     :                        28
 WARNING:  indexc       :        377409
 WARNING:  ctype(indexc):             1
 WARNING:  water balance error   -2.7945075538666526E-007
 WARNING:  CLM step     :                        28
 WARNING:  indexc       :       1707063
 WARNING:  ctype(indexc):             1
 WARNING:  water balance error   -5.1252726395820559E-005
 WARNING:  CLM step     :                        28
 WARNING:  indexc       :       1877275
 WARNING:  ctype(indexc):             1
 WARNING:  water balance error   -7.0537008303381810E-006
 WARNING:  CLM step     :                        28
 WARNING:  indexc       :       1184681
 WARNING:  ctype(indexc):             1
 WARNING:  water balance error   -6.4848025733104842E-006
 WARNING:  CLM step     :                        28
 WARNING:  indexc       :       1309825
 WARNING:  ctype(indexc):             1
 WARNING:  water balance error   -1.1720504211551474E-007
 WARNING:  CLM step     :                        28
 WARNING:  indexc       :        109489
 WARNING:  ctype(indexc):             1
 WARNING:  water balance error   -8.0880671317052506E-006
 WARNING:  CLM step     :                        28
 WARNING:  indexc       :       1501443
 WARNING:  ctype(indexc):             1
 WARNING:  water balance error   -6.3566586104608309E-007
 WARNING:  CLM step     :                        28
 WARNING:  indexc       :        969002
 WARNING:  ctype(indexc):             1
 WARNING:  water balance error   -1.8040005029145145E-006
 WARNING:  CLM step     :                        28
 WARNING:  indexc       :        806277
 WARNING:  ctype(indexc):             1
 WARNING:  water balance error   -7.2652222396361643E-007
 WARNING:  CLM step     :                        29
 WARNING:  indexc       :       2355912
 WARNING:  ctype(indexc):             1
 WARNING:  water balance error   -3.2027480300302639E-006
 WARNING:  CLM step     :                        29
 WARNING:  indexc       :       2057415
 WARNING:  ctype(indexc):             1
 WARNING:  water balance error   -2.1877414328605429E-007
 WARNING:  CLM step     :                        29
 WARNING:  indexc       :       2136570
 WARNING:  ctype(indexc):             1
 WARNING:  water balance error   -2.1089593741192816E-007
 WARNING:  CLM step     :                        29
 WARNING:  indexc       :       2247186
 WARNING:  ctype(indexc):             1
 WARNING:  water balance error   -1.0174632351421949E-005
 WARNING:  CLM step     :                        29
 WARNING:  indexc       :        249144
 WARNING:  ctype(indexc):             1
 WARNING:  water balance error   -4.4859704158994404E-007
 WARNING:  CLM step     :                        29
 WARNING:  indexc       :        654147
 WARNING:  ctype(indexc):             1
 WARNING:  water balance error   -6.8188031689928610E-006
 WARNING:  CLM step     :                        29
 WARNING:  indexc       :        510858
 WARNING:  ctype(indexc):             1
 WARNING:  water balance error   -7.2050846235585027E-006
 WARNING:  CLM step     :                        29
 WARNING:  indexc       :        377409
 WARNING:  ctype(indexc):             1
 WARNING:  water balance error   -3.7318716242954385E-007
 WARNING:  CLM step     :                        29
 WARNING:  indexc       :       1877231
 WARNING:  ctype(indexc):             1
 WARNING:  water balance error   -9.1956269295205986E-006
 WARNING:  CLM step     :                        29
 WARNING:  indexc       :       1706814
 WARNING:  ctype(indexc):             1
 WARNING:  water balance error   -1.4339433756835311E-005
 WARNING:  CLM step     :                        29
 WARNING:  indexc       :       1131758
 WARNING:  ctype(indexc):             1
 WARNING:  water balance error   -6.4227133820800607E-006
 WARNING:  CLM step     :                        29
 WARNING:  indexc       :       1332383
 WARNING:  ctype(indexc):             1
 WARNING:  water balance error   -1.7140751540145127E-007
 WARNING:  CLM step     :                        29
 WARNING:  indexc       :        969002
 WARNING:  ctype(indexc):             1
 WARNING:  water balance error   -1.0060269638996253E-006
 WARNING:  CLM step     :                        29
 WARNING:  indexc       :         78659
 WARNING:  ctype(indexc):             1
 WARNING:  water balance error   -1.4057960034616086E-007
 WARNING:  CLM step     :                        29
 WARNING:  indexc       :       1501522
 WARNING:  ctype(indexc):             1
 WARNING:  water balance error   -1.1351014077332477E-007
 WARNING:  CLM step     :                        29
 WARNING:  indexc       :        806000
 WARNING:  ctype(indexc):             1
 WARNING:  water balance error   -1.0707131429344775E-006
 WARNING:  CLM step     :                        30
 WARNING:  indexc       :       2352190
 WARNING:  ctype(indexc):             1
 WARNING:  water balance error   -1.3705641111741093E-007
 WARNING:  CLM step     :                        30
 WARNING:  indexc       :       2022698
 WARNING:  ctype(indexc):             1
 WARNING:  water balance error   -8.3639030983588393E-007
 WARNING:  CLM step     :                        30
 WARNING:  indexc       :       2247186
 WARNING:  ctype(indexc):             1
 WARNING:  water balance error   -1.0055825096807231E-005
 WARNING:  CLM step     :                        30
 WARNING:  indexc       :       2136567
 WARNING:  ctype(indexc):             1
 WARNING:  water balance error   -1.2375761694541834E-007
 WARNING:  CLM step     :                        30
 WARNING:  indexc       :        249123
 WARNING:  ctype(indexc):             1
 WARNING:  water balance error   -1.3789038734853961E-006
 WARNING:  CLM step     :                        30
 WARNING:  indexc       :        693762
 WARNING:  ctype(indexc):             1
 WARNING:  water balance error    3.2674906954081972E-005
 WARNING:  CLM step     :                        30
 WARNING:  indexc       :        510919
 WARNING:  ctype(indexc):             1
 WARNING:  water balance error   -4.0270628383634134E-005
 WARNING:  CLM step     :                        30
 WARNING:  indexc       :       1707136
 WARNING:  ctype(indexc):             1
 WARNING:  water balance error   -5.3757494579300508E-005
 WARNING:  CLM step     :                        30
 WARNING:  indexc       :       1877176
 WARNING:  ctype(indexc):             1
 WARNING:  water balance error   -8.7004898701088275E-007
 WARNING:  CLM step     :                        30
 WARNING:  indexc       :        377365
 WARNING:  ctype(indexc):             1
 WARNING:  water balance error   -3.6820161051930167E-006
 WARNING:  CLM step     :                        30
 WARNING:  indexc       :       1131758
 WARNING:  ctype(indexc):             1
 WARNING:  water balance error   -5.3311857949153985E-006
 WARNING:  CLM step     :                        30
 WARNING:  indexc       :       1309860
 WARNING:  ctype(indexc):             1
 WARNING:  water balance error   -7.1654979729562800E-006
 WARNING:  CLM step     :                        30
 WARNING:  indexc       :        969002
 WARNING:  ctype(indexc):             1
 WARNING:  water balance error   -1.0233511437367134E-006
 WARNING:  CLM step     :                        30
 WARNING:  indexc       :         78228
 WARNING:  ctype(indexc):             1
 WARNING:  water balance error   -2.0976828324608228E-005
 WARNING:  CLM step     :                        30
 WARNING:  indexc       :       1501519
 WARNING:  ctype(indexc):             1
 WARNING:  water balance error   -5.4165212803342077E-007
 WARNING:  CLM step     :                        30
 WARNING:  indexc       :        806000
 WARNING:  ctype(indexc):             1
 WARNING:  water balance error    8.8529794376923499E-006
 WARNING:  CLM step     :                        31
 WARNING:  indexc       :       2352070
 WARNING:  ctype(indexc):             1
 WARNING:  water balance error   -1.8632723052654441E-007
 WARNING:  CLM step     :                        31
 WARNING:  indexc       :       2022677
 WARNING:  ctype(indexc):             1
 WARNING:  water balance error   -2.2698578282032582E-006
 WARNING:  CLM step     :                        31
 WARNING:  indexc       :       2247186
 WARNING:  ctype(indexc):             1
 WARNING:  water balance error   -1.0100458916600920E-005
 WARNING:  CLM step     :                        31
 WARNING:  indexc       :       2136379
 WARNING:  ctype(indexc):             1
 WARNING:  water balance error   -3.2614076584678699E-007
 WARNING:  CLM step     :                        31
 WARNING:  indexc       :        653923
 WARNING:  ctype(indexc):             1
 WARNING:  water balance error   -3.7715710012730108E-006
 WARNING:  CLM step     :                        31
 WARNING:  indexc       :        249132
 WARNING:  ctype(indexc):             1
 WARNING:  water balance error   -2.9576721366424374E-006
 WARNING:  CLM step     :                        31
 WARNING:  indexc       :        510919
 WARNING:  ctype(indexc):             1
 WARNING:  water balance error   -3.9370048659117172E-005
 WARNING:  CLM step     :                        31
 WARNING:  indexc       :        377409
 WARNING:  ctype(indexc):             1
 WARNING:  water balance error   -3.6739977020222899E-007
 WARNING:  CLM step     :                        31
 WARNING:  indexc       :       1877228
 WARNING:  ctype(indexc):             1
 WARNING:  water balance error   -1.1318282351401187E-005
 WARNING:  CLM step     :                        31
 WARNING:  indexc       :       1706814
 WARNING:  ctype(indexc):             1
 WARNING:  water balance error   -1.5267177157219583E-005
 WARNING:  CLM step     :                        31
 WARNING:  indexc       :       1131758
 WARNING:  ctype(indexc):             1
 WARNING:  water balance error   -4.3697201798147766E-006
 WARNING:  CLM step     :                        31
 WARNING:  indexc       :       1309707
 WARNING:  ctype(indexc):             1
 WARNING:  water balance error   -4.2475714270232007E-006
 WARNING:  CLM step     :                        31
 WARNING:  indexc       :         96202
 WARNING:  ctype(indexc):             1
 WARNING:  water balance error   -6.1030185939463347E-007
 WARNING:  CLM step     :                        31
 WARNING:  indexc       :       1501495
 WARNING:  ctype(indexc):             1
 WARNING:  water balance error   -1.0769414098921175E-006
 WARNING:  CLM step     :                        31
 WARNING:  indexc       :        969002
 WARNING:  ctype(indexc):             1
 WARNING:  water balance error   -1.0122577642125633E-006
 WARNING:  CLM step     :                        31
 WARNING:  indexc       :        877089
 WARNING:  ctype(indexc):             1
 WARNING:  water balance error   -5.9837419105455262E-006
 WARNING:  CLM step     :                        32
 WARNING:  indexc       :       2247186
 WARNING:  ctype(indexc):             1
 WARNING:  water balance error   -1.0168901114983567E-005
 WARNING:  CLM step     :                        32
 WARNING:  indexc       :       2353598
 WARNING:  ctype(indexc):             1
 WARNING:  water balance error   -1.9521668928012812E-006
 WARNING:  CLM step     :                        32
 WARNING:  indexc       :       2022677
 WARNING:  ctype(indexc):             1
 WARNING:  water balance error   -2.3329978862269469E-006
 WARNING:  CLM step     :                        32
 WARNING:  indexc       :       2140007
 WARNING:  ctype(indexc):             1
 WARNING:  water balance error   -4.8691513007030541E-007
 WARNING:  CLM step     :                        32
 WARNING:  indexc       :        249165
 WARNING:  ctype(indexc):             1
 WARNING:  water balance error   -1.3924563210478032E-007
 WARNING:  CLM step     :                        32
 WARNING:  indexc       :        654147
 WARNING:  ctype(indexc):             1
 WARNING:  water balance error   -3.5942854161383964E-006
 WARNING:  CLM step     :                        32
 WARNING:  indexc       :        510858
 WARNING:  ctype(indexc):             1
 WARNING:  water balance error   -7.2655232265709387E-006
 WARNING:  CLM step     :                        32
 WARNING:  indexc       :        377365
 WARNING:  ctype(indexc):             1
 WARNING:  water balance error   -3.8089948989620357E-006
 WARNING:  CLM step     :                        32
 WARNING:  indexc       :       1877275
 WARNING:  ctype(indexc):             1
 WARNING:  water balance error   -5.7372705191228930E-006
 WARNING:  CLM step     :                        32
 WARNING:  indexc       :       1707016
 WARNING:  ctype(indexc):             1
 WARNING:  water balance error   -7.7561769985045923E-005
 WARNING:  CLM step     :                        32
 WARNING:  indexc       :       1156742
 WARNING:  ctype(indexc):             1
 WARNING:  water balance error   -8.1224592889361487E-007
 WARNING:  CLM step     :                        32
 WARNING:  indexc       :        969002
 WARNING:  ctype(indexc):             1
 WARNING:  water balance error   -1.8472153784410339E-006
 WARNING:  CLM step     :                        32
 WARNING:  indexc       :       1309825
 WARNING:  ctype(indexc):             1
 WARNING:  water balance error   -1.2544794465375100E-007
 WARNING:  CLM step     :                        32
 WARNING:  indexc       :         78662
 WARNING:  ctype(indexc):             1
 WARNING:  water balance error    3.9464102951464204E-007
 WARNING:  CLM step     :                        32
 WARNING:  indexc       :       1501697
 WARNING:  ctype(indexc):             1
 WARNING:  water balance error    1.8595256215742456E-006
 WARNING:  CLM step     :                        32
 WARNING:  indexc       :        806003
 WARNING:  ctype(indexc):             1
 WARNING:  water balance error   -1.6670377533312732E-007
 WARNING:  CLM step     :                        33
 WARNING:  indexc       :       2352190
 WARNING:  ctype(indexc):             1
 WARNING:  water balance error   -1.2100098220203234E-007
 WARNING:  CLM step     :                        33
 WARNING:  indexc       :       2022677
 WARNING:  ctype(indexc):             1
 WARNING:  water balance error   -2.3600193352990016E-006
 WARNING:  CLM step     :                        33
 WARNING:  indexc       :       2136276
 WARNING:  ctype(indexc):             1
 WARNING:  water balance error   -4.8197732123223102E-007
 WARNING:  CLM step     :                        33
 WARNING:  indexc       :       2247186
 WARNING:  ctype(indexc):             1
 WARNING:  water balance error   -1.0359872659231651E-005
 WARNING:  CLM step     :                        33
 WARNING:  indexc       :        249132
 WARNING:  ctype(indexc):             1
 WARNING:  water balance error   -3.4363567411925953E-006
 WARNING:  CLM step     :                        33
 WARNING:  indexc       :        654147
 WARNING:  ctype(indexc):             1
 WARNING:  water balance error   -3.9752930424969303E-006
 WARNING:  CLM step     :                        33
 WARNING:  indexc       :        510858
 WARNING:  ctype(indexc):             1
 WARNING:  water balance error   -7.2364675525951678E-006
 WARNING:  CLM step     :                        33
 WARNING:  indexc       :        377409
 WARNING:  ctype(indexc):             1
 WARNING:  water balance error   -5.0089841502525642E-007
 WARNING:  CLM step     :                        33
 WARNING:  indexc       :       1877275
 WARNING:  ctype(indexc):             1
 WARNING:  water balance error   -5.3287460073228246E-006
 WARNING:  CLM step     :                        33
 WARNING:  indexc       :       1706847
 WARNING:  ctype(indexc):             1
 WARNING:  water balance error   -7.6755507382529135E-006
 WARNING:  CLM step     :                        33
 WARNING:  indexc       :       1131758
 WARNING:  ctype(indexc):             1
 WARNING:  water balance error   -4.6250962139141896E-006
 WARNING:  CLM step     :                        33
 WARNING:  indexc       :       1309803
 WARNING:  ctype(indexc):             1
 WARNING:  water balance error   -9.3059026478968369E-006
 WARNING:  CLM step     :                        33
 WARNING:  indexc       :         78632
 WARNING:  ctype(indexc):             1
 WARNING:  water balance error   -1.3940961465161845E-007
 WARNING:  CLM step     :                        33
 WARNING:  indexc       :       1501495
 WARNING:  ctype(indexc):             1
 WARNING:  water balance error   -2.6830776761803914E-006
 WARNING:  CLM step     :                        33
 WARNING:  indexc       :       1000362
 WARNING:  ctype(indexc):             1
 WARNING:  water balance error   -6.8208171443162640E-005
 WARNING:  CLM step     :                        33
 WARNING:  indexc       :        806003
 WARNING:  ctype(indexc):             1
 WARNING:  water balance error   -1.2080721830557084E-007
 WARNING:  CLM step     :                        34
 WARNING:  indexc       :       2054620
 WARNING:  ctype(indexc):             1
 WARNING:  water balance error    2.1109601733240550E-005
 WARNING:  CLM step     :                        34
 WARNING:  indexc       :       2352190
 WARNING:  ctype(indexc):             1
 WARNING:  water balance error   -1.1731563825603847E-007
 WARNING:  CLM step     :                        34
 WARNING:  CLM step     :                        34
 WARNING:  indexc       :       2247186
 WARNING:  ctype(indexc):             1
 WARNING:  water balance error   -1.0476390742453587E-005
 WARNING:  indexc       :       2136605
 WARNING:  ctype(indexc):             1
 WARNING:  water balance error   -1.8774775303592926E-007
 WARNING:  CLM step     :                        34
 WARNING:  indexc       :        249123
 WARNING:  ctype(indexc):             1
 WARNING:  water balance error   -5.1624088413175739E-005
 WARNING:  CLM step     :                        34
 WARNING:  indexc       :        653977
 WARNING:  ctype(indexc):             1
 WARNING:  water balance error   -1.0590054724543935E-006
 WARNING:  CLM step     :                        34
 WARNING:  indexc       :        510919
 WARNING:  ctype(indexc):             1
 WARNING:  water balance error   -3.6020482001878620E-005
 WARNING:  CLM step     :                        34
 WARNING:  indexc       :        377409
 WARNING:  ctype(indexc):             1
 WARNING:  water balance error   -5.2939410609034959E-007
 WARNING:  CLM step     :                        34
 WARNING:  indexc       :       1877275
 WARNING:  ctype(indexc):             1
 WARNING:  water balance error   -4.9052714874978147E-006
 WARNING:  CLM step     :                        34
 WARNING:  indexc       :       1707136
 WARNING:  ctype(indexc):             1
 WARNING:  water balance error   -5.3494065058518800E-005
 WARNING:  CLM step     :                        34
 WARNING:  indexc       :        969002
 WARNING:  ctype(indexc):             1
 WARNING:  water balance error   -1.9207135670094434E-006
 WARNING:  CLM step     :                        34
 WARNING:  indexc       :       1131758
 WARNING:  ctype(indexc):             1
 WARNING:  water balance error   -4.2194794292179346E-006
 WARNING:  CLM step     :                        34
 WARNING:  indexc       :       1309860
 WARNING:  ctype(indexc):             1
 WARNING:  water balance error   -7.1894442344777947E-006
 WARNING:  CLM step     :                        34
 WARNING:  indexc       :         78228
 WARNING:  ctype(indexc):             1
 WARNING:  water balance error   -2.3377423142734790E-005
 WARNING:  CLM step     :                        34
 WARNING:  indexc       :       1501525
 WARNING:  ctype(indexc):             1
 WARNING:  water balance error   -1.6713146222064815E-006
 WARNING:  CLM step     :                        34
 WARNING:  indexc       :        881088
 WARNING:  ctype(indexc):             1
 WARNING:  water balance error   -1.0279719251274724E-007
 WARNING:  CLM step     :                        35
 WARNING:  indexc       :       2352190
 WARNING:  ctype(indexc):             1
 WARNING:  water balance error   -3.0054158067152304E-007
 WARNING:  CLM step     :                        35
 WARNING:  indexc       :       2022644
 WARNING:  ctype(indexc):             1
 WARNING:  water balance error   -2.2822748280825594E-007
 WARNING:  CLM step     :                        35
 WARNING:  indexc       :       2136361
 WARNING:  ctype(indexc):             1
 WARNING:  water balance error   -6.1445370203903444E-007
 WARNING:  CLM step     :                        35
 WARNING:  indexc       :       2247058
 WARNING:  ctype(indexc):             1
 WARNING:  water balance error   -1.5512930377981633E-007
 WARNING:  CLM step     :                        35
 WARNING:  indexc       :        654147
 WARNING:  ctype(indexc):             1
 WARNING:  water balance error   -4.9809420254425700E-006
 WARNING:  CLM step     :                        35
 WARNING:  indexc       :        249132
 WARNING:  ctype(indexc):             1
 WARNING:  water balance error   -8.7891686130905919E-006
 WARNING:  CLM step     :                        35
 WARNING:  indexc       :       1877275
 WARNING:  ctype(indexc):             1
 WARNING:  water balance error   -4.4992949945421796E-006
 WARNING:  CLM step     :                        35
 WARNING:  indexc       :        510919
 WARNING:  ctype(indexc):             1
 WARNING:  water balance error   -3.9551240856190428E-005
 WARNING:  CLM step     :                        35
 WARNING:  indexc       :        377409
 WARNING:  ctype(indexc):             1
 WARNING:  water balance error   -5.9226718111978622E-007
 WARNING:  CLM step     :                        35
 WARNING:  indexc       :       1707136
 WARNING:  ctype(indexc):             1
 WARNING:  water balance error   -5.1767665118532971E-005
 WARNING:  CLM step     :                        35
 WARNING:  indexc       :       1131675
 WARNING:  ctype(indexc):             1
 WARNING:  water balance error   -2.6187985178045587E-006
 WARNING:  CLM step     :                        35
 WARNING:  indexc       :       1326088
 WARNING:  ctype(indexc):             1
 WARNING:  water balance error   -6.4618309963869415E-006
 WARNING:  CLM step     :                        35
 WARNING:  indexc       :         78662
 WARNING:  ctype(indexc):             1
 WARNING:  water balance error    3.8836601595009571E-007
 WARNING:  CLM step     :                        35
 WARNING:  indexc       :       1501570
 WARNING:  ctype(indexc):             1
 WARNING:  water balance error   -1.0355940500478490E-006
 WARNING:  CLM step     :                        35
 WARNING:  indexc       :       1038358
 WARNING:  ctype(indexc):             1
 WARNING:  water balance error   -6.4308074716810113E-005
 WARNING:  CLM step     :                        35
 WARNING:  indexc       :        806277
 WARNING:  ctype(indexc):             1
 WARNING:  water balance error   -4.0201425054268506E-007
 WARNING:  CLM step     :                        36
 WARNING:  indexc       :       2022677
 WARNING:  ctype(indexc):             1
 WARNING:  water balance error   -2.4352343359980442E-006
 WARNING:  CLM step     :                        36
 WARNING:  indexc       :       2352190
 WARNING:  ctype(indexc):             1
 WARNING:  water balance error   -2.8506742923509097E-007
 WARNING:  CLM step     :                        36
 WARNING:  indexc       :       2247186
 WARNING:  ctype(indexc):             1
 WARNING:  water balance error   -1.0309906572780756E-005
 WARNING:  CLM step     :                        36
 WARNING:  indexc       :       2136540
 WARNING:  ctype(indexc):             1
 WARNING:  water balance error   -1.2992865017859073E-007
 WARNING:  CLM step     :                        36
 WARNING:  indexc       :        249165
 WARNING:  ctype(indexc):             1
 WARNING:  water balance error   -2.6247309577362393E-007
 WARNING:  CLM step     :                        36
 WARNING:  indexc       :        656653
 WARNING:  ctype(indexc):             1
 WARNING:  water balance error   -1.2575605764325918E-006
 WARNING:  CLM step     :                        36
 WARNING:  indexc       :        510712
 WARNING:  ctype(indexc):             1
 WARNING:  water balance error   -6.4912927840337864E-005
 WARNING:  CLM step     :                        36
 WARNING:  indexc       :       1877096
 WARNING:  ctype(indexc):             1
 WARNING:  water balance error   -6.1755683968243459E-007
 WARNING:  CLM step     :                        36
 WARNING:  indexc       :        377309
 WARNING:  ctype(indexc):             1
 WARNING:  water balance error   -6.1137777571622495E-006
 WARNING:  CLM step     :                        36
 WARNING:  indexc       :       1707125
 WARNING:  ctype(indexc):             1
 WARNING:  water balance error   -1.1804207039358384E-004
 WARNING:  CLM step     :                        36
 WARNING:  indexc       :       1131725
 WARNING:  ctype(indexc):             1
 WARNING:  water balance error   -2.8265596973175721E-006
 WARNING:  CLM step     :                        36
 WARNING:  indexc       :       1309631
 WARNING:  ctype(indexc):             1
 WARNING:  water balance error   -3.4265470158739535E-007
 WARNING:  CLM step     :                        36
 WARNING:  indexc       :       1501600
 WARNING:  ctype(indexc):             1
 WARNING:  water balance error   -3.6757744560882855E-007
 WARNING:  CLM step     :                        36
 WARNING:  indexc       :         78662
 WARNING:  ctype(indexc):             1
 WARNING:  water balance error    3.7325532485277586E-007
 WARNING:  CLM step     :                        36
 WARNING:  indexc       :        806003
 WARNING:  ctype(indexc):             1
 WARNING:  water balance error   -2.6572122833170084E-007
 WARNING:  CLM step     :                        36
 WARNING:  indexc       :        969002
 WARNING:  ctype(indexc):             1
 WARNING:  water balance error   -2.4076265957822574E-006
 WARNING:  CLM step     :                        37
 WARNING:  indexc       :       2352190
 WARNING:  ctype(indexc):             1
 WARNING:  water balance error   -2.8697336300647134E-007
 WARNING:  CLM step     :                        37
 WARNING:  indexc       :       2022677
 WARNING:  ctype(indexc):             1
 WARNING:  water balance error   -2.4496898326923791E-006
 WARNING:  CLM step     :                        37
 WARNING:  indexc       :       2136276
 WARNING:  ctype(indexc):             1
 WARNING:  water balance error   -6.3483575737385096E-007
 WARNING:  CLM step     :                        37
 WARNING:  indexc       :       2247186
 WARNING:  ctype(indexc):             1
 WARNING:  water balance error   -1.0231207173025748E-005
 WARNING:  CLM step     :                        37
 WARNING:  indexc       :        249165
 WARNING:  ctype(indexc):             1
 WARNING:  water balance error   -2.6246600777694400E-007
 WARNING:  CLM step     :                        37
 WARNING:  indexc       :        654032
 WARNING:  ctype(indexc):             1
 WARNING:  water balance error   -1.3160734906406210E-005
 WARNING:  CLM step     :                        37
 WARNING:  indexc       :        510858
 WARNING:  ctype(indexc):             1
 WARNING:  water balance error   -7.1424147617753300E-006
 WARNING:  CLM step     :                        37
 WARNING:  indexc       :       1877046
 WARNING:  ctype(indexc):             1
 WARNING:  water balance error   -6.8950514887965511E-007
 WARNING:  CLM step     :                        37
 WARNING:  indexc       :        377365
 WARNING:  ctype(indexc):             1
 WARNING:  water balance error   -3.9089897371111533E-006
 WARNING:  CLM step     :                        37
 WARNING:  indexc       :       1707125
 WARNING:  ctype(indexc):             1
 WARNING:  water balance error   -1.2506918030666048E-004
 WARNING:  CLM step     :                        37
 WARNING:  indexc       :       1131758
 WARNING:  ctype(indexc):             1
 WARNING:  water balance error   -4.3210021361250660E-006
 WARNING:  CLM step     :                        37
 WARNING:  indexc       :       1309860
 WARNING:  ctype(indexc):             1
 WARNING:  water balance error   -6.4991120966928763E-006
 WARNING:  CLM step     :                        37
 WARNING:  indexc       :         78608
 WARNING:  ctype(indexc):             1
 WARNING:  water balance error   -1.3137008670673456E-006
 WARNING:  CLM step     :                        37
 WARNING:  indexc       :       1501600
 WARNING:  ctype(indexc):             1
 WARNING:  water balance error   -3.6368194227188523E-007
 WARNING:  CLM step     :                        37
 WARNING:  indexc       :        827875
 WARNING:  ctype(indexc):             1
 WARNING:  water balance error   -7.4097316716087183E-007
 WARNING:  CLM step     :                        37
 WARNING:  indexc       :        970669
 WARNING:  ctype(indexc):             1
 WARNING:  water balance error   -1.2047421052276065E-006
 WARNING:  CLM step     :                        38
 WARNING:  indexc       :       2352190
 WARNING:  ctype(indexc):             1
 WARNING:  water balance error   -5.7477729627047350E-007
 WARNING:  CLM step     :                        38
 WARNING:  indexc       :       2022611
 WARNING:  ctype(indexc):             1
 WARNING:  water balance error   -1.1465760154543477E-007
 WARNING:  CLM step     :                        38
 WARNING:  indexc       :       2247186
 WARNING:  ctype(indexc):             1
 WARNING:  water balance error   -1.0197043525445395E-005
 WARNING:  CLM step     :                        38
 WARNING:  indexc       :       2136517
 WARNING:  ctype(indexc):             1
 WARNING:  water balance error   -1.6876853315905761E-007
 WARNING:  CLM step     :                        38
 WARNING:  indexc       :        249165
 WARNING:  ctype(indexc):             1
 WARNING:  water balance error   -3.1400430394792338E-006
 WARNING:  CLM step     :                        38
 WARNING:  CLM step     :                        38
 WARNING:  indexc       :       1877228
 WARNING:  ctype(indexc):             1
 WARNING:  water balance error   -6.2932140239674284E-006
 WARNING:  indexc       :        654147
 WARNING:  ctype(indexc):             1
 WARNING:  water balance error   -5.9479613135017046E-006
 WARNING:  CLM step     :                        38
 WARNING:  indexc       :        510858
 WARNING:  ctype(indexc):             1
 WARNING:  water balance error   -7.1851363052421819E-006
 WARNING:  CLM step     :                        38
 WARNING:  indexc       :        377365
 WARNING:  ctype(indexc):             1
 WARNING:  water balance error   -4.0824461471078873E-006
 WARNING:  CLM step     :                        38
 WARNING:  indexc       :       1707016
 WARNING:  ctype(indexc):             1
 WARNING:  water balance error   -7.7980388325162657E-005
 WARNING:  CLM step     :                        38
 WARNING:  indexc       :       1131758
 WARNING:  ctype(indexc):             1
 WARNING:  water balance error   -3.6477455319765425E-006
 WARNING:  CLM step     :                        38
 WARNING:  indexc       :       1309822
 WARNING:  ctype(indexc):             1
 WARNING:  water balance error   -1.8138666074690854E-007
 WARNING:  CLM step     :                        38
 WARNING:  indexc       :        969002
 WARNING:  ctype(indexc):             1
 WARNING:  water balance error   -2.8139546361558090E-006
 WARNING:  CLM step     :                        38
 WARNING:  indexc       :         78659
 WARNING:  ctype(indexc):             1
 WARNING:  water balance error   -1.3636320674066575E-007
 WARNING:  CLM step     :                        38
 WARNING:  indexc       :       1501700
 WARNING:  ctype(indexc):             1
 WARNING:  water balance error   -1.6524776603512490E-006
 WARNING:  CLM step     :                        38
 WARNING:  indexc       :        806006
 WARNING:  ctype(indexc):             1
 WARNING:  water balance error    7.5503113427577239E-005
 WARNING:  CLM step     :                        39
 WARNING:  indexc       :       2363629
 WARNING:  ctype(indexc):             1
 WARNING:  water balance error   -2.4742064451360910E-007
 WARNING:  CLM step     :                        39
 WARNING:  indexc       :       2022677
 WARNING:  ctype(indexc):             1
 WARNING:  water balance error   -4.7805492902421888E-006
 WARNING:  CLM step     :                        39
 WARNING:  indexc       :       2247186
 WARNING:  ctype(indexc):             1
 WARNING:  water balance error   -1.0091469493207270E-005
 WARNING:  CLM step     :                        39
 WARNING:  indexc       :       2136313
 WARNING:  ctype(indexc):             1
 WARNING:  water balance error   -1.8090295974999566E-007
 WARNING:  CLM step     :                        39
 WARNING:  indexc       :        249123
 WARNING:  ctype(indexc):             1
 WARNING:  water balance error   -9.0378362825901899E-005
 WARNING:  CLM step     :                        39
 WARNING:  indexc       :        654147
 WARNING:  ctype(indexc):             1
 WARNING:  water balance error   -5.7683991505854169E-006
 WARNING:  CLM step     :                        39
 WARNING:  indexc       :       1877228
 WARNING:  ctype(indexc):             1
 WARNING:  water balance error   -5.3731166863352675E-006
 WARNING:  CLM step     :                        39
 WARNING:  indexc       :        510858
 WARNING:  ctype(indexc):             1
 WARNING:  water balance error   -7.2028964910699812E-006
 WARNING:  CLM step     :                        39
 WARNING:  indexc       :        377365
 WARNING:  ctype(indexc):             1
 WARNING:  water balance error   -4.0403256194171501E-006
 WARNING:  CLM step     :                        39
 WARNING:  indexc       :       1707136
 WARNING:  ctype(indexc):             1
 WARNING:  water balance error   -5.1096282152070344E-005
 WARNING:  CLM step     :                        39
 WARNING:  indexc       :       1180382
 WARNING:  ctype(indexc):             1
 WARNING:  water balance error   -4.1975980783416468E-006
 WARNING:  CLM step     :                        39
 WARNING:  indexc       :       1309822
 WARNING:  ctype(indexc):             1
 WARNING:  water balance error   -1.5048508998969203E-007
 WARNING:  CLM step     :                        39
 WARNING:  indexc       :        969002
 WARNING:  ctype(indexc):             1
 WARNING:  water balance error   -2.8355106716471608E-006
 WARNING:  CLM step     :                        39
 WARNING:  indexc       :         78623
 WARNING:  ctype(indexc):             1
 WARNING:  water balance error   -1.8319064339271607E-007
 WARNING:  CLM step     :                        39
 WARNING:  indexc       :        806006
 WARNING:  ctype(indexc):             1
 WARNING:  water balance error   -4.2399246247936862E-007
 WARNING:  CLM step     :                        39
 WARNING:  indexc       :       1501851
 WARNING:  ctype(indexc):             1
 WARNING:  water balance error   -7.9192659746822318E-006
 WARNING:  CLM step     :                        40
 WARNING:  indexc       :       2022698
 WARNING:  ctype(indexc):             1
 WARNING:  water balance error   -1.9161724753511838E-006
 WARNING:  CLM step     :                        40
 WARNING:  indexc       :       2352103
 WARNING:  ctype(indexc):             1
 WARNING:  water balance error   -1.3620096111696896E-007
 WARNING:  CLM step     :                        40
 WARNING:  indexc       :       2247186
 WARNING:  ctype(indexc):             1
 WARNING:  water balance error   -9.9843677326899726E-006
 WARNING:  CLM step     :                        40
 WARNING:  indexc       :       2136616
 WARNING:  ctype(indexc):             1
 WARNING:  water balance error   -1.0696438835173380E-007
 WARNING:  CLM step     :                        40
 WARNING:  indexc       :        249165
 WARNING:  ctype(indexc):             1
 WARNING:  water balance error   -2.8841851268146160E-007
 WARNING:  CLM step     :                        40
 WARNING:  indexc       :       1877275
 WARNING:  ctype(indexc):             1
 WARNING:  water balance error   -2.3222199180495870E-006
 WARNING:  CLM step     :                        40
 WARNING:  indexc       :        653980
 WARNING:  ctype(indexc):             1
 WARNING:  water balance error   -8.2708280313933962E-006
 WARNING:  CLM step     :                        40
 WARNING:  indexc       :        510919
 WARNING:  ctype(indexc):             1
 WARNING:  water balance error   -4.4680723911417897E-005
 WARNING:  CLM step     :                        40
 WARNING:  indexc       :        377409
 WARNING:  ctype(indexc):             1
 WARNING:  water balance error   -5.6501653600975988E-007
 WARNING:  CLM step     :                        40
 WARNING:  indexc       :       1706847
 WARNING:  ctype(indexc):             1
 WARNING:  water balance error   -8.7842127184666367E-006
 WARNING:  CLM step     :                        40
 WARNING:  indexc       :       1131758
 WARNING:  ctype(indexc):             1
 WARNING:  water balance error   -3.0967975460121904E-006
 WARNING:  CLM step     :                        40
 WARNING:  indexc       :        969002
 WARNING:  ctype(indexc):             1
 WARNING:  water balance error   -2.8519999274550611E-006
 WARNING:  CLM step     :                        40
 WARNING:  indexc       :       1319125
 WARNING:  ctype(indexc):             1
 WARNING:  water balance error   -5.8379673561864824E-007
 WARNING:  CLM step     :                        40
 WARNING:  indexc       :         78608
 WARNING:  ctype(indexc):             1
 WARNING:  water balance error   -1.4268251453610763E-006
 WARNING:  CLM step     :                        40
 WARNING:  indexc       :        806006
 WARNING:  ctype(indexc):             1
 WARNING:  water balance error   -4.0805943888008586E-007
 WARNING:  CLM step     :                        40
 WARNING:  indexc       :       1501899
 WARNING:  ctype(indexc):             1
 WARNING:  water balance error   -3.8740184505375791E-006
 WARNING:  CLM step     :                        41
 WARNING:  indexc       :       2352190
 WARNING:  ctype(indexc):             1
 WARNING:  water balance error   -7.7640387201537868E-007
 WARNING:  CLM step     :                        41
 WARNING:  indexc       :       2022698
 WARNING:  ctype(indexc):             1
 WARNING:  water balance error   -3.3911160395320975E-006
 WARNING:  CLM step     :                        41
 WARNING:  indexc       :       2136397
 WARNING:  ctype(indexc):             1
 WARNING:  water balance error   -1.5739772884186074E-007
 WARNING:  CLM step     :                        41
 WARNING:  indexc       :       2253693
 WARNING:  ctype(indexc):             1
 WARNING:  water balance error   -1.0527238493349021E-006
 WARNING:  CLM step     :                        41
 WARNING:  indexc       :        249123
 WARNING:  ctype(indexc):             1
 WARNING:  water balance error   -5.7473805421937237E-005
 WARNING:  CLM step     :                        41
 WARNING:  indexc       :       1877228
 WARNING:  ctype(indexc):             1
 WARNING:  water balance error   -4.0628378196474427E-006
 WARNING:  CLM step     :                        41
 WARNING:  indexc       :        654147
 WARNING:  ctype(indexc):             1
 WARNING:  water balance error   -5.3316722202935619E-006
 WARNING:  CLM step     :                        41
 WARNING:  indexc       :        510858
 WARNING:  ctype(indexc):             1
 WARNING:  water balance error   -7.3416840718854983E-006
 WARNING:  CLM step     :                        41
 WARNING:  indexc       :       1707136
 WARNING:  ctype(indexc):             1
 WARNING:  water balance error   -5.0428386100809052E-005
 WARNING:  CLM step     :                        41
 WARNING:  indexc       :        377301
 WARNING:  ctype(indexc):             1
 WARNING:  water balance error   -3.7826947950502952E-006
 WARNING:  CLM step     :                        41
 WARNING:  indexc       :       1131758
 WARNING:  ctype(indexc):             1
 WARNING:  water balance error   -3.2215088212394792E-006
 WARNING:  CLM step     :                        41
 WARNING:  indexc       :       1309811
 WARNING:  ctype(indexc):             1
 WARNING:  water balance error   -5.6392269117213917E-007
 WARNING:  CLM step     :                        41
 WARNING:  indexc       :         78662
 WARNING:  ctype(indexc):             1
 WARNING:  water balance error   -1.4663428105177971E-007
 WARNING:  CLM step     :                        41
 WARNING:  indexc       :        995754
 WARNING:  ctype(indexc):             1
 WARNING:  water balance error   -3.3935509120910841E-005
 WARNING:  CLM step     :                        41
 WARNING:  indexc       :       1501848
 WARNING:  ctype(indexc):             1
 WARNING:  water balance error   -2.6977478300484366E-005
 WARNING:  CLM step     :                        41
 WARNING:  indexc       :        823679
 WARNING:  ctype(indexc):             1
 WARNING:  water balance error   -2.7276377521321978E-006
 WARNING:  CLM step     :                        42
 WARNING:  indexc       :       2352127
 WARNING:  ctype(indexc):             1
 WARNING:  water balance error   -1.0394122915248830E-007
 WARNING:  CLM step     :                        42
 WARNING:  indexc       :       2022677
 WARNING:  ctype(indexc):             1
 WARNING:  water balance error   -7.9151388680698360E-006
 WARNING:  CLM step     :                        42
 WARNING:  indexc       :       2247186
 WARNING:  ctype(indexc):             1
 WARNING:  water balance error   -9.9733771115166738E-006
 WARNING:  CLM step     :                        42
 WARNING:  indexc       :       2136322
 WARNING:  ctype(indexc):             1
 WARNING:  water balance error   -1.2144227653605735E-007
 WARNING:  CLM step     :                        42
 WARNING:  indexc       :        249165
 WARNING:  ctype(indexc):             1
 WARNING:  water balance error   -2.0071010946811506E-007
 WARNING:  CLM step     :                        42
 WARNING:  indexc       :       1877176
 WARNING:  ctype(indexc):             1
 WARNING:  water balance error   -2.0317376320793540E-007
 WARNING:  CLM step     :                        42
 WARNING:  indexc       :        654147
 WARNING:  ctype(indexc):             1
 WARNING:  water balance error   -4.9239949408253189E-006
 WARNING:  CLM step     :                        42
 WARNING:  indexc       :        510759
 WARNING:  ctype(indexc):             1
 WARNING:  water balance error   -4.2602264671837178E-005
 WARNING:  CLM step     :                        42
 WARNING:  indexc       :        377365
 WARNING:  ctype(indexc):             1
 WARNING:  water balance error   -4.0866061535659922E-006
 WARNING:  CLM step     :                        42
 WARNING:  indexc       :       1706923
 WARNING:  ctype(indexc):             1
 WARNING:  water balance error   -1.5482964372212188E-005
 WARNING:  CLM step     :                        42
 WARNING:  indexc       :       1156742
 WARNING:  ctype(indexc):             1
 WARNING:  water balance error   -9.6081144292377665E-007
 WARNING:  CLM step     :                        42
 WARNING:  indexc       :       1501851
 WARNING:  ctype(indexc):             1
 WARNING:  water balance error   -3.8533287933205238E-005
 WARNING:  CLM step     :                        42
 WARNING:  indexc       :       1309803
 WARNING:  ctype(indexc):             1
 WARNING:  water balance error   -1.7883443392449877E-006
 WARNING:  CLM step     :                        42
 WARNING:  CLM step     :                        42
 WARNING:  indexc       :        993423
 WARNING:  ctype(indexc):             1
 WARNING:  water balance error   -5.8337069320522457E-006
 WARNING:  indexc       :         78662
 WARNING:  ctype(indexc):             1
 WARNING:  water balance error   -1.7070003841692004E-007
 WARNING:  CLM step     :                        42
 WARNING:  indexc       :        806467
 WARNING:  ctype(indexc):             1
 WARNING:  water balance error   -1.0780330251451310E-006
 WARNING:  CLM step     :                        43
 WARNING:  indexc       :       2352181
 WARNING:  ctype(indexc):             1
 WARNING:  water balance error   -6.8378308348697434E-007
 WARNING:  CLM step     :                        43
 WARNING:  indexc       :       2022635
 WARNING:  ctype(indexc):             1
 WARNING:  water balance error   -1.8709880363093785E-006
 WARNING:  CLM step     :                        43
 WARNING:  indexc       :       2247186
 WARNING:  ctype(indexc):             1
 WARNING:  water balance error   -9.9397444264739292E-006
 WARNING:  CLM step     :                        43
 WARNING:  indexc       :       2136586
 WARNING:  ctype(indexc):             1
 WARNING:  water balance error   -1.3962667850727777E-007
 WARNING:  CLM step     :                        43
 WARNING:  indexc       :        249165
 WARNING:  ctype(indexc):             1
 WARNING:  water balance error   -1.6947701347332177E-007
 WARNING:  CLM step     :                        43
 WARNING:  indexc       :       1877096
 WARNING:  ctype(indexc):             1
 WARNING:  water balance error   -3.3047350535610491E-007
 WARNING:  CLM step     :                        43
 WARNING:  indexc       :        654147
 WARNING:  ctype(indexc):             1
 WARNING:  water balance error   -4.3716401484868916E-006
 WARNING:  CLM step     :                        43
 WARNING:  indexc       :        510919
 WARNING:  ctype(indexc):             1
 WARNING:  water balance error   -4.9666553680962110E-005
 WARNING:  CLM step     :                        43
 WARNING:  indexc       :       1707136
 WARNING:  ctype(indexc):             1
 WARNING:  water balance error   -4.5084669644799061E-005
 WARNING:  CLM step     :                        43
 WARNING:  indexc       :        377409
 WARNING:  ctype(indexc):             1
 WARNING:  water balance error   -4.5636238445836204E-007
 WARNING:  CLM step     :                        43
 WARNING:  indexc       :       1131758
 WARNING:  ctype(indexc):             1
 WARNING:  water balance error   -2.5202691312413368E-006
 WARNING:  CLM step     :                        43
 WARNING:  indexc       :       1309631
 WARNING:  ctype(indexc):             1
 WARNING:  water balance error   -2.3866116029637224E-007
 WARNING:  CLM step     :                        43
 WARNING:  indexc       :       1501803
 WARNING:  ctype(indexc):             1
 WARNING:  water balance error   -2.4938672950691198E-005
 WARNING:  CLM step     :                        43
 WARNING:  indexc       :        163051
 WARNING:  ctype(indexc):             1
 WARNING:  water balance error   -7.6359856250974368E-006
 WARNING:  CLM step     :                        43
 WARNING:  indexc       :        806467
 WARNING:  ctype(indexc):             1
 WARNING:  water balance error   -9.8627762848054629E-007
 WARNING:  CLM step     :                        43
 WARNING:  indexc       :        969002
 WARNING:  ctype(indexc):             1
 WARNING:  water balance error   -3.0702777041147235E-006
 WARNING:  CLM step     :                        44
 WARNING:  indexc       :       2352190
 WARNING:  ctype(indexc):             1
 WARNING:  water balance error   -1.0272187115291532E-006
 WARNING:  CLM step     :                        44
 WARNING:  indexc       :       2022611
 WARNING:  ctype(indexc):             1
 WARNING:  water balance error   -1.7827399670177840E-007
 WARNING:  CLM step     :                        44
 WARNING:  indexc       :       2136654
 WARNING:  ctype(indexc):             1
 WARNING:  water balance error   -4.1533429067536367E-007
 WARNING:  CLM step     :                        44
 WARNING:  indexc       :       2247122
 WARNING:  ctype(indexc):             1
 WARNING:  water balance error   -4.8724707248501852E-007
 WARNING:  CLM step     :                        44
 WARNING:  indexc       :       1879040
 WARNING:  ctype(indexc):             1
 WARNING:  water balance error   -1.9720766814287300E-005
 WARNING:  CLM step     :                        44
 WARNING:  indexc       :        249165
 WARNING:  ctype(indexc):             1
 WARNING:  water balance error   -1.6102111153538608E-007
 WARNING:  CLM step     :                        44
 WARNING:  indexc       :        653980
 WARNING:  ctype(indexc):             1
 WARNING:  water balance error   -1.1620897020410962E-005
 WARNING:  CLM step     :                        44
 WARNING:  indexc       :        377409
 WARNING:  ctype(indexc):             1
 WARNING:  water balance error   -4.3157453839539158E-007
 WARNING:  CLM step     :                        44
 WARNING:  indexc       :       1707136
 WARNING:  ctype(indexc):             1
 WARNING:  water balance error   -4.1972225650486398E-005
 WARNING:  CLM step     :                        44
 WARNING:  indexc       :        510759
 WARNING:  ctype(indexc):             1
 WARNING:  water balance error   -4.0564190531776452E-005
 WARNING:  CLM step     :                        44
 WARNING:  indexc       :       1131675
 WARNING:  ctype(indexc):             1
 WARNING:  water balance error   -1.2144890046514474E-006
 WARNING:  CLM step     :                        44
 WARNING:  indexc       :       1401378
 WARNING:  ctype(indexc):             1
 WARNING:  water balance error   -2.5321041195068536E-007
 WARNING:  CLM step     :                        44
 WARNING:  indexc       :        145030
 WARNING:  ctype(indexc):             1
 WARNING:  water balance error   -2.1486319452508591E-004
 WARNING:  CLM step     :                        44
 WARNING:  indexc       :       1501848
 WARNING:  ctype(indexc):             1
 WARNING:  water balance error   -9.8269280794095905E-005
 WARNING:  CLM step     :                        44
 WARNING:  indexc       :       1007674
 WARNING:  ctype(indexc):             1
 WARNING:  water balance error   -1.1625266846137710E-005
 WARNING:  CLM step     :                        44
 WARNING:  indexc       :        806467
 WARNING:  ctype(indexc):             1
 WARNING:  water balance error   -1.7136556834114296E-005
 WARNING:  CLM step     :                        45
 WARNING:  indexc       :       2352190
 WARNING:  ctype(indexc):             1
 WARNING:  water balance error   -1.0326223689918696E-006
 WARNING:  CLM step     :                        45
 WARNING:  indexc       :       2022677
 WARNING:  ctype(indexc):             1
 WARNING:  water balance error   -9.9565166585188318E-006
 WARNING:  CLM step     :                        45
 WARNING:  indexc       :       2136252
 WARNING:  ctype(indexc):             1
 WARNING:  water balance error   -1.4703756629785394E-006
 WARNING:  CLM step     :                        45
 WARNING:  indexc       :       2247186
 WARNING:  ctype(indexc):             1
 WARNING:  water balance error   -1.0163637342182639E-005
 WARNING:  CLM step     :                        45
 WARNING:  indexc       :        249132
 WARNING:  ctype(indexc):             1
 WARNING:  water balance error   -3.7769223106636529E-006
 WARNING:  CLM step     :                        45
 WARNING:  indexc       :       1877176
 WARNING:  ctype(indexc):             1
 WARNING:  water balance error   -3.0782360337942079E-007
 WARNING:  CLM step     :                        45
 WARNING:  indexc       :        654147
 WARNING:  ctype(indexc):             1
 WARNING:  water balance error   -3.7292013923439121E-006
 WARNING:  CLM step     :                        45
 WARNING:  indexc       :       1707125
 WARNING:  ctype(indexc):             1
 WARNING:  water balance error   -1.0614811984416622E-004
 WARNING:  CLM step     :                        45
 WARNING:  indexc       :       1131442
 WARNING:  ctype(indexc):             1
 WARNING:  water balance error   -5.8974584938025705E-006
 WARNING:  CLM step     :                        45
 WARNING:  indexc       :        377309
 WARNING:  ctype(indexc):             1
 WARNING:  water balance error   -4.0906157699978406E-006
 WARNING:  CLM step     :                        45
 WARNING:  indexc       :        510858
 WARNING:  ctype(indexc):             1
 WARNING:  water balance error   -7.5834299410269418E-006
 WARNING:  CLM step     :                        45
 WARNING:  indexc       :       1309819
 WARNING:  ctype(indexc):             1
 WARNING:  water balance error   -1.3441420205539468E-007
 WARNING:  CLM step     :                        45
 WARNING:  indexc       :       1501899
 WARNING:  ctype(indexc):             1
 WARNING:  water balance error   -4.6072235263172484E-005
 WARNING:  CLM step     :                        45
 WARNING:  indexc       :         78632
 WARNING:  ctype(indexc):             1
 WARNING:  water balance error   -1.7205656412994552E-006
 WARNING:  CLM step     :                        45
 WARNING:  indexc       :        969002
 WARNING:  ctype(indexc):             1
 WARNING:  water balance error   -3.5377092764168438E-006
 WARNING:  CLM step     :                        45
 WARNING:  indexc       :        806467
 WARNING:  ctype(indexc):             1
 WARNING:  water balance error   -1.7265882259889330E-005
 WARNING:  CLM step     :                        46
 WARNING:  indexc       :       2352100
 WARNING:  ctype(indexc):             1
 WARNING:  water balance error   -1.7899692886383488E-007
 WARNING:  CLM step     :                        46
 WARNING:  indexc       :       2022585
 WARNING:  ctype(indexc):             1
 WARNING:  water balance error   -1.1532354531450290E-006
 WARNING:  CLM step     :                        46
 WARNING:  indexc       :       2136616
 WARNING:  ctype(indexc):             1
 WARNING:  water balance error   -1.1592570971158552E-006
 WARNING:  CLM step     :                        46
 WARNING:  indexc       :       2247186
 WARNING:  ctype(indexc):             1
 WARNING:  water balance error   -1.0131357302633842E-005
 WARNING:  CLM step     :                        46
 WARNING:  indexc       :       1877275
 WARNING:  ctype(indexc):             1
 WARNING:  water balance error   -1.5741933337582456E-006
 WARNING:  CLM step     :                        46
 WARNING:  indexc       :        249132
 WARNING:  ctype(indexc):             1
 WARNING:  water balance error   -3.8832802737544138E-006
 WARNING:  CLM step     :                        46
 WARNING:  indexc       :        654147
 WARNING:  ctype(indexc):             1
 WARNING:  water balance error   -3.2699966847403842E-006
 WARNING:  CLM step     :                        46
 WARNING:  indexc       :       1707089
 WARNING:  ctype(indexc):             1
 WARNING:  water balance error   -1.1118098382347073E-004
 WARNING:  CLM step     :                        46
 WARNING:  indexc       :        377365
 WARNING:  ctype(indexc):             1
 WARNING:  water balance error   -4.6562753177701579E-006
 WARNING:  CLM step     :                        46
 WARNING:  indexc       :       1138072
 WARNING:  ctype(indexc):             1
 WARNING:  water balance error    1.3035006425133273E-005
 WARNING:  CLM step     :                        46
 WARNING:  indexc       :        510858
 WARNING:  ctype(indexc):             1
 WARNING:  water balance error   -7.6708293866622400E-006
 WARNING:  CLM step     :                        46
 WARNING:  indexc       :       1353197
 WARNING:  ctype(indexc):             1
 WARNING:  water balance error   -1.9562889433382474E-006
 WARNING:  CLM step     :                        46
 WARNING:  indexc       :       1501848
 WARNING:  ctype(indexc):             1
 WARNING:  water balance error   -2.0999823024133325E-004
 WARNING:  CLM step     :                        46
 WARNING:  indexc       :         78668
 WARNING:  ctype(indexc):             1
 WARNING:  water balance error   -2.0714352798938035E-007
 WARNING:  CLM step     :                        46
 WARNING:  indexc       :        970749
 WARNING:  ctype(indexc):             1
 WARNING:  water balance error   -2.7663731905381919E-007
 WARNING:  CLM step     :                        46
 WARNING:  indexc       :        806467
 WARNING:  ctype(indexc):             1
 WARNING:  water balance error   -1.7115201388648543E-005
 WARNING:  CLM step     :                        47
 WARNING:  indexc       :       2352001
 WARNING:  ctype(indexc):             1
 WARNING:  water balance error   -3.5291018425289792E-007
 WARNING:  CLM step     :                        47
 WARNING:  indexc       :       2022638
 WARNING:  ctype(indexc):             1
 WARNING:  water balance error   -6.9539475144059378E-007
 WARNING:  CLM step     :                        47
 WARNING:  indexc       :       2136313
 WARNING:  ctype(indexc):             1
 WARNING:  water balance error   -1.5994859260243290E-006
 WARNING:  CLM step     :                        47
 WARNING:  indexc       :       2247186
 WARNING:  ctype(indexc):             1
 WARNING:  water balance error   -1.6836970802571144E-005
 WARNING:  CLM step     :                        47
 WARNING:  indexc       :       1877011
 WARNING:  ctype(indexc):             1
 WARNING:  water balance error   -5.6256514214714942E-007
 WARNING:  CLM step     :                        47
 WARNING:  indexc       :        249132
 WARNING:  ctype(indexc):             1
 WARNING:  water balance error   -8.9306809277301600E-006
 WARNING:  CLM step     :                        47
 WARNING:  indexc       :        654147
 WARNING:  ctype(indexc):             1
 WARNING:  water balance error   -9.3724623235609953E-006
 WARNING:  CLM step     :                        47
 WARNING:  indexc       :        377309
 WARNING:  ctype(indexc):             1
 WARNING:  water balance error   -3.0756381734270132E-006
 WARNING:  CLM step     :                        47
 WARNING:  indexc       :       1707136
 WARNING:  ctype(indexc):             1
 WARNING:  water balance error   -3.9233904868510791E-005
 WARNING:  CLM step     :                        47
 WARNING:  indexc       :        983643
 WARNING:  ctype(indexc):             1
 WARNING:  water balance error   -3.8801016548012543E-005
 WARNING:  CLM step     :                        47
 WARNING:  indexc       :       1131683
 WARNING:  ctype(indexc):             1
 WARNING:  water balance error   -1.3743702197422164E-006
 WARNING:  CLM step     :                        47
 WARNING:  indexc       :        529091
 WARNING:  ctype(indexc):             1
 WARNING:  water balance error   -8.9882112335475139E-004
 WARNING:  CLM step     :                        47
 WARNING:  indexc       :        806467
 WARNING:  ctype(indexc):             1
 WARNING:  water balance error   -6.3601030110040129E-005
 WARNING:  CLM step     :                        47
 WARNING:  indexc       :       1309822
 WARNING:  ctype(indexc):             1
 WARNING:  water balance error   -4.7921351655931185E-007
 WARNING:  CLM step     :                        47
 WARNING:  indexc       :         78662
 WARNING:  ctype(indexc):             1
 WARNING:  water balance error   -2.5706891266970949E-007
 WARNING:  CLM step     :                        47
 WARNING:  indexc       :       1501848
 WARNING:  ctype(indexc):             1
 WARNING:  water balance error   -2.6835154691701038E-004
 WARNING:  CLM step     :                        48
 WARNING:  indexc       :       2362060
 WARNING:  ctype(indexc):             1
 WARNING:  water balance error   -3.0438063889515385E-006
 WARNING:  CLM step     :                        48
 WARNING:  indexc       :       2136734
 WARNING:  ctype(indexc):             1
 WARNING:  water balance error   -1.8794777283269099E-007
 WARNING:  CLM step     :                        48
 WARNING:  indexc       :       2022677
 WARNING:  ctype(indexc):             1
 WARNING:  water balance error   -1.0959731552261796E-005
 WARNING:  CLM step     :                        48
 WARNING:  indexc       :       2248089
 WARNING:  ctype(indexc):             1
 WARNING:  water balance error   -1.3957291848029557E-005
 WARNING:  CLM step     :                        48
 WARNING:  indexc       :       1877275
 WARNING:  ctype(indexc):             1
 WARNING:  water balance error   -1.6772982854454204E-006
 WARNING:  CLM step     :                        48
 WARNING:  indexc       :        249165
 WARNING:  ctype(indexc):             1
 WARNING:  water balance error   -3.9122312826755081E-007
 WARNING:  CLM step     :                        48
 WARNING:  indexc       :        654147
 WARNING:  ctype(indexc):             1
 WARNING:  water balance error   -8.9574629274745393E-006
 WARNING:  CLM step     :                        48
 WARNING:  indexc       :        377163
 WARNING:  ctype(indexc):             1
 WARNING:  water balance error   -2.3915961298761832E-005
 WARNING:  CLM step     :                        48
 WARNING:  indexc       :       1707008
 WARNING:  ctype(indexc):             1
 WARNING:  water balance error   -7.0498385644443383E-005
 WARNING:  CLM step     :                        48
 WARNING:  indexc       :        806467
 WARNING:  ctype(indexc):             1
 WARNING:  water balance error   -7.8413114146593649E-005
 WARNING:  CLM step     :                        48
 WARNING:  indexc       :       1131728
 WARNING:  ctype(indexc):             1
 WARNING:  water balance error   -4.1797731468071707E-006
 WARNING:  CLM step     :                        48
 WARNING:  indexc       :        969002
 WARNING:  ctype(indexc):             1
 WARNING:  water balance error   -3.6426389920249998E-006
 WARNING:  CLM step     :                        48
 WARNING:  indexc       :       1309822
 WARNING:  ctype(indexc):             1
 WARNING:  water balance error   -4.6739439171025624E-007
 WARNING:  CLM step     :                        48
 WARNING:  indexc       :        510858
 WARNING:  ctype(indexc):             1
 WARNING:  water balance error   -7.7895813499394738E-006
 WARNING:  CLM step     :                        48
 WARNING:  indexc       :       1501803
 WARNING:  ctype(indexc):             1
 WARNING:  water balance error   -1.1457257371934861E-004
 WARNING:  CLM step     :                        48
 WARNING:  indexc       :         78623
 WARNING:  ctype(indexc):             1
 WARNING:  water balance error   -1.9188291745925575E-007
 WARNING:  CLM step     :                        49
 WARNING:  indexc       :       2352181
 WARNING:  ctype(indexc):             1
 WARNING:  water balance error   -1.0813201224440003E-006
 WARNING:  CLM step     :                        49
 WARNING:  indexc       :       2022677
 WARNING:  ctype(indexc):             1
 WARNING:  water balance error   -1.0803936979268406E-005
 WARNING:  CLM step     :                        49
 WARNING:  indexc       :       2136379
 WARNING:  ctype(indexc):             1
 WARNING:  water balance error   -8.5795011362235223E-007
 WARNING:  CLM step     :                        49
 WARNING:  indexc       :       2247186
 WARNING:  ctype(indexc):             1
 WARNING:  water balance error   -1.7198596709013791E-005
 WARNING:  CLM step     :                        49
 WARNING:  indexc       :       1877228
 WARNING:  ctype(indexc):             1
 WARNING:  water balance error   -8.9246883126912537E-006
 WARNING:  CLM step     :                        49
 WARNING:  indexc       :        249165
 WARNING:  ctype(indexc):             1
 WARNING:  water balance error   -4.5830232446590188E-007
 WARNING:  CLM step     :                        49
 WARNING:  indexc       :        654147
 WARNING:  ctype(indexc):             1
 WARNING:  water balance error   -8.5223306725592493E-006
 WARNING:  CLM step     :                        49
 WARNING:  indexc       :       1706847
 WARNING:  ctype(indexc):             1
 WARNING:  water balance error   -8.0566054640602075E-006
 WARNING:  CLM step     :                        49
 WARNING:  indexc       :        377409
 WARNING:  ctype(indexc):             1
 WARNING:  water balance error   -4.4860820999753615E-007
 WARNING:  CLM step     :                        49
 WARNING:  indexc       :       1131758
 WARNING:  ctype(indexc):             1
 WARNING:  water balance error   -3.4295692332425706E-006
 WARNING:  CLM step     :                        49
 WARNING:  indexc       :        968942
 WARNING:  ctype(indexc):             1
 WARNING:  water balance error   -1.1376333594470328E-006
 WARNING:  CLM step     :                        49
 WARNING:  indexc       :       1346404
 WARNING:  ctype(indexc):             1
 WARNING:  water balance error   -2.2563922356137669E-006
 WARNING:  CLM step     :                        49
 WARNING:  indexc       :        806403
 WARNING:  ctype(indexc):             1
 WARNING:  water balance error   -2.8637268412124721E-005
 WARNING:  CLM step     :                        49
 WARNING:  indexc       :        510858
 WARNING:  ctype(indexc):             1
 WARNING:  water balance error   -7.8604212906582353E-006
 WARNING:  CLM step     :                        49
 WARNING:  indexc       :       1501899
 WARNING:  ctype(indexc):             1
 WARNING:  water balance error   -1.6995258635778932E-004
 WARNING:  CLM step     :                        49
 WARNING:  indexc       :         78623
 WARNING:  ctype(indexc):             1
 WARNING:  water balance error   -1.9917535486266907E-007
 WARNING:  CLM step     :                        50
 WARNING:  indexc       :       2136734
 WARNING:  ctype(indexc):             1
 WARNING:  water balance error   -4.5718249542595102E-007
 WARNING:  CLM step     :                        50
 WARNING:  indexc       :       2022644
 WARNING:  ctype(indexc):             1
 WARNING:  water balance error   -3.2997407017150340E-007
 WARNING:  CLM step     :                        50
 WARNING:  indexc       :       2352190
 WARNING:  ctype(indexc):             1
 WARNING:  water balance error   -1.5381580691660271E-006
 WARNING:  CLM step     :                        50
 WARNING:  indexc       :       2247186
 WARNING:  ctype(indexc):             1
 WARNING:  water balance error   -2.9698996530262626E-005
 WARNING:  CLM step     :                        50
 WARNING:  indexc       :       1877275
 WARNING:  ctype(indexc):             1
 WARNING:  water balance error   -1.8730750738837150E-006
 WARNING:  CLM step     :                        50
 WARNING:  indexc       :        249165
 WARNING:  ctype(indexc):             1
 WARNING:  water balance error   -8.4916563155007400E-007
 WARNING:  CLM step     :                        50
 WARNING:  indexc       :        653867
 WARNING:  ctype(indexc):             1
 WARNING:  water balance error    1.3498642511287337E-004
 WARNING:  CLM step     :                        50
 WARNING:  indexc       :       1707136
 WARNING:  ctype(indexc):             1
 WARNING:  water balance error   -4.5749450451482570E-005
 WARNING:  CLM step     :                        50
 WARNING:  indexc       :        377409
 WARNING:  ctype(indexc):             1
 WARNING:  water balance error   -1.8280460445709848E-006
 WARNING:  CLM step     :                        50
 WARNING:  indexc       :        510919
 WARNING:  ctype(indexc):             1
 WARNING:  water balance error   -9.2378911416749840E-005
 WARNING:  CLM step     :                        50
 WARNING:  indexc       :       1309811
 WARNING:  ctype(indexc):             1
 WARNING:  water balance error   -3.9971374823872461E-006
 WARNING:  CLM step     :                        50
 WARNING:  indexc       :       1131675
 WARNING:  ctype(indexc):             1
 WARNING:  water balance error   -8.4604614133591507E-007
 WARNING:  CLM step     :                        50
 WARNING:  indexc       :         78662
 WARNING:  ctype(indexc):             1
 WARNING:  water balance error   -2.0556735296236315E-006
 WARNING:  CLM step     :                        50
 WARNING:  indexc       :       1501848
 WARNING:  ctype(indexc):             1
 WARNING:  water balance error   -3.5279998896968034E-004
 WARNING:  CLM step     :                        50
 WARNING:  indexc       :        806467
 WARNING:  ctype(indexc):             1
 WARNING:  water balance error   -2.1623161640715096E-004
 WARNING:  CLM step     :                        50
 WARNING:  indexc       :       1011951
 WARNING:  ctype(indexc):             1
 WARNING:  water balance error   -2.0097981028110528E-005
 WARNING:  CLM step     :                        51
 WARNING:  indexc       :       2352190
 WARNING:  ctype(indexc):             1
 WARNING:  water balance error   -1.5744866870194839E-006
 WARNING:  CLM step     :                        51
 WARNING:  indexc       :       2136734
 WARNING:  ctype(indexc):             1
 WARNING:  water balance error   -5.0272670574056351E-007
 WARNING:  CLM step     :                        51
 WARNING:  indexc       :       2022585
 WARNING:  ctype(indexc):             1
 WARNING:  water balance error   -5.0542900454510758E-006
 WARNING:  CLM step     :                        51
 WARNING:  indexc       :       2247186
 WARNING:  ctype(indexc):             1
 WARNING:  water balance error   -2.9998802652179760E-005
 WARNING:  CLM step     :                        51
 WARNING:  indexc       :       1877275
 WARNING:  ctype(indexc):             1
 WARNING:  water balance error   -1.7123969790291981E-006
 WARNING:  CLM step     :                        51
 WARNING:  indexc       :        249123
 WARNING:  ctype(indexc):             1
 WARNING:  water balance error   -1.9501087853790257E-004
 WARNING:  CLM step     :                        51
 WARNING:  indexc       :        689594
 WARNING:  ctype(indexc):             1
 WARNING:  water balance error   -3.9121752585252259E-006
 WARNING:  CLM step     :                        51
 WARNING:  indexc       :       1706814
 WARNING:  ctype(indexc):             1
 WARNING:  water balance error   -2.4944639500763315E-005
 WARNING:  CLM step     :                        51
 WARNING:  indexc       :        377409
 WARNING:  ctype(indexc):             1
 WARNING:  water balance error   -1.6474392599861250E-006
 WARNING:  CLM step     :                        51
 WARNING:  indexc       :       1131755
 WARNING:  ctype(indexc):             1
 WARNING:  water balance error   -6.2465139311928102E-006
 WARNING:  CLM step     :                        51
 WARNING:  indexc       :       1309860
 WARNING:  ctype(indexc):             1
 WARNING:  water balance error   -8.0649903114336156E-006
 WARNING:  CLM step     :                        51
 WARNING:  indexc       :        510374
 WARNING:  ctype(indexc):             1
 WARNING:  water balance error   -2.4341733990442533E-006
 WARNING:  CLM step     :                        51
 WARNING:  indexc       :       1501851
 WARNING:  ctype(indexc):             1
 WARNING:  water balance error   -4.9758173763872634E-004
 WARNING:  CLM step     :                        51
 WARNING:  indexc       :        103203
 WARNING:  ctype(indexc):             1
 WARNING:  water balance error   -3.4935596811895385E-007
 WARNING:  CLM step     :                        51
 WARNING:  indexc       :        806467
 WARNING:  ctype(indexc):             1
 WARNING:  water balance error   -3.9705040917904533E-004
 WARNING:  CLM step     :                        51
 WARNING:  indexc       :        969002
 WARNING:  ctype(indexc):             1
 WARNING:  water balance error   -4.1118310705080000E-006
 WARNING:  CLM step     :                        52
 WARNING:  indexc       :       2352130
 WARNING:  ctype(indexc):             1
 WARNING:  water balance error   -1.5060978767899846E-007
 WARNING:  CLM step     :                        52
 WARNING:  indexc       :       2136379
 WARNING:  ctype(indexc):             1
 WARNING:  water balance error   -8.9363658063606196E-007
 WARNING:  CLM step     :                        52
 WARNING:  indexc       :       2022585
 WARNING:  ctype(indexc):             1
 WARNING:  water balance error   -5.1485068406626764E-006
 WARNING:  CLM step     :                        52
 WARNING:  indexc       :       2246982
 WARNING:  ctype(indexc):             1
 WARNING:  water balance error   -1.4493570460199056E-007
 WARNING:  CLM step     :                        52
 WARNING:  indexc       :       1877049
 WARNING:  ctype(indexc):             1
 WARNING:  water balance error   -2.4341811974992766E-007
 WARNING:  CLM step     :                        52
 WARNING:  indexc       :        249165
 WARNING:  ctype(indexc):             1
 WARNING:  water balance error   -1.1321769549254351E-006
 WARNING:  CLM step     :                        52
 WARNING:  indexc       :        654147
 WARNING:  ctype(indexc):             1
 WARNING:  water balance error   -2.0543854361086794E-005
 WARNING:  CLM step     :                        52
 WARNING:  indexc       :       1707136
 WARNING:  ctype(indexc):             1
 WARNING:  water balance error   -4.3548650424273648E-005
 WARNING:  CLM step     :                        52
 WARNING:  indexc       :        377365
 WARNING:  ctype(indexc):             1
 WARNING:  water balance error   -1.3412423870583113E-005
 WARNING:  CLM step     :                        52
 WARNING:  indexc       :        510858
 WARNING:  ctype(indexc):             1
 WARNING:  water balance error   -8.0471885730911862E-006
 WARNING:  CLM step     :                        52
 WARNING:  indexc       :       1131758
 WARNING:  ctype(indexc):             1
 WARNING:  water balance error   -4.3771960146052215E-006
 WARNING:  CLM step     :                        52
 WARNING:  indexc       :       1309860
 WARNING:  ctype(indexc):             1
 WARNING:  water balance error   -8.1329406312654705E-006
 WARNING:  CLM step     :                        52
 WARNING:  indexc       :       1501851
 WARNING:  ctype(indexc):             1
 WARNING:  water balance error   -5.0933356542337386E-004
 WARNING:  CLM step     :                        52
 WARNING:  CLM step     :                        52
 WARNING:  indexc       :         78662
 WARNING:  ctype(indexc):             1
 WARNING:  indexc       :        806395
 WARNING:  ctype(indexc):             1
 WARNING:  water balance error   -1.6410773884433178E-004
 WARNING:  water balance error   -2.2993672700076170E-006
 WARNING:  CLM step     :                        52
 WARNING:  indexc       :        970762
 WARNING:  ctype(indexc):             1
 WARNING:  water balance error   -8.0826940254395114E-007
 WARNING:  CLM step     :                        53
 WARNING:  indexc       :       2352127
 WARNING:  ctype(indexc):             1
 WARNING:  water balance error   -2.7023299338873445E-007
 WARNING:  CLM step     :                        53
 WARNING:  indexc       :       2022677
 WARNING:  ctype(indexc):             1
 WARNING:  water balance error   -1.0830413527682510E-005
 WARNING:  CLM step     :                        53
 WARNING:  indexc       :       2247186
 WARNING:  ctype(indexc):             1
 WARNING:  water balance error   -3.9097030157188753E-005
 WARNING:  CLM step     :                        53
 WARNING:  indexc       :       2136763
 WARNING:  ctype(indexc):             1
 WARNING:  water balance error   -1.2874338986444139E-006
 WARNING:  CLM step     :                        53
 WARNING:  indexc       :       1877275
 WARNING:  ctype(indexc):             1
 WARNING:  water balance error   -2.0225486587027144E-006
 WARNING:  CLM step     :                        53
 WARNING:  indexc       :        249123
 WARNING:  ctype(indexc):             1
 WARNING:  water balance error   -3.3163122778833825E-004
 WARNING:  CLM step     :                        53
 WARNING:  indexc       :        654147
 WARNING:  ctype(indexc):             1
 WARNING:  water balance error   -4.1506501740747893E-005
 WARNING:  CLM step     :                        53
 WARNING:  indexc       :       1706992
 WARNING:  ctype(indexc):             1
 WARNING:  water balance error   -2.1391284333988826E-004
 WARNING:  CLM step     :                        53
 WARNING:  indexc       :        510858
 WARNING:  ctype(indexc):             1
 WARNING:  water balance error   -1.5805531104143969E-005
 WARNING:  CLM step     :                        53
 WARNING:  indexc       :        377409
 WARNING:  ctype(indexc):             1
 WARNING:  water balance error   -1.9538414458854215E-006
 WARNING:  CLM step     :                        53
 WARNING:  indexc       :       1309825
 WARNING:  ctype(indexc):             1
 WARNING:  water balance error   -2.6440669332759761E-007
 WARNING:  CLM step     :                        53
 WARNING:  indexc       :       1131758
 WARNING:  ctype(indexc):             1
 WARNING:  water balance error   -1.9698889892943236E-005
 WARNING:  CLM step     :                        53
 WARNING:  indexc       :         78662
 WARNING:  ctype(indexc):             1
 WARNING:  water balance error   -4.6234328542335130E-006
 WARNING:  CLM step     :                        53
 WARNING:  indexc       :       1501848
 WARNING:  ctype(indexc):             1
 WARNING:  water balance error   -4.3864663430013873E-004
 WARNING:  CLM step     :                        53
 WARNING:  indexc       :        806467
 WARNING:  ctype(indexc):             1
 WARNING:  water balance error   -6.5395354826541146E-004
 WARNING:  CLM step     :                        53
 WARNING:  indexc       :        986109
 WARNING:  ctype(indexc):             1
 WARNING:  water balance error   -1.8964691432349855E-006
 WARNING:  CLM step     :                        54
 WARNING:  indexc       :       2352145
 WARNING:  ctype(indexc):             1
 WARNING:  water balance error   -1.0028004752258868E-007
 WARNING:  CLM step     :                        54
 WARNING:  CLM step     :                        54
 WARNING:  indexc       :       2258892
 WARNING:  ctype(indexc):             1
 WARNING:  water balance error   -1.3788393913611932E-007
 WARNING:  indexc       :       2022474
 WARNING:  ctype(indexc):             1
 WARNING:  water balance error   -7.4567994050181788E-007
 WARNING:  CLM step     :                        54
 WARNING:  indexc       :       2136379
 WARNING:  ctype(indexc):             1
 WARNING:  water balance error   -7.7761179333109997E-007
 WARNING:  CLM step     :                        54
 WARNING:  indexc       :       1877228
 WARNING:  ctype(indexc):             1
 WARNING:  water balance error   -2.2928158303103930E-005
 WARNING:  CLM step     :                        54
 WARNING:  indexc       :        249152
 WARNING:  ctype(indexc):             1
 WARNING:  water balance error   -3.1066141792230067E-006
 WARNING:  CLM step     :                        54
 WARNING:  indexc       :        705513
 WARNING:  ctype(indexc):             1
 WARNING:  water balance error   -7.1728306123880976E-006
 WARNING:  CLM step     :                        54
 WARNING:  indexc       :       1707136
 WARNING:  ctype(indexc):             1
 WARNING:  water balance error   -1.5478330439755553E-004
 WARNING:  CLM step     :                        54
 WARNING:  indexc       :        377365
 WARNING:  ctype(indexc):             1
 WARNING:  water balance error   -5.1869385037367699E-005
 WARNING:  CLM step     :                        54
 WARNING:  indexc       :        510858
 WARNING:  ctype(indexc):             1
 WARNING:  water balance error   -1.5824408166008153E-005
 WARNING:  CLM step     :                        54
 WARNING:  indexc       :       1131755
 WARNING:  ctype(indexc):             1
 WARNING:  water balance error   -3.1260554314326653E-005
 WARNING:  CLM step     :                        54
 WARNING:  indexc       :       1309825
 WARNING:  ctype(indexc):             1
 WARNING:  water balance error   -2.7349173393238209E-007
 WARNING:  CLM step     :                        54
 WARNING:  indexc       :       1501912
 WARNING:  ctype(indexc):             1
 WARNING:  water balance error   -6.9858940286800469E-004
 WARNING:  CLM step     :                        54
 WARNING:  indexc       :         78671
 WARNING:  ctype(indexc):             1
 WARNING:  water balance error   -2.3588619658637114E-006
 WARNING:  CLM step     :                        54
 WARNING:  indexc       :        806467
 WARNING:  ctype(indexc):             1
 WARNING:  water balance error   -6.7424089714878234E-004
 WARNING:  CLM step     :                        54
 WARNING:  indexc       :        969002
 WARNING:  ctype(indexc):             1
 WARNING:  water balance error   -1.9815172279514008E-005
 WARNING:  CLM step     :                        55
 WARNING:  indexc       :       2352100
 WARNING:  ctype(indexc):             1
 WARNING:  water balance error   -4.0169616498464103E-007
 WARNING:  CLM step     :                        55
 WARNING:  indexc       :       2028070
 WARNING:  ctype(indexc):             1
 WARNING:  water balance error    2.0724511024685848E-005
 WARNING:  CLM step     :                        55
 WARNING:  indexc       :       2247186
 WARNING:  ctype(indexc):             1
 WARNING:  water balance error   -1.0045140333721595E-005
 WARNING:  CLM step     :                        55
 WARNING:  indexc       :       2136734
 WARNING:  ctype(indexc):             1
 WARNING:  water balance error   -2.0340660538494912E-007
 WARNING:  CLM step     :                        55
 WARNING:  indexc       :       1877126
 WARNING:  ctype(indexc):             1
 WARNING:  water balance error   -5.1097203574986487E-006
 WARNING:  CLM step     :                        55
 WARNING:  indexc       :        249165
 WARNING:  ctype(indexc):             1
 WARNING:  water balance error   -2.8286984119524987E-006
 WARNING:  CLM step     :                        55
 WARNING:  indexc       :        658775
 WARNING:  ctype(indexc):             1
 WARNING:  water balance error   -1.2173784914355594E-004
 WARNING:  CLM step     :                        55
 WARNING:  indexc       :       1707136
 WARNING:  ctype(indexc):             1
 WARNING:  water balance error   -1.5601653660747333E-004
 WARNING:  CLM step     :                        55
 WARNING:  indexc       :        377409
 WARNING:  ctype(indexc):             1
 WARNING:  water balance error   -1.4899229337774161E-006
 WARNING:  CLM step     :                        55
 WARNING:  indexc       :        510919
 WARNING:  ctype(indexc):             1
 WARNING:  water balance error   -3.8980110460027446E-004
 WARNING:  CLM step     :                        55
 WARNING:  indexc       :       1131728
 WARNING:  ctype(indexc):             1
 WARNING:  water balance error   -1.2429833114271715E-005
 WARNING:  CLM step     :                        55
 WARNING:  indexc       :       1309811
 WARNING:  ctype(indexc):             1
 WARNING:  water balance error   -8.1652233342874960E-006
 WARNING:  CLM step     :                        55
 WARNING:  indexc       :        806368
 WARNING:  ctype(indexc):             1
 WARNING:  water balance error   -9.4534870192292922E-004
 WARNING:  CLM step     :                        55
 WARNING:  indexc       :       1501851
 WARNING:  ctype(indexc):             1
 WARNING:  water balance error   -6.2365853856683655E-004
 WARNING:  CLM step     :                        55
 WARNING:  indexc       :         78632
 WARNING:  ctype(indexc):             1
 WARNING:  water balance error   -4.8275397799225107E-005
 WARNING:  CLM step     :                        55
 WARNING:  indexc       :        969002
 WARNING:  ctype(indexc):             1
 WARNING:  water balance error   -1.9850597509569832E-005
 WARNING:  CLM step     :                        56
 WARNING:  indexc       :       2352190
 WARNING:  ctype(indexc):             1
 WARNING:  water balance error   -2.1496837216376655E-006
 WARNING:  CLM step     :                        56
 WARNING:  indexc       :       2022677
 WARNING:  ctype(indexc):             1
 WARNING:  water balance error   -1.1656175360170258E-005
 WARNING:  CLM step     :                        56
 WARNING:  indexc       :       2247186
 WARNING:  ctype(indexc):             1
 WARNING:  water balance error   -4.7816305919160464E-005
 WARNING:  CLM step     :                        56
 WARNING:  indexc       :       2140755
 WARNING:  ctype(indexc):             1
 WARNING:  water balance error    5.1227871562983774E-007
 WARNING:  CLM step     :                        56
 WARNING:  indexc       :       1877275
 WARNING:  ctype(indexc):             1
 WARNING:  water balance error   -2.7180732910632429E-006
 WARNING:  CLM step     :                        56
 WARNING:  indexc       :        249165
 WARNING:  ctype(indexc):             1
 WARNING:  water balance error   -1.4175304477643245E-004
 WARNING:  CLM step     :                        56
 WARNING:  indexc       :        654147
 WARNING:  ctype(indexc):             1
 WARNING:  water balance error   -8.3137130959458244E-005
 WARNING:  CLM step     :                        56
 WARNING:  indexc       :       1707136
 WARNING:  ctype(indexc):             1
 WARNING:  water balance error   -2.6814548082914984E-004
 WARNING:  CLM step     :                        56
 WARNING:  indexc       :        377409
 WARNING:  ctype(indexc):             1
 WARNING:  water balance error   -1.8626039026976415E-006
 WARNING:  CLM step     :                        56
 WARNING:  indexc       :       1131725
 WARNING:  ctype(indexc):             1
 WARNING:  water balance error   -2.4602110963427153E-005
 WARNING:  CLM step     :                        56
 WARNING:  indexc       :       1406475
 WARNING:  ctype(indexc):             1
 WARNING:  water balance error   -2.0962374954834129E-004
 WARNING:  CLM step     :                        56
 WARNING:  indexc       :        510858
 WARNING:  ctype(indexc):             1
 WARNING:  water balance error   -2.5154844381657646E-005
 WARNING:  CLM step     :                        56
 WARNING:  indexc       :        826798
 WARNING:  ctype(indexc):             1
 WARNING:  water balance error   -3.4418863471789155E-005
 WARNING:  CLM step     :                        56
 WARNING:  indexc       :        969002
 WARNING:  ctype(indexc):             1
 WARNING:  water balance error   -5.4131960558267489E-005
 WARNING:  CLM step     :                        56
 WARNING:  indexc       :       1501899
 WARNING:  ctype(indexc):             1
 WARNING:  water balance error   -2.8172813166502737E-004
 WARNING:  CLM step     :                        56
 WARNING:  indexc       :         78632
 WARNING:  ctype(indexc):             1
 WARNING:  water balance error   -2.4834993455764005E-006
 WARNING:  CLM step     :                        57
 WARNING:  indexc       :       2354307
 WARNING:  ctype(indexc):             1
 WARNING:  water balance error   -9.8529284577370096E-007
 WARNING:  CLM step     :                        57
 WARNING:  indexc       :       2022677
 WARNING:  ctype(indexc):             1
 WARNING:  water balance error   -1.2179899567231684E-005
 WARNING:  CLM step     :                        57
 WARNING:  indexc       :       2247186
 WARNING:  ctype(indexc):             1
 WARNING:  water balance error   -5.0226497786227755E-005
 WARNING:  CLM step     :                        57
 WARNING:  indexc       :       2136751
 WARNING:  ctype(indexc):             1
 WARNING:  water balance error   -3.7055283500719513E-007
 WARNING:  CLM step     :                        57
 WARNING:  indexc       :       1877275
 WARNING:  ctype(indexc):             1
 WARNING:  water balance error   -2.8266333436912226E-006
 WARNING:  CLM step     :                        57
 WARNING:  indexc       :        249123
 WARNING:  ctype(indexc):             1
 WARNING:  water balance error   -3.6950375334507645E-006
 WARNING:  CLM step     :                        57
 WARNING:  indexc       :        654147
 WARNING:  ctype(indexc):             1
 WARNING:  water balance error   -8.6434201505727082E-005
 WARNING:  CLM step     :                        57
 WARNING:  indexc       :       1707063
 WARNING:  ctype(indexc):             1
 WARNING:  water balance error   -3.1875717488281659E-004
 WARNING:  CLM step     :                        57
 WARNING:  indexc       :        377309
 WARNING:  ctype(indexc):             1
 WARNING:  water balance error   -4.3566245881582621E-005
 WARNING:  CLM step     :                        57
 WARNING:  indexc       :       1309825
 WARNING:  ctype(indexc):             1
 WARNING:  water balance error   -4.3231844367583198E-007
 WARNING:  CLM step     :                        57
 WARNING:  indexc       :       1131755
 WARNING:  ctype(indexc):             1
 WARNING:  water balance error   -9.7000116452101014E-005
 WARNING:  CLM step     :                        57
 WARNING:  indexc       :        969002
 WARNING:  ctype(indexc):             1
 WARNING:  water balance error   -5.6410357095409107E-005
 WARNING:  CLM step     :                        57
 WARNING:  indexc       :        510919
 WARNING:  ctype(indexc):             1
 WARNING:  water balance error   -4.6926637575391114E-004
 WARNING:  CLM step     :                        57
 WARNING:  CLM step     :                        57
 WARNING:  indexc       :        811352
 WARNING:  indexc       :       1501803
 WARNING:  ctype(indexc):             1
 WARNING:  water balance error   -2.2636629979462896E-004
 WARNING:  ctype(indexc):             1
 WARNING:  water balance error   -2.3196836371665772E-003
 WARNING:  CLM step     :                        57
 WARNING:  indexc       :         78553
 WARNING:  ctype(indexc):             1
 WARNING:  water balance error   -1.2497592684752743E-005
 WARNING:  CLM step     :                        58
 WARNING:  indexc       :       2352190
 WARNING:  ctype(indexc):             1
 WARNING:  water balance error   -2.3504898086418943E-006
 WARNING:  CLM step     :                        58
 WARNING:  indexc       :       2136505
 WARNING:  ctype(indexc):             1
 WARNING:  water balance error   -1.7557716591053133E-007
 WARNING:  CLM step     :                        58
 WARNING:  indexc       :       2022677
 WARNING:  ctype(indexc):             1
 WARNING:  water balance error   -1.2666692866825522E-005
 WARNING:  CLM step     :                        58
 WARNING:  indexc       :       2247186
 WARNING:  ctype(indexc):             1
 WARNING:  water balance error   -1.2974283637834036E-005
 WARNING:  CLM step     :                        58
 WARNING:  indexc       :       1877231
 WARNING:  ctype(indexc):             1
 WARNING:  water balance error   -2.9849920802193468E-005
 WARNING:  CLM step     :                        58
 WARNING:  indexc       :        249123
 WARNING:  ctype(indexc):             1
 WARNING:  water balance error   -5.8195662493927634E-004
 WARNING:  CLM step     :                        58
 WARNING:  indexc       :        653977
 WARNING:  ctype(indexc):             1
 WARNING:  water balance error   -7.5583468192462797E-006
 WARNING:  CLM step     :                        58
 WARNING:  indexc       :       1707136
 WARNING:  ctype(indexc):             1
 WARNING:  water balance error   -2.9086743854368638E-004
 WARNING:  CLM step     :                        58
 WARNING:  indexc       :        377309
 WARNING:  ctype(indexc):             1
 WARNING:  water balance error   -4.5748022582455311E-005
 WARNING:  CLM step     :                        58
 WARNING:  indexc       :        510822
 WARNING:  ctype(indexc):             1
 WARNING:  water balance error   -1.3536472925374445E-004
 WARNING:  CLM step     :                        58
 WARNING:  indexc       :       1191101
 WARNING:  ctype(indexc):             1
 WARNING:  water balance error   -6.1343302419953824E-005
 WARNING:  CLM step     :                        58
 WARNING:  indexc       :       1309825
 WARNING:  ctype(indexc):             1
 WARNING:  water balance error   -4.6176552554681192E-007
 WARNING:  CLM step     :                        58
 WARNING:  indexc       :       1501899
 WARNING:  ctype(indexc):             1
 WARNING:  water balance error   -2.9127046636963838E-004
 WARNING:  CLM step     :                        58
 WARNING:  indexc       :        969002
 WARNING:  ctype(indexc):             1
 WARNING:  water balance error   -5.5972278013629830E-005
 WARNING:  CLM step     :                        58
 WARNING:  indexc       :        806467
 WARNING:  ctype(indexc):             1
 WARNING:  water balance error   -9.0328170931460925E-004
 WARNING:  CLM step     :                        58
 WARNING:  indexc       :         78662
 WARNING:  ctype(indexc):             1
 WARNING:  water balance error   -9.4332187083180637E-006
 WARNING:  CLM step     :                        59
 WARNING:  indexc       :       2352190
 WARNING:  ctype(indexc):             1
 WARNING:  water balance error   -2.7402848596431513E-006
 WARNING:  CLM step     :                        59
 WARNING:  indexc       :       2022677
 WARNING:  ctype(indexc):             1
 WARNING:  water balance error   -1.4051495071438725E-005
 WARNING:  CLM step     :                        59
 WARNING:  indexc       :       2136505
 WARNING:  ctype(indexc):             1
 WARNING:  water balance error   -2.4406125685636808E-007
 WARNING:  CLM step     :                        59
 WARNING:  indexc       :       2247186
 WARNING:  ctype(indexc):             1
 WARNING:  water balance error   -5.8563965122931160E-005
 WARNING:  CLM step     :                        59
 WARNING:  indexc       :       1877275
 WARNING:  ctype(indexc):             1
 WARNING:  water balance error   -3.3646399260342381E-006
 WARNING:  CLM step     :                        59
 WARNING:  indexc       :        249165
 WARNING:  ctype(indexc):             1
 WARNING:  water balance error   -8.5377866425538760E-006
 WARNING:  CLM step     :                        59
 WARNING:  indexc       :        654147
 WARNING:  ctype(indexc):             1
 WARNING:  water balance error   -1.2698611739501333E-004
 WARNING:  CLM step     :                        59
 WARNING:  indexc       :        416626
 WARNING:  ctype(indexc):             1
 WARNING:  water balance error    4.7596126565065086E-005
 WARNING:  CLM step     :                        59
 WARNING:  indexc       :       1707136
 WARNING:  ctype(indexc):             1
 WARNING:  water balance error   -4.1606674218909272E-004
 WARNING:  CLM step     :                        59
 WARNING:  indexc       :        969002
 WARNING:  ctype(indexc):             1
 WARNING:  water balance error   -1.0356896409940320E-004
 WARNING:  CLM step     :                        59
 WARNING:  indexc       :       1131758
 WARNING:  ctype(indexc):             1
 WARNING:  water balance error   -1.5832412146667320E-004
 WARNING:  CLM step     :                        59
 WARNING:  indexc       :       1309860
 WARNING:  ctype(indexc):             1
 WARNING:  water balance error   -4.0804239643751225E-005
 WARNING:  CLM step     :                        59
 WARNING:  indexc       :        510919
 WARNING:  ctype(indexc):             1
 WARNING:  water balance error   -7.0397875714770560E-004
 WARNING:  CLM step     :                        59
 WARNING:  indexc       :        806467
 WARNING:  ctype(indexc):             1
 WARNING:  water balance error   -1.0797447734933404E-003
 WARNING:  CLM step     :                        59
 WARNING:  indexc       :       1501899
 WARNING:  ctype(indexc):             1
 WARNING:  water balance error   -3.1912061666039592E-004
 WARNING:  CLM step     :                        59
 WARNING:  indexc       :         77994
 WARNING:  ctype(indexc):             1
 WARNING:  water balance error   -1.7727462524749101E-004
 WARNING:  CLM step     :                        60
 WARNING:  indexc       :       2352190
 WARNING:  ctype(indexc):             1
 WARNING:  water balance error   -2.9119193928191631E-006
 WARNING:  CLM step     :                        60
 WARNING:  indexc       :       2022644
 WARNING:  ctype(indexc):             1
 WARNING:  water balance error   -1.1551652561764477E-006
 WARNING:  CLM step     :                        60
 WARNING:  indexc       :       2136726
 WARNING:  ctype(indexc):             1
 WARNING:  water balance error   -4.3819864937109357E-007
 WARNING:  CLM step     :                        60
 WARNING:  indexc       :       2247186
 WARNING:  ctype(indexc):             1
 WARNING:  water balance error   -1.4344831445925909E-005
 WARNING:  CLM step     :                        60
 WARNING:  indexc       :        248817
 WARNING:  ctype(indexc):             1
 WARNING:  water balance error   -3.6751725354539129E-005
 WARNING:  CLM step     :                        60
 WARNING:  indexc       :       1877228
 WARNING:  ctype(indexc):             1
 WARNING:  water balance error   -5.8912981633425784E-005
 WARNING:  CLM step     :                        60
 WARNING:  indexc       :        676617
 WARNING:  ctype(indexc):             1
 WARNING:  water balance error   -1.5748444574919894E-004
 WARNING:  CLM step     :                        60
 WARNING:  indexc       :        377365
 WARNING:  ctype(indexc):             1
 WARNING:  water balance error   -3.6668248583439269E-004
 WARNING:  CLM step     :                        60
 WARNING:  indexc       :       1707016
 WARNING:  ctype(indexc):             1
 WARNING:  water balance error   -6.6299592137682595E-004
 WARNING:  CLM step     :                        60
 WARNING:  indexc       :        969002
 WARNING:  ctype(indexc):             1
 WARNING:  water balance error   -1.0639887229037193E-004
 WARNING:  CLM step     :                        60
 WARNING:  indexc       :       1309811
 WARNING:  ctype(indexc):             1
 WARNING:  water balance error   -2.5037861157504577E-005
 WARNING:  CLM step     :                        60
 WARNING:  indexc       :       1131758
 WARNING:  ctype(indexc):             1
 WARNING:  water balance error   -1.7689073773059235E-004
 WARNING:  CLM step     :                        60
 WARNING:  indexc       :        510858
 WARNING:  ctype(indexc):             1
 WARNING:  water balance error   -3.5709401376803965E-005
 WARNING:  CLM step     :                        60
 WARNING:  indexc       :       1501851
 WARNING:  ctype(indexc):             1
 WARNING:  water balance error   -8.1851622549668896E-004
 WARNING:  CLM step     :                        60
 WARNING:  indexc       :        806467
 WARNING:  ctype(indexc):             1
 WARNING:  water balance error   -1.0844888276134944E-003
 WARNING:  CLM step     :                        60
 WARNING:  indexc       :        108901
 WARNING:  ctype(indexc):             1
 WARNING:  water balance error   -2.0290599724042976E-005
 WARNING:  CLM step     :                        61
 WARNING:  indexc       :       2352148
 WARNING:  ctype(indexc):             1
 WARNING:  water balance error   -1.1589150512269613E-007
 WARNING:  CLM step     :                        61
 WARNING:  indexc       :       2022611
 WARNING:  ctype(indexc):             1
 WARNING:  water balance error   -1.0801380856793789E-006
 WARNING:  CLM step     :                        61
 WARNING:  indexc       :       2136517
 WARNING:  ctype(indexc):             1
 WARNING:  water balance error   -2.7122819859536647E-006
 WARNING:  CLM step     :                        61
 WARNING:  indexc       :       2247186
 WARNING:  ctype(indexc):             1
 WARNING:  water balance error   -6.0053504624808481E-005
 WARNING:  CLM step     :                        61
 WARNING:  indexc       :       1877228
 WARNING:  ctype(indexc):             1
 WARNING:  water balance error   -5.9979540479006713E-005
 WARNING:  CLM step     :                        61
 WARNING:  indexc       :        249165
 WARNING:  ctype(indexc):             1
 WARNING:  water balance error   -1.1305129527823340E-005
 WARNING:  CLM step     :                        61
 WARNING:  indexc       :        654147
 WARNING:  ctype(indexc):             1
 WARNING:  water balance error   -1.3070677491951294E-004
 WARNING:  CLM step     :                        61
 WARNING:  indexc       :        377309
 WARNING:  ctype(indexc):             1
 WARNING:  water balance error   -8.5337844551662599E-005
 WARNING:  CLM step     :                        61
 WARNING:  indexc       :       1707016
 WARNING:  ctype(indexc):             1
 WARNING:  water balance error   -6.8256776137343253E-004
 WARNING:  CLM step     :                        61
 WARNING:  indexc       :       1309811
 WARNING:  ctype(indexc):             1
 WARNING:  water balance error   -2.8595033437602967E-005
 WARNING:  CLM step     :                        61
 WARNING:  indexc       :        982166
 WARNING:  ctype(indexc):             1
 WARNING:  water balance error   -2.8839201750751216E-005
 WARNING:  CLM step     :                        61
 WARNING:  indexc       :       1131675
 WARNING:  ctype(indexc):             1
 WARNING:  water balance error   -2.4399958591853510E-005
 WARNING:  CLM step     :                        61
 WARNING:  indexc       :        510919
 WARNING:  ctype(indexc):             1
 WARNING:  water balance error   -7.2132399369637037E-004
 WARNING:  CLM step     :                        61
 WARNING:  indexc       :       1501848
 WARNING:  ctype(indexc):             1
 WARNING:  water balance error   -6.2084842167246812E-004
 WARNING:  CLM step     :                        61
 WARNING:  indexc       :        806395
 WARNING:  ctype(indexc):             1
 WARNING:  water balance error   -7.1593640620789580E-004
 WARNING:  CLM step     :                        61
 WARNING:  indexc       :         78662
 WARNING:  ctype(indexc):             1
 WARNING:  water balance error   -1.3977888865544623E-005
 WARNING:  CLM step     :                        62
 WARNING:  indexc       :       2369622
 WARNING:  ctype(indexc):             1
 WARNING:  water balance error    8.6823282302419965E-006
 WARNING:  CLM step     :                        62
 WARNING:  indexc       :       2022698
 WARNING:  ctype(indexc):             1
 WARNING:  water balance error   -6.0761661910547135E-006
 WARNING:  CLM step     :                        62
 WARNING:  indexc       :       2136748
 WARNING:  ctype(indexc):             1
 WARNING:  water balance error   -1.8129390306548517E-006
 WARNING:  CLM step     :                        62
 WARNING:  indexc       :       2247186
 WARNING:  ctype(indexc):             1
 WARNING:  water balance error   -1.5838227027015940E-005
 WARNING:  CLM step     :                        62
 WARNING:  indexc       :       1877275
 WARNING:  ctype(indexc):             1
 WARNING:  water balance error   -4.6818130720106741E-006
 WARNING:  CLM step     :                        62
 WARNING:  indexc       :        287412
 WARNING:  ctype(indexc):             1
 WARNING:  water balance error   -1.3820733757230569E-004
 WARNING:  CLM step     :                        62
 WARNING:  indexc       :        654147
 WARNING:  ctype(indexc):             1
 WARNING:  water balance error   -1.5255326504907417E-004
 WARNING:  CLM step     :                        62
 WARNING:  indexc       :        377309
 WARNING:  ctype(indexc):             1
 WARNING:  water balance error   -1.1383246830707972E-004
 WARNING:  CLM step     :                        62
 WARNING:  indexc       :       1707136
 WARNING:  ctype(indexc):             1
 WARNING:  water balance error   -5.1504303784888697E-004
 WARNING:  CLM step     :                        62
 WARNING:  indexc       :        510919
 WARNING:  ctype(indexc):             1
 WARNING:  water balance error   -9.2596541119307411E-004
 WARNING:  CLM step     :                        62
 WARNING:  indexc       :       1309825
 WARNING:  ctype(indexc):             1
 WARNING:  water balance error   -1.1626735524696820E-006
 WARNING:  CLM step     :                        62
 WARNING:  indexc       :       1131725
 WARNING:  ctype(indexc):             1
 WARNING:  water balance error   -6.6171334624276788E-005
 WARNING:  CLM step     :                        62
 WARNING:  indexc       :        813483
 WARNING:  ctype(indexc):             1
 WARNING:  water balance error    2.2050620453226388E-006
 WARNING:  CLM step     :                        62
 WARNING:  indexc       :       1501912
 WARNING:  ctype(indexc):             1
 WARNING:  water balance error   -1.0576534348516985E-003
 WARNING:  CLM step     :                        62
 WARNING:  indexc       :        969002
 WARNING:  ctype(indexc):             1
 WARNING:  water balance error   -2.0491309689696491E-004
 WARNING:  CLM step     :                        62
 WARNING:  indexc       :         78632
 WARNING:  ctype(indexc):             1
 WARNING:  water balance error   -7.1099844596423235E-004
 WARNING:  CLM step     :                        63
 WARNING:  indexc       :       2352190
 WARNING:  ctype(indexc):             1
 WARNING:  water balance error   -3.6629051752281101E-006
 WARNING:  CLM step     :                        63
 WARNING:  indexc       :       2022644
 WARNING:  ctype(indexc):             1
 WARNING:  water balance error   -1.2842818315342707E-006
 WARNING:  CLM step     :                        63
 WARNING:  indexc       :       2136748
 WARNING:  ctype(indexc):             1
 WARNING:  water balance error   -2.3573218832682809E-006
 WARNING:  CLM step     :                        63
 WARNING:  indexc       :       2247186
 WARNING:  ctype(indexc):             1
 WARNING:  water balance error   -6.7656237568472995E-005
 WARNING:  CLM step     :                        63
 WARNING:  indexc       :       1877231
 WARNING:  ctype(indexc):             1
 WARNING:  water balance error   -4.5786432967227438E-005
 WARNING:  CLM step     :                        63
 WARNING:  indexc       :        249165
 WARNING:  ctype(indexc):             1
 WARNING:  water balance error   -2.5186120069348580E-005
 WARNING:  CLM step     :                        63
 WARNING:  indexc       :        654147
 WARNING:  ctype(indexc):             1
 WARNING:  water balance error   -1.5403422026969912E-004
 WARNING:  CLM step     :                        63
 WARNING:  indexc       :        377365
 WARNING:  ctype(indexc):             1
 WARNING:  water balance error   -4.5870852768157335E-004
 WARNING:  CLM step     :                        63
 WARNING:  indexc       :       1707125
 WARNING:  ctype(indexc):             1
 WARNING:  water balance error   -1.2921524101127330E-003
 WARNING:  CLM step     :                        63
 WARNING:  indexc       :        989555
 WARNING:  ctype(indexc):             1
 WARNING:  water balance error   -4.1942153581883918E-005
 WARNING:  CLM step     :                        63
 WARNING:  indexc       :       1309803
 WARNING:  ctype(indexc):             1
 WARNING:  water balance error   -2.5945840953820463E-004
 WARNING:  CLM step     :                        63
 WARNING:  indexc       :        511169
 WARNING:  ctype(indexc):             1
 WARNING:  water balance error   -2.6538259856512951E-005
 WARNING:  CLM step     :                        63
 WARNING:  indexc       :       1131725
 WARNING:  ctype(indexc):             1
 WARNING:  water balance error   -6.6585450831062993E-005
 WARNING:  CLM step     :                        63
 WARNING:  indexc       :       1501848
 WARNING:  ctype(indexc):             1
 WARNING:  water balance error   -7.3260821603827520E-004
 WARNING:  CLM step     :                        63
 WARNING:  indexc       :        822327
 WARNING:  ctype(indexc):             1
 WARNING:  water balance error   -1.4594670503946814E-003
 WARNING:  CLM step     :                        63
 WARNING:  indexc       :         78662
 WARNING:  ctype(indexc):             1
 WARNING:  water balance error   -1.8470122992046321E-005
 WARNING:  CLM step     :                        64
 WARNING:  indexc       :       2352148
 WARNING:  ctype(indexc):             1
 WARNING:  water balance error   -1.8177020529231946E-007
 WARNING:  CLM step     :                        64
 WARNING:  indexc       :       2022668
 WARNING:  ctype(indexc):             1
 WARNING:  water balance error   -4.1556188751286139E-006
 WARNING:  CLM step     :                        64
 WARNING:  indexc       :       2136517
 WARNING:  ctype(indexc):             1
 WARNING:  water balance error   -4.5768075083775934E-006
 WARNING:  CLM step     :                        64
 WARNING:  indexc       :       2247186
 WARNING:  ctype(indexc):             1
 WARNING:  water balance error   -6.8012467046158853E-005
 WARNING:  CLM step     :                        64
 WARNING:  indexc       :       1877275
 WARNING:  ctype(indexc):             1
 WARNING:  water balance error   -5.4818450920898442E-006
 WARNING:  CLM step     :                        64
 WARNING:  indexc       :        249126
 WARNING:  ctype(indexc):             1
 WARNING:  water balance error   -6.7299560607315837E-004
 WARNING:  CLM step     :                        64
 WARNING:  indexc       :        654147
 WARNING:  ctype(indexc):             1
 WARNING:  water balance error   -1.5544364417820786E-004
 WARNING:  CLM step     :                        64
 WARNING:  indexc       :        377309
 WARNING:  ctype(indexc):             1
 WARNING:  water balance error   -1.3646042503926421E-004
 WARNING:  CLM step     :                        64
 WARNING:  indexc       :       1707063
 WARNING:  ctype(indexc):             1
 WARNING:  water balance error   -5.5244376049571914E-004
 WARNING:  CLM step     :                        64
 WARNING:  indexc       :       1309811
 WARNING:  ctype(indexc):             1
 WARNING:  water balance error   -7.8633738837229330E-005
 WARNING:  CLM step     :                        64
 WARNING:  indexc       :        982157
 WARNING:  ctype(indexc):             1
 WARNING:  water balance error   -3.8141445959632110E-005
 WARNING:  CLM step     :                        64
 WARNING:  indexc       :       1135142
 WARNING:  ctype(indexc):             1
 WARNING:  water balance error   -4.8351954404663615E-005
 WARNING:  CLM step     :                        64
 WARNING:  indexc       :        510858
 WARNING:  ctype(indexc):             1
 WARNING:  water balance error   -4.5705084772920207E-005
 WARNING:  CLM step     :                        64
 WARNING:  indexc       :       1501899
 WARNING:  ctype(indexc):             1
 WARNING:  water balance error   -3.8934962278761053E-004
 WARNING:  CLM step     :                        64
 WARNING:  indexc       :        806467
 WARNING:  ctype(indexc):             1
 WARNING:  water balance error   -1.2746700951019247E-003
 WARNING:  CLM step     :                        64
 WARNING:  indexc       :         78662
 WARNING:  ctype(indexc):             1
 WARNING:  water balance error   -1.8659590188911467E-005
 WARNING:  CLM step     :                        65
 WARNING:  indexc       :       2022677
 WARNING:  ctype(indexc):             1
 WARNING:  water balance error   -1.7270181444437124E-005
 WARNING:  CLM step     :                        65
 WARNING:  indexc       :       2352190
 WARNING:  ctype(indexc):             1
 WARNING:  water balance error   -4.5464779925351234E-006
 WARNING:  CLM step     :                        65
 WARNING:  indexc       :       2136751
 WARNING:  ctype(indexc):             1
 WARNING:  water balance error   -4.3220650973011901E-006
 WARNING:  CLM step     :                        65
 WARNING:  indexc       :       2247186
 WARNING:  ctype(indexc):             1
 WARNING:  water balance error   -7.4177888181097237E-005
 WARNING:  CLM step     :                        65
 WARNING:  indexc       :       1877275
 WARNING:  ctype(indexc):             1
 WARNING:  water balance error   -6.5637657206070294E-006
 WARNING:  CLM step     :                        65
 WARNING:  indexc       :        249165
 WARNING:  ctype(indexc):             1
 WARNING:  water balance error   -7.0721452133974143E-005
 WARNING:  CLM step     :                        65
 WARNING:  indexc       :        654147
 WARNING:  ctype(indexc):             1
 WARNING:  water balance error   -1.7670412247487106E-004
 WARNING:  CLM step     :                        65
 WARNING:  indexc       :        377365
 WARNING:  ctype(indexc):             1
 WARNING:  water balance error   -6.5427124085234067E-004
 WARNING:  CLM step     :                        65
 WARNING:  indexc       :       1707136
 WARNING:  ctype(indexc):             1
 WARNING:  water balance error   -5.1467686014713000E-004
 WARNING:  CLM step     :                        65
 WARNING:  indexc       :        510759
 WARNING:  ctype(indexc):             1
 WARNING:  water balance error   -1.4996155295140818E-004
 WARNING:  CLM step     :                        65
 WARNING:  indexc       :       1309707
 WARNING:  ctype(indexc):             1
 WARNING:  water balance error   -5.6307224886197494E-004
 WARNING:  CLM step     :                        65
 WARNING:  indexc       :       1131758
 WARNING:  ctype(indexc):             1
 WARNING:  water balance error   -1.0801378521154224E-003
 WARNING:  CLM step     :                        65
 WARNING:  indexc       :       1501803
 WARNING:  ctype(indexc):             1
 WARNING:  water balance error   -3.2152612191438921E-004
 WARNING:  CLM step     :                        65
 WARNING:  indexc       :        969002
 WARNING:  ctype(indexc):             1
 WARNING:  water balance error   -4.8114883825370092E-004
 WARNING:  CLM step     :                        65
 WARNING:  indexc       :        806467
 WARNING:  ctype(indexc):             1
 WARNING:  water balance error   -1.3993139769450016E-003
 WARNING:  CLM step     :                        65
 WARNING:  indexc       :         78671
 WARNING:  ctype(indexc):             1
 WARNING:  water balance error   -2.0403432900953312E-005
 WARNING:  CLM step     :                        66
 WARNING:  indexc       :       2359131
 WARNING:  ctype(indexc):             1
 WARNING:  water balance error   -1.8220476799206506E-007
 WARNING:  CLM step     :                        66
 WARNING:  indexc       :       2022611
 WARNING:  ctype(indexc):             1
 WARNING:  water balance error   -1.4839574973526850E-006
 WARNING:  CLM step     :                        66
 WARNING:  indexc       :       2136508
 WARNING:  ctype(indexc):             1
 WARNING:  water balance error   -2.8280597073634641E-007
 WARNING:  CLM step     :                        66
 WARNING:  indexc       :       2247186
 WARNING:  ctype(indexc):             1
 WARNING:  water balance error   -7.5238814800740076E-005
 WARNING:  CLM step     :                        66
 WARNING:  indexc       :       1877275
 WARNING:  ctype(indexc):             1
 WARNING:  water balance error   -7.2793735943854413E-006
 WARNING:  CLM step     :                        66
 WARNING:  indexc       :        249132
 WARNING:  ctype(indexc):             1
 WARNING:  water balance error   -3.5020299757124030E-005
 WARNING:  CLM step     :                        66
 WARNING:  indexc       :        654147
 WARNING:  ctype(indexc):             1
 WARNING:  water balance error   -1.7921762284894100E-004
 WARNING:  CLM step     :                        66
 WARNING:  indexc       :        377309
 WARNING:  ctype(indexc):             1
 WARNING:  water balance error   -1.6961580754138743E-004
 WARNING:  CLM step     :                        66
 WARNING:  indexc       :       1707136
 WARNING:  ctype(indexc):             1
 WARNING:  water balance error   -5.0171180784144679E-004
 WARNING:  CLM step     :                        66
 WARNING:  indexc       :       1131643
 WARNING:  ctype(indexc):             1
 WARNING:  water balance error   -2.1186422942366160E-004
 WARNING:  CLM step     :                        66
 WARNING:  indexc       :       1309860
 WARNING:  ctype(indexc):             1
 WARNING:  water balance error   -4.3937493175459874E-004
 WARNING:  CLM step     :                        66
 WARNING:  indexc       :        510919
 WARNING:  ctype(indexc):             1
 WARNING:  water balance error   -1.2020730099960672E-003
 WARNING:  CLM step     :                        66
 WARNING:  indexc       :        969002
 WARNING:  ctype(indexc):             1
 WARNING:  water balance error   -6.1297058112032093E-004
 WARNING:  CLM step     :                        66
 WARNING:  indexc       :        806395
 WARNING:  ctype(indexc):             1
 WARNING:  water balance error   -9.1342739400639996E-004
 WARNING:  CLM step     :                        66
 WARNING:  indexc       :       1501899
 WARNING:  ctype(indexc):             1
 WARNING:  water balance error   -3.9788504995742692E-004
 WARNING:  CLM step     :                        66
 WARNING:  indexc       :         78662
 WARNING:  ctype(indexc):             1
 WARNING:  water balance error   -2.3999580221440757E-005
 WARNING:  CLM step     :                        67
 WARNING:  indexc       :       2352148
 WARNING:  ctype(indexc):             1
 WARNING:  water balance error   -2.5125988855216448E-007
 WARNING:  CLM step     :                        67
 WARNING:  indexc       :       2022034
 WARNING:  ctype(indexc):             1
 WARNING:  water balance error   -1.1232686041302069E-004
 WARNING:  CLM step     :                        67
 WARNING:  indexc       :       2136748
 WARNING:  ctype(indexc):             1
 WARNING:  water balance error   -4.5327609103563399E-006
 WARNING:  CLM step     :                        67
 WARNING:  indexc       :       2247126
 WARNING:  ctype(indexc):             1
 WARNING:  water balance error   -4.6994642940807112E-006
 WARNING:  CLM step     :                        67
 WARNING:  indexc       :       1885225
 WARNING:  ctype(indexc):             1
 WARNING:  water balance error   -5.3088660595366367E-003
 WARNING:  CLM step     :                        67
 WARNING:  indexc       :        249165
 WARNING:  ctype(indexc):             1
 WARNING:  water balance error   -3.1647571000941706E-003
 WARNING:  CLM step     :                        67
 WARNING:  indexc       :        653867
 WARNING:  ctype(indexc):             1
 WARNING:  water balance error   -4.0258332499236730E-004
 WARNING:  CLM step     :                        67
 WARNING:  indexc       :        377409
 WARNING:  ctype(indexc):             1
 WARNING:  water balance error   -3.5594866775178025E-006
 WARNING:  CLM step     :                        67
 WARNING:  indexc       :       1707136
 WARNING:  ctype(indexc):             1
 WARNING:  water balance error   -4.8293299955660973E-004
 WARNING:  CLM step     :                        67
 WARNING:  indexc       :       1171459
 WARNING:  ctype(indexc):             1
 WARNING:  water balance error   -4.2599785388101766E-004
 WARNING:  CLM step     :                        67
 WARNING:  indexc       :       1309811
 WARNING:  ctype(indexc):             1
 WARNING:  water balance error   -2.4641658168291479E-004
 WARNING:  CLM step     :                        67
 WARNING:  indexc       :        528935
 WARNING:  ctype(indexc):             1
 WARNING:  water balance error   -1.8143482343543617E-004
 WARNING:  CLM step     :                        67
 WARNING:  indexc       :        969002
 WARNING:  ctype(indexc):             1
 WARNING:  water balance error   -7.8428225730637908E-004
 WARNING:  CLM step     :                        67
 WARNING:  indexc       :       1501912
 WARNING:  ctype(indexc):             1
 WARNING:  water balance error   -1.2985778499622056E-003
 WARNING:  CLM step     :                        67
 WARNING:  indexc       :        877043
 WARNING:  ctype(indexc):             1
 WARNING:  water balance error   -1.7333491874002284E-004
 WARNING:  CLM step     :                        67
 WARNING:  indexc       :         78662
 WARNING:  ctype(indexc):             1
 WARNING:  water balance error    1.3607550736272406E-004
 WARNING:  CLM step     :                        68
 WARNING:  indexc       :       2352190
 WARNING:  ctype(indexc):             1
 WARNING:  water balance error   -7.6651022515378730E-006
 WARNING:  CLM step     :                        68
 WARNING:  indexc       :       2022677
 WARNING:  ctype(indexc):             1
 WARNING:  water balance error   -1.8313331933398837E-005
 WARNING:  CLM step     :                        68
 WARNING:  indexc       :       2136654
 WARNING:  ctype(indexc):             1
 WARNING:  water balance error   -1.8019628162593689E-005
 WARNING:  CLM step     :                        68
 WARNING:  indexc       :       2247186
 WARNING:  ctype(indexc):             1
 WARNING:  water balance error   -7.7388977861987847E-005
 WARNING:  CLM step     :                        68
 WARNING:  indexc       :        654147
 WARNING:  ctype(indexc):             1
 WARNING:  water balance error   -2.0264218778666553E-004
 WARNING:  CLM step     :                        68
 WARNING:  indexc       :        249123
 WARNING:  ctype(indexc):             1
 WARNING:  water balance error   -1.8422856232276630E-005
 WARNING:  CLM step     :                        68
 WARNING:  indexc       :       1877231
 WARNING:  ctype(indexc):             1
 WARNING:  water balance error   -8.5814811205619810E-005
 WARNING:  CLM step     :                        68
 WARNING:  indexc       :       1706871
 WARNING:  ctype(indexc):             1
 WARNING:  water balance error   -1.0759152288742400E-004
 WARNING:  CLM step     :                        68
 WARNING:  indexc       :        377409
 WARNING:  ctype(indexc):             1
 WARNING:  water balance error   -5.2442101414184495E-006
 WARNING:  CLM step     :                        68
 WARNING:  indexc       :       1131725
 WARNING:  ctype(indexc):             1
 WARNING:  water balance error   -2.7356970304617172E-004
 WARNING:  CLM step     :                        68
 WARNING:  indexc       :        522313
 WARNING:  ctype(indexc):             1
 WARNING:  water balance error   -5.1640528416112922E-005
 WARNING:  CLM step     :                        68
 WARNING:  indexc       :       1309825
 WARNING:  ctype(indexc):             1
 WARNING:  water balance error   -7.7979675646525815E-006
 WARNING:  CLM step     :                        68
 WARNING:  indexc       :       1501899
 WARNING:  ctype(indexc):             1
 WARNING:  water balance error   -4.3163102747861268E-004
 WARNING:  CLM step     :                        68
 WARNING:  indexc       :        806467
 WARNING:  ctype(indexc):             1
 WARNING:  water balance error   -1.5438656319124366E-003
 WARNING:  CLM step     :                        68
 WARNING:  indexc       :        969002
 WARNING:  ctype(indexc):             1
 WARNING:  water balance error   -1.0540130736990012E-003
 WARNING:  CLM step     :                        68
 WARNING:  indexc       :        100245
 WARNING:  ctype(indexc):             1
 WARNING:  water balance error   -8.1756041767217500E-006
 WARNING:  CLM step     :                        69
 WARNING:  indexc       :       2352190
 WARNING:  ctype(indexc):             1
 WARNING:  water balance error   -9.4182303279937114E-006
 WARNING:  CLM step     :                        69
 WARNING:  indexc       :       2022261
 WARNING:  ctype(indexc):             1
 WARNING:  water balance error   -1.1476476513279108E-005
 WARNING:  CLM step     :                        69
 WARNING:  indexc       :       2247186
 WARNING:  ctype(indexc):             1
 WARNING:  water balance error   -7.6279467257681866E-005
 WARNING:  CLM step     :                        69
 WARNING:  indexc       :       2136657
 WARNING:  ctype(indexc):             1
 WARNING:  water balance error   -1.0278986543804986E-005
 WARNING:  CLM step     :                        69
 WARNING:  indexc       :        249165
 WARNING:  ctype(indexc):             1
 WARNING:  water balance error   -3.9816563080026391E-003
 WARNING:  CLM step     :                        69
 WARNING:  indexc       :        654147
 WARNING:  ctype(indexc):             1
 WARNING:  water balance error   -2.0537946772691796E-004
 WARNING:  CLM step     :                        69
 WARNING:  indexc       :       1877096
 WARNING:  ctype(indexc):             1
 WARNING:  water balance error   -3.0618743713040422E-006
 WARNING:  CLM step     :                        69
 WARNING:  indexc       :       1707136
 WARNING:  ctype(indexc):             1
 WARNING:  water balance error   -5.1364919940753131E-004
 WARNING:  CLM step     :                        69
 WARNING:  indexc       :        430300
 WARNING:  ctype(indexc):             1
 WARNING:  water balance error   -5.4988845975839209E-005
 WARNING:  CLM step     :                        69
 WARNING:  indexc       :       1131758
 WARNING:  ctype(indexc):             1
 WARNING:  water balance error   -5.1972480639770587E-003
 WARNING:  CLM step     :                        69
 WARNING:  indexc       :       1309825
 WARNING:  ctype(indexc):             1
 WARNING:  water balance error   -7.6560315360275083E-006
 WARNING:  CLM step     :                        69
 WARNING:  indexc       :        510919
 WARNING:  ctype(indexc):             1
 WARNING:  water balance error   -1.6252206075753508E-003
 WARNING:  CLM step     :                        69
 WARNING:  indexc       :       1501899
 WARNING:  ctype(indexc):             1
 WARNING:  water balance error   -4.3713303206185093E-004
 WARNING:  CLM step     :                        69
 WARNING:  indexc       :        969002
 WARNING:  ctype(indexc):             1
 WARNING:  water balance error   -2.7377031202473583E-003
 WARNING:  CLM step     :                        69
 WARNING:  indexc       :        806467
 WARNING:  ctype(indexc):             1
 WARNING:  water balance error   -1.5427374256783762E-003
 WARNING:  CLM step     :                        69
 WARNING:  indexc       :         92755
 WARNING:  ctype(indexc):             1
 WARNING:  water balance error   -2.4651777583638567E-004
 WARNING:  CLM step     :                        70
 WARNING:  indexc       :       2352151
 WARNING:  ctype(indexc):             1
 WARNING:  water balance error   -1.0298246857690826E-007
 WARNING:  CLM step     :                        70
 WARNING:  indexc       :       2022644
 WARNING:  ctype(indexc):             1
 WARNING:  water balance error   -1.7143883549908125E-006
 WARNING:  CLM step     :                        70
 WARNING:  indexc       :       2247186
 WARNING:  ctype(indexc):             1
 WARNING:  water balance error   -7.6447584294001429E-005
 WARNING:  CLM step     :                        70
 WARNING:  indexc       :       2136654
 WARNING:  ctype(indexc):             1
 WARNING:  water balance error   -3.3478172598389974E-005
 WARNING:  CLM step     :                        70
 WARNING:  indexc       :        249165
 WARNING:  ctype(indexc):             1
 WARNING:  water balance error   -9.8888487605262651E-005
 WARNING:  CLM step     :                        70
 WARNING:  indexc       :        654117
 WARNING:  ctype(indexc):             1
 WARNING:  water balance error   -7.7992290967055728E-005
 WARNING:  CLM step     :                        70
 WARNING:  indexc       :       1877231
 WARNING:  ctype(indexc):             1
 WARNING:  water balance error   -9.6967630233834231E-005
 WARNING:  CLM step     :                        70
 WARNING:  indexc       :       1706992
 WARNING:  ctype(indexc):             1
 WARNING:  water balance error   -1.4979235507140774E-003
 WARNING:  CLM step     :                        70
 WARNING:  indexc       :        377409
 WARNING:  ctype(indexc):             1
 WARNING:  water balance error   -7.2399270759635533E-006
 WARNING:  CLM step     :                        70
 WARNING:  indexc       :       1192141
 WARNING:  ctype(indexc):             1
 WARNING:  water balance error   -3.9698626740401836E-004
 WARNING:  CLM step     :                        70
 WARNING:  indexc       :       1309811
 WARNING:  ctype(indexc):             1
 WARNING:  water balance error   -5.3903844887064967E-004
 WARNING:  CLM step     :                        70
 WARNING:  indexc       :        510825
 WARNING:  ctype(indexc):             1
 WARNING:  water balance error   -3.0593051174739028E-004
 WARNING:  CLM step     :                        70
 WARNING:  indexc       :       1501848
 WARNING:  ctype(indexc):             1
 WARNING:  water balance error   -8.4726707770827272E-004
 WARNING:  CLM step     :                        70
 WARNING:  indexc       :        806467
 WARNING:  ctype(indexc):             1
 WARNING:  water balance error   -1.5629310938356893E-003
 WARNING:  CLM step     :                        70
 WARNING:  indexc       :        970052
 WARNING:  ctype(indexc):             1
 WARNING:  water balance error   -5.8293418403109284E-005
 WARNING:  CLM step     :                        70
 WARNING:  indexc       :         78662
 WARNING:  ctype(indexc):             1
 WARNING:  water balance error   -3.0290482465648849E-005
 WARNING:  CLM step     :                        71
 WARNING:  indexc       :       2352181
 WARNING:  ctype(indexc):             1
 WARNING:  water balance error   -8.7480915986996640E-006
 WARNING:  CLM step     :                        71
 WARNING:  indexc       :       2022677
 WARNING:  ctype(indexc):             1
 WARNING:  water balance error   -2.0882930130432999E-005
 WARNING:  CLM step     :                        71
 WARNING:  indexc       :       2247186
 WARNING:  ctype(indexc):             1
 WARNING:  water balance error   -8.0695164896879529E-005
 WARNING:  CLM step     :                        71
 WARNING:  indexc       :       2136748
 WARNING:  ctype(indexc):             1
 WARNING:  water balance error   -8.5565205272913046E-006
 WARNING:  CLM step     :                        71
 WARNING:  indexc       :        284798
 WARNING:  ctype(indexc):             1
 WARNING:  water balance error   -7.5086029119796832E-003
 WARNING:  CLM step     :                        71
 WARNING:  indexc       :        654117
 WARNING:  ctype(indexc):             1
 WARNING:  water balance error   -9.0228527816494264E-005
 WARNING:  CLM step     :                        71
 WARNING:  indexc       :       1877228
 WARNING:  ctype(indexc):             1
 WARNING:  water balance error   -1.6477370056719012E-004
 WARNING:  CLM step     :                        71
 WARNING:  indexc       :        377409
 WARNING:  ctype(indexc):             1
 WARNING:  water balance error   -1.0795587351732837E-005
 WARNING:  CLM step     :                        71
 WARNING:  indexc       :       1707136
 WARNING:  ctype(indexc):             1
 WARNING:  water balance error   -5.6475157631545711E-004
 WARNING:  CLM step     :                        71
 WARNING:  indexc       :       1131725
 WARNING:  ctype(indexc):             1
 WARNING:  water balance error   -1.0685433672614527E-003
 WARNING:  CLM step     :                        71
 WARNING:  indexc       :        561884
 WARNING:  ctype(indexc):             1
 WARNING:  water balance error   -8.2224468240689420E-004
 WARNING:  CLM step     :                        71
 WARNING:  indexc       :       1309771
 WARNING:  ctype(indexc):             1
 WARNING:  water balance error   -1.4249627223242823E-003
 WARNING:  CLM step     :                        71
 WARNING:  indexc       :        969002
 WARNING:  ctype(indexc):             1
 WARNING:  water balance error   -1.3607230248131150E-003
 WARNING:  CLM step     :                        71
 WARNING:  indexc       :       1501899
 WARNING:  ctype(indexc):             1
 WARNING:  water balance error   -4.3577324214302376E-004
 WARNING:  CLM step     :                        71
 WARNING:  indexc       :        806467
 WARNING:  ctype(indexc):             1
 WARNING:  water balance error   -1.6312959189385206E-003
 WARNING:  CLM step     :                        71
 WARNING:  indexc       :         78632
 WARNING:  ctype(indexc):             1
 WARNING:  water balance error   -9.7792504356733272E-006
 WARNING:  CLM step     :                        72
 WARNING:  indexc       :       2352100
 WARNING:  ctype(indexc):             1
 WARNING:  water balance error   -8.0061710519013191E-007
 WARNING:  CLM step     :                        72
 WARNING:  indexc       :       2022585
 WARNING:  ctype(indexc):             1
 WARNING:  water balance error   -3.2331149437679109E-006
 WARNING:  CLM step     :                        72
 WARNING:  indexc       :       2136751
 WARNING:  ctype(indexc):             1
 WARNING:  water balance error   -1.2526837665898446E-005
 WARNING:  CLM step     :                        72
 WARNING:  indexc       :       2247186
 WARNING:  ctype(indexc):             1
 WARNING:  water balance error   -8.1007391094346096E-005
 WARNING:  CLM step     :                        72
 WARNING:  indexc       :        249126
 WARNING:  ctype(indexc):             1
 WARNING:  water balance error   -2.9335475373549677E-005
 WARNING:  CLM step     :                        72
 WARNING:  indexc       :       1877176
 WARNING:  ctype(indexc):             1
 WARNING:  water balance error   -1.1722969793956927E-005
 WARNING:  CLM step     :                        72
 WARNING:  indexc       :        654147
 WARNING:  ctype(indexc):             1
 WARNING:  water balance error   -2.6816621394373845E-004
 WARNING:  CLM step     :                        72
 WARNING:  indexc       :       1706687
 WARNING:  ctype(indexc):             1
 WARNING:  water balance error   -1.5091785807732334E-004
 WARNING:  CLM step     :                        72
 WARNING:  indexc       :        377365
 WARNING:  ctype(indexc):             1
 WARNING:  water balance error   -1.7133763121455420E-003
 WARNING:  CLM step     :                        72
 WARNING:  indexc       :       1131570
 WARNING:  ctype(indexc):             1
 WARNING:  water balance error   -8.8539892761323397E-004
 WARNING:  CLM step     :                        72
 WARNING:  indexc       :       1309811
 WARNING:  ctype(indexc):             1
 WARNING:  water balance error   -7.6073134677548946E-004
 WARNING:  CLM step     :                        72
 WARNING:  indexc       :        510919
 WARNING:  ctype(indexc):             1
 WARNING:  water balance error   -1.9829942959916635E-003
 WARNING:  CLM step     :                        72
 WARNING:  indexc       :       1501899
 WARNING:  ctype(indexc):             1
 WARNING:  water balance error   -4.4147495740512992E-004
 WARNING:  CLM step     :                        72
 WARNING:  indexc       :        969002
 WARNING:  ctype(indexc):             1
 WARNING:  water balance error   -1.3991004715705679E-003
 WARNING:  CLM step     :                        72
 WARNING:  indexc       :        806467
 WARNING:  ctype(indexc):             1
 WARNING:  water balance error   -1.6318360971209127E-003
 WARNING:  CLM step     :                        72
 WARNING:  indexc       :         78662
 WARNING:  ctype(indexc):             1
 WARNING:  water balance error   -2.9939962813078714E-005
 WARNING:  CLM step     :                        73
 WARNING:  indexc       :       2352181
 WARNING:  ctype(indexc):             1
 WARNING:  water balance error   -1.2859147474445431E-005
 WARNING:  CLM step     :                        73
 WARNING:  indexc       :       2022585
 WARNING:  ctype(indexc):             1
 WARNING:  water balance error   -2.2094346184239107E-006
 WARNING:  CLM step     :                        73
 WARNING:  indexc       :       2247186
 WARNING:  ctype(indexc):             1
 WARNING:  water balance error   -8.1099538836674407E-005
 WARNING:  CLM step     :                        73
 WARNING:  indexc       :       2136751
 WARNING:  ctype(indexc):             1
 WARNING:  water balance error   -1.4348387362943905E-005
 WARNING:  CLM step     :                        73
 WARNING:  indexc       :       1877176
 WARNING:  ctype(indexc):             1
 WARNING:  water balance error   -1.2704908921329310E-005
 WARNING:  CLM step     :                        73
 WARNING:  indexc       :        249165
 WARNING:  ctype(indexc):             1
 WARNING:  water balance error   -4.7385328187613549E-003
 WARNING:  CLM step     :                        73
 WARNING:  indexc       :        654147
 WARNING:  ctype(indexc):             1
 WARNING:  water balance error   -2.7100272817535536E-004
 WARNING:  CLM step     :                        73
 WARNING:  indexc       :       1707136
 WARNING:  ctype(indexc):             1
 WARNING:  water balance error   -5.8736281068587424E-004
 WARNING:  CLM step     :                        73
 WARNING:  indexc       :       1131725
 WARNING:  ctype(indexc):             1
 WARNING:  water balance error   -2.2051567750894642E-003
 WARNING:  CLM step     :                        73
 WARNING:  indexc       :        378791
 WARNING:  ctype(indexc):             1
 WARNING:  water balance error   -9.5515892105842788E-004
 WARNING:  CLM step     :                        73
 WARNING:  indexc       :       1309825
 WARNING:  ctype(indexc):             1
 WARNING:  water balance error   -9.3083215659808604E-006
 WARNING:  CLM step     :                        73
 WARNING:  indexc       :        510858
 WARNING:  ctype(indexc):             1
 WARNING:  water balance error   -1.0073934421989735E-004
 WARNING:  CLM step     :                        73
 WARNING:  indexc       :       1501803
 WARNING:  ctype(indexc):             1
 WARNING:  water balance error   -3.5154716694046239E-004
 WARNING:  CLM step     :                        73
 WARNING:  indexc       :        806368
 WARNING:  ctype(indexc):             1
 WARNING:  water balance error   -2.6519051725580984E-003
 WARNING:  CLM step     :                        73
 WARNING:  indexc       :        969002
 WARNING:  ctype(indexc):             1
 WARNING:  water balance error   -1.4255734688281604E-003
 WARNING:  CLM step     :                        73
 WARNING:  indexc       :         78662
 WARNING:  ctype(indexc):             1
 WARNING:  water balance error   -2.7413347312376751E-005
 WARNING:  CLM step     :                        74
 WARNING:  indexc       :       2352190
 WARNING:  ctype(indexc):             1
 WARNING:  water balance error   -2.3190458507016568E-005
 WARNING:  CLM step     :                        74
 WARNING:  indexc       :       2022173
 WARNING:  ctype(indexc):             1
 WARNING:  water balance error   -4.9656180221381357E-006
 WARNING:  CLM step     :                        74
 WARNING:  indexc       :       2247186
 WARNING:  ctype(indexc):             1
 WARNING:  water balance error   -2.0814393198465406E-005
 WARNING:  CLM step     :                        74
 WARNING:  indexc       :       2136508
 WARNING:  ctype(indexc):             1
 WARNING:  water balance error   -1.2312425951967139E-006
 WARNING:  CLM step     :                        74
 WARNING:  indexc       :       1877275
 WARNING:  ctype(indexc):             1
 WARNING:  water balance error   -4.1619564151836502E-005
 WARNING:  CLM step     :                        74
 WARNING:  indexc       :        267707
 WARNING:  ctype(indexc):             1
 WARNING:  water balance error   -1.7223264550063174E-002
 WARNING:  CLM step     :                        74
 WARNING:  indexc       :        654147
 WARNING:  ctype(indexc):             1
 WARNING:  water balance error   -2.9774153016903126E-004
 WARNING:  CLM step     :                        74
 WARNING:  indexc       :       1707136
 WARNING:  ctype(indexc):             1
 WARNING:  water balance error   -6.2517836050635599E-004
 WARNING:  CLM step     :                        74
 WARNING:  indexc       :        377409
 WARNING:  ctype(indexc):             1
 WARNING:  water balance error   -2.9313758998469599E-005
 WARNING:  CLM step     :                        74
 WARNING:  indexc       :       1131755
 WARNING:  ctype(indexc):             1
 WARNING:  water balance error   -1.1505660725762474E-002
 WARNING:  CLM step     :                        74
 WARNING:  indexc       :        510858
 WARNING:  ctype(indexc):             1
 WARNING:  water balance error   -1.4988608348761402E-004
 WARNING:  CLM step     :                        74
 WARNING:  indexc       :       1309811
 WARNING:  ctype(indexc):             1
 WARNING:  water balance error   -1.0850795874329251E-003
 WARNING:  CLM step     :                        74
 WARNING:  indexc       :       1501912
 WARNING:  ctype(indexc):             1
 WARNING:  water balance error   -1.3289763233786602E-003
 WARNING:  CLM step     :                        74
 WARNING:  indexc       :        969002
 WARNING:  ctype(indexc):             1
 WARNING:  water balance error   -1.7343528619659281E-003
 WARNING:  CLM step     :                        74
 WARNING:  indexc       :         78662
 WARNING:  ctype(indexc):             1
 WARNING:  water balance error   -1.8514190096327804E-005
 WARNING:  CLM step     :                        74
 WARNING:  indexc       :        806467
 WARNING:  ctype(indexc):             1
 WARNING:  water balance error   -1.7219413720908048E-003
 WARNING:  CLM step     :                        75
 WARNING:  indexc       :       2352190
 WARNING:  ctype(indexc):             1
 WARNING:  water balance error   -2.3115788975594934E-005
 WARNING:  CLM step     :                        75
 WARNING:  indexc       :       2022075
 WARNING:  ctype(indexc):             1
 WARNING:  water balance error   -7.7246122387784625E-006
 WARNING:  CLM step     :                        75
 WARNING:  indexc       :       2136748
 WARNING:  ctype(indexc):             1
 WARNING:  water balance error   -1.6333138329249091E-005
 WARNING:  CLM step     :                        75
 WARNING:  indexc       :       2247186
 WARNING:  ctype(indexc):             1
 WARNING:  water balance error   -9.3150879711898258E-005
 WARNING:  CLM step     :                        75
 WARNING:  indexc       :        249165
 WARNING:  ctype(indexc):             1
 WARNING:  water balance error   -1.4021776705478264E-004
 WARNING:  CLM step     :                        75
 WARNING:  indexc       :        654147
 WARNING:  ctype(indexc):             1
 WARNING:  water balance error   -3.0090275563972931E-004
 WARNING:  CLM step     :                        75
 WARNING:  indexc       :       1877275
 WARNING:  ctype(indexc):             1
 WARNING:  water balance error   -6.0057047836937520E-005
 WARNING:  CLM step     :                        75
 WARNING:  indexc       :       1707016
 WARNING:  ctype(indexc):             1
 WARNING:  water balance error   -1.4991528484472494E-003
 WARNING:  CLM step     :                        75
 WARNING:  indexc       :       1131758
 WARNING:  ctype(indexc):             1
 WARNING:  water balance error   -6.7778616736720865E-003
 WARNING:  CLM step     :                        75
 WARNING:  indexc       :        377309
 WARNING:  ctype(indexc):             1
 WARNING:  water balance error   -6.0301932059543192E-004
 WARNING:  CLM step     :                        75
 WARNING:  indexc       :        510858
 WARNING:  ctype(indexc):             1
 WARNING:  water balance error   -1.5290506313514981E-004
 WARNING:  CLM step     :                        75
 WARNING:  indexc       :        807173
 WARNING:  ctype(indexc):             1
 WARNING:  water balance error   -1.5356157889311996E-003
 WARNING:  CLM step     :                        75
 WARNING:  indexc       :        972170
 WARNING:  ctype(indexc):             1
 WARNING:  water balance error   -2.1979383947016585E-002
 WARNING:  CLM step     :                        75
 WARNING:  indexc       :       1501773
 WARNING:  ctype(indexc):             1
 WARNING:  water balance error   -3.5490143826997768E-004
 WARNING:  CLM step     :                        75
 WARNING:  indexc       :       1309825
 WARNING:  ctype(indexc):             1
 WARNING:  water balance error   -1.3571570520700489E-005
 WARNING:  CLM step     :                        75
 WARNING:  indexc       :         78395
 WARNING:  ctype(indexc):             1
 WARNING:  water balance error   -3.9848937423376081E-005
 WARNING:  CLM step     :                        76
 WARNING:  indexc       :       2352001
 WARNING:  ctype(indexc):             1
 WARNING:  water balance error   -3.4126346049179253E-005
 WARNING:  CLM step     :                        76
 WARNING:  indexc       :       2022677
 WARNING:  ctype(indexc):             1
 WARNING:  water balance error   -2.1752477809294241E-005
 WARNING:  CLM step     :                        76
 WARNING:  indexc       :       2247186
 WARNING:  ctype(indexc):             1
 WARNING:  water balance error   -9.1981182089288620E-005
 WARNING:  CLM step     :                        76
 WARNING:  indexc       :       2136748
 WARNING:  ctype(indexc):             1
 WARNING:  water balance error   -1.7788453770373707E-005
 WARNING:  CLM step     :                        76
 WARNING:  indexc       :       1877179
 WARNING:  ctype(indexc):             1
 WARNING:  water balance error   -4.3888158017828705E-006
 WARNING:  CLM step     :                        76
 WARNING:  indexc       :        654147
 WARNING:  ctype(indexc):             1
 WARNING:  water balance error   -3.0341740475497416E-004
 WARNING:  CLM step     :                        76
 WARNING:  indexc       :        249165
 WARNING:  ctype(indexc):             1
 WARNING:  water balance error   -1.4356670893643679E-004
 WARNING:  CLM step     :                        76
 WARNING:  indexc       :       1706944
 WARNING:  ctype(indexc):             1
 WARNING:  water balance error   -1.4513082301453506E-003
 WARNING:  CLM step     :                        76
 WARNING:  indexc       :        377365
 WARNING:  ctype(indexc):             1
 WARNING:  water balance error   -2.0433494272261042E-003
 WARNING:  CLM step     :                        76
 WARNING:  indexc       :       1131758
 WARNING:  ctype(indexc):             1
 WARNING:  water balance error   -6.8015064737286740E-003
 WARNING:  CLM step     :                        76
 WARNING:  indexc       :        510858
 WARNING:  ctype(indexc):             1
 WARNING:  water balance error   -1.5362097996444627E-004
 WARNING:  CLM step     :                        76
 WARNING:  indexc       :       1309642
 WARNING:  ctype(indexc):             1
 WARNING:  water balance error   -1.4620995674647134E-005
 WARNING:  CLM step     :                        76
 WARNING:  indexc       :       1501848
 WARNING:  ctype(indexc):             1
 WARNING:  water balance error   -9.7434569992151142E-004
 WARNING:  CLM step     :                        76
 WARNING:  indexc       :        970762
 WARNING:  ctype(indexc):             1
 WARNING:  water balance error   -4.8713588848026315E-005
 WARNING:  CLM step     :                        76
 WARNING:  indexc       :        806467
 WARNING:  ctype(indexc):             1
 WARNING:  water balance error   -1.7463161095545095E-003
 WARNING:  CLM step     :                        76
 WARNING:  indexc       :         78471
 WARNING:  ctype(indexc):             1
 WARNING:  water balance error   -1.3286521603493289E-005
 WARNING:  CLM step     :                        77
 WARNING:  indexc       :       2352148
 WARNING:  ctype(indexc):             1
 WARNING:  water balance error   -4.9313446198526783E-007
 WARNING:  CLM step     :                        77
 WARNING:  indexc       :       2022677
 WARNING:  ctype(indexc):             1
 WARNING:  water balance error   -2.0508429606474148E-005
 WARNING:  CLM step     :                        77
 WARNING:  indexc       :       2136142
 WARNING:  ctype(indexc):             1
 WARNING:  water balance error   -6.4282191052388826E-006
 WARNING:  CLM step     :                        77
 WARNING:  indexc       :       2247186
 WARNING:  ctype(indexc):             1
 WARNING:  water balance error   -1.2079431226013119E-004
 WARNING:  CLM step     :                        77
 WARNING:  indexc       :        249165
 WARNING:  ctype(indexc):             1
 WARNING:  water balance error   -6.6911933265325985E-003
 WARNING:  CLM step     :                        77
 WARNING:  indexc       :       1877228
 WARNING:  ctype(indexc):             1
 WARNING:  water balance error   -1.0156403936639864E-004
 WARNING:  CLM step     :                        77
 WARNING:  indexc       :        654147
 WARNING:  ctype(indexc):             1
 WARNING:  water balance error   -3.4864679239866473E-004
 WARNING:  CLM step     :                        77
 WARNING:  indexc       :        377365
 WARNING:  ctype(indexc):             1
 WARNING:  water balance error   -2.2142550211290603E-003
 WARNING:  CLM step     :                        77
 WARNING:  indexc       :       1707136
 WARNING:  ctype(indexc):             1
 WARNING:  water balance error   -7.4838271202906312E-004
 WARNING:  CLM step     :                        77
 WARNING:  indexc       :       1131728
 WARNING:  ctype(indexc):             1
 WARNING:  water balance error   -6.8624384959527773E-003
 WARNING:  CLM step     :                        77
 WARNING:  indexc       :        510858
 WARNING:  ctype(indexc):             1
 WARNING:  water balance error   -1.5278888835421967E-004
 WARNING:  CLM step     :                        77
 WARNING:  indexc       :       1309811
 WARNING:  ctype(indexc):             1
 WARNING:  water balance error   -1.1541021879279535E-003
 WARNING:  CLM step     :                        77
 WARNING:  indexc       :       1501851
 WARNING:  ctype(indexc):             1
 WARNING:  water balance error   -1.4135411783054352E-003
 WARNING:  CLM step     :                        77
 WARNING:  indexc       :        969002
 WARNING:  ctype(indexc):             1
 WARNING:  water balance error   -1.9185001340558542E-003
 WARNING:  CLM step     :                        77
 WARNING:  indexc       :        806467
 WARNING:  ctype(indexc):             1
 WARNING:  water balance error   -1.8275048745511249E-003
 WARNING:  CLM step     :                        77
 WARNING:  indexc       :         78632
 WARNING:  ctype(indexc):             1
 WARNING:  water balance error   -9.6917963276335324E-004
 WARNING:  CLM step     :                        78
 WARNING:  indexc       :       2022644
 WARNING:  ctype(indexc):             1
 WARNING:  water balance error   -1.2959006511960387E-006
 WARNING:  CLM step     :                        78
 WARNING:  indexc       :       2352032
 WARNING:  ctype(indexc):             1
 WARNING:  water balance error   -1.3676579291083387E-006
 WARNING:  CLM step     :                        78
 WARNING:  indexc       :       2136517
 WARNING:  ctype(indexc):             1
 WARNING:  water balance error   -1.9029102824871485E-005
 WARNING:  CLM step     :                        78
 WARNING:  indexc       :       2247186
 WARNING:  ctype(indexc):             1
 WARNING:  water balance error   -3.3630783022265186E-005
 WARNING:  CLM step     :                        78
 WARNING:  indexc       :       1877228
 WARNING:  ctype(indexc):             1
 WARNING:  water balance error   -7.8967342175394781E-005
 WARNING:  CLM step     :                        78
 WARNING:  indexc       :        654147
 WARNING:  ctype(indexc):             1
 WARNING:  water balance error   -3.5270181141839284E-004
 WARNING:  CLM step     :                        78
 WARNING:  indexc       :        249165
 WARNING:  ctype(indexc):             1
 WARNING:  water balance error   -1.6207255412553786E-004
 WARNING:  CLM step     :                        78
 WARNING:  indexc       :        424809
 WARNING:  ctype(indexc):             1
 WARNING:  water balance error   -5.6778210832587406E-004
 WARNING:  CLM step     :                        78
 WARNING:  indexc       :       1707125
 WARNING:  ctype(indexc):             1
 WARNING:  water balance error   -2.3848569525330202E-003
 WARNING:  CLM step     :                        78
 WARNING:  indexc       :       1131758
 WARNING:  ctype(indexc):             1
 WARNING:  water balance error   -7.6640159013073609E-003
 WARNING:  CLM step     :                        78
 WARNING:  indexc       :        510919
 WARNING:  ctype(indexc):             1
 WARNING:  water balance error   -3.6161347189234360E-003
 WARNING:  CLM step     :                        78
 WARNING:  indexc       :       1340488
 WARNING:  ctype(indexc):             1
 WARNING:  water balance error   -1.0317525249701519E-002
 WARNING:  CLM step     :                        78
 WARNING:  indexc       :        972170
 WARNING:  ctype(indexc):             1
 WARNING:  water balance error   -2.2582115107471441E-002
 WARNING:  CLM step     :                        78
 WARNING:  indexc       :       1501803
 WARNING:  ctype(indexc):             1
 WARNING:  water balance error   -3.8160018346233599E-004
 WARNING:  CLM step     :                        78
 WARNING:  indexc       :        806467
 WARNING:  ctype(indexc):             1
 WARNING:  water balance error   -1.8342433606113194E-003
 WARNING:  CLM step     :                        78
 WARNING:  indexc       :         92951
 WARNING:  ctype(indexc):             1
 WARNING:  water balance error   -8.5299572730431980E-005
 WARNING:  CLM step     :                        79
 WARNING:  indexc       :       2352100
 WARNING:  ctype(indexc):             1
 WARNING:  water balance error   -1.0329765838601488E-006
 WARNING:  CLM step     :                        79
 WARNING:  indexc       :       2022677
 WARNING:  ctype(indexc):             1
 WARNING:  water balance error   -2.0256346962429423E-005
 WARNING:  CLM step     :                        79
 WARNING:  indexc       :       2136548
 WARNING:  ctype(indexc):             1
 WARNING:  water balance error   -8.0423712906907978E-006
 WARNING:  CLM step     :                        79
 WARNING:  indexc       :       2247186
 WARNING:  ctype(indexc):             1
 WARNING:  water balance error   -1.7551706215781598E-004
 WARNING:  CLM step     :                        79
 WARNING:  indexc       :       1877228
 WARNING:  ctype(indexc):             1
 WARNING:  water balance error   -8.4520575774273729E-005
 WARNING:  CLM step     :                        79
 WARNING:  indexc       :        290103
 WARNING:  ctype(indexc):             1
 WARNING:  water balance error   -5.6769003168798213E-003
 WARNING:  CLM step     :                        79
 WARNING:  indexc       :        654117
 WARNING:  ctype(indexc):             1
 WARNING:  water balance error   -9.0297427390406275E-005
 WARNING:  CLM step     :                        79
 WARNING:  indexc       :       1706871
 WARNING:  ctype(indexc):             1
 WARNING:  water balance error   -2.0021558324950388E-004
 WARNING:  CLM step     :                        79
 WARNING:  indexc       :        377365
 WARNING:  ctype(indexc):             1
 WARNING:  water balance error   -2.2394659525178935E-003
 WARNING:  CLM step     :                        79
 WARNING:  indexc       :       1131758
 WARNING:  ctype(indexc):             1
 WARNING:  water balance error   -7.7119618243665523E-003
 WARNING:  CLM step     :                        79
 WARNING:  indexc       :        510919
 WARNING:  ctype(indexc):             1
 WARNING:  water balance error   -3.6497932678231145E-003
 WARNING:  CLM step     :                        79
 WARNING:  indexc       :       1309811
 WARNING:  ctype(indexc):             1
 WARNING:  water balance error   -1.1520495751000796E-003
 WARNING:  CLM step     :                        79
 WARNING:  indexc       :        968926
 WARNING:  ctype(indexc):             1
 WARNING:  water balance error   -2.9674481239913893E-003
 WARNING:  CLM step     :                        79
 WARNING:  indexc       :       1501851
 WARNING:  ctype(indexc):             1
 WARNING:  water balance error   -1.4531084547111950E-003
 WARNING:  CLM step     :                        79
 WARNING:  indexc       :        806467
 WARNING:  ctype(indexc):             1
 WARNING:  water balance error   -1.8589963927933401E-003
 WARNING:  CLM step     :                        79
 WARNING:  indexc       :         78662
 WARNING:  ctype(indexc):             1
 WARNING:  water balance error   -3.6382556898849658E-005
 WARNING:  CLM step     :                        80
 WARNING:  indexc       :       2352644
 WARNING:  ctype(indexc):             1
 WARNING:  water balance error   -4.2749947853961816E-007
 WARNING:  CLM step     :                        80
 WARNING:  indexc       :       2022611
 WARNING:  ctype(indexc):             1
 WARNING:  water balance error   -4.7402031970702660E-007
 WARNING:  CLM step     :                        80
 WARNING:  indexc       :       2136781
 WARNING:  ctype(indexc):             1
 WARNING:  water balance error   -2.1859030944706591E-007
 WARNING:  CLM step     :                        80
 WARNING:  indexc       :       2247186
 WARNING:  ctype(indexc):             1
 WARNING:  water balance error   -2.2476420691773698E-004
 WARNING:  CLM step     :                        80
 WARNING:  indexc       :       1903020
 WARNING:  ctype(indexc):             1
 WARNING:  water balance error   -3.5269121815399631E-004
 WARNING:  CLM step     :                        80
 WARNING:  indexc       :        249165
 WARNING:  ctype(indexc):             1
 WARNING:  water balance error   -7.3134190386745556E-003
 WARNING:  CLM step     :                        80
 WARNING:  indexc       :        654147
 WARNING:  ctype(indexc):             1
 WARNING:  water balance error   -4.0022960662604312E-004
 WARNING:  CLM step     :                        80
 WARNING:  CLM step     :                        80
 WARNING:  indexc       :        510867
 WARNING:  indexc       :       1749386
 WARNING:  ctype(indexc):             1
 WARNING:  ctype(indexc):             1
 WARNING:  water balance error   -1.0577716945411385E-003
 WARNING:  water balance error    5.9241702210536921E-004
 WARNING:  CLM step     :                        80
 WARNING:  indexc       :       1131725
 WARNING:  ctype(indexc):             1
 WARNING:  water balance error   -5.3396488440723986E-003
 WARNING:  CLM step     :                        80
 WARNING:  indexc       :        377365
 WARNING:  ctype(indexc):             1
 WARNING:  water balance error   -2.3304106033494696E-003
 WARNING:  CLM step     :                        80
 WARNING:  indexc       :       1309825
 WARNING:  ctype(indexc):             1
 WARNING:  water balance error   -1.4474330342038064E-005
 WARNING:  CLM step     :                        80
 WARNING:  indexc       :       1501899
 WARNING:  ctype(indexc):             1
 WARNING:  water balance error   -5.0392850367687576E-004
 WARNING:  CLM step     :                        80
 WARNING:  indexc       :        969002
 WARNING:  ctype(indexc):             1
 WARNING:  water balance error   -2.1824521885127446E-003
 WARNING:  CLM step     :                        80
 WARNING:  indexc       :        867766
 WARNING:  ctype(indexc):             1
 WARNING:  water balance error   -6.9598583911055316E-004
 WARNING:  CLM step     :                        80
 WARNING:  indexc       :         78662
 WARNING:  ctype(indexc):             1
 WARNING:  water balance error   -4.4817455060220694E-005
 WARNING:  CLM step     :                        81
 WARNING:  indexc       :       2022677
 WARNING:  ctype(indexc):             1
 WARNING:  water balance error   -2.0516416328745707E-005
 WARNING:  CLM step     :                        81
 WARNING:  indexc       :       2247186
 WARNING:  ctype(indexc):             1
 WARNING:  water balance error   -2.3101592451233927E-004
 WARNING:  CLM step     :                        81
 WARNING:  indexc       :       2352190
 WARNING:  ctype(indexc):             1
 WARNING:  water balance error   -3.2987958179266807E-005
 WARNING:  CLM step     :                        81
 WARNING:  indexc       :       2136751
 WARNING:  ctype(indexc):             1
 WARNING:  water balance error   -8.1316788345658805E-005
 WARNING:  CLM step     :                        81
 WARNING:  indexc       :       1877228
 WARNING:  ctype(indexc):             1
 WARNING:  water balance error   -1.8801017050015426E-004
 WARNING:  CLM step     :                        81
 WARNING:  indexc       :        249742
 WARNING:  ctype(indexc):             1
 WARNING:  water balance error   -4.1559575429247955E-003
 WARNING:  CLM step     :                        81
 WARNING:  indexc       :        654147
 WARNING:  ctype(indexc):             1
 WARNING:  water balance error   -4.0406275340197731E-004
 WARNING:  CLM step     :                        81
 WARNING:  indexc       :       1722742
 WARNING:  ctype(indexc):             1
 WARNING:  water balance error   -3.0592130091918377E-003
 WARNING:  CLM step     :                        81
 WARNING:  indexc       :       1131728
 WARNING:  ctype(indexc):             1
 WARNING:  water balance error   -9.7768361272906525E-003
 WARNING:  CLM step     :                        81
 WARNING:  indexc       :        377409
 WARNING:  ctype(indexc):             1
 WARNING:  water balance error   -7.7818761502154282E-005
 WARNING:  CLM step     :                        81
 WARNING:  indexc       :        510858
 WARNING:  ctype(indexc):             1
 WARNING:  water balance error   -1.5131249020946359E-004
 WARNING:  CLM step     :                        81
 WARNING:  indexc       :       1309803
 WARNING:  ctype(indexc):             1
 WARNING:  water balance error   -2.7541517514680551E-003
 WARNING:  CLM step     :                        81
 WARNING:  indexc       :       1501912
 WARNING:  ctype(indexc):             1
 WARNING:  water balance error   -1.5400685642196063E-003
 WARNING:  CLM step     :                        81
 WARNING:  indexc       :        995754
 WARNING:  ctype(indexc):             1
 WARNING:  water balance error   -2.3065480520272201E-003
 WARNING:  CLM step     :                        81
 WARNING:  indexc       :        806403
 WARNING:  ctype(indexc):             1
 WARNING:  water balance error   -7.0048766486117443E-004
 WARNING:  CLM step     :                        81
 WARNING:  indexc       :         78632
 WARNING:  ctype(indexc):             1
 WARNING:  water balance error   -3.0434485993910141E-005
 WARNING:  CLM step     :                        82
 WARNING:  indexc       :       2352043
 WARNING:  ctype(indexc):             1
 WARNING:  water balance error   -3.0285554017697162E-006
 WARNING:  CLM step     :                        82
 WARNING:  indexc       :       2022611
 WARNING:  ctype(indexc):             1
 WARNING:  water balance error   -5.2577929492611509E-007
 WARNING:  CLM step     :                        82
 WARNING:  indexc       :       2247186
 WARNING:  ctype(indexc):             1
 WARNING:  water balance error   -2.4053819177941049E-004
 WARNING:  CLM step     :                        82
 WARNING:  indexc       :       2136751
 WARNING:  ctype(indexc):             1
 WARNING:  water balance error   -7.3134811096659571E-005
 WARNING:  CLM step     :                        82
 WARNING:  indexc       :       1877126
 WARNING:  ctype(indexc):             1
 WARNING:  water balance error   -3.9316554578666926E-005
 WARNING:  CLM step     :                        82
 WARNING:  indexc       :        654117
 WARNING:  ctype(indexc):             1
 WARNING:  water balance error   -8.3510489842147914E-005
 WARNING:  CLM step     :                        82
 WARNING:  indexc       :        249165
 WARNING:  ctype(indexc):             1
 WARNING:  water balance error   -7.4903200629281739E-003
 WARNING:  CLM step     :                        82
 WARNING:  indexc       :        377409
 WARNING:  ctype(indexc):             1
 WARNING:  water balance error   -7.9379119215835825E-005
 WARNING:  CLM step     :                        82
 WARNING:  indexc       :       1131755
 WARNING:  ctype(indexc):             1
 WARNING:  water balance error   -1.4778408240088319E-002
 WARNING:  CLM step     :                        82
 WARNING:  indexc       :       1706871
 WARNING:  ctype(indexc):             1
 WARNING:  water balance error   -2.4003471012319896E-004
 WARNING:  CLM step     :                        82
 WARNING:  indexc       :        510919
 WARNING:  ctype(indexc):             1
 WARNING:  water balance error   -3.8913823315722853E-003
 WARNING:  CLM step     :                        82
 WARNING:  indexc       :       1309825
 WARNING:  ctype(indexc):             1
 WARNING:  water balance error   -1.4603415790726043E-005
 WARNING:  CLM step     :                        82
 WARNING:  indexc       :        982782
 WARNING:  ctype(indexc):             1
 WARNING:  water balance error   -4.0281925155704300E-005
 WARNING:  CLM step     :                        82
 WARNING:  indexc       :       1501899
 WARNING:  ctype(indexc):             1
 WARNING:  water balance error   -5.1278774947269355E-004
 WARNING:  CLM step     :                        82
 WARNING:  indexc       :        806467
 WARNING:  ctype(indexc):             1
 WARNING:  water balance error   -2.1042380396838183E-003
 WARNING:  CLM step     :                        82
 WARNING:  indexc       :         78662
 WARNING:  ctype(indexc):             1
 WARNING:  water balance error   -4.9574226983273143E-005
 WARNING:  CLM step     :                        83
 WARNING:  indexc       :       2352148
 WARNING:  ctype(indexc):             1
 WARNING:  water balance error   -6.8741934664417963E-007
 WARNING:  CLM step     :                        83
 WARNING:  indexc       :       2022677
 WARNING:  ctype(indexc):             1
 WARNING:  water balance error   -2.1739329872807722E-005
 WARNING:  CLM step     :                        83
 WARNING:  indexc       :       2257238
 WARNING:  ctype(indexc):             1
 WARNING:  water balance error   -1.4989817532760444E-005
 WARNING:  CLM step     :                        83
 WARNING:  indexc       :       2136540
 WARNING:  ctype(indexc):             1
 WARNING:  water balance error   -1.0335408742041470E-005
 WARNING:  CLM step     :                        83
 WARNING:  indexc       :       1877275
 WARNING:  ctype(indexc):             1
 WARNING:  water balance error   -8.0926731650686709E-005
 WARNING:  CLM step     :                        83
 WARNING:  indexc       :        249123
 WARNING:  ctype(indexc):             1
 WARNING:  water balance error   -4.7596768453057785E-003
 WARNING:  CLM step     :                        83
 WARNING:  indexc       :        654147
 WARNING:  ctype(indexc):             1
 WARNING:  water balance error   -4.3647489300835575E-004
 WARNING:  CLM step     :                        83
 WARNING:  indexc       :       1737978
 WARNING:  ctype(indexc):             1
 WARNING:  water balance error    9.9327090403466493E-004
 WARNING:  CLM step     :                        83
 WARNING:  indexc       :        420095
 WARNING:  ctype(indexc):             1
 WARNING:  water balance error    2.8311382611607800E-003
 WARNING:  CLM step     :                        83
 WARNING:  indexc       :        510858
 WARNING:  ctype(indexc):             1
 WARNING:  water balance error   -1.4245587941828222E-004
 WARNING:  CLM step     :                        83
 WARNING:  indexc       :       1151171
 WARNING:  ctype(indexc):             1
 WARNING:  water balance error   -1.1024894883602491E-005
 WARNING:  CLM step     :                        83
 WARNING:  indexc       :       1501803
 WARNING:  ctype(indexc):             1
 WARNING:  water balance error   -3.7422844011672404E-004
 WARNING:  CLM step     :                        83
 WARNING:  indexc       :        969002
 WARNING:  ctype(indexc):             1
 WARNING:  water balance error   -2.4128735919618427E-003
 WARNING:  CLM step     :                        83
 WARNING:  indexc       :        877842
 WARNING:  ctype(indexc):             1
 WARNING:  water balance error   -2.4139289451910653E-003
 WARNING:  CLM step     :                        83
 WARNING:  indexc       :       1347635
 WARNING:  ctype(indexc):             1
 WARNING:  water balance error   -1.4742801808339054E-004
 WARNING:  CLM step     :                        83
 WARNING:  indexc       :         78671
 WARNING:  ctype(indexc):             1
 WARNING:  water balance error   -1.7040181806623670E-005
 WARNING:  CLM step     :                        84
 WARNING:  indexc       :       2373454
 WARNING:  ctype(indexc):             1
 WARNING:  water balance error    2.4509637332384085E-004
 WARNING:  CLM step     :                        84
 WARNING:  indexc       :       2022644
 WARNING:  ctype(indexc):             1
 WARNING:  water balance error   -1.5366745422720619E-006
 WARNING:  CLM step     :                        84
 WARNING:  indexc       :       2247426
 WARNING:  ctype(indexc):             1
 WARNING:  water balance error   -2.9776631177508484E-004
 WARNING:  CLM step     :                        84
 WARNING:  indexc       :       2136616
 WARNING:  ctype(indexc):             1
 WARNING:  water balance error   -2.0224118515329245E-005
 WARNING:  CLM step     :                        84
 WARNING:  indexc       :       1877275
 WARNING:  ctype(indexc):             1
 WARNING:  water balance error   -8.0441912236324441E-005
 WARNING:  CLM step     :                        84
 WARNING:  indexc       :        249165
 WARNING:  ctype(indexc):             1
 WARNING:  water balance error   -1.9812620649995759E-004
 WARNING:  CLM step     :                        84
 WARNING:  indexc       :        654147
 WARNING:  ctype(indexc):             1
 WARNING:  water balance error   -4.4008124327925068E-004
 WARNING:  CLM step     :                        84
 WARNING:  indexc       :       1707136
 WARNING:  ctype(indexc):             1
 WARNING:  water balance error   -1.0802584976196761E-003
 WARNING:  CLM step     :                        84
 WARNING:  indexc       :        377301
 WARNING:  ctype(indexc):             1
 WARNING:  water balance error   -4.1095513422245662E-004
 WARNING:  CLM step     :                        84
 WARNING:  indexc       :        510792
 WARNING:  ctype(indexc):             1
 WARNING:  water balance error   -1.2431432304971374E-003
 WARNING:  CLM step     :                        84
 WARNING:  indexc       :       1309811
 WARNING:  ctype(indexc):             1
 WARNING:  water balance error   -1.1735319740902165E-003
 WARNING:  CLM step     :                        84
 WARNING:  indexc       :       1131755
 WARNING:  ctype(indexc):             1
 WARNING:  water balance error   -1.6032523371128093E-002
 WARNING:  CLM step     :                        84
 WARNING:  indexc       :       1501803
 WARNING:  ctype(indexc):             1
 WARNING:  water balance error   -3.7962632690682473E-004
 WARNING:  CLM step     :                        84
 WARNING:  indexc       :        970762
 WARNING:  ctype(indexc):             1
 WARNING:  water balance error   -4.5428520376619466E-005
 WARNING:  CLM step     :                        84
 WARNING:  indexc       :        806467
 WARNING:  ctype(indexc):             1
 WARNING:  water balance error   -2.1788348778131912E-003
 WARNING:  CLM step     :                        84
 WARNING:  indexc       :         78662
 WARNING:  ctype(indexc):             1
 WARNING:  water balance error   -5.6294002692044829E-005
 WARNING:  CLM step     :                        85
 WARNING:  indexc       :       2352181
 WARNING:  ctype(indexc):             1
 WARNING:  water balance error   -3.8165267510335665E-005
 WARNING:  CLM step     :                        85
 WARNING:  indexc       :       2022173
 WARNING:  ctype(indexc):             1
 WARNING:  water balance error   -5.3501239700531506E-006
 WARNING:  CLM step     :                        85
 WARNING:  indexc       :       2247186
 WARNING:  ctype(indexc):             1
 WARNING:  water balance error   -2.6798764379953351E-004
 WARNING:  CLM step     :                        85
 WARNING:  indexc       :       2136751
 WARNING:  ctype(indexc):             1
 WARNING:  water balance error   -7.1877745522868703E-005
 WARNING:  CLM step     :                        85
 WARNING:  indexc       :       1877275
 WARNING:  ctype(indexc):             1
 WARNING:  water balance error   -8.2230657622445977E-005
 WARNING:  CLM step     :                        85
 WARNING:  indexc       :        249165
 WARNING:  ctype(indexc):             1
 WARNING:  water balance error   -7.0274716087497654E-003
 WARNING:  CLM step     :                        85
 WARNING:  indexc       :        654147
 WARNING:  ctype(indexc):             1
 WARNING:  water balance error   -4.4363648337301725E-004
 WARNING:  CLM step     :                        85
 WARNING:  indexc       :        510858
 WARNING:  ctype(indexc):             1
 WARNING:  water balance error   -1.4254031571191345E-004
 WARNING:  CLM step     :                        85
 WARNING:  indexc       :       1706992
 WARNING:  ctype(indexc):             1
 WARNING:  water balance error   -3.4937163317819036E-003
 WARNING:  CLM step     :                        85
 WARNING:  indexc       :        377409
 WARNING:  ctype(indexc):             1
 WARNING:  water balance error   -8.2136012549469697E-005
 WARNING:  CLM step     :                        85
 WARNING:  indexc       :       1309675
 WARNING:  ctype(indexc):             1
 WARNING:  water balance error   -9.0366626531602798E-005
 WARNING:  CLM step     :                        85
 WARNING:  indexc       :       1131758
 WARNING:  ctype(indexc):             1
 WARNING:  water balance error   -9.5563801494828824E-003
 WARNING:  CLM step     :                        85
 WARNING:  indexc       :       1501851
 WARNING:  ctype(indexc):             1
 WARNING:  water balance error   -1.1660221543259059E-003
 WARNING:  CLM step     :                        85
 WARNING:  indexc       :        969002
 WARNING:  ctype(indexc):             1
 WARNING:  water balance error   -6.0889813813687710E-003
 WARNING:  CLM step     :                        85
 WARNING:  indexc       :        806467
 WARNING:  ctype(indexc):             1
 WARNING:  water balance error   -1.9507347091212608E-003
 WARNING:  CLM step     :                        85
 WARNING:  indexc       :         78608
 WARNING:  ctype(indexc):             1
 WARNING:  water balance error   -1.7628636427647400E-004
 WARNING:  CLM step     :                        86
 WARNING:  indexc       :       2022677
 WARNING:  ctype(indexc):             1
 WARNING:  water balance error   -2.5592433667823692E-005
 WARNING:  CLM step     :                        86
 WARNING:  indexc       :       2247186
 WARNING:  ctype(indexc):             1
 WARNING:  water balance error   -2.1909881117822787E-004
 WARNING:  CLM step     :                        86
 WARNING:  indexc       :       2352181
 WARNING:  ctype(indexc):             1
 WARNING:  water balance error   -4.0077597409007906E-005
 WARNING:  CLM step     :                        86
 WARNING:  indexc       :       2136781
 WARNING:  ctype(indexc):             1
 WARNING:  water balance error   -2.0443596692808655E-006
 WARNING:  CLM step     :                        86
 WARNING:  indexc       :       1877228
 WARNING:  ctype(indexc):             1
 WARNING:  water balance error   -3.6269329378648026E-004
 WARNING:  CLM step     :                        86
 WARNING:  indexc       :        249132
 WARNING:  ctype(indexc):             1
 WARNING:  water balance error   -3.7704629536076538E-004
 WARNING:  CLM step     :                        86
 WARNING:  indexc       :        689594
 WARNING:  ctype(indexc):             1
 WARNING:  water balance error   -1.1019307149229890E-004
 WARNING:  CLM step     :                        86
 WARNING:  indexc       :       1131675
 WARNING:  ctype(indexc):             1
 WARNING:  water balance error   -2.9588620701478364E-003
 WARNING:  CLM step     :                        86
 WARNING:  indexc       :       1707016
 WARNING:  ctype(indexc):             1
 WARNING:  water balance error   -2.5746655506113259E-003
 WARNING:  CLM step     :                        86
 WARNING:  indexc       :        377365
 WARNING:  ctype(indexc):             1
 WARNING:  water balance error   -2.6102337444411719E-003
 WARNING:  CLM step     :                        86
 WARNING:  indexc       :        510919
 WARNING:  ctype(indexc):             1
 WARNING:  water balance error   -3.9098551486199395E-003
 WARNING:  CLM step     :                        86
 WARNING:  indexc       :       1309860
 WARNING:  ctype(indexc):             1
 WARNING:  water balance error   -1.3771030145251688E-003
 WARNING:  CLM step     :                        86
 WARNING:  indexc       :        806395
 WARNING:  ctype(indexc):             1
 WARNING:  water balance error   -1.2255256922866103E-003
 WARNING:  CLM step     :                        86
 WARNING:  indexc       :       1501912
 WARNING:  ctype(indexc):             1
 WARNING:  water balance error   -1.5210627086094128E-003
 WARNING:  CLM step     :                        86
 WARNING:  indexc       :        969002
 WARNING:  ctype(indexc):             1
 WARNING:  water balance error   -2.5877929445031109E-003
 WARNING:  CLM step     :                        86
 WARNING:  indexc       :        110170
 WARNING:  ctype(indexc):             1
 WARNING:  water balance error   -6.2790593075738165E-005
 WARNING:  CLM step     :                        87
 WARNING:  indexc       :       2352100
 WARNING:  ctype(indexc):             1
 WARNING:  water balance error   -1.1495892259811362E-006
 WARNING:  CLM step     :                        87
 WARNING:  indexc       :       2022677
 WARNING:  ctype(indexc):             1
 WARNING:  water balance error   -2.6560233353306723E-005
 WARNING:  CLM step     :                        87
 WARNING:  indexc       :       2247186
 WARNING:  ctype(indexc):             1
 WARNING:  water balance error   -2.2023955040221789E-004
 WARNING:  CLM step     :                        87
 WARNING:  indexc       :       2136657
 WARNING:  ctype(indexc):             1
 WARNING:  water balance error   -1.8657997297020033E-005
 WARNING:  CLM step     :                        87
 WARNING:  indexc       :       1877275
 WARNING:  ctype(indexc):             1
 WARNING:  water balance error   -9.0157945660661863E-005
 WARNING:  CLM step     :                        87
 WARNING:  indexc       :        249132
 WARNING:  ctype(indexc):             1
 WARNING:  water balance error   -1.1374908455925295E-004
 WARNING:  CLM step     :                        87
 WARNING:  indexc       :        654147
 WARNING:  ctype(indexc):             1
 WARNING:  water balance error   -4.7618908258030513E-004
 WARNING:  CLM step     :                        87
 WARNING:  indexc       :       1721479
 WARNING:  ctype(indexc):             1
 WARNING:  water balance error   -3.2016482465008076E-004
 WARNING:  CLM step     :                        87
 WARNING:  indexc       :        377409
 WARNING:  ctype(indexc):             1
 WARNING:  water balance error   -8.4445167702971432E-005
 WARNING:  CLM step     :                        87
 WARNING:  indexc       :        510858
 WARNING:  ctype(indexc):             1
 WARNING:  water balance error   -1.3058674056656236E-004
 WARNING:  CLM step     :                        87
 WARNING:  indexc       :       1131758
 WARNING:  ctype(indexc):             1
 WARNING:  water balance error   -1.0733902314961850E-002
 WARNING:  CLM step     :                        87
 WARNING:  indexc       :       1501848
 WARNING:  ctype(indexc):             1
 WARNING:  water balance error   -8.6442320068605796E-004
 WARNING:  CLM step     :                        87
 WARNING:  indexc       :        969002
 WARNING:  ctype(indexc):             1
 WARNING:  water balance error   -2.6338240033862014E-003
 WARNING:  CLM step     :                        87
 WARNING:  CLM step     :                        87
 WARNING:  indexc       :       1309825
 WARNING:  ctype(indexc):             1
 WARNING:  water balance error   -1.3907929679212988E-005
 WARNING:  indexc       :        806070
 WARNING:  ctype(indexc):             1
 WARNING:  water balance error   -2.1342801349484271E-003
 WARNING:  CLM step     :                        87
 WARNING:  indexc       :         78632
 WARNING:  ctype(indexc):             1
 WARNING:  water balance error   -5.8893853012324858E-005
 WARNING:  CLM step     :                        88
 WARNING:  indexc       :       2352181
 WARNING:  ctype(indexc):             1
 WARNING:  water balance error   -4.1706952930213413E-005
 WARNING:  CLM step     :                        88
 WARNING:  indexc       :       2046174
 WARNING:  ctype(indexc):             1
 WARNING:  water balance error   -5.6091577607553179E-005
 WARNING:  CLM step     :                        88
 WARNING:  indexc       :       2260409
 WARNING:  ctype(indexc):             1
 WARNING:  water balance error   -2.0642312929573235E-006
 WARNING:  CLM step     :                        88
 WARNING:  indexc       :       2136781
 WARNING:  ctype(indexc):             1
 WARNING:  water balance error   -3.3088159237329315E-006
 WARNING:  CLM step     :                        88
 WARNING:  indexc       :        249132
 WARNING:  ctype(indexc):             1
 WARNING:  water balance error   -3.7877268555248618E-004
 WARNING:  CLM step     :                        88
 WARNING:  indexc       :       1877176
 WARNING:  ctype(indexc):             1
 WARNING:  water balance error   -4.6906723482763486E-006
 WARNING:  CLM step     :                        88
 WARNING:  indexc       :        654117
 WARNING:  ctype(indexc):             1
 WARNING:  water balance error   -1.3011552325592189E-004
 WARNING:  CLM step     :                        88
 WARNING:  indexc       :       1706992
 WARNING:  ctype(indexc):             1
 WARNING:  water balance error   -4.4065859251996454E-003
 WARNING:  CLM step     :                        88
 WARNING:  indexc       :       1131728
 WARNING:  ctype(indexc):             1
 WARNING:  water balance error   -1.1459094782170120E-002
 WARNING:  CLM step     :                        88
 WARNING:  indexc       :        510822
 WARNING:  ctype(indexc):             1
 WARNING:  water balance error   -1.0747163152047376E-003
 WARNING:  CLM step     :                        88
 WARNING:  indexc       :        377365
 WARNING:  ctype(indexc):             1
 WARNING:  water balance error   -2.6237281808942749E-003
 WARNING:  CLM step     :                        88
 WARNING:  indexc       :       1501899
 WARNING:  ctype(indexc):             1
 WARNING:  water balance error   -5.0150226797171353E-004
 WARNING:  CLM step     :                        88
 WARNING:  indexc       :        969002
 WARNING:  ctype(indexc):             1
 WARNING:  water balance error   -2.6760972687378754E-003
 WARNING:  CLM step     :                        88
 WARNING:  indexc       :       1309825
 WARNING:  ctype(indexc):             1
 WARNING:  water balance error   -1.3853389216609013E-005
 WARNING:  CLM step     :                        88
 WARNING:  indexc       :        806395
 WARNING:  ctype(indexc):             1
 WARNING:  water balance error   -1.2278233251503238E-003
 WARNING:  CLM step     :                        88
 WARNING:  indexc       :         78632
 WARNING:  ctype(indexc):             1
 WARNING:  water balance error   -6.0156268222102336E-005
 WARNING:  CLM step     :                        89
 WARNING:  indexc       :       2352100
 WARNING:  ctype(indexc):             1
 WARNING:  water balance error   -1.1785864916242830E-006
 WARNING:  CLM step     :                        89
 WARNING:  indexc       :       2022638
 WARNING:  ctype(indexc):             1
 WARNING:  water balance error   -6.6773982816974078E-007
 WARNING:  CLM step     :                        89
 WARNING:  indexc       :       2247186
 WARNING:  ctype(indexc):             1
 WARNING:  water balance error   -4.3972661532793665E-005
 WARNING:  CLM step     :                        89
 WARNING:  indexc       :       2136748
 WARNING:  ctype(indexc):             1
 WARNING:  water balance error   -8.6391597437050386E-005
 WARNING:  CLM step     :                        89
 WARNING:  indexc       :        248902
 WARNING:  ctype(indexc):             1
 WARNING:  water balance error    5.4513905222909365E-005
 WARNING:  CLM step     :                        89
 WARNING:  indexc       :        662153
 WARNING:  ctype(indexc):             1
 WARNING:  water balance error   -1.9451744353330644E-004
 WARNING:  CLM step     :                        89
 WARNING:  indexc       :       1877275
 WARNING:  ctype(indexc):             1
 WARNING:  water balance error   -1.3991771988255671E-004
 WARNING:  CLM step     :                        89
 WARNING:  indexc       :       1706687
 WARNING:  ctype(indexc):             1
 WARNING:  water balance error   -6.0363774155029401E-004
 WARNING:  CLM step     :                        89
 WARNING:  indexc       :        377409
 WARNING:  ctype(indexc):             1
 WARNING:  water balance error   -8.7103767656353438E-005
 WARNING:  CLM step     :                        89
 WARNING:  indexc       :        510858
 WARNING:  ctype(indexc):             1
 WARNING:  water balance error   -1.2723350324091469E-004
 WARNING:  CLM step     :                        89
 WARNING:  indexc       :       1131725
 WARNING:  ctype(indexc):             1
 WARNING:  water balance error   -5.8398049006383301E-003
 WARNING:  CLM step     :                        89
 WARNING:  indexc       :       1557746
 WARNING:  ctype(indexc):             1
 WARNING:  water balance error   -4.8486295938154461E-004
 WARNING:  CLM step     :                        89
 WARNING:  indexc       :        969002
 WARNING:  ctype(indexc):             1
 WARNING:  water balance error   -2.7478628654495733E-003
 WARNING:  CLM step     :                        89
 WARNING:  indexc       :        806395
 WARNING:  ctype(indexc):             1
 WARNING:  water balance error   -1.3520598043404311E-003
 WARNING:  CLM step     :                        89
 WARNING:  indexc       :       1373520
 WARNING:  ctype(indexc):             1
 WARNING:  water balance error   -1.6083922358755068E-004
 WARNING:  CLM step     :                        89
 WARNING:  indexc       :         78632
 WARNING:  ctype(indexc):             1
 WARNING:  water balance error   -6.1971085690516362E-005
 WARNING:  CLM step     :                        90
 WARNING:  indexc       :       2352190
 WARNING:  ctype(indexc):             1
 WARNING:  water balance error   -4.1176776942770658E-005
 WARNING:  CLM step     :                        90
 WARNING:  indexc       :       2022456
 WARNING:  ctype(indexc):             1
 WARNING:  water balance error   -1.2072335104058396E-007
 WARNING:  CLM step     :                        90
 WARNING:  indexc       :       2256361
 WARNING:  ctype(indexc):             1
 WARNING:  water balance error   -4.2739545723509105E-006
 WARNING:  CLM step     :                        90
 WARNING:  indexc       :       2136654
 WARNING:  ctype(indexc):             1
 WARNING:  water balance error   -3.8025448812963739E-005
 WARNING:  CLM step     :                        90
 WARNING:  indexc       :       1877275
 WARNING:  ctype(indexc):             1
 WARNING:  water balance error   -1.4632784757592784E-004
 WARNING:  CLM step     :                        90
 WARNING:  indexc       :        249123
 WARNING:  ctype(indexc):             1
 WARNING:  water balance error   -4.3350421178823565E-003
 WARNING:  CLM step     :                        90
 WARNING:  indexc       :        654147
 WARNING:  ctype(indexc):             1
 WARNING:  water balance error   -4.9486556979297109E-004
 WARNING:  CLM step     :                        90
 WARNING:  indexc       :       1707008
 WARNING:  ctype(indexc):             1
 WARNING:  water balance error   -3.9727124059698088E-003
 WARNING:  CLM step     :                        90
 WARNING:  indexc       :        510825
 WARNING:  ctype(indexc):             1
 WARNING:  water balance error   -7.1000568916007589E-004
 WARNING:  CLM step     :                        90
 WARNING:  indexc       :       1135177
 WARNING:  ctype(indexc):             1
 WARNING:  water balance error   -4.7123384096070368E-006
 WARNING:  CLM step     :                        90
 WARNING:  indexc       :        377365
 WARNING:  ctype(indexc):             1
 WARNING:  water balance error   -2.1152852767036636E-003
 WARNING:  CLM step     :                        90
 WARNING:  indexc       :       1501803
 WARNING:  ctype(indexc):             1
 WARNING:  water balance error   -3.5137793338369894E-004
 WARNING:  CLM step     :                        90
 WARNING:  indexc       :        969002
 WARNING:  ctype(indexc):             1
 WARNING:  water balance error   -2.7945163414662831E-003
 WARNING:  CLM step     :                        90
 WARNING:  indexc       :        806467
 WARNING:  ctype(indexc):             1
 WARNING:  water balance error   -1.9848980335966950E-003
 WARNING:  CLM step     :                        90
 WARNING:  indexc       :       1309825
 WARNING:  ctype(indexc):             1
 WARNING:  water balance error   -1.2897885318412990E-005
 WARNING:  CLM step     :                        90
 WARNING:  indexc       :         78608
 WARNING:  ctype(indexc):             1
 WARNING:  water balance error   -1.8729526647337698E-004
 WARNING:  CLM step     :                        91
 WARNING:  indexc       :       2352190
 WARNING:  ctype(indexc):             1
 WARNING:  water balance error   -4.0070853142474229E-005
 WARNING:  CLM step     :                        91
 WARNING:  indexc       :       2022677
 WARNING:  ctype(indexc):             1
 WARNING:  water balance error   -1.2352933550575690E-005
 WARNING:  CLM step     :                        91
 WARNING:  indexc       :       2247186
 WARNING:  ctype(indexc):             1
 WARNING:  water balance error   -2.0491793898730126E-004
 WARNING:  CLM step     :                        91
 WARNING:  indexc       :       2136748
 WARNING:  ctype(indexc):             1
 WARNING:  water balance error   -9.6250624870992902E-005
 WARNING:  CLM step     :                        91
 WARNING:  indexc       :       1877275
 WARNING:  ctype(indexc):             1
 WARNING:  water balance error   -9.8535893942348359E-005
 WARNING:  CLM step     :                        91
 WARNING:  indexc       :        249165
 WARNING:  ctype(indexc):             1
 WARNING:  water balance error   -2.4161786450521900E-004
 WARNING:  CLM step     :                        91
 WARNING:  indexc       :        654117
 WARNING:  ctype(indexc):             1
 WARNING:  water balance error   -1.6608259342809690E-004
 WARNING:  CLM step     :                        91
 WARNING:  indexc       :       1707125
 WARNING:  ctype(indexc):             1
 WARNING:  water balance error   -2.7563738125953442E-003
 WARNING:  CLM step     :                        91
 WARNING:  indexc       :        510858
 WARNING:  ctype(indexc):             1
 WARNING:  water balance error   -1.2733823069866848E-004
 WARNING:  CLM step     :                        91
 WARNING:  indexc       :        377409
 WARNING:  ctype(indexc):             1
 WARNING:  water balance error   -8.8477611475210391E-005
 WARNING:  CLM step     :                        91
 WARNING:  indexc       :       1131675
 WARNING:  ctype(indexc):             1
 WARNING:  water balance error   -3.6089763273357027E-003
 WARNING:  CLM step     :                        91
 WARNING:  indexc       :       1501803
 WARNING:  ctype(indexc):             1
 WARNING:  water balance error   -3.5084641087599017E-004
 WARNING:  CLM step     :                        91
 WARNING:  indexc       :        969002
 WARNING:  ctype(indexc):             1
 WARNING:  water balance error   -2.8369789433714994E-003
 WARNING:  CLM step     :                        91
 WARNING:  indexc       :        806459
 WARNING:  ctype(indexc):             1
 WARNING:  water balance error   -1.9950990268541441E-003
 WARNING:  CLM step     :                        91
 WARNING:  indexc       :       1309825
 WARNING:  ctype(indexc):             1
 WARNING:  water balance error   -1.2818595899463845E-005
 WARNING:  CLM step     :                        91
 WARNING:  indexc       :         99376
 WARNING:  ctype(indexc):             1
 WARNING:  water balance error   -6.3589900728118086E-005
 WARNING:  CLM step     :                        92
 WARNING:  indexc       :       2352190
 WARNING:  ctype(indexc):             1
 WARNING:  water balance error   -3.8734436202560589E-005
 WARNING:  CLM step     :                        92
 WARNING:  indexc       :       2022465
 WARNING:  ctype(indexc):             1
 WARNING:  water balance error   -1.0465011331292088E-007
 WARNING:  CLM step     :                        92
 WARNING:  indexc       :       2247186
 WARNING:  ctype(indexc):             1
 WARNING:  water balance error   -1.9273570228163470E-004
 WARNING:  CLM step     :                        92
 WARNING:  indexc       :       2136781
 WARNING:  ctype(indexc):             1
 WARNING:  water balance error   -3.2129650909728722E-006
 WARNING:  CLM step     :                        92
 WARNING:  indexc       :        249132
 WARNING:  ctype(indexc):             1
 WARNING:  water balance error   -1.2057256474727263E-004
 WARNING:  CLM step     :                        92
 WARNING:  indexc       :        654147
 WARNING:  ctype(indexc):             1
 WARNING:  water balance error   -5.0062942228712133E-004
 WARNING:  CLM step     :                        92
 WARNING:  indexc       :       1877228
 WARNING:  ctype(indexc):             1
 WARNING:  water balance error   -4.9011223843599590E-005
 WARNING:  CLM step     :                        92
 WARNING:  indexc       :       1707008
 WARNING:  ctype(indexc):             1
 WARNING:  water balance error   -3.9668490794858430E-003
 WARNING:  CLM step     :                        92
 WARNING:  indexc       :        377409
 WARNING:  ctype(indexc):             1
 WARNING:  water balance error   -8.8960120251837095E-005
 WARNING:  CLM step     :                        92
 WARNING:  indexc       :       1131725
 WARNING:  ctype(indexc):             1
 WARNING:  water balance error   -5.8947102469624913E-003
 WARNING:  CLM step     :                        92
 WARNING:  indexc       :        510858
 WARNING:  ctype(indexc):             1
 WARNING:  water balance error   -1.2939400137803748E-004
 WARNING:  CLM step     :                        92
 WARNING:  CLM step     :                        92
 WARNING:  indexc       :       1501886
 WARNING:  ctype(indexc):             1
 WARNING:  water balance error   -4.4235477807055493E-004
 WARNING:  indexc       :        968926
 WARNING:  ctype(indexc):             1
 WARNING:  water balance error   -3.9770901036563699E-003
 WARNING:  CLM step     :                        92
 WARNING:  indexc       :        806467
 WARNING:  ctype(indexc):             1
 WARNING:  water balance error   -1.9917585118238031E-003
 WARNING:  CLM step     :                        92
 WARNING:  indexc       :       1309860
 WARNING:  ctype(indexc):             1
 WARNING:  water balance error   -1.0736962596673897E-003
 WARNING:  CLM step     :                        92
 WARNING:  indexc       :         78662
 WARNING:  ctype(indexc):             1
 WARNING:  water balance error   -8.0166733044056314E-005
 WARNING:  CLM step     :                        93
 WARNING:  indexc       :       2352190
 WARNING:  ctype(indexc):             1
 WARNING:  water balance error   -4.1359270957209782E-005
 WARNING:  CLM step     :                        93
 WARNING:  indexc       :       2022677
 WARNING:  ctype(indexc):             1
 WARNING:  water balance error   -4.7209525100567725E-006
 WARNING:  CLM step     :                        93
 WARNING:  indexc       :       2247186
 WARNING:  ctype(indexc):             1
 WARNING:  water balance error   -1.9092064169865436E-004
 WARNING:  CLM step     :                        93
 WARNING:  indexc       :       2136508
 WARNING:  ctype(indexc):             1
 WARNING:  water balance error   -1.1507703859893774E-005
 WARNING:  CLM step     :                        93
 WARNING:  indexc       :       1877228
 WARNING:  ctype(indexc):             1
 WARNING:  water balance error   -4.1302300413247506E-005
 WARNING:  CLM step     :                        93
 WARNING:  indexc       :        249165
 WARNING:  ctype(indexc):             1
 WARNING:  water balance error   -6.4520925936749256E-003
 WARNING:  CLM step     :                        93
 WARNING:  indexc       :        654147
 WARNING:  ctype(indexc):             1
 WARNING:  water balance error   -5.0464240645488898E-004
 WARNING:  CLM step     :                        93
 WARNING:  indexc       :       1707136
 WARNING:  ctype(indexc):             1
 WARNING:  water balance error   -1.3407945472103857E-003
 WARNING:  CLM step     :                        93
 WARNING:  indexc       :        382594
 WARNING:  ctype(indexc):             1
 WARNING:  water balance error   -1.3438122203679773E-003
 WARNING:  CLM step     :                        93
 WARNING:  indexc       :       1131758
 WARNING:  ctype(indexc):             1
 WARNING:  water balance error   -1.0967797169794213E-002
 WARNING:  CLM step     :                        93
 WARNING:  indexc       :        510858
 WARNING:  ctype(indexc):             1
 WARNING:  water balance error   -1.3010464444243559E-004
 WARNING:  CLM step     :                        93
 WARNING:  indexc       :       1501803
 WARNING:  ctype(indexc):             1
 WARNING:  water balance error   -3.5237372037369121E-004
 WARNING:  CLM step     :                        93
 WARNING:  indexc       :        806467
 WARNING:  ctype(indexc):             1
 WARNING:  water balance error   -1.9997729951053041E-003
 WARNING:  CLM step     :                        93
 WARNING:  indexc       :        972170
 WARNING:  ctype(indexc):             1
 WARNING:  water balance error   -2.1304753221477540E-002
 WARNING:  CLM step     :                        93
 WARNING:  indexc       :       1309860
 WARNING:  ctype(indexc):             1
 WARNING:  water balance error   -1.0706495445170635E-003
 WARNING:  CLM step     :                        93
 WARNING:  indexc       :         78671
 WARNING:  ctype(indexc):             1
 WARNING:  water balance error   -6.1767628592978321E-005
 WARNING:  CLM step     :                        94
 WARNING:  indexc       :       2352190
 WARNING:  ctype(indexc):             1
 WARNING:  water balance error   -4.1604053356719667E-005
 WARNING:  CLM step     :                        94
 WARNING:  indexc       :       2247186
 WARNING:  ctype(indexc):             1
 WARNING:  water balance error   -3.4326062053139960E-005
 WARNING:  CLM step     :                        94
 WARNING:  indexc       :       2022677
 WARNING:  ctype(indexc):             1
 WARNING:  water balance error   -2.7560582207434648E-006
 WARNING:  CLM step     :                        94
 WARNING:  indexc       :       2144081
 WARNING:  ctype(indexc):             1
 WARNING:  water balance error   -8.7800196673898080E-006
 WARNING:  CLM step     :                        94
 WARNING:  indexc       :        249165
 WARNING:  ctype(indexc):             1
 WARNING:  water balance error   -6.4581477518035274E-003
 WARNING:  CLM step     :                        94
 WARNING:  indexc       :       1877126
 WARNING:  ctype(indexc):             1
 WARNING:  water balance error   -3.5085588140602593E-007
 WARNING:  CLM step     :                        94
 WARNING:  indexc       :        653867
 WARNING:  ctype(indexc):             1
 WARNING:  water balance error    2.7423205780314191E-003
 WARNING:  CLM step     :                        94
 WARNING:  indexc       :       1706992
 WARNING:  ctype(indexc):             1
 WARNING:  water balance error   -5.7609480800231020E-003
 WARNING:  CLM step     :                        94
 WARNING:  indexc       :       1196701
 WARNING:  ctype(indexc):             1
 WARNING:  water balance error   -7.6569274453849770E-004
 WARNING:  CLM step     :                        94
 WARNING:  indexc       :        510822
 WARNING:  ctype(indexc):             1
 WARNING:  water balance error   -1.2444934701061942E-003
 WARNING:  CLM step     :                        94
 WARNING:  indexc       :        377301
 WARNING:  ctype(indexc):             1
 WARNING:  water balance error   -3.5074246471245794E-004
 WARNING:  CLM step     :                        94
 WARNING:  indexc       :       1584016
 WARNING:  ctype(indexc):             1
 WARNING:  water balance error   -2.1366581990950751E-007
 WARNING:  CLM step     :                        94
 WARNING:  indexc       :        969002
 WARNING:  ctype(indexc):             1
 WARNING:  water balance error   -2.8464346209983787E-003
 WARNING:  CLM step     :                        94
 WARNING:  indexc       :       1316943
 WARNING:  ctype(indexc):             1
 WARNING:  water balance error   -1.0673507091196570E-004
 WARNING:  CLM step     :                        94
 WARNING:  indexc       :        806467
 WARNING:  ctype(indexc):             1
 WARNING:  water balance error   -1.9476708404022119E-003
 WARNING:  CLM step     :                        94
 WARNING:  indexc       :         80064
 WARNING:  ctype(indexc):             1
 WARNING:  water balance error   -3.3334430634223095E-005
 WARNING:  CLM step     :                        95
 WARNING:  indexc       :       2022677
 WARNING:  ctype(indexc):             1
 WARNING:  water balance error   -1.4423510652699983E-006
 WARNING:  CLM step     :                        95
 WARNING:  indexc       :       2352190
 WARNING:  ctype(indexc):             1
 WARNING:  water balance error   -3.5897316311943827E-005
 WARNING:  CLM step     :                        95
 WARNING:  indexc       :       2247186
 WARNING:  ctype(indexc):             1
 WARNING:  water balance error   -4.1253350967854300E-005
 WARNING:  CLM step     :                        95
 WARNING:  indexc       :       2136748
 WARNING:  ctype(indexc):             1
 WARNING:  water balance error   -8.7490393432675047E-005
 WARNING:  CLM step     :                        95
 WARNING:  indexc       :        249123
 WARNING:  ctype(indexc):             1
 WARNING:  water balance error   -3.0418535071621551E-005
 WARNING:  CLM step     :                        95
 WARNING:  indexc       :       1877275
 WARNING:  ctype(indexc):             1
 WARNING:  water balance error   -3.3452914382501632E-005
 WARNING:  CLM step     :                        95
 WARNING:  indexc       :        654147
 WARNING:  ctype(indexc):             1
 WARNING:  water balance error   -5.0567099586384164E-004
 WARNING:  CLM step     :                        95
 WARNING:  indexc       :       1706687
 WARNING:  ctype(indexc):             1
 WARNING:  water balance error   -4.0495794704500942E-004
 WARNING:  CLM step     :                        95
 WARNING:  indexc       :        510919
 WARNING:  ctype(indexc):             1
 WARNING:  water balance error   -4.2557296774553633E-003
 WARNING:  CLM step     :                        95
 WARNING:  indexc       :        377409
 WARNING:  ctype(indexc):             1
 WARNING:  water balance error   -8.7936976373222310E-005
 WARNING:  CLM step     :                        95
 WARNING:  indexc       :       1131487
 WARNING:  ctype(indexc):             1
 WARNING:  water balance error   -6.6834618017829720E-004
 WARNING:  CLM step     :                        95
 WARNING:  indexc       :        806395
 WARNING:  ctype(indexc):             1
 WARNING:  water balance error   -1.4635937925325663E-003
 WARNING:  CLM step     :                        95
 WARNING:  indexc       :        969002
 WARNING:  ctype(indexc):             1
 WARNING:  water balance error   -2.7737330440355586E-003
 WARNING:  CLM step     :                        95
 WARNING:  indexc       :       1536156
 WARNING:  ctype(indexc):             1
 WARNING:  water balance error   -1.1758239008024872E-003
 WARNING:  CLM step     :                        95
 WARNING:  indexc       :       1309803
 WARNING:  ctype(indexc):             1
 WARNING:  water balance error   -1.1816058493036600E-003
 WARNING:  CLM step     :                        95
 WARNING:  indexc       :         89702
 WARNING:  ctype(indexc):             1
 WARNING:  water balance error   -6.9239218206955508E-005
 WARNING:  CLM step     :                        96
 WARNING:  indexc       :       2352160
 WARNING:  ctype(indexc):             1
 WARNING:  water balance error   -2.1290267448798359E-007
 WARNING:  CLM step     :                        96
 WARNING:  indexc       :       2022677
 WARNING:  ctype(indexc):             1
 WARNING:  water balance error   -7.8195677258286432E-007
 WARNING:  CLM step     :                        96
 WARNING:  indexc       :       2247186
 WARNING:  ctype(indexc):             1
 WARNING:  water balance error   -3.9021687083416940E-006
 WARNING:  CLM step     :                        96
 WARNING:  indexc       :       2136751
 WARNING:  ctype(indexc):             1
 WARNING:  water balance error   -1.1076751757029374E-004
 WARNING:  CLM step     :                        96
 WARNING:  indexc       :        249165
 WARNING:  ctype(indexc):             1
 WARNING:  water balance error   -6.2181342101324862E-003
 WARNING:  CLM step     :                        96
 WARNING:  indexc       :       1877173
 WARNING:  ctype(indexc):             1
 WARNING:  water balance error   -1.6161605270039679E-007
 WARNING:  CLM step     :                        96
 WARNING:  indexc       :        654079
 WARNING:  ctype(indexc):             1
 WARNING:  water balance error   -6.6291359142802656E-003
 WARNING:  CLM step     :                        96
 WARNING:  indexc       :       1706847
 WARNING:  ctype(indexc):             1
 WARNING:  water balance error   -3.5828707911147707E-004
 WARNING:  CLM step     :                        96
 WARNING:  indexc       :        377409
 WARNING:  ctype(indexc):             1
 WARNING:  water balance error   -8.7708266450301853E-005
 WARNING:  CLM step     :                        96
 WARNING:  indexc       :        510919
 WARNING:  ctype(indexc):             1
 WARNING:  water balance error   -4.2474797079856390E-003
 WARNING:  CLM step     :                        96
 WARNING:  indexc       :        968942
 WARNING:  ctype(indexc):             1
 WARNING:  water balance error   -2.9468507691012545E-003
 WARNING:  CLM step     :                        96
 WARNING:  indexc       :       1501773
 WARNING:  ctype(indexc):             1
 WARNING:  water balance error   -3.6888977730596808E-004
 WARNING:  CLM step     :                        96
 WARNING:  indexc       :       1161856
 WARNING:  ctype(indexc):             1
 WARNING:  water balance error   -1.9596913067648643E-003
 WARNING:  CLM step     :                        96
 WARNING:  indexc       :        806467
 WARNING:  ctype(indexc):             1
 WARNING:  water balance error   -1.9340443553396472E-003
 WARNING:  CLM step     :                        96
 WARNING:  indexc       :       1309811
 WARNING:  ctype(indexc):             1
 WARNING:  water balance error   -5.7779050795893827E-004
 WARNING:  CLM step     :                        96
 WARNING:  indexc       :         78671
 WARNING:  ctype(indexc):             1
 WARNING:  water balance error   -7.2532096329415733E-005
 WARNING:  CLM step     :                        97
 WARNING:  indexc       :       2352190
 WARNING:  ctype(indexc):             1
 WARNING:  water balance error   -3.5911497346214141E-005
 WARNING:  CLM step     :                        97
 WARNING:  indexc       :       2022498
 WARNING:  ctype(indexc):             1
 WARNING:  water balance error   -1.9132898817560756E-006
 WARNING:  CLM step     :                        97
 WARNING:  indexc       :       2247186
 WARNING:  ctype(indexc):             1
 WARNING:  water balance error   -5.1226806120709708E-006
 WARNING:  CLM step     :                        97
 WARNING:  indexc       :       2136361
 WARNING:  ctype(indexc):             1
 WARNING:  water balance error   -1.3708645194813921E-005
 WARNING:  CLM step     :                        97
 WARNING:  indexc       :        249123
 WARNING:  ctype(indexc):             1
 WARNING:  water balance error   -2.8654517657071302E-005
 WARNING:  CLM step     :                        97
 WARNING:  indexc       :        654147
 WARNING:  ctype(indexc):             1
 WARNING:  water balance error   -5.1418808205919749E-004
 WARNING:  CLM step     :                        97
 WARNING:  indexc       :       1877176
 WARNING:  ctype(indexc):             1
 WARNING:  water balance error   -1.5598758422280241E-007
 WARNING:  CLM step     :                        97
 WARNING:  indexc       :       1707136
 WARNING:  ctype(indexc):             1
 WARNING:  water balance error   -1.3329591970400925E-003
 WARNING:  CLM step     :                        97
 WARNING:  indexc       :        377409
 WARNING:  ctype(indexc):             1
 WARNING:  water balance error   -8.7261198922350153E-005
 WARNING:  CLM step     :                        97
 WARNING:  indexc       :       1131725
 WARNING:  ctype(indexc):             1
 WARNING:  water balance error   -6.1575332519311380E-003
 WARNING:  CLM step     :                        97
 WARNING:  indexc       :        510858
 WARNING:  ctype(indexc):             1
 WARNING:  water balance error   -1.3905302381570905E-004
 WARNING:  CLM step     :                        97
 WARNING:  indexc       :        969002
 WARNING:  ctype(indexc):             1
 WARNING:  water balance error   -2.7852871026317473E-003
 WARNING:  CLM step     :                        97
 WARNING:  indexc       :       1510602
 WARNING:  ctype(indexc):             1
 WARNING:  water balance error   -6.7698539236266087E-004
 WARNING:  CLM step     :                        97
 WARNING:  indexc       :        806467
 WARNING:  ctype(indexc):             1
 WARNING:  water balance error   -1.9537416775693211E-003
 WARNING:  CLM step     :                        97
 WARNING:  indexc       :       1309811
 WARNING:  ctype(indexc):             1
 WARNING:  water balance error   -5.8709154193565963E-004
 WARNING:  CLM step     :                        97
 WARNING:  indexc       :         78662
 WARNING:  ctype(indexc):             1
 WARNING:  water balance error   -6.5508596073070199E-005
 WARNING:  CLM step     :                        98
 WARNING:  indexc       :       2352190
 WARNING:  ctype(indexc):             1
 WARNING:  water balance error   -3.4846818378339574E-005
 WARNING:  CLM step     :                        98
 WARNING:  indexc       :       2022677
 WARNING:  ctype(indexc):             1
 WARNING:  water balance error   -1.6835715907536145E-007
 WARNING:  CLM step     :                        98
 WARNING:  indexc       :       2247186
 WARNING:  ctype(indexc):             1
 WARNING:  water balance error   -6.4242782535210187E-007
 WARNING:  CLM step     :                        98
 WARNING:  indexc       :       2136252
 WARNING:  ctype(indexc):             1
 WARNING:  water balance error   -6.9026794309722040E-005
 WARNING:  CLM step     :                        98
 WARNING:  indexc       :        249126
 WARNING:  ctype(indexc):             1
 WARNING:  water balance error   -2.6281580568898066E-005
 WARNING:  CLM step     :                        98
 WARNING:  indexc       :        677013
 WARNING:  ctype(indexc):             1
 WARNING:  water balance error   -5.3187869065520453E-005
 WARNING:  CLM step     :                        98
 WARNING:  indexc       :       1877275
 WARNING:  ctype(indexc):             1
 WARNING:  water balance error   -2.2570774096657836E-006
 WARNING:  CLM step     :                        98
 WARNING:  indexc       :        377409
 WARNING:  ctype(indexc):             1
 WARNING:  water balance error   -8.6287957419973240E-005
 WARNING:  CLM step     :                        98
 WARNING:  indexc       :       1706992
 WARNING:  ctype(indexc):             1
 WARNING:  water balance error   -5.4661547393615824E-003
 WARNING:  CLM step     :                        98
 WARNING:  indexc       :        510858
 WARNING:  ctype(indexc):             1
 WARNING:  water balance error   -1.4244133089918369E-004
 WARNING:  CLM step     :                        98
 WARNING:  indexc       :        968744
 WARNING:  ctype(indexc):             1
 WARNING:  water balance error   -6.9128299491431780E-004
 WARNING:  CLM step     :                        98
 WARNING:  indexc       :       1548731
 WARNING:  ctype(indexc):             1
 WARNING:  water balance error   -2.6737033109607174E-004
 WARNING:  CLM step     :                        98
 WARNING:  indexc       :       1131758
 WARNING:  ctype(indexc):             1
 WARNING:  water balance error   -9.5593303926857602E-003
 WARNING:  CLM step     :                        98
 WARNING:  indexc       :        806467
 WARNING:  ctype(indexc):             1
 WARNING:  water balance error   -2.2852052016758494E-003
 WARNING:  CLM step     :                        98
 WARNING:  indexc       :       1368492
 WARNING:  ctype(indexc):             1
 WARNING:  water balance error   -2.5660243164198608E-004
 WARNING:  CLM step     :                        98
 WARNING:  indexc       :         83935
 WARNING:  ctype(indexc):             1
 WARNING:  water balance error   -2.0696279055257161E-003
 WARNING:  CLM step     :                        99
 WARNING:  indexc       :       2352160
 WARNING:  ctype(indexc):             1
 WARNING:  water balance error   -2.1267180027270975E-007
 WARNING:  CLM step     :                        99
 WARNING:  indexc       :       2022498
 WARNING:  ctype(indexc):             1
 WARNING:  water balance error   -1.2173116021841379E-007
 WARNING:  CLM step     :                        99
 WARNING:  indexc       :       2247180
 WARNING:  ctype(indexc):             1
 WARNING:  water balance error   -1.3089030727321223E-006
 WARNING:  CLM step     :                        99
 WARNING:  indexc       :       2136781
 WARNING:  ctype(indexc):             1
 WARNING:  water balance error   -3.1919734079921880E-006
 WARNING:  CLM step     :                        99
 WARNING:  indexc       :       1877231
 WARNING:  ctype(indexc):             1
 WARNING:  water balance error   -1.0444771150789164E-006
 WARNING:  CLM step     :                        99
 WARNING:  indexc       :        249123
 WARNING:  ctype(indexc):             1
 WARNING:  water balance error   -2.5206940217414195E-005
 WARNING:  CLM step     :                        99
 WARNING:  indexc       :        654147
 WARNING:  ctype(indexc):             1
 WARNING:  water balance error   -5.1337766598955124E-004
 WARNING:  CLM step     :                        99
 WARNING:  indexc       :       1707136
 WARNING:  ctype(indexc):             1
 WARNING:  water balance error   -1.3210367303292760E-003
 WARNING:  CLM step     :                        99
 WARNING:  indexc       :        430300
 WARNING:  ctype(indexc):             1
 WARNING:  water balance error   -2.3482574319810573E-004
 WARNING:  CLM step     :                        99
 WARNING:  indexc       :        510858
 WARNING:  ctype(indexc):             1
 WARNING:  water balance error   -1.4546245294013227E-004
 WARNING:  CLM step     :                        99
 WARNING:  indexc       :        968926
 WARNING:  ctype(indexc):             1
 WARNING:  water balance error   -4.4798970690518667E-003
 WARNING:  CLM step     :                        99
 WARNING:  indexc       :       1501803
 WARNING:  ctype(indexc):             1
 WARNING:  water balance error   -3.2169123431289161E-004
 WARNING:  CLM step     :                        99
 WARNING:  indexc       :       1131725
 WARNING:  ctype(indexc):             1
 WARNING:  water balance error   -7.3744454163032006E-003
 WARNING:  CLM step     :                        99
 WARNING:  indexc       :        806467
 WARNING:  ctype(indexc):             1
 WARNING:  water balance error   -1.9534477035191350E-003
 WARNING:  CLM step     :                        99
 WARNING:  indexc       :       1362988
 WARNING:  ctype(indexc):             1
 WARNING:  water balance error    5.0596750370629224E-004
 WARNING:  CLM step     :                        99
 WARNING:  indexc       :         78662
 WARNING:  ctype(indexc):             1
 WARNING:  water balance error   -6.4397794236122047E-005
 WARNING:  CLM step     :                       100
 WARNING:  indexc       :       2352130
 WARNING:  ctype(indexc):             1
 WARNING:  water balance error   -6.3815537935100379E-007
 WARNING:  CLM step     :                       100
 WARNING:  indexc       :       2022498
 WARNING:  ctype(indexc):             1
 WARNING:  water balance error   -1.5970370407293147E-007
 WARNING:  CLM step     :                       100
 WARNING:  indexc       :       2247180
 WARNING:  ctype(indexc):             1
 WARNING:  water balance error   -1.4411056944834273E-006
 WARNING:  CLM step     :                       100
 WARNING:  indexc       :       2136508
 WARNING:  ctype(indexc):             1
 WARNING:  water balance error   -1.4184224852554455E-005
 WARNING:  CLM step     :                       100
 WARNING:  indexc       :        248902
 WARNING:  ctype(indexc):             1
 WARNING:  water balance error    7.2134503638014225E-005
 WARNING:  CLM step     :                       100
 WARNING:  indexc       :       1877272
 WARNING:  ctype(indexc):             1
 WARNING:  water balance error   -2.7589316614631559E-007
 WARNING:  CLM step     :                       100
 WARNING:  indexc       :        678181
 WARNING:  ctype(indexc):             1
 WARNING:  water balance error   -8.4469969037878341E-004
 WARNING:  CLM step     :                       100
 WARNING:  indexc       :       1707136
 WARNING:  ctype(indexc):             1
 WARNING:  water balance error   -1.3255669974816828E-003
 WARNING:  CLM step     :                       100
 WARNING:  indexc       :        380865
 WARNING:  ctype(indexc):             1
 WARNING:  water balance error   -2.1428064876160142E-004
 WARNING:  CLM step     :                       100
 WARNING:  indexc       :        510858
 WARNING:  ctype(indexc):             1
 WARNING:  water balance error   -1.4852782382564585E-004
 WARNING:  CLM step     :                       100
 WARNING:  indexc       :        969002
 WARNING:  ctype(indexc):             1
 WARNING:  water balance error   -2.7864120618009960E-003
 WARNING:  CLM step     :                       100
 WARNING:  indexc       :       1501912
 WARNING:  ctype(indexc):             1
 WARNING:  water balance error   -1.2313069004789526E-003
 WARNING:  CLM step     :                       100
 WARNING:  indexc       :       1131725
 WARNING:  ctype(indexc):             1
 WARNING:  water balance error   -7.9669774048939344E-003
 WARNING:  CLM step     :                       100
 WARNING:  indexc       :        806467
 WARNING:  ctype(indexc):             1
 WARNING:  water balance error   -1.9573215670496869E-003
 WARNING:  CLM step     :                       100
 WARNING:  indexc       :       1309825
 WARNING:  ctype(indexc):             1
 WARNING:  water balance error   -9.4076287052011337E-006
 WARNING:  CLM step     :                       100
 WARNING:  indexc       :         78662
 WARNING:  ctype(indexc):             1
 WARNING:  water balance error   -6.4449132799490811E-005
 WARNING:  CLM step     :                       101
 WARNING:  indexc       :       2352190
 WARNING:  ctype(indexc):             1
 WARNING:  water balance error   -2.9440807549116515E-005
 WARNING:  CLM step     :                       101
 WARNING:  indexc       :       2022477
 WARNING:  ctype(indexc):             1
 WARNING:  water balance error   -5.5441072028076523E-007
 WARNING:  CLM step     :                       101
 WARNING:  indexc       :       2247180
 WARNING:  ctype(indexc):             1
 WARNING:  water balance error   -1.6023514784367442E-006
 WARNING:  CLM step     :                       101
 WARNING:  indexc       :       2136781
 WARNING:  ctype(indexc):             1
 WARNING:  water balance error   -3.0626355594532296E-006
 WARNING:  CLM step     :                       101
 WARNING:  indexc       :       1877275
 WARNING:  ctype(indexc):             1
 WARNING:  water balance error   -3.1020486408213496E-007
 WARNING:  CLM step     :                       101
 WARNING:  indexc       :        249132
 WARNING:  ctype(indexc):             1
 WARNING:  water balance error   -6.4868725640640691E-005
 WARNING:  CLM step     :                       101
 WARNING:  indexc       :        654117
 WARNING:  ctype(indexc):             1
 WARNING:  water balance error   -3.1116230780399667E-004
 WARNING:  CLM step     :                       101
 WARNING:  indexc       :        377409
 WARNING:  ctype(indexc):             1
 WARNING:  water balance error   -8.2517227577069978E-005
 WARNING:  CLM step     :                       101
 WARNING:  indexc       :       1706749
 WARNING:  ctype(indexc):             1
 WARNING:  water balance error   -8.0279216675497797E-003
 WARNING:  CLM step     :                       101
 WARNING:  indexc       :        510858
 WARNING:  ctype(indexc):             1
 WARNING:  water balance error   -1.8961772533026912E-004
 WARNING:  CLM step     :                       101
 WARNING:  indexc       :       1501851
 WARNING:  ctype(indexc):             1
 WARNING:  water balance error   -1.0156649419653207E-003
 WARNING:  CLM step     :                       101
 WARNING:  indexc       :        806467
 WARNING:  ctype(indexc):             1
 WARNING:  water balance error   -2.2819561675689543E-003
 WARNING:  CLM step     :                       101
 WARNING:  indexc       :        969002
 WARNING:  ctype(indexc):             1
 WARNING:  water balance error   -2.8282467273434775E-003
 WARNING:  CLM step     :                       101
 WARNING:  indexc       :       1309825
 WARNING:  ctype(indexc):             1
 WARNING:  water balance error   -9.2532116875400499E-006
 WARNING:  CLM step     :                       101
 WARNING:  indexc       :       1131758
 WARNING:  ctype(indexc):             1
 WARNING:  water balance error   -9.4616728164477731E-003
 WARNING:  CLM step     :                       101
 WARNING:  indexc       :         78662
 WARNING:  ctype(indexc):             1
 WARNING:  water balance error   -6.5082412434671916E-005
 WARNING:  CLM step     :                       102
 WARNING:  indexc       :       2352160
 WARNING:  ctype(indexc):             1
 WARNING:  water balance error   -2.0666072853763544E-007
 WARNING:  CLM step     :                       102
 WARNING:  indexc       :       2022498
 WARNING:  ctype(indexc):             1
 WARNING:  water balance error   -1.4337272168983106E-007
 WARNING:  CLM step     :                       102
 WARNING:  indexc       :       2247186
 WARNING:  ctype(indexc):             1
 WARNING:  water balance error   -1.6394741558642460E-007
 WARNING:  CLM step     :                       102
 WARNING:  indexc       :       2136748
 WARNING:  ctype(indexc):             1
 WARNING:  water balance error   -9.4490007640118002E-005
 WARNING:  CLM step     :                       102
 WARNING:  indexc       :        249123
 WARNING:  ctype(indexc):             1
 WARNING:  water balance error   -3.1133157730134568E-003
 WARNING:  CLM step     :                       102
 WARNING:  indexc       :       1877176
 WARNING:  ctype(indexc):             1
 WARNING:  water balance error   -1.6986972481559232E-006
 WARNING:  CLM step     :                       102
 WARNING:  indexc       :        377409
 WARNING:  ctype(indexc):             1
 WARNING:  water balance error   -8.2481691184365600E-005
 WARNING:  CLM step     :                       102
 WARNING:  indexc       :        654117
 WARNING:  ctype(indexc):             1
 WARNING:  water balance error   -3.1772131443425237E-004
 WARNING:  CLM step     :                       102
 WARNING:  indexc       :       1707136
 WARNING:  ctype(indexc):             1
 WARNING:  water balance error   -1.1412197261600140E-003
 WARNING:  CLM step     :                       102
 WARNING:  indexc       :        510867
 WARNING:  ctype(indexc):             1
 WARNING:  water balance error    8.8229895968005721E-004
 WARNING:  CLM step     :                       102
 WARNING:  indexc       :        969002
 WARNING:  ctype(indexc):             1
 WARNING:  water balance error   -2.8359441187019315E-003
 WARNING:  CLM step     :                       102
 WARNING:  indexc       :       1501899
 WARNING:  ctype(indexc):             1
 WARNING:  water balance error   -3.7758227341861268E-004
 WARNING:  CLM step     :                       102
 WARNING:  indexc       :       1310114
 WARNING:  ctype(indexc):             1
 WARNING:  water balance error   -1.5828715118272438E-005
 WARNING:  CLM step     :                       102
 WARNING:  indexc       :        806467
 WARNING:  ctype(indexc):             1
 WARNING:  water balance error   -2.0109955603759277E-003
 WARNING:  CLM step     :                       102
 WARNING:  indexc       :       1131725
 WARNING:  ctype(indexc):             1
 WARNING:  water balance error   -8.4862370414702116E-003
 WARNING:  CLM step     :                       102
 WARNING:  indexc       :         78228
 WARNING:  ctype(indexc):             1
 WARNING:  water balance error   -3.6434341168467181E-003
 WARNING:  CLM step     :                       103
 WARNING:  indexc       :       2352190
 WARNING:  ctype(indexc):             1
 WARNING:  water balance error   -2.9274267573600556E-005
 WARNING:  CLM step     :                       103
 WARNING:  indexc       :       2022498
 WARNING:  ctype(indexc):             1
 WARNING:  water balance error   -1.0544717052185667E-007
 WARNING:  CLM step     :                       103
 WARNING:  indexc       :       2247126
 WARNING:  ctype(indexc):             1
 WARNING:  water balance error   -7.4301696301428874E-007
 WARNING:  CLM step     :                       103
 WARNING:  indexc       :       2136748
 WARNING:  ctype(indexc):             1
 WARNING:  water balance error   -8.7218158312446232E-005
 WARNING:  CLM step     :                       103
 WARNING:  indexc       :        249123
 WARNING:  ctype(indexc):             1
 WARNING:  water balance error   -3.0896000285864566E-003
 WARNING:  CLM step     :                       103
 WARNING:  indexc       :       1877228
 WARNING:  ctype(indexc):             1
 WARNING:  water balance error   -1.0841683856854323E-005
 WARNING:  CLM step     :                       103
 WARNING:  indexc       :        654147
 WARNING:  ctype(indexc):             1
 WARNING:  water balance error   -5.1155089559507428E-004
 WARNING:  CLM step     :                       103
 WARNING:  indexc       :        377409
 WARNING:  ctype(indexc):             1
 WARNING:  water balance error   -8.2325129117085088E-005
 WARNING:  CLM step     :                       103
 WARNING:  indexc       :        510858
 WARNING:  ctype(indexc):             1
 WARNING:  water balance error   -2.0082799749253008E-004
 WARNING:  CLM step     :                       103
 WARNING:  indexc       :       1707016
 WARNING:  ctype(indexc):             1
 WARNING:  water balance error   -3.6151636998495015E-003
 WARNING:  CLM step     :                       103
 WARNING:  indexc       :        969002
 WARNING:  ctype(indexc):             1
 WARNING:  water balance error   -2.8482693153470662E-003
 WARNING:  CLM step     :                       103
 WARNING:  indexc       :       1501899
 WARNING:  ctype(indexc):             1
 WARNING:  water balance error   -3.7287478296909340E-004
 WARNING:  CLM step     :                       103
 WARNING:  indexc       :       1309803
 WARNING:  ctype(indexc):             1
 WARNING:  water balance error   -1.6190102538937619E-003
 WARNING:  CLM step     :                       103
 WARNING:  indexc       :       1131758
 WARNING:  ctype(indexc):             1
 WARNING:  water balance error   -9.3795747640807517E-003
 WARNING:  CLM step     :                       103
 WARNING:  indexc       :        806403
 WARNING:  ctype(indexc):             1
 WARNING:  water balance error   -8.2321554993166344E-004
 WARNING:  CLM step     :                       103
 WARNING:  indexc       :         78632
 WARNING:  ctype(indexc):             1
 WARNING:  water balance error   -5.4925827999440299E-005
 WARNING:  CLM step     :                       104
 WARNING:  indexc       :       2352160
 WARNING:  ctype(indexc):             1
 WARNING:  water balance error   -1.8404624863461858E-007
 WARNING:  CLM step     :                       104
 WARNING:  indexc       :       2022492
 WARNING:  ctype(indexc):             1
 WARNING:  water balance error   -2.6184517247169797E-007
 WARNING:  CLM step     :                       104
 WARNING:  indexc       :       2247186
 WARNING:  ctype(indexc):             1
 WARNING:  water balance error   -8.6992013604017743E-007
 WARNING:  CLM step     :                       104
 WARNING:  indexc       :       2136781
 WARNING:  ctype(indexc):             1
 WARNING:  water balance error   -2.8069047247483383E-006
 WARNING:  CLM step     :                       104
 WARNING:  indexc       :        249132
 WARNING:  ctype(indexc):             1
 WARNING:  water balance error   -2.3890691283812271E-004
 WARNING:  CLM step     :                       104
 WARNING:  indexc       :       1877176
 WARNING:  ctype(indexc):             1
 WARNING:  water balance error   -4.0579044538256010E-006
 WARNING:  CLM step     :                       104
 WARNING:  indexc       :        654147
 WARNING:  ctype(indexc):             1
 WARNING:  water balance error   -4.8753322932077099E-004
 WARNING:  CLM step     :                       104
 WARNING:  indexc       :       1707016
 WARNING:  ctype(indexc):             1
 WARNING:  water balance error   -3.5993816244600202E-003
 WARNING:  CLM step     :                       104
 WARNING:  indexc       :        377365
 WARNING:  ctype(indexc):             1
 WARNING:  water balance error   -1.7005674690504023E-003
 WARNING:  CLM step     :                       104
 WARNING:  indexc       :        510468
 WARNING:  ctype(indexc):             1
 WARNING:  water balance error   -2.0583374460559690E-005
 WARNING:  CLM step     :                       104
 WARNING:  indexc       :       1501803
 WARNING:  ctype(indexc):             1
 WARNING:  water balance error   -3.2731828062126857E-004
 WARNING:  CLM step     :                       104
 WARNING:  indexc       :        982340
 WARNING:  ctype(indexc):             1
 WARNING:  water balance error   -1.6999705767973866E-005
 WARNING:  CLM step     :                       104
 WARNING:  indexc       :       1190869
 WARNING:  ctype(indexc):             1
 WARNING:  water balance error    5.8361876510304759E-005
 WARNING:  CLM step     :                       104
 WARNING:  indexc       :       1309825
 WARNING:  ctype(indexc):             1
 WARNING:  water balance error   -9.4898279199854342E-006
 WARNING:  CLM step     :                       104
 WARNING:  indexc       :        886511
 WARNING:  ctype(indexc):             1
 WARNING:  water balance error   -2.8273808878873108E-004
 WARNING:  CLM step     :                       104
 WARNING:  indexc       :         78176
 WARNING:  ctype(indexc):             1
 WARNING:  water balance error   -4.8147575607508110E-004
 WARNING:  CLM step     :                       105
 WARNING:  indexc       :       2352160
 WARNING:  ctype(indexc):             1
 WARNING:  water balance error   -1.9033540262603866E-007
 WARNING:  CLM step     :                       105
 WARNING:  indexc       :       2022492
 WARNING:  ctype(indexc):             1
 WARNING:  water balance error   -2.5744522270310024E-007
 WARNING:  CLM step     :                       105
 WARNING:  indexc       :       2136781
 WARNING:  ctype(indexc):             1
 WARNING:  water balance error   -2.7803605938421026E-006
 WARNING:  CLM step     :                       105
 WARNING:  indexc       :       2247186
 WARNING:  ctype(indexc):             1
 WARNING:  water balance error   -1.3985029607580530E-006
 WARNING:  CLM step     :                       105
 WARNING:  indexc       :        654147
 WARNING:  ctype(indexc):             1
 WARNING:  water balance error   -4.9150311525268317E-004
 WARNING:  CLM step     :                       105
 WARNING:  indexc       :       1877275
 WARNING:  ctype(indexc):             1
 WARNING:  water balance error   -2.3197342008287713E-006
 WARNING:  CLM step     :                       105
 WARNING:  indexc       :        249123
 WARNING:  ctype(indexc):             1
 WARNING:  water balance error   -2.6990159709879245E-003
 WARNING:  CLM step     :                       105
 WARNING:  indexc       :        377381
 WARNING:  ctype(indexc):             1
 WARNING:  water balance error   -6.2251013222852186E-005
 WARNING:  CLM step     :                       105
 WARNING:  indexc       :       1707008
 WARNING:  ctype(indexc):             1
 WARNING:  water balance error   -3.9629938442733575E-003
 WARNING:  CLM step     :                       105
 WARNING:  indexc       :        510919
 WARNING:  ctype(indexc):             1
 WARNING:  water balance error   -5.7019789352995261E-003
 WARNING:  CLM step     :                       105
 WARNING:  indexc       :       1386047
 WARNING:  ctype(indexc):             1
 WARNING:  water balance error   -1.9477942879113358E-007
 WARNING:  CLM step     :                       105
 WARNING:  indexc       :        969002
 WARNING:  ctype(indexc):             1
 WARNING:  water balance error   -3.1623871417756273E-003
 WARNING:  CLM step     :                       105
 WARNING:  indexc       :        806467
 WARNING:  ctype(indexc):             1
 WARNING:  water balance error   -2.2763832738422860E-003
 WARNING:  CLM step     :                       105
 WARNING:  indexc       :       1131725
 WARNING:  ctype(indexc):             1
 WARNING:  water balance error   -8.0092530515963774E-003
 WARNING:  CLM step     :                       105
 WARNING:  indexc       :       1501912
 WARNING:  ctype(indexc):             1
 WARNING:  water balance error   -1.0646474191822882E-003
 WARNING:  CLM step     :                       105
 WARNING:  indexc       :         89272
 WARNING:  ctype(indexc):             1
 WARNING:  water balance error   -8.2557208640497514E-005
 WARNING:  CLM step     :                       106
 WARNING:  indexc       :       2352190
 WARNING:  ctype(indexc):             1
 WARNING:  water balance error   -2.6210832108406543E-005
 WARNING:  CLM step     :                       106
 WARNING:  indexc       :       2022477
 WARNING:  ctype(indexc):             1
 WARNING:  water balance error   -1.0638455704087627E-007
 WARNING:  CLM step     :                       106
 WARNING:  CLM step     :                       106
 WARNING:  indexc       :       2247186
 WARNING:  ctype(indexc):             1
 WARNING:  water balance error   -2.0536877723669267E-006
 WARNING:  indexc       :       2136751
 WARNING:  ctype(indexc):             1
 WARNING:  water balance error   -1.0563682609907133E-004
 WARNING:  CLM step     :                       106
 WARNING:  indexc       :        249165
 WARNING:  ctype(indexc):             1
 WARNING:  water balance error   -2.7792568667339685E-004
 WARNING:  CLM step     :                       106
 WARNING:  indexc       :        689594
 WARNING:  ctype(indexc):             1
 WARNING:  water balance error   -3.4097153818898802E-003
 WARNING:  CLM step     :                       106
 WARNING:  indexc       :        377409
 WARNING:  ctype(indexc):             1
 WARNING:  water balance error   -7.9955460061638541E-005
 WARNING:  CLM step     :                       106
 WARNING:  indexc       :       1877275
 WARNING:  ctype(indexc):             1
 WARNING:  water balance error   -3.2205854613439147E-006
 WARNING:  CLM step     :                       106
 WARNING:  indexc       :        510858
 WARNING:  ctype(indexc):             1
 WARNING:  water balance error   -2.3729483473114698E-004
 WARNING:  CLM step     :                       106
 WARNING:  indexc       :       1501848
 WARNING:  ctype(indexc):             1
 WARNING:  water balance error   -6.7444114337380763E-004
 WARNING:  CLM step     :                       106
 WARNING:  indexc       :       1309825
 WARNING:  ctype(indexc):             1
 WARNING:  water balance error   -9.6773865774405052E-006
 WARNING:  CLM step     :                       106
 WARNING:  indexc       :        969002
 WARNING:  ctype(indexc):             1
 WARNING:  water balance error   -3.2187180925585365E-003
 WARNING:  CLM step     :                       106
 WARNING:  indexc       :        806467
 WARNING:  ctype(indexc):             1
 WARNING:  water balance error   -2.2816454735687182E-003
 WARNING:  CLM step     :                       106
 WARNING:  indexc       :       1710453
 WARNING:  ctype(indexc):             1
 WARNING:  water balance error   -3.0909783873150159E-003
 WARNING:  CLM step     :                       106
 WARNING:  indexc       :       1188258
 WARNING:  ctype(indexc):             1
 WARNING:  water balance error   -3.6489550155627921E-004
 WARNING:  CLM step     :                       106
 WARNING:  indexc       :         78632
 WARNING:  ctype(indexc):             1
 WARNING:  water balance error   -2.3706369285062530E-003
 WARNING:  CLM step     :                       107
 WARNING:  indexc       :       2352190
 WARNING:  ctype(indexc):             1
 WARNING:  water balance error   -1.7961461490718269E-005
 WARNING:  CLM step     :                       107
 WARNING:  indexc       :       2022471
 WARNING:  ctype(indexc):             1
 WARNING:  water balance error   -1.2724241642590251E-007
 WARNING:  CLM step     :                       107
 WARNING:  indexc       :       2136508
 WARNING:  ctype(indexc):             1
 WARNING:  water balance error   -1.0098826835526516E-005
 WARNING:  CLM step     :                       107
 WARNING:  indexc       :       2247186
 WARNING:  ctype(indexc):             1
 WARNING:  water balance error   -3.5995192884786495E-006
 WARNING:  CLM step     :                       107
 WARNING:  indexc       :        654147
 WARNING:  ctype(indexc):             1
 WARNING:  water balance error   -4.5350460433806974E-004
 WARNING:  CLM step     :                       107
 WARNING:  indexc       :        249123
 WARNING:  ctype(indexc):             1
 WARNING:  water balance error   -2.4497624508585387E-003
 WARNING:  CLM step     :                       107
 WARNING:  indexc       :       1877228
 WARNING:  ctype(indexc):             1
 WARNING:  water balance error   -3.4069202470987054E-005
 WARNING:  CLM step     :                       107
 WARNING:  CLM step     :                       107
 WARNING:  indexc       :        377409
 WARNING:  ctype(indexc):             1
 WARNING:  water balance error   -7.5458495054521473E-005
 WARNING:  indexc       :       1706847
 WARNING:  ctype(indexc):             1
 WARNING:  water balance error   -2.8136690743958822E-004
 WARNING:  CLM step     :                       107
 WARNING:  indexc       :        510858
 WARNING:  ctype(indexc):             1
 WARNING:  water balance error   -2.5049487528634289E-004
 WARNING:  CLM step     :                       107
 WARNING:  indexc       :       1309825
 WARNING:  ctype(indexc):             1
 WARNING:  water balance error   -9.3918393786350442E-006
 WARNING:  CLM step     :                       107
 WARNING:  indexc       :        969002
 WARNING:  ctype(indexc):             1
 WARNING:  water balance error   -3.9785152119511755E-003
 WARNING:  CLM step     :                       107
 WARNING:  indexc       :       1144209
 WARNING:  ctype(indexc):             1
 WARNING:  water balance error   -1.3492891877160309E-003
 WARNING:  CLM step     :                       107
 WARNING:  indexc       :        806467
 WARNING:  ctype(indexc):             1
 WARNING:  water balance error   -1.9568060686013648E-003
 WARNING:  CLM step     :                       107
 WARNING:  indexc       :       1501912
 WARNING:  ctype(indexc):             1
 WARNING:  water balance error   -1.0259992613574410E-003
 WARNING:  CLM step     :                       107
 WARNING:  indexc       :         78471
 WARNING:  ctype(indexc):             1
 WARNING:  water balance error   -7.6281145805746637E-005
 WARNING:  CLM step     :                       108
 WARNING:  indexc       :       2352181
 WARNING:  ctype(indexc):             1
 WARNING:  water balance error   -1.5923430408127233E-005
 WARNING:  CLM step     :                       108
 WARNING:  indexc       :       2022439
 WARNING:  ctype(indexc):             1
 WARNING:  water balance error   -2.1941167129765633E-006
 WARNING:  CLM step     :                       108
 WARNING:  indexc       :       2247186
 WARNING:  ctype(indexc):             1
 WARNING:  water balance error   -1.1738151336354596E-006
 WARNING:  CLM step     :                       108
 WARNING:  indexc       :       2136505
 WARNING:  ctype(indexc):             1
 WARNING:  water balance error   -5.2893280560648014E-005
 WARNING:  CLM step     :                       108
 WARNING:  indexc       :        249123
 WARNING:  ctype(indexc):             1
 WARNING:  water balance error   -2.3838882274345025E-003
 WARNING:  CLM step     :                       108
 WARNING:  indexc       :       1877176
 WARNING:  ctype(indexc):             1
 WARNING:  water balance error   -3.2679942875479546E-005
 WARNING:  CLM step     :                       108
 WARNING:  indexc       :        654147
 WARNING:  ctype(indexc):             1
 WARNING:  water balance error   -4.5405347460963181E-004
 WARNING:  CLM step     :                       108
 WARNING:  indexc       :        400701
 WARNING:  ctype(indexc):             1
 WARNING:  water balance error   -7.6578958346955502E-005
 WARNING:  CLM step     :                       108
 WARNING:  indexc       :       1707016
 WARNING:  ctype(indexc):             1
 WARNING:  water balance error   -3.4909797260731503E-003
 WARNING:  CLM step     :                       108
 WARNING:  indexc       :        510858
 WARNING:  ctype(indexc):             1
 WARNING:  water balance error   -2.5367959070122473E-004
 WARNING:  CLM step     :                       108
 WARNING:  indexc       :       1504169
 WARNING:  ctype(indexc):             1
 WARNING:  water balance error   -3.8727472054894793E-004
 WARNING:  CLM step     :                       108
 WARNING:  indexc       :       1309825
 WARNING:  ctype(indexc):             1
 WARNING:  water balance error   -9.4862033131979528E-006
 WARNING:  CLM step     :                       108
 WARNING:  indexc       :        995754
 WARNING:  ctype(indexc):             1
 WARNING:  water balance error   -1.4343253298122198E-003
 WARNING:  CLM step     :                       108
 WARNING:  indexc       :        806467
 WARNING:  ctype(indexc):             1
 WARNING:  water balance error   -2.1806974486160164E-003
 WARNING:  CLM step     :                       108
 WARNING:  indexc       :       1156742
 WARNING:  ctype(indexc):             1
 WARNING:  water balance error   -5.5095068018417220E-006
 WARNING:  CLM step     :                       108
 WARNING:  indexc       :         78228
 WARNING:  ctype(indexc):             1
 WARNING:  water balance error   -3.4555330472179333E-003
 WARNING:  CLM step     :                       109
 WARNING:  indexc       :       2352190
 WARNING:  ctype(indexc):             1
 WARNING:  water balance error   -1.8816338564663840E-005
 WARNING:  CLM step     :                       109
 WARNING:  indexc       :       2022343
 WARNING:  ctype(indexc):             1
 WARNING:  water balance error   -1.3070804543750301E-005
 WARNING:  CLM step     :                       109
 WARNING:  indexc       :       2136748
 WARNING:  ctype(indexc):             1
 WARNING:  water balance error   -6.8976311208746922E-005
 WARNING:  CLM step     :                       109
 WARNING:  indexc       :       2247186
 WARNING:  ctype(indexc):             1
 WARNING:  water balance error   -6.5273720053538763E-006
 WARNING:  CLM step     :                       109
 WARNING:  indexc       :       1877176
 WARNING:  ctype(indexc):             1
 WARNING:  water balance error   -3.3121919712123446E-005
 WARNING:  CLM step     :                       109
 WARNING:  indexc       :        249165
 WARNING:  ctype(indexc):             1
 WARNING:  water balance error   -6.2792135561176004E-003
 WARNING:  CLM step     :                       109
 WARNING:  indexc       :        654147
 WARNING:  ctype(indexc):             1
 WARNING:  water balance error   -4.5485918366720417E-004
 WARNING:  CLM step     :                       109
 WARNING:  indexc       :        377406
 WARNING:  ctype(indexc):             1
 WARNING:  water balance error   -9.9970817782797894E-005
 WARNING:  CLM step     :                       109
 WARNING:  indexc       :        510858
 WARNING:  ctype(indexc):             1
 WARNING:  water balance error   -2.5783212554420437E-004
 WARNING:  CLM step     :                       109
 WARNING:  indexc       :       1747948
 WARNING:  ctype(indexc):             1
 WARNING:  water balance error    1.5217002980965450E-006
 WARNING:  CLM step     :                       109
 WARNING:  indexc       :       1309825
 WARNING:  ctype(indexc):             1
 WARNING:  water balance error   -9.5562978208514303E-006
 WARNING:  CLM step     :                       109
 WARNING:  indexc       :       1501912
 WARNING:  ctype(indexc):             1
 WARNING:  water balance error   -9.7790814129224048E-004
 WARNING:  CLM step     :                       109
 WARNING:  indexc       :       1029185
 WARNING:  ctype(indexc):             1
 WARNING:  water balance error   -1.0027331228710911E-003
 WARNING:  CLM step     :                       109
 WARNING:  indexc       :       1131725
 WARNING:  ctype(indexc):             1
 WARNING:  water balance error   -7.9110249924464453E-003
 WARNING:  CLM step     :                       109
 WARNING:  indexc       :        806467
 WARNING:  ctype(indexc):             1
 WARNING:  water balance error   -2.2302042829483596E-003
 WARNING:  CLM step     :                       109
 WARNING:  indexc       :         78662
 WARNING:  ctype(indexc):             1
 WARNING:  water balance error   -7.1172631715394095E-005
 WARNING:  CLM step     :                       110
 WARNING:  indexc       :       2352148
 WARNING:  ctype(indexc):             1
 WARNING:  water balance error   -4.8346813272501671E-007
 WARNING:  CLM step     :                       110
 WARNING:  indexc       :       2022439
 WARNING:  ctype(indexc):             1
 WARNING:  water balance error   -3.2121163360137347E-006
 WARNING:  CLM step     :                       110
 WARNING:  indexc       :       2247186
 WARNING:  ctype(indexc):             1
 WARNING:  water balance error   -5.2611916756667692E-006
 WARNING:  CLM step     :                       110
 WARNING:  indexc       :       2136748
 WARNING:  ctype(indexc):             1
 WARNING:  water balance error   -6.5589429990219129E-005
 WARNING:  CLM step     :                       110
 WARNING:  indexc       :       1877231
 WARNING:  ctype(indexc):             1
 WARNING:  water balance error   -1.2695422023040022E-004
 WARNING:  CLM step     :                       110
 WARNING:  indexc       :        249165
 WARNING:  ctype(indexc):             1
 WARNING:  water balance error   -2.0892215401746293E-004
 WARNING:  CLM step     :                       110
 WARNING:  indexc       :        654147
 WARNING:  ctype(indexc):             1
 WARNING:  water balance error   -3.5942116640463347E-004
 WARNING:  CLM step     :                       110
 WARNING:  indexc       :        510858
 WARNING:  ctype(indexc):             1
 WARNING:  water balance error   -2.4853260741689113E-004
 WARNING:  CLM step     :                       110
 WARNING:  indexc       :        377309
 WARNING:  ctype(indexc):             1
 WARNING:  water balance error   -2.1971266897568648E-004
 WARNING:  CLM step     :                       110
 WARNING:  indexc       :       1707136
 WARNING:  ctype(indexc):             1
 WARNING:  water balance error   -1.6745622754035787E-003
 WARNING:  CLM step     :                       110
 WARNING:  indexc       :       1345317
 WARNING:  ctype(indexc):             1
 WARNING:  water balance error   -1.6024472230885377E-004
 WARNING:  CLM step     :                       110
 WARNING:  indexc       :       1501848
 WARNING:  ctype(indexc):             1
 WARNING:  water balance error   -6.7827291927881046E-004
 WARNING:  CLM step     :                       110
 WARNING:  indexc       :        969002
 WARNING:  ctype(indexc):             1
 WARNING:  water balance error   -5.0923160127898928E-003
 WARNING:  CLM step     :                       110
 WARNING:  indexc       :       1131758
 WARNING:  ctype(indexc):             1
 WARNING:  water balance error   -6.2280354827063348E-003
 WARNING:  CLM step     :                       110
 WARNING:  indexc       :        806403
 WARNING:  ctype(indexc):             1
 WARNING:  water balance error   -6.7587624951527590E-004
 WARNING:  CLM step     :                       110
 WARNING:  indexc       :         78662
 WARNING:  ctype(indexc):             1
 WARNING:  water balance error   -6.4700635526748036E-005
 WARNING:  CLM step     :                       111
 WARNING:  indexc       :       2352181
 WARNING:  ctype(indexc):             1
 WARNING:  water balance error   -1.2941852114808163E-005
 WARNING:  CLM step     :                       111
 WARNING:  indexc       :       2022439
 WARNING:  ctype(indexc):             1
 WARNING:  water balance error   -4.0173080569874397E-006
 WARNING:  CLM step     :                       111
 WARNING:  indexc       :       2247010
 WARNING:  ctype(indexc):             1
 WARNING:  water balance error   -5.0290400700319640E-007
 WARNING:  CLM step     :                       111
 WARNING:  indexc       :       2136781
 WARNING:  ctype(indexc):             1
 WARNING:  water balance error   -1.8161115390304507E-006
 WARNING:  CLM step     :                       111
 WARNING:  indexc       :        249132
 WARNING:  ctype(indexc):             1
 WARNING:  water balance error   -3.3433732309562962E-005
 WARNING:  CLM step     :                       111
 WARNING:  indexc       :       1903152
 WARNING:  ctype(indexc):             1
 WARNING:  water balance error   -5.6032328411270607E-004
 WARNING:  CLM step     :                       111
 WARNING:  indexc       :        654147
 WARNING:  ctype(indexc):             1
 WARNING:  water balance error   -3.5472263405604006E-004
 WARNING:  CLM step     :                       111
 WARNING:  indexc       :        377301
 WARNING:  ctype(indexc):             1
 WARNING:  water balance error   -2.1010263341784160E-005
 WARNING:  CLM step     :                       111
 WARNING:  indexc       :        510825
 WARNING:  ctype(indexc):             1
 WARNING:  water balance error   -1.0566368260697934E-003
 WARNING:  CLM step     :                       111
 WARNING:  indexc       :       1707136
 WARNING:  ctype(indexc):             1
 WARNING:  water balance error   -1.7780637463134937E-003
 WARNING:  CLM step     :                       111
 WARNING:  indexc       :       1345285
 WARNING:  ctype(indexc):             1
 WARNING:  water balance error   -3.9743135010220039E-004
 WARNING:  CLM step     :                       111
 WARNING:  indexc       :       1501770
 WARNING:  ctype(indexc):             1
 WARNING:  water balance error   -5.4689593429317466E-004
 WARNING:  CLM step     :                       111
 WARNING:  indexc       :        969002
 WARNING:  ctype(indexc):             1
 WARNING:  water balance error   -5.3203448750459891E-003
 WARNING:  CLM step     :                       111
 WARNING:  indexc       :        806467
 WARNING:  ctype(indexc):             1
 WARNING:  water balance error   -1.8471149692400007E-003
 WARNING:  CLM step     :                       111
 WARNING:  indexc       :       1135142
 WARNING:  ctype(indexc):             1
 WARNING:  water balance error   -2.5288929162941567E-004
 WARNING:  CLM step     :                       111
 WARNING:  indexc       :         78662
 WARNING:  ctype(indexc):             1
 WARNING:  water balance error   -5.8772655690034548E-005
 WARNING:  CLM step     :                       112
 WARNING:  indexc       :       2352190
 WARNING:  ctype(indexc):             1
 WARNING:  water balance error   -1.4118557423278930E-005
 WARNING:  CLM step     :                       112
 WARNING:  indexc       :       2022376
 WARNING:  ctype(indexc):             1
 WARNING:  water balance error   -9.3391192646306555E-006
 WARNING:  CLM step     :                       112
 WARNING:  indexc       :       2136748
 WARNING:  ctype(indexc):             1
 WARNING:  water balance error   -5.9298125754298089E-005
 WARNING:  CLM step     :                       112
 WARNING:  indexc       :       2247186
 WARNING:  ctype(indexc):             1
 WARNING:  water balance error   -6.6736245920555613E-006
 WARNING:  CLM step     :                       112
 WARNING:  indexc       :       1877275
 WARNING:  ctype(indexc):             1
 WARNING:  water balance error   -2.2210831295651659E-005
 WARNING:  CLM step     :                       112
 WARNING:  indexc       :        249132
 WARNING:  ctype(indexc):             1
 WARNING:  water balance error   -1.6421298737394148E-004
 WARNING:  CLM step     :                       112
 WARNING:  indexc       :        654147
 WARNING:  ctype(indexc):             1
 WARNING:  water balance error   -3.5206787170009840E-004
 WARNING:  CLM step     :                       112
 WARNING:  indexc       :       1707136
 WARNING:  ctype(indexc):             1
 WARNING:  water balance error   -1.6600824321722954E-003
 WARNING:  CLM step     :                       112
 WARNING:  indexc       :        377409
 WARNING:  ctype(indexc):             1
 WARNING:  water balance error   -6.9403481300524418E-005
 WARNING:  CLM step     :                       112
 WARNING:  indexc       :        510919
 WARNING:  ctype(indexc):             1
 WARNING:  water balance error   -6.0598288281028092E-003
 WARNING:  CLM step     :                       112
 WARNING:  indexc       :       1501848
 WARNING:  ctype(indexc):             1
 WARNING:  water balance error   -6.7959144223652486E-004
 WARNING:  CLM step     :                       112
 WARNING:  indexc       :       1309803
 WARNING:  ctype(indexc):             1
 WARNING:  water balance error   -1.4257207044291057E-003
 WARNING:  CLM step     :                       112
 WARNING:  indexc       :        806467
 WARNING:  ctype(indexc):             1
 WARNING:  water balance error   -1.8484045861662101E-003
 WARNING:  CLM step     :                       112
 WARNING:  indexc       :        968942
 WARNING:  ctype(indexc):             1
 WARNING:  water balance error   -6.0687381995742093E-003
 WARNING:  CLM step     :                       112
 WARNING:  indexc       :       1131758
 WARNING:  ctype(indexc):             1
 WARNING:  water balance error   -6.2116210676518751E-003
 WARNING:  CLM step     :                       112
 WARNING:  indexc       :         78323
 WARNING:  ctype(indexc):             1
 WARNING:  water balance error   -1.6704170453209316E-004
 WARNING:  CLM step     :                       113
 WARNING:  indexc       :       2352190
 WARNING:  ctype(indexc):             1
 WARNING:  water balance error   -1.1930130708849647E-005
 WARNING:  CLM step     :                       113
 WARNING:  indexc       :       2022471
 WARNING:  ctype(indexc):             1
 WARNING:  water balance error   -1.0300611674833525E-007
 WARNING:  CLM step     :                       113
 WARNING:  indexc       :       2136751
 WARNING:  ctype(indexc):             1
 WARNING:  water balance error   -5.3821107512518133E-005
 WARNING:  CLM step     :                       113
 WARNING:  indexc       :       2247186
 WARNING:  ctype(indexc):             1
 WARNING:  water balance error   -4.4427230401347828E-006
 WARNING:  CLM step     :                       113
 WARNING:  indexc       :        249165
 WARNING:  ctype(indexc):             1
 WARNING:  water balance error   -9.2002099186622895E-005
 WARNING:  CLM step     :                       113
 WARNING:  indexc       :       1877126
 WARNING:  ctype(indexc):             1
 WARNING:  water balance error   -3.0957356836786751E-005
 WARNING:  CLM step     :                       113
 WARNING:  indexc       :        654147
 WARNING:  ctype(indexc):             1
 WARNING:  water balance error   -2.4639924072509530E-004
 WARNING:  CLM step     :                       113
 WARNING:  indexc       :        377409
 WARNING:  ctype(indexc):             1
 WARNING:  water balance error   -6.4095289928254678E-005
 WARNING:  CLM step     :                       113
 WARNING:  indexc       :       1707125
 WARNING:  ctype(indexc):             1
 WARNING:  water balance error   -4.4295998681713718E-003
 WARNING:  CLM step     :                       113
 WARNING:  indexc       :        510919
 WARNING:  ctype(indexc):             1
 WARNING:  water balance error   -6.1288915065246556E-003
 WARNING:  CLM step     :                       113
 WARNING:  indexc       :       1309803
 WARNING:  ctype(indexc):             1
 WARNING:  water balance error   -1.3676899504774895E-003
 WARNING:  CLM step     :                       113
 WARNING:  indexc       :       1501912
 WARNING:  ctype(indexc):             1
 WARNING:  water balance error   -9.3939565139753312E-004
 WARNING:  CLM step     :                       113
 WARNING:  indexc       :        969002
 WARNING:  ctype(indexc):             1
 WARNING:  water balance error   -4.4626821137939837E-003
 WARNING:  CLM step     :                       113
 WARNING:  indexc       :        806467
 WARNING:  ctype(indexc):             1
 WARNING:  water balance error   -1.7010383108088964E-003
 WARNING:  CLM step     :                       113
 WARNING:  indexc       :       1131758
 WARNING:  ctype(indexc):             1
 WARNING:  water balance error   -5.1096192905405692E-003
 WARNING:  CLM step     :                       113
 WARNING:  indexc       :         78662
 WARNING:  ctype(indexc):             1
 WARNING:  water balance error   -5.7201733629131426E-005
 WARNING:  CLM step     :                       114
 WARNING:  indexc       :       2352148
 WARNING:  ctype(indexc):             1
 WARNING:  water balance error   -3.2185086724279861E-007
 WARNING:  CLM step     :                       114
 WARNING:  indexc       :       2022474
 WARNING:  ctype(indexc):             1
 WARNING:  water balance error   -1.3134711007565351E-007
 WARNING:  CLM step     :                       114
 WARNING:  indexc       :       2247569
 WARNING:  ctype(indexc):             1
 WARNING:  water balance error   -3.6604638656740506E-006
 WARNING:  CLM step     :                       114
 WARNING:  indexc       :       2136654
 WARNING:  ctype(indexc):             1
 WARNING:  water balance error   -5.9071575978873582E-005
 WARNING:  CLM step     :                       114
 WARNING:  indexc       :        654147
 WARNING:  ctype(indexc):             1
 WARNING:  water balance error   -2.3882256796210917E-004
 WARNING:  CLM step     :                       114
 WARNING:  indexc       :       1877275
 WARNING:  ctype(indexc):             1
 WARNING:  water balance error   -5.0519378519316221E-005
 WARNING:  CLM step     :                       114
 WARNING:  indexc       :        249165
 WARNING:  ctype(indexc):             1
 WARNING:  water balance error   -3.8072885181630986E-003
 WARNING:  CLM step     :                       114
 WARNING:  indexc       :       1707136
 WARNING:  ctype(indexc):             1
 WARNING:  water balance error   -1.6880781701821559E-003
 WARNING:  CLM step     :                       114
 WARNING:  indexc       :        377309
 WARNING:  ctype(indexc):             1
 WARNING:  water balance error   -7.1090162274772015E-005
 WARNING:  CLM step     :                       114
 WARNING:  indexc       :       1309825
 WARNING:  ctype(indexc):             1
 WARNING:  water balance error   -8.5426099988280478E-006
 WARNING:  CLM step     :                       114
 WARNING:  indexc       :        510858
 WARNING:  ctype(indexc):             1
 WARNING:  water balance error   -2.4407117821762447E-004
 WARNING:  CLM step     :                       114
 WARNING:  indexc       :       1501851
 WARNING:  ctype(indexc):             1
 WARNING:  water balance error   -8.6017297095735475E-004
 WARNING:  CLM step     :                       114
 WARNING:  indexc       :        969002
 WARNING:  ctype(indexc):             1
 WARNING:  water balance error   -4.3876321151745850E-003
 WARNING:  CLM step     :                       114
 WARNING:  indexc       :        806467
 WARNING:  ctype(indexc):             1
 WARNING:  water balance error   -1.6948937998983189E-003
 WARNING:  CLM step     :                       114
 WARNING:  indexc       :       1131725
 WARNING:  ctype(indexc):             1
 WARNING:  water balance error   -3.0687080713360983E-003
 WARNING:  CLM step     :                       114
 WARNING:  indexc       :         78662
 WARNING:  ctype(indexc):             1
 WARNING:  water balance error   -5.7019294861318132E-005
 WARNING:  CLM step     :                       115
 WARNING:  indexc       :       2352190
 WARNING:  ctype(indexc):             1
 WARNING:  water balance error   -1.2150552223504119E-005
 WARNING:  CLM step     :                       115
 WARNING:  indexc       :       2022477
 WARNING:  ctype(indexc):             1
 WARNING:  water balance error   -1.0543070622573691E-007
 WARNING:  CLM step     :                       115
 WARNING:  indexc       :       2136508
 WARNING:  ctype(indexc):             1
 WARNING:  water balance error   -7.3271384914684622E-006
 WARNING:  CLM step     :                       115
 WARNING:  indexc       :       2247186
 WARNING:  ctype(indexc):             1
 WARNING:  water balance error   -3.2238208849455618E-006
 WARNING:  CLM step     :                       115
 WARNING:  indexc       :       1877176
 WARNING:  ctype(indexc):             1
 WARNING:  water balance error   -3.1499804239288709E-005
 WARNING:  CLM step     :                       115
 WARNING:  indexc       :        654147
 WARNING:  ctype(indexc):             1
 WARNING:  water balance error   -2.3248005687537775E-004
 WARNING:  CLM step     :                       115
 WARNING:  indexc       :        249132
 WARNING:  ctype(indexc):             1
 WARNING:  water balance error   -3.1228571240489264E-005
 WARNING:  CLM step     :                       115
 WARNING:  indexc       :       1706992
 WARNING:  ctype(indexc):             1
 WARNING:  water balance error   -3.7363440564056527E-003
 WARNING:  CLM step     :                       115
 WARNING:  indexc       :        377409
 WARNING:  ctype(indexc):             1
 WARNING:  water balance error   -6.2336460494729148E-005
 WARNING:  CLM step     :                       115
 WARNING:  indexc       :        510645
 WARNING:  ctype(indexc):             1
 WARNING:  water balance error   -6.2921524523155761E-003
 WARNING:  CLM step     :                       115
 WARNING:  indexc       :       1309860
 WARNING:  ctype(indexc):             1
 WARNING:  water balance error   -5.9199851019166771E-004
 WARNING:  CLM step     :                       115
 WARNING:  indexc       :       1501851
 WARNING:  ctype(indexc):             1
 WARNING:  water balance error   -8.5510779027380215E-004
 WARNING:  CLM step     :                       115
 WARNING:  indexc       :        969002
 WARNING:  ctype(indexc):             1
 WARNING:  water balance error   -4.3809486978989634E-003
 WARNING:  CLM step     :                       115
 WARNING:  indexc       :       1131758
 WARNING:  ctype(indexc):             1
 WARNING:  water balance error   -5.1187054002442296E-003
 WARNING:  CLM step     :                       115
 WARNING:  indexc       :        806467
 WARNING:  ctype(indexc):             1
 WARNING:  water balance error   -1.6918818985837531E-003
 WARNING:  CLM step     :                       115
 WARNING:  indexc       :         78662
 WARNING:  ctype(indexc):             1
 WARNING:  water balance error   -5.6954903003093805E-005
 WARNING:  CLM step     :                       116
 WARNING:  indexc       :       2352181
 WARNING:  ctype(indexc):             1
 WARNING:  water balance error   -8.4349636513546621E-006
 WARNING:  CLM step     :                       116
 WARNING:  indexc       :       2022483
 WARNING:  ctype(indexc):             1
 WARNING:  water balance error   -1.0454938816422150E-007
 WARNING:  CLM step     :                       116
 WARNING:  indexc       :       2136748
 WARNING:  ctype(indexc):             1
 WARNING:  water balance error   -5.8318319580305280E-005
 WARNING:  CLM step     :                       116
 WARNING:  indexc       :       2247186
 WARNING:  ctype(indexc):             1
 WARNING:  water balance error   -5.8542734287527452E-007
 WARNING:  CLM step     :                       116
 WARNING:  indexc       :       1877228
 WARNING:  ctype(indexc):             1
 WARNING:  water balance error   -3.2945333858403061E-004
 WARNING:  CLM step     :                       116
 WARNING:  indexc       :        654147
 WARNING:  ctype(indexc):             1
 WARNING:  water balance error   -2.3225952355084245E-004
 WARNING:  CLM step     :                       116
 WARNING:  indexc       :        249123
 WARNING:  ctype(indexc):             1
 WARNING:  water balance error   -1.9586921037189819E-003
 WARNING:  CLM step     :                       116
 WARNING:  indexc       :       1707008
 WARNING:  ctype(indexc):             1
 WARNING:  water balance error   -3.1238631275295110E-003
 WARNING:  CLM step     :                       116
 WARNING:  indexc       :       1309860
 WARNING:  ctype(indexc):             1
 WARNING:  water balance error   -5.2823953828930376E-004
 WARNING:  CLM step     :                       116
 WARNING:  indexc       :        970762
 WARNING:  ctype(indexc):             1
 WARNING:  water balance error   -2.1750241227035878E-005
 WARNING:  CLM step     :                       116
 WARNING:  indexc       :       1501848
 WARNING:  ctype(indexc):             1
 WARNING:  water balance error   -5.3024794945648421E-004
 WARNING:  CLM step     :                       116
 WARNING:  indexc       :        376955
 WARNING:  ctype(indexc):             1
 WARNING:  water balance error   -2.2298870466273872E-005
 WARNING:  CLM step     :                       116
 WARNING:  indexc       :        845507
 WARNING:  CLM step     :                       116
 WARNING:  indexc       :       1131725
 WARNING:  ctype(indexc):             1
 WARNING:  water balance error   -1.4987371743159085E-003
 WARNING:  ctype(indexc):             1
 WARNING:  water balance error   -4.1235877830302183E-005
 WARNING:  CLM step     :                       116
 WARNING:  indexc       :        510919
 WARNING:  ctype(indexc):             1
 WARNING:  water balance error   -6.0068720580908723E-003
 WARNING:  CLM step     :                       116
 WARNING:  indexc       :         78632
 WARNING:  ctype(indexc):             1
 WARNING:  water balance error   -6.8491946938939024E-005
 WARNING:  CLM step     :                       117
 WARNING:  indexc       :       2352190
 WARNING:  ctype(indexc):             1
 WARNING:  water balance error   -9.8695070333524882E-006
 WARNING:  CLM step     :                       117
 WARNING:  indexc       :       2022477
 WARNING:  ctype(indexc):             1
 WARNING:  water balance error   -1.9184049747501635E-007
 WARNING:  CLM step     :                       117
 WARNING:  indexc       :       2247186
 WARNING:  ctype(indexc):             1
 WARNING:  water balance error   -1.3864315349630538E-006
 WARNING:  CLM step     :                       117
 WARNING:  indexc       :       2136748
 WARNING:  ctype(indexc):             1
 WARNING:  water balance error   -5.8957165405342985E-005
 WARNING:  CLM step     :                       117
 WARNING:  indexc       :        249123
 WARNING:  ctype(indexc):             1
 WARNING:  water balance error   -1.9027639087421172E-003
 WARNING:  CLM step     :                       117
 WARNING:  indexc       :       1877046
 WARNING:  ctype(indexc):             1
 WARNING:  water balance error   -1.1841253824016147E-004
 WARNING:  CLM step     :                       117
 WARNING:  indexc       :        654147
 WARNING:  ctype(indexc):             1
 WARNING:  water balance error   -2.4039923699367918E-004
 WARNING:  CLM step     :                       117
 WARNING:  indexc       :       1707136
 WARNING:  ctype(indexc):             1
 WARNING:  water balance error   -1.7117066355016222E-003
 WARNING:  CLM step     :                       117
 WARNING:  indexc       :        377160
 WARNING:  ctype(indexc):             1
 WARNING:  water balance error   -2.3463651332102449E-003
 WARNING:  CLM step     :                       117
 WARNING:  indexc       :       1309642
 WARNING:  ctype(indexc):             1
 WARNING:  water balance error   -6.2644571468368043E-006
 WARNING:  CLM step     :                       117
 WARNING:  indexc       :        510858
 WARNING:  ctype(indexc):             1
 WARNING:  water balance error   -2.3619438804127864E-004
 WARNING:  CLM step     :                       117
 WARNING:  indexc       :        969002
 WARNING:  ctype(indexc):             1
 WARNING:  water balance error   -3.6914491930320975E-003
 WARNING:  CLM step     :                       117
 WARNING:  indexc       :       1131728
 WARNING:  ctype(indexc):             1
 WARNING:  water balance error   -2.4706318072014641E-003
 WARNING:  CLM step     :                       117
 WARNING:  indexc       :       1501899
 WARNING:  ctype(indexc):             1
 WARNING:  water balance error   -2.5844152127215629E-004
 WARNING:  CLM step     :                       117
 WARNING:  indexc       :        806467
 WARNING:  ctype(indexc):             1
 WARNING:  water balance error   -1.3983962187664467E-003
 WARNING:  CLM step     :                       117
 WARNING:  indexc       :        110570
 WARNING:  ctype(indexc):             1
 WARNING:  water balance error   -7.6446236768482403E-007
 WARNING:  CLM step     :                       118
 WARNING:  indexc       :       2352148
 WARNING:  ctype(indexc):             1
 WARNING:  water balance error   -2.2147403756664648E-007
 WARNING:  CLM step     :                       118
 WARNING:  indexc       :       2022489
 WARNING:  ctype(indexc):             1
 WARNING:  water balance error   -1.1117293267946039E-007
 WARNING:  CLM step     :                       118
 WARNING:  indexc       :       2247186
 WARNING:  ctype(indexc):             1
 WARNING:  water balance error   -3.2106109682633453E-007
 WARNING:  CLM step     :                       118
 WARNING:  indexc       :       2153263
 WARNING:  ctype(indexc):             1
 WARNING:  water balance error   -6.7981453853191112E-007
 WARNING:  CLM step     :                       118
 WARNING:  indexc       :        249123
 WARNING:  ctype(indexc):             1
 WARNING:  water balance error   -1.8642864099026467E-003
 WARNING:  CLM step     :                       118
 WARNING:  indexc       :       1934076
 WARNING:  ctype(indexc):             1
 WARNING:  water balance error    2.8172598851983676E-004
 WARNING:  CLM step     :                       118
 WARNING:  indexc       :        654147
 WARNING:  ctype(indexc):             1
 WARNING:  water balance error   -2.5333387783002970E-004
 WARNING:  CLM step     :                       118
 WARNING:  indexc       :        377409
 WARNING:  ctype(indexc):             1
 WARNING:  water balance error   -5.2355887968367628E-005
 WARNING:  CLM step     :                       118
 WARNING:  indexc       :       1711910
 WARNING:  ctype(indexc):             1
 WARNING:  water balance error    6.7652733676029360E-004
 WARNING:  CLM step     :                       118
 WARNING:  indexc       :       1025438
 WARNING:  ctype(indexc):             1
 WARNING:  water balance error    2.4656262786872595E-004
 WARNING:  CLM step     :                       118
 WARNING:  indexc       :       1309860
 WARNING:  ctype(indexc):             1
 WARNING:  water balance error   -5.1847270645641276E-004
 WARNING:  CLM step     :                       118
 WARNING:  indexc       :        510858
 WARNING:  ctype(indexc):             1
 WARNING:  water balance error   -2.3767221047289478E-004
 WARNING:  CLM step     :                       118
 WARNING:  indexc       :       1501851
 WARNING:  ctype(indexc):             1
 WARNING:  water balance error   -6.5977546686175100E-004
 WARNING:  CLM step     :                       118
 WARNING:  indexc       :       1131758
 WARNING:  ctype(indexc):             1
 WARNING:  water balance error   -2.4257304598935886E-003
 WARNING:  CLM step     :                       118
 WARNING:  indexc       :        806467
 WARNING:  ctype(indexc):             1
 WARNING:  water balance error   -1.3795147449571466E-003
 WARNING:  CLM step     :                       118
 WARNING:  indexc       :         78632
 WARNING:  ctype(indexc):             1
 WARNING:  water balance error   -6.1841771079701479E-005
 WARNING:  CLM step     :                       119
 WARNING:  indexc       :       2372644
 WARNING:  ctype(indexc):             1
 WARNING:  water balance error   -1.5764637227929261E-005
 WARNING:  CLM step     :                       119
 WARNING:  indexc       :       2022477
 WARNING:  ctype(indexc):             1
 WARNING:  water balance error   -4.8687960659851801E-007
 WARNING:  CLM step     :                       119
 WARNING:  indexc       :       2136508
 WARNING:  ctype(indexc):             1
 WARNING:  water balance error   -6.3238902999419034E-006
 WARNING:  CLM step     :                       119
 WARNING:  indexc       :       2258869
 WARNING:  ctype(indexc):             1
 WARNING:  water balance error    5.3101171264725619E-005
 WARNING:  CLM step     :                       119
 WARNING:  indexc       :        249165
 WARNING:  ctype(indexc):             1
 WARNING:  water balance error   -2.5532892905621935E-003
 WARNING:  CLM step     :                       119
 WARNING:  indexc       :       1877228
 WARNING:  ctype(indexc):             1
 WARNING:  water balance error   -2.9110362228048855E-004
 WARNING:  CLM step     :                       119
 WARNING:  indexc       :        654147
 WARNING:  ctype(indexc):             1
 WARNING:  water balance error   -2.8892028429365488E-004
 WARNING:  CLM step     :                       119
 WARNING:  indexc       :       1758090
 WARNING:  ctype(indexc):             1
 WARNING:  water balance error   -4.7337601459430374E-005
 WARNING:  CLM step     :                       119
 WARNING:  indexc       :        377409
 WARNING:  ctype(indexc):             1
 WARNING:  water balance error   -4.3740852203735868E-005
 WARNING:  CLM step     :                       119
 WARNING:  indexc       :        510858
 WARNING:  ctype(indexc):             1
 WARNING:  water balance error   -2.4697563939504676E-004
 WARNING:  CLM step     :                       119
 WARNING:  indexc       :       1309825
 WARNING:  ctype(indexc):             1
 WARNING:  water balance error   -7.6390274013822556E-006
 WARNING:  CLM step     :                       119
 WARNING:  indexc       :        806467
 WARNING:  ctype(indexc):             1
 WARNING:  water balance error   -9.3345560918203622E-004
 WARNING:  CLM step     :                       119
 WARNING:  indexc       :       1501848
 WARNING:  ctype(indexc):             1
 WARNING:  water balance error   -2.7705120073140372E-004
 WARNING:  CLM step     :                       119
 WARNING:  indexc       :       1156742
 WARNING:  ctype(indexc):             1
 WARNING:  water balance error   -1.0986453313918226E-006
 WARNING:  CLM step     :                       119
 WARNING:  indexc       :        969002
 WARNING:  ctype(indexc):             1
 WARNING:  water balance error   -3.3115275631434939E-003
 WARNING:  CLM step     :                       119
 WARNING:  indexc       :         78662
 WARNING:  ctype(indexc):             1
 WARNING:  water balance error   -6.9648931891779965E-005
 WARNING:  CLM step     :                       120
 WARNING:  indexc       :       2352100
 WARNING:  ctype(indexc):             1
 WARNING:  water balance error   -2.0178775507782715E-007
 WARNING:  CLM step     :                       120
 WARNING:  indexc       :       2022492
 WARNING:  ctype(indexc):             1
 WARNING:  water balance error   -1.5561835119346488E-007
 WARNING:  CLM step     :                       120
 WARNING:  indexc       :       2247010
 WARNING:  ctype(indexc):             1
 WARNING:  water balance error   -2.6510303802226589E-006
 WARNING:  CLM step     :                       120
 WARNING:  indexc       :       2136781
 WARNING:  ctype(indexc):             1
 WARNING:  water balance error   -5.1153107629841200E-007
 WARNING:  CLM step     :                       120
 WARNING:  indexc       :       1877275
 WARNING:  ctype(indexc):             1
 WARNING:  water balance error   -9.8845247045626868E-005
 WARNING:  CLM step     :                       120
 WARNING:  indexc       :        249165
 WARNING:  ctype(indexc):             1
 WARNING:  water balance error   -5.8647098309341417E-005
 WARNING:  CLM step     :                       120
 WARNING:  indexc       :        656653
 WARNING:  ctype(indexc):             1
 WARNING:  water balance error   -2.2451829754489109E-004
 WARNING:  CLM step     :                       120
 WARNING:  indexc       :       1767242
 WARNING:  ctype(indexc):             1
 WARNING:  water balance error   -1.2063592795592996E-004
 WARNING:  CLM step     :                       120
 WARNING:  indexc       :        377409
 WARNING:  ctype(indexc):             1
 WARNING:  water balance error   -4.2623383852838053E-005
 WARNING:  CLM step     :                       120
 WARNING:  indexc       :        969002
 WARNING:  ctype(indexc):             1
 WARNING:  water balance error   -3.2394129974485362E-003
 WARNING:  CLM step     :                       120
 WARNING:  indexc       :       1335796
 WARNING:  ctype(indexc):             1
 WARNING:  water balance error   -2.2244981558684507E-004
 WARNING:  CLM step     :                       120
 WARNING:  indexc       :        510858
 WARNING:  ctype(indexc):             1
 WARNING:  water balance error   -2.5138432890490489E-004
 WARNING:  CLM step     :                       120
 WARNING:  indexc       :       1501806
 WARNING:  ctype(indexc):             1
 WARNING:  water balance error   -5.3719833555485735E-005
 WARNING:  CLM step     :                       120
 WARNING:  indexc       :       1131728
 WARNING:  ctype(indexc):             1
 WARNING:  water balance error   -2.2087278704303191E-003
 WARNING:  CLM step     :                       120
 WARNING:  indexc       :        806368
 WARNING:  ctype(indexc):             1
 WARNING:  water balance error   -1.4137851597842421E-003
 WARNING:  CLM step     :                       120
 WARNING:  indexc       :         78632
 WARNING:  ctype(indexc):             1
 WARNING:  water balance error   -6.0004352877723654E-005
 WARNING:  CLM step     :                       121
 WARNING:  indexc       :       2358058
 WARNING:  ctype(indexc):             1
 WARNING:  water balance error   -1.4591961458755394E-004
 WARNING:  CLM step     :                       121
 WARNING:  indexc       :       2022477
 WARNING:  ctype(indexc):             1
 WARNING:  water balance error   -9.0380522887216150E-007
 WARNING:  CLM step     :                       121
 WARNING:  indexc       :       2136751
 WARNING:  ctype(indexc):             1
 WARNING:  water balance error   -5.5912565214071946E-005
 WARNING:  CLM step     :                       121
 WARNING:  indexc       :       2276873
 WARNING:  ctype(indexc):             1
 WARNING:  water balance error   -1.9514056703189673E-006
 WARNING:  CLM step     :                       121
 WARNING:  indexc       :        249165
 WARNING:  ctype(indexc):             1
 WARNING:  water balance error   -5.7894092515731497E-005
 WARNING:  CLM step     :                       121
 WARNING:  indexc       :       1877046
 WARNING:  ctype(indexc):             1
 WARNING:  water balance error   -1.1448018020107905E-004
 WARNING:  CLM step     :                       121
 WARNING:  indexc       :        654147
 WARNING:  ctype(indexc):             1
 WARNING:  water balance error   -3.0228559326761229E-004
 WARNING:  CLM step     :                       121
 WARNING:  indexc       :       1736025
 WARNING:  ctype(indexc):             1
 WARNING:  water balance error   -1.0128121034474658E-002
 WARNING:  CLM step     :                       121
 WARNING:  CLM step     :                       121
 WARNING:  indexc       :        510919
 WARNING:  ctype(indexc):             1
 WARNING:  water balance error   -5.4060696863997915E-003
 WARNING:  indexc       :        377409
 WARNING:  ctype(indexc):             1
 WARNING:  water balance error   -4.1570488514214185E-005
 WARNING:  CLM step     :                       121
 WARNING:  indexc       :       1309825
 WARNING:  ctype(indexc):             1
 WARNING:  water balance error   -7.5414727984669705E-006
 WARNING:  CLM step     :                       121
 WARNING:  indexc       :       1501912
 WARNING:  ctype(indexc):             1
 WARNING:  water balance error   -2.6014345094265741E-004
 WARNING:  CLM step     :                       121
 WARNING:  indexc       :        969002
 WARNING:  ctype(indexc):             1
 WARNING:  water balance error   -3.1946639883500567E-003
 WARNING:  CLM step     :                       121
 WARNING:  indexc       :        806467
 WARNING:  ctype(indexc):             1
 WARNING:  water balance error   -8.3238454653884741E-004
 WARNING:  CLM step     :                       121
 WARNING:  indexc       :       1156742
 WARNING:  ctype(indexc):             1
 WARNING:  water balance error   -1.1330006702996651E-006
 WARNING:  CLM step     :                       121
 WARNING:  indexc       :         78189
 WARNING:  ctype(indexc):             1
 WARNING:  water balance error   -5.9388655186277516E-004
 WARNING:  CLM step     :                       122
 WARNING:  indexc       :       2359664
 WARNING:  ctype(indexc):             1
 WARNING:  water balance error   -3.3829469461424736E-007
 WARNING:  CLM step     :                       122
 WARNING:  indexc       :       2022477
 WARNING:  ctype(indexc):             1
 WARNING:  water balance error   -6.8970916733805280E-007
 WARNING:  CLM step     :                       122
 WARNING:  indexc       :       2136508
 WARNING:  ctype(indexc):             1
 WARNING:  water balance error   -4.7059887298231919E-006
 WARNING:  CLM step     :                       122
 WARNING:  indexc       :       2247186
 WARNING:  ctype(indexc):             1
 WARNING:  water balance error   -4.2700751481348646E-007
 WARNING:  CLM step     :                       122
 WARNING:  indexc       :        249123
 WARNING:  ctype(indexc):             1
 WARNING:  water balance error   -2.7027849679563424E-003
 WARNING:  CLM step     :                       122
 WARNING:  indexc       :       1877275
 WARNING:  ctype(indexc):             1
 WARNING:  water balance error   -7.9564572979691565E-005
 WARNING:  CLM step     :                       122
 WARNING:  indexc       :        674706
 WARNING:  ctype(indexc):             1
 WARNING:  water balance error   -1.3002349452585890E-004
 WARNING:  CLM step     :                       122
 WARNING:  indexc       :        510919
 WARNING:  ctype(indexc):             1
 WARNING:  water balance error   -5.5285573029498136E-003
 WARNING:  CLM step     :                       122
 WARNING:  indexc       :       1707063
 WARNING:  ctype(indexc):             1
 WARNING:  water balance error   -1.5108196892512334E-003
 WARNING:  CLM step     :                       122
 WARNING:  indexc       :        969002
 WARNING:  ctype(indexc):             1
 WARNING:  water balance error   -3.1825336416561548E-003
 WARNING:  CLM step     :                       122
 WARNING:  indexc       :        377409
 WARNING:  ctype(indexc):             1
 WARNING:  water balance error   -2.9747612077789601E-005
 WARNING:  CLM step     :                       122
 WARNING:  indexc       :       1309825
 WARNING:  ctype(indexc):             1
 WARNING:  water balance error   -7.1240857733842125E-006
 WARNING:  CLM step     :                       122
 WARNING:  indexc       :        806403
 WARNING:  ctype(indexc):             1
 WARNING:  water balance error   -1.7436912674054540E-004
 WARNING:  CLM step     :                       122
 WARNING:  indexc       :       1501899
 WARNING:  ctype(indexc):             1
 WARNING:  water balance error   -2.4936858738417025E-005
 WARNING:  CLM step     :                       122
 WARNING:  indexc       :       1131725
 WARNING:  ctype(indexc):             1
 WARNING:  water balance error   -1.5887552836363987E-003
 WARNING:  CLM step     :                       122
 WARNING:  indexc       :         78163
 WARNING:  ctype(indexc):             1
 WARNING:  water balance error   -2.6544165921781694E-004
 WARNING:  CLM step     :                       123
 WARNING:  indexc       :       2352190
 WARNING:  ctype(indexc):             1
 WARNING:  water balance error   -2.4459828200469962E-006
 WARNING:  CLM step     :                       123
 WARNING:  indexc       :       2022498
 WARNING:  ctype(indexc):             1
 WARNING:  water balance error   -1.2618305252851689E-007
 WARNING:  CLM step     :                       123
 WARNING:  indexc       :       2136751
 WARNING:  ctype(indexc):             1
 WARNING:  water balance error   -5.7160621077782345E-005
 WARNING:  CLM step     :                       123
 WARNING:  indexc       :       2247186
 WARNING:  ctype(indexc):             1
 WARNING:  water balance error   -1.5900796169448153E-006
 WARNING:  CLM step     :                       123
 WARNING:  indexc       :       1877275
 WARNING:  ctype(indexc):             1
 WARNING:  water balance error   -7.8032501056355248E-005
 WARNING:  CLM step     :                       123
 WARNING:  indexc       :        249165
 WARNING:  ctype(indexc):             1
 WARNING:  water balance error   -1.9028598118302445E-003
 WARNING:  CLM step     :                       123
 WARNING:  indexc       :        656653
 WARNING:  ctype(indexc):             1
 WARNING:  water balance error   -3.0783632015420097E-004
 WARNING:  CLM step     :                       123
 WARNING:  indexc       :        377049
 WARNING:  ctype(indexc):             1
 WARNING:  water balance error   -3.0157496681283419E-005
 WARNING:  CLM step     :                       123
 WARNING:  indexc       :       1707136
 WARNING:  ctype(indexc):             1
 WARNING:  water balance error   -1.1755273811591416E-003
 WARNING:  CLM step     :                       123
 WARNING:  indexc       :        510858
 WARNING:  ctype(indexc):             1
 WARNING:  water balance error   -2.4199050214643178E-004
 WARNING:  CLM step     :                       123
 WARNING:  indexc       :        982163
 WARNING:  ctype(indexc):             1
 WARNING:  water balance error   -2.6105096630423845E-005
 WARNING:  CLM step     :                       123
 WARNING:  indexc       :       1309811
 WARNING:  ctype(indexc):             1
 WARNING:  water balance error   -5.5869228432163065E-004
 WARNING:  CLM step     :                       123
 WARNING:  indexc       :        875820
 WARNING:  ctype(indexc):             1
 WARNING:  water balance error   -3.8583386867126570E-005
 WARNING:  CLM step     :                       123
 WARNING:  indexc       :       1501899
 WARNING:  ctype(indexc):             1
 WARNING:  water balance error   -1.9730366122062418E-005
 WARNING:  CLM step     :                       123
 WARNING:  indexc       :       1131725
 WARNING:  ctype(indexc):             1
 WARNING:  water balance error   -1.6302584396533076E-003
 WARNING:  CLM step     :                       123
 WARNING:  indexc       :        154549
 WARNING:  ctype(indexc):             1
 WARNING:  water balance error   -5.2054578239568911E-004
 WARNING:  CLM step     :                       124
 WARNING:  indexc       :       2352190
 WARNING:  ctype(indexc):             1
 WARNING:  water balance error   -2.3110336198128934E-006
 WARNING:  CLM step     :                       124
 WARNING:  indexc       :       2022498
 WARNING:  ctype(indexc):             1
 WARNING:  water balance error   -1.8026134375399893E-007
 WARNING:  CLM step     :                       124
 WARNING:  indexc       :       2136781
 WARNING:  ctype(indexc):             1
 WARNING:  water balance error   -4.7103064463874925E-007
 WARNING:  CLM step     :                       124
 WARNING:  indexc       :       2247186
 WARNING:  ctype(indexc):             1
 WARNING:  water balance error   -1.6549729624331771E-006
 WARNING:  CLM step     :                       124
 WARNING:  indexc       :        249132
 WARNING:  ctype(indexc):             1
 WARNING:  water balance error   -8.2936021319437393E-005
 WARNING:  CLM step     :                       124
 WARNING:  indexc       :       1877228
 WARNING:  ctype(indexc):             1
 WARNING:  water balance error   -2.0844887466228199E-004
 WARNING:  CLM step     :                       124
 WARNING:  indexc       :        654147
 WARNING:  ctype(indexc):             1
 WARNING:  water balance error   -2.8295208349315591E-004
 WARNING:  CLM step     :                       124
 WARNING:  indexc       :       1707125
 WARNING:  ctype(indexc):             1
 WARNING:  water balance error   -2.9201540177511047E-003
 WARNING:  CLM step     :                       124
 WARNING:  indexc       :        377365
 WARNING:  ctype(indexc):             1
 WARNING:  water balance error   -2.7644944867726885E-004
 WARNING:  CLM step     :                       124
 WARNING:  indexc       :       1309825
 WARNING:  ctype(indexc):             1
 WARNING:  water balance error   -6.9852796964024269E-006
 WARNING:  CLM step     :                       124
 WARNING:  indexc       :        969002
 WARNING:  ctype(indexc):             1
 WARNING:  water balance error   -3.1484210500622055E-003
 WARNING:  CLM step     :                       124
 WARNING:  indexc       :        510858
 WARNING:  ctype(indexc):             1
 WARNING:  water balance error   -2.4334866049412684E-004
 WARNING:  CLM step     :                       124
 WARNING:  indexc       :       1501899
 WARNING:  ctype(indexc):             1
 WARNING:  water balance error   -1.8252452776330935E-005
 WARNING:  CLM step     :                       124
 WARNING:  indexc       :        806395
 WARNING:  ctype(indexc):             1
 WARNING:  water balance error   -2.8243887984941098E-004
 WARNING:  CLM step     :                       124
 WARNING:  indexc       :       1200773
 WARNING:  ctype(indexc):             1
 WARNING:  water balance error    2.6654947743464546E-004
 WARNING:  CLM step     :                       124
 WARNING:  indexc       :         78671
 WARNING:  ctype(indexc):             1
 WARNING:  water balance error   -5.1876575448200148E-005
 WARNING:  CLM step     :                       125
 WARNING:  indexc       :       2022291
 WARNING:  ctype(indexc):             1
 WARNING:  water balance error   -5.7295224346570034E-007
 WARNING:  CLM step     :                       125
 WARNING:  indexc       :       2136781
 WARNING:  ctype(indexc):             1
 WARNING:  water balance error   -4.3075193282685819E-007
 WARNING:  CLM step     :                       125
 WARNING:  indexc       :       2352190
 WARNING:  ctype(indexc):             1
 WARNING:  water balance error   -1.6053040222811058E-006
 WARNING:  CLM step     :                       125
 WARNING:  indexc       :       2247186
 WARNING:  ctype(indexc):             1
 WARNING:  water balance error   -1.6995175484178711E-006
 WARNING:  CLM step     :                       125
 WARNING:  indexc       :        249132
 WARNING:  ctype(indexc):             1
 WARNING:  water balance error   -6.2504108708833517E-005
 WARNING:  CLM step     :                       125
 WARNING:  indexc       :       1877275
 WARNING:  ctype(indexc):             1
 WARNING:  water balance error   -6.0938773606296927E-005
 WARNING:  CLM step     :                       125
 WARNING:  indexc       :        654147
 WARNING:  ctype(indexc):             1
 WARNING:  water balance error   -2.4445605848929483E-004
 WARNING:  CLM step     :                       125
 WARNING:  indexc       :       1714642
 WARNING:  ctype(indexc):             1
 WARNING:  water balance error    8.2585471583051726E-004
 WARNING:  CLM step     :                       125
 WARNING:  indexc       :        510919
 WARNING:  ctype(indexc):             1
 WARNING:  water balance error   -4.2867723154728227E-003
 WARNING:  CLM step     :                       125
 WARNING:  indexc       :        377365
 WARNING:  ctype(indexc):             1
 WARNING:  water balance error   -2.4299703995641508E-004
 WARNING:  CLM step     :                       125
 WARNING:  indexc       :       1156742
 WARNING:  ctype(indexc):             1
 WARNING:  water balance error   -3.3601994277764185E-007
 WARNING:  CLM step     :                       125
 WARNING:  indexc       :        969002
 WARNING:  ctype(indexc):             1
 WARNING:  water balance error   -3.1026944305432517E-003
 WARNING:  CLM step     :                       125
 WARNING:  indexc       :       1318647
 WARNING:  ctype(indexc):             1
 WARNING:  water balance error   -1.1992934737756542E-005
 WARNING:  CLM step     :                       125
 WARNING:  indexc       :        806459
 WARNING:  ctype(indexc):             1
 WARNING:  water balance error   -2.6418625282473003E-004
 WARNING:  CLM step     :                       125
 WARNING:  indexc       :       1501854
 WARNING:  ctype(indexc):             1
 WARNING:  water balance error   -2.0829931902268034E-005
 WARNING:  CLM step     :                       125
 WARNING:  indexc       :         78662
 WARNING:  ctype(indexc):             1
 WARNING:  water balance error   -5.7635995141902299E-005
 WARNING:  CLM step     :                       126
 WARNING:  indexc       :       2352070
 WARNING:  ctype(indexc):             1
 WARNING:  water balance error   -2.1803436874456093E-007
 WARNING:  CLM step     :                       126
 WARNING:  indexc       :       2022477
 WARNING:  ctype(indexc):             1
 WARNING:  water balance error   -7.0757843496426583E-007
 WARNING:  CLM step     :                       126
 WARNING:  indexc       :       2136654
 WARNING:  ctype(indexc):             1
 WARNING:  water balance error   -4.0265337922302982E-005
 WARNING:  CLM step     :                       126
 WARNING:  indexc       :       2247186
 WARNING:  ctype(indexc):             1
 WARNING:  water balance error   -1.6694622748462816E-006
 WARNING:  CLM step     :                       126
 WARNING:  indexc       :        249123
 WARNING:  ctype(indexc):             1
 WARNING:  water balance error   -4.1276958227688118E-006
 WARNING:  CLM step     :                       126
 WARNING:  indexc       :       1877231
 WARNING:  ctype(indexc):             1
 WARNING:  water balance error   -7.7453589650783853E-005
 WARNING:  CLM step     :                       126
 WARNING:  indexc       :        654147
 WARNING:  ctype(indexc):             1
 WARNING:  water balance error   -2.3728211026952735E-004
 WARNING:  CLM step     :                       126
 WARNING:  indexc       :       1707136
 WARNING:  ctype(indexc):             1
 WARNING:  water balance error   -1.0264018445742618E-003
 WARNING:  CLM step     :                       126
 WARNING:  indexc       :        380052
 WARNING:  ctype(indexc):             1
 WARNING:  water balance error   -1.0641381340056892E-004
 WARNING:  CLM step     :                       126
 WARNING:  indexc       :        510822
 WARNING:  ctype(indexc):             1
 WARNING:  water balance error   -1.7561203935071708E-003
 WARNING:  CLM step     :                       126
 WARNING:  indexc       :        969002
 WARNING:  ctype(indexc):             1
 WARNING:  water balance error   -3.1033352697695132E-003
 WARNING:  CLM step     :                       126
 WARNING:  indexc       :       1309642
 WARNING:  ctype(indexc):             1
 WARNING:  water balance error   -8.2825245523866612E-007
 WARNING:  CLM step     :                       126
 WARNING:  indexc       :       1501806
 WARNING:  ctype(indexc):             1
 WARNING:  water balance error   -9.1607377215259576E-006
 WARNING:  CLM step     :                       126
 WARNING:  indexc       :       1131758
 WARNING:  ctype(indexc):             1
 WARNING:  water balance error   -3.8184816680884116E-004
 WARNING:  CLM step     :                       126
 WARNING:  indexc       :        806467
 WARNING:  ctype(indexc):             1
 WARNING:  water balance error   -2.4570611372048290E-004
 WARNING:  CLM step     :                       126
 WARNING:  indexc       :         77988
 WARNING:  ctype(indexc):             1
 WARNING:  water balance error   -6.2973162665948719E-003
 WARNING:  CLM step     :                       127
 WARNING:  indexc       :       2352190
 WARNING:  ctype(indexc):             1
 WARNING:  water balance error   -1.6408045489776255E-006
 WARNING:  CLM step     :                       127
 WARNING:  indexc       :       2022498
 WARNING:  ctype(indexc):             1
 WARNING:  water balance error   -2.0439076901962742E-007
 WARNING:  CLM step     :                       127
 WARNING:  indexc       :       2136508
 WARNING:  ctype(indexc):             1
 WARNING:  water balance error   -1.2271127517914581E-006
 WARNING:  CLM step     :                       127
 WARNING:  indexc       :       2247010
 WARNING:  ctype(indexc):             1
 WARNING:  water balance error   -7.0698019497162992E-007
 WARNING:  CLM step     :                       127
 WARNING:  indexc       :        248817
 WARNING:  ctype(indexc):             1
 WARNING:  water balance error   -2.0789036425909111E-004
 WARNING:  CLM step     :                       127
 WARNING:  indexc       :       1877228
 WARNING:  ctype(indexc):             1
 WARNING:  water balance error   -1.1554505871217308E-004
 WARNING:  CLM step     :                       127
 WARNING:  indexc       :        654117
 WARNING:  ctype(indexc):             1
 WARNING:  water balance error   -3.5510787324686814E-005
 WARNING:  CLM step     :                       127
 WARNING:  indexc       :       1710453
 WARNING:  ctype(indexc):             1
 WARNING:  water balance error   -1.6297098017778039E-003
 WARNING:  CLM step     :                       127
 WARNING:  indexc       :        377409
 WARNING:  ctype(indexc):             1
 WARNING:  water balance error   -1.9745653753172509E-005
 WARNING:  CLM step     :                       127
 WARNING:  indexc       :        969002
 WARNING:  ctype(indexc):             1
 WARNING:  water balance error   -3.0899904188603452E-003
 WARNING:  CLM step     :                       127
 WARNING:  indexc       :        510919
 WARNING:  ctype(indexc):             1
 WARNING:  water balance error   -4.1603937729708159E-003
 WARNING:  CLM step     :                       127
 WARNING:  indexc       :       1309860
 WARNING:  ctype(indexc):             1
 WARNING:  water balance error   -3.1463858449633008E-004
 WARNING:  CLM step     :                       127
 WARNING:  indexc       :        806403
 WARNING:  ctype(indexc):             1
 WARNING:  water balance error   -9.4381268470431802E-005
 WARNING:  CLM step     :                       127
 WARNING:  indexc       :       1610099
 WARNING:  ctype(indexc):             1
 WARNING:  water balance error   -5.6089307359386624E-006
 WARNING:  CLM step     :                       127
 WARNING:  indexc       :       1131758
 WARNING:  ctype(indexc):             1
 WARNING:  water balance error   -3.9050741638988607E-004
 WARNING:  CLM step     :                       127
 WARNING:  indexc       :        147432
 WARNING:  ctype(indexc):             1
 WARNING:  water balance error    6.8267297254354879E-004
 WARNING:  CLM step     :                       128
 WARNING:  indexc       :       2022477
 WARNING:  ctype(indexc):             1
 WARNING:  water balance error   -5.0250849522538092E-007
 WARNING:  CLM step     :                       128
 WARNING:  indexc       :       2352145
 WARNING:  ctype(indexc):             1
 WARNING:  water balance error   -1.1303695687965074E-007
 WARNING:  CLM step     :                       128
 WARNING:  indexc       :       2247186
 WARNING:  ctype(indexc):             1
 WARNING:  water balance error   -1.0061822296508114E-006
 WARNING:  CLM step     :                       128
 WARNING:  indexc       :        249165
 WARNING:  ctype(indexc):             1
 WARNING:  water balance error   -3.2351970176515367E-005
 WARNING:  CLM step     :                       128
 WARNING:  indexc       :       2136751
 WARNING:  ctype(indexc):             1
 WARNING:  water balance error   -1.8548244056643316E-005
 WARNING:  CLM step     :                       128
 WARNING:  indexc       :       1896951
 WARNING:  ctype(indexc):             1
 WARNING:  water balance error   -4.5659615334274722E-006
 WARNING:  CLM step     :                       128
 WARNING:  indexc       :        654147
 WARNING:  ctype(indexc):             1
 WARNING:  water balance error   -1.6887211223542406E-004
 WARNING:  CLM step     :                       128
 WARNING:  indexc       :        377409
 WARNING:  ctype(indexc):             1
 WARNING:  water balance error   -1.3176524927343621E-005
 WARNING:  CLM step     :                       128
 WARNING:  indexc       :       1707136
 WARNING:  ctype(indexc):             1
 WARNING:  water balance error   -9.3344247219691008E-004
 WARNING:  CLM step     :                       128
 WARNING:  indexc       :        510858
 WARNING:  ctype(indexc):             1
 WARNING:  water balance error   -1.9415142271815371E-004
 WARNING:  CLM step     :                       128
 WARNING:  indexc       :        969002
 WARNING:  ctype(indexc):             1
 WARNING:  water balance error   -2.4151926797255914E-003
 WARNING:  CLM step     :                       128
 WARNING:  indexc       :       1131728
 WARNING:  ctype(indexc):             1
 WARNING:  water balance error   -2.8333043070928919E-003
 WARNING:  CLM step     :                       128
 WARNING:  indexc       :       1309825
 WARNING:  ctype(indexc):             1
 WARNING:  water balance error   -5.4019623907372298E-006
 WARNING:  CLM step     :                       128
 WARNING:  indexc       :       1541972
 WARNING:  ctype(indexc):             1
 WARNING:  water balance error   -6.6362162318842240E-004
 WARNING:  CLM step     :                       128
 WARNING:  indexc       :        806403
 WARNING:  ctype(indexc):             1
 WARNING:  water balance error   -4.8442357740635524E-005
 WARNING:  CLM step     :                       128
 WARNING:  indexc       :         78632
 WARNING:  ctype(indexc):             1
 WARNING:  water balance error   -1.9992753090799873E-003
 WARNING:  CLM step     :                       129
 WARNING:  indexc       :       2022498
 WARNING:  ctype(indexc):             1
 WARNING:  water balance error   -1.1086634784060489E-007
 WARNING:  CLM step     :                       129
 WARNING:  indexc       :       2352190
 WARNING:  ctype(indexc):             1
 WARNING:  water balance error   -1.3308463608806414E-006
 WARNING:  CLM step     :                       129
 WARNING:  indexc       :       2247186
 WARNING:  ctype(indexc):             1
 WARNING:  water balance error   -1.0166818596642156E-006
 WARNING:  CLM step     :                       129
 WARNING:  indexc       :       2136508
 WARNING:  ctype(indexc):             1
 WARNING:  water balance error   -1.1114323679189048E-006
 WARNING:  CLM step     :                       129
 WARNING:  indexc       :       1877275
 WARNING:  ctype(indexc):             1
 WARNING:  water balance error   -2.5238144509129670E-005
 WARNING:  CLM step     :                       129
 WARNING:  indexc       :        249126
 WARNING:  ctype(indexc):             1
 WARNING:  water balance error   -3.3382630051348021E-006
 WARNING:  CLM step     :                       129
 WARNING:  indexc       :        654147
 WARNING:  ctype(indexc):             1
 WARNING:  water balance error   -1.5710022915126681E-004
 WARNING:  CLM step     :                       129
 WARNING:  indexc       :        969002
 WARNING:  ctype(indexc):             1
 WARNING:  water balance error   -2.3572993531374570E-003
 WARNING:  CLM step     :                       129
 WARNING:  indexc       :       1707136
 WARNING:  ctype(indexc):             1
 WARNING:  water balance error   -9.1575969556681241E-004
 WARNING:  CLM step     :                       129
 WARNING:  indexc       :        377409
 WARNING:  ctype(indexc):             1
 WARNING:  water balance error   -1.3007641661294661E-005
 WARNING:  CLM step     :                       129
 WARNING:  indexc       :        510858
 WARNING:  ctype(indexc):             1
 WARNING:  water balance error   -1.8994318169744787E-004
 WARNING:  CLM step     :                       129
 WARNING:  indexc       :       1131725
 WARNING:  ctype(indexc):             1
 WARNING:  water balance error   -1.4046778888532226E-003
 WARNING:  CLM step     :                       129
 WARNING:  indexc       :       1309642
 WARNING:  ctype(indexc):             1
 WARNING:  water balance error   -7.5262452182677924E-007
 WARNING:  CLM step     :                       129
 WARNING:  indexc       :       1501803
 WARNING:  ctype(indexc):             1
 WARNING:  water balance error   -1.6275096985159991E-005
 WARNING:  CLM step     :                       129
 WARNING:  indexc       :        806403
 WARNING:  ctype(indexc):             1
 WARNING:  water balance error   -4.5397392043677482E-005
 WARNING:  CLM step     :                       129
 WARNING:  indexc       :         78662
 WARNING:  ctype(indexc):             1
 WARNING:  water balance error   -5.8407002583175371E-005
 WARNING:  CLM step     :                       130
 WARNING:  indexc       :       2022498
 WARNING:  ctype(indexc):             1
 WARNING:  water balance error   -1.2980562216039783E-007
 WARNING:  CLM step     :                       130
 WARNING:  indexc       :       2352145
 WARNING:  ctype(indexc):             1
 WARNING:  water balance error   -1.0471225319363375E-007
 WARNING:  CLM step     :                       130
 WARNING:  indexc       :       2247186
 WARNING:  ctype(indexc):             1
 WARNING:  water balance error   -1.3780844212172662E-006
 WARNING:  CLM step     :                       130
 WARNING:  indexc       :       2136430
 WARNING:  ctype(indexc):             1
 WARNING:  water balance error   -3.9315988951591021E-006
 WARNING:  CLM step     :                       130
 WARNING:  indexc       :        285387
 WARNING:  ctype(indexc):             1
 WARNING:  water balance error   -6.5698210464864995E-004
 WARNING:  CLM step     :                       130
 WARNING:  indexc       :       1877275
 WARNING:  ctype(indexc):             1
 WARNING:  water balance error   -2.5285358821967859E-005
 WARNING:  CLM step     :                       130
 WARNING:  indexc       :        654147
 WARNING:  ctype(indexc):             1
 WARNING:  water balance error   -1.5634856543863667E-004
 WARNING:  CLM step     :                       130
 WARNING:  indexc       :        377409
 WARNING:  ctype(indexc):             1
 WARNING:  water balance error   -1.2950792466791607E-005
 WARNING:  CLM step     :                       130
 WARNING:  indexc       :       1706992
 WARNING:  ctype(indexc):             1
 WARNING:  water balance error   -2.0725244009794745E-003
 WARNING:  CLM step     :                       130
 WARNING:  indexc       :        969002
 WARNING:  ctype(indexc):             1
 WARNING:  water balance error   -2.3390928080714089E-003
 WARNING:  CLM step     :                       130
 WARNING:  indexc       :       1131758
 WARNING:  ctype(indexc):             1
 WARNING:  water balance error   -5.9493864556685045E-004
 WARNING:  CLM step     :                       130
 WARNING:  indexc       :       1309825
 WARNING:  ctype(indexc):             1
 WARNING:  water balance error   -5.1776981687121011E-006
 WARNING:  CLM step     :                       130
 WARNING:  indexc       :        510919
 WARNING:  ctype(indexc):             1
 WARNING:  water balance error   -3.3617164428205002E-003
 WARNING:  CLM step     :                       130
 WARNING:  indexc       :       1501912
 WARNING:  ctype(indexc):             1
 WARNING:  water balance error   -1.7085809265245206E-005
 WARNING:  CLM step     :                       130
 WARNING:  indexc       :        806467
 WARNING:  ctype(indexc):             1
 WARNING:  water balance error   -1.1944163544307394E-004
 WARNING:  CLM step     :                       130
 WARNING:  indexc       :         78662
 WARNING:  ctype(indexc):             1
 WARNING:  water balance error   -5.7753314399927859E-005
 WARNING:  CLM step     :                       131
 WARNING:  indexc       :       2022498
 WARNING:  ctype(indexc):             1
 WARNING:  water balance error   -1.4566915509361933E-007
 WARNING:  CLM step     :                       131
 WARNING:  CLM step     :                       131
 WARNING:  indexc       :       2247186
 WARNING:  ctype(indexc):             1
 WARNING:  water balance error   -1.0819458516126574E-006
 WARNING:  indexc       :       2352190
 WARNING:  ctype(indexc):             1
 WARNING:  water balance error   -1.2743351899486944E-006
 WARNING:  CLM step     :                       131
 WARNING:  indexc       :       2136781
 WARNING:  ctype(indexc):             1
 WARNING:  water balance error   -3.7186840911246973E-007
 WARNING:  CLM step     :                       131
 WARNING:  indexc       :        251318
 WARNING:  ctype(indexc):             1
 WARNING:  water balance error   -6.4407362371442079E-005
 WARNING:  CLM step     :                       131
 WARNING:  indexc       :       1877228
 WARNING:  ctype(indexc):             1
 WARNING:  water balance error   -1.6739964355036774E-005
 WARNING:  CLM step     :                       131
 WARNING:  indexc       :        654117
 WARNING:  ctype(indexc):             1
 WARNING:  water balance error   -2.3592168598347665E-005
 WARNING:  CLM step     :                       131
 WARNING:  indexc       :        377409
 WARNING:  ctype(indexc):             1
 WARNING:  water balance error   -8.5857598362003915E-006
 WARNING:  CLM step     :                       131
 WARNING:  indexc       :       1707008
 WARNING:  ctype(indexc):             1
 WARNING:  water balance error   -1.5153005268603952E-003
 WARNING:  CLM step     :                       131
 WARNING:  indexc       :       1131755
 WARNING:  ctype(indexc):             1
 WARNING:  water balance error   -4.4621477239554477E-004
 WARNING:  CLM step     :                       131
 WARNING:  indexc       :        510825
 WARNING:  ctype(indexc):             1
 WARNING:  water balance error   -4.9321740751075410E-004
 WARNING:  CLM step     :                       131
 WARNING:  indexc       :       1309860
 WARNING:  ctype(indexc):             1
 WARNING:  water balance error   -9.6471637808210548E-005
 WARNING:  CLM step     :                       131
 WARNING:  indexc       :       1501912
 WARNING:  ctype(indexc):             1
 WARNING:  water balance error   -2.8385709984117809E-005
 WARNING:  CLM step     :                       131
 WARNING:  indexc       :        988383
 WARNING:  ctype(indexc):             1
 WARNING:  water balance error   -6.2216761081525983E-006
 WARNING:  CLM step     :                       131
 WARNING:  indexc       :        806467
 WARNING:  ctype(indexc):             1
 WARNING:  water balance error   -4.6738586777183800E-005
 WARNING:  CLM step     :                       131
 WARNING:  indexc       :         78671
 WARNING:  ctype(indexc):             1
 WARNING:  water balance error   -3.5421896641431132E-005
 WARNING:  CLM step     :                       132
 WARNING:  indexc       :       2022498
 WARNING:  ctype(indexc):             1
 WARNING:  water balance error   -1.6169020786019946E-007
 WARNING:  CLM step     :                       132
 WARNING:  indexc       :       2351984
 WARNING:  ctype(indexc):             1
 WARNING:  water balance error   -3.3910515829802661E-006
 WARNING:  CLM step     :                       132
 WARNING:  indexc       :       2247186
 WARNING:  ctype(indexc):             1
 WARNING:  water balance error   -1.1461880729171157E-006
 WARNING:  CLM step     :                       132
 WARNING:  indexc       :       2136781
 WARNING:  ctype(indexc):             1
 WARNING:  water balance error   -3.7531055586782834E-007
 WARNING:  CLM step     :                       132
 WARNING:  indexc       :        249165
 WARNING:  ctype(indexc):             1
 WARNING:  water balance error   -2.6172470524625209E-005
 WARNING:  CLM step     :                       132
 WARNING:  indexc       :       1877228
 WARNING:  ctype(indexc):             1
 WARNING:  water balance error   -1.4774340510680963E-005
 WARNING:  CLM step     :                       132
 WARNING:  indexc       :        377409
 WARNING:  ctype(indexc):             1
 WARNING:  water balance error   -8.5811627998606943E-006
 WARNING:  CLM step     :                       132
 WARNING:  indexc       :        654147
 WARNING:  ctype(indexc):             1
 WARNING:  water balance error   -7.9832650013018377E-005
 WARNING:  CLM step     :                       132
 WARNING:  indexc       :       1707136
 WARNING:  ctype(indexc):             1
 WARNING:  water balance error   -7.4188120625205234E-004
 WARNING:  CLM step     :                       132
 WARNING:  indexc       :        510858
 WARNING:  ctype(indexc):             1
 WARNING:  water balance error   -1.3856438000782337E-004
 WARNING:  CLM step     :                       132
 WARNING:  indexc       :       1131755
 WARNING:  ctype(indexc):             1
 WARNING:  water balance error   -5.6440346276758185E-004
 WARNING:  CLM step     :                       132
 WARNING:  indexc       :       1316940
 WARNING:  ctype(indexc):             1
 WARNING:  water balance error   -8.7594491864422180E-006
 WARNING:  CLM step     :                       132
 WARNING:  indexc       :        970762
 WARNING:  ctype(indexc):             1
 WARNING:  water balance error   -3.9885195255934185E-005
 WARNING:  CLM step     :                       132
 WARNING:  indexc       :       1501899
 WARNING:  ctype(indexc):             1
 WARNING:  water balance error   -1.0930989374935250E-005
 WARNING:  CLM step     :                       132
 WARNING:  indexc       :        806467
 WARNING:  ctype(indexc):             1
 WARNING:  water balance error   -4.5339043176415447E-005
 WARNING:  CLM step     :                       132
 WARNING:  indexc       :         78608
 WARNING:  ctype(indexc):             1
 WARNING:  water balance error   -1.0897221818392831E-004
 WARNING:  CLM step     :                       133
 WARNING:  indexc       :       2022507
 WARNING:  ctype(indexc):             1
 WARNING:  water balance error   -2.3299795183209299E-007
 WARNING:  CLM step     :                       133
 WARNING:  indexc       :       2247186
 WARNING:  ctype(indexc):             1
 WARNING:  water balance error   -1.1943994345836373E-006
 WARNING:  CLM step     :                       133
 WARNING:  indexc       :       2352124
 WARNING:  ctype(indexc):             1
 WARNING:  water balance error   -1.2336049943905606E-007
 WARNING:  CLM step     :                       133
 WARNING:  indexc       :       2136781
 WARNING:  ctype(indexc):             1
 WARNING:  water balance error   -3.7417701421038816E-007
 WARNING:  CLM step     :                       133
 WARNING:  indexc       :        249165
 WARNING:  ctype(indexc):             1
 WARNING:  water balance error   -2.5241429136621737E-005
 WARNING:  CLM step     :                       133
 WARNING:  indexc       :       1877275
 WARNING:  ctype(indexc):             1
 WARNING:  water balance error   -1.1802970558783475E-005
 WARNING:  CLM step     :                       133
 WARNING:  indexc       :        654147
 WARNING:  ctype(indexc):             1
 WARNING:  water balance error   -1.1972046703862587E-004
 WARNING:  CLM step     :                       133
 WARNING:  indexc       :        399158
 WARNING:  ctype(indexc):             1
 WARNING:  water balance error   -1.7268392027165367E-004
 WARNING:  CLM step     :                       133
 WARNING:  indexc       :        510858
 WARNING:  ctype(indexc):             1
 WARNING:  water balance error   -1.3596606932370588E-004
 WARNING:  CLM step     :                       133
 WARNING:  indexc       :       1706992
 WARNING:  ctype(indexc):             1
 WARNING:  water balance error   -1.6815399105562082E-003
 WARNING:  CLM step     :                       133
 WARNING:  CLM step     :                       133
 WARNING:  indexc       :       1131675
 WARNING:  ctype(indexc):             1
 WARNING:  water balance error   -5.3148784036331071E-004
 WARNING:  indexc       :       1309825
 WARNING:  ctype(indexc):             1
 WARNING:  water balance error   -3.3421118950048071E-006
 WARNING:  CLM step     :                       133
 WARNING:  indexc       :        974771
 WARNING:  ctype(indexc):             1
 WARNING:  water balance error   -3.7749579692673428E-007
 WARNING:  CLM step     :                       133
 WARNING:  indexc       :       1501899
 WARNING:  ctype(indexc):             1
 WARNING:  water balance error   -1.4155541075177917E-005
 WARNING:  CLM step     :                       133
 WARNING:  indexc       :        884212
 WARNING:  ctype(indexc):             1
 WARNING:  water balance error   -1.9156334967974132E-005
 WARNING:  CLM step     :                       133
 WARNING:  indexc       :         78228
 WARNING:  ctype(indexc):             1
 WARNING:  water balance error   -1.9402045695683450E-003
 WARNING:  CLM step     :                       134
 WARNING:  indexc       :       2022477
 WARNING:  ctype(indexc):             1
 WARNING:  water balance error   -1.4402813497851000E-006
 WARNING:  CLM step     :                       134
 WARNING:  indexc       :       2246978
 WARNING:  ctype(indexc):             1
 WARNING:  water balance error   -2.5389328296106382E-005
 WARNING:  CLM step     :                       134
 WARNING:  indexc       :       2352097
 WARNING:  ctype(indexc):             1
 WARNING:  water balance error   -3.1989046993777394E-007
 WARNING:  CLM step     :                       134
 WARNING:  indexc       :        249165
 WARNING:  ctype(indexc):             1
 WARNING:  water balance error   -5.4493293192634819E-004
 WARNING:  CLM step     :                       134
 WARNING:  indexc       :       2136781
 WARNING:  ctype(indexc):             1
 WARNING:  water balance error   -3.1873491076675605E-007
 WARNING:  CLM step     :                       134
 WARNING:  indexc       :       1877228
 WARNING:  ctype(indexc):             1
 WARNING:  water balance error   -2.3955896055029601E-005
 WARNING:  CLM step     :                       134
 WARNING:  indexc       :        654147
 WARNING:  ctype(indexc):             1
 WARNING:  water balance error   -1.9212465198736285E-005
 WARNING:  CLM step     :                       134
 WARNING:  indexc       :        377409
 WARNING:  ctype(indexc):             1
 WARNING:  water balance error   -4.2994437331585315E-006
 WARNING:  CLM step     :                       134
 WARNING:  indexc       :        510919
 WARNING:  ctype(indexc):             1
 WARNING:  water balance error   -1.8822912554785612E-003
 WARNING:  CLM step     :                       134
 WARNING:  indexc       :       1707008
 WARNING:  ctype(indexc):             1
 WARNING:  water balance error   -1.1878946760994344E-003
 WARNING:  CLM step     :                       134
 WARNING:  indexc       :       1131573
 WARNING:  ctype(indexc):             1
 WARNING:  water balance error   -4.3421676569566639E-004
 WARNING:  CLM step     :                       134
 WARNING:  indexc       :        970685
 WARNING:  ctype(indexc):             1
 WARNING:  water balance error   -1.7372994959567219E-006
 WARNING:  CLM step     :                       134
 WARNING:  indexc       :       1349496
 WARNING:  ctype(indexc):             1
 WARNING:  water balance error   -1.0070740895086378E-006
 WARNING:  CLM step     :                       134
 WARNING:  indexc       :       1501848
 WARNING:  ctype(indexc):             1
 WARNING:  water balance error   -3.5778178859500116E-005
 WARNING:  CLM step     :                       134
 WARNING:  indexc       :        885892
 WARNING:  ctype(indexc):             1
 WARNING:  water balance error    9.6709348499654751E-005
 WARNING:  CLM step     :                       134
 WARNING:  indexc       :        168608
 WARNING:  ctype(indexc):             1
 WARNING:  water balance error   -3.0251066037456924E-003
 WARNING:  CLM step     :                       135
 WARNING:  indexc       :       2022498
 WARNING:  ctype(indexc):             1
 WARNING:  water balance error   -2.8545564894441220E-007
 WARNING:  CLM step     :                       135
 WARNING:  indexc       :       2352190
 WARNING:  ctype(indexc):             1
 WARNING:  water balance error   -1.4382609063437788E-006
 WARNING:  CLM step     :                       135
 WARNING:  indexc       :       2247186
 WARNING:  ctype(indexc):             1
 WARNING:  water balance error   -1.9226151800342053E-007
 WARNING:  CLM step     :                       135
 WARNING:  indexc       :       2136748
 WARNING:  ctype(indexc):             1
 WARNING:  water balance error   -1.5732890412648674E-005
 WARNING:  CLM step     :                       135
 WARNING:  indexc       :        249132
 WARNING:  ctype(indexc):             1
 WARNING:  water balance error   -4.4264127339761743E-005
 WARNING:  CLM step     :                       135
 WARNING:  indexc       :       1877275
 WARNING:  ctype(indexc):             1
 WARNING:  water balance error   -9.1639287389847727E-006
 WARNING:  CLM step     :                       135
 WARNING:  indexc       :        654117
 WARNING:  ctype(indexc):             1
 WARNING:  water balance error   -1.3762358814231480E-005
 WARNING:  CLM step     :                       135
 WARNING:  indexc       :        377365
 WARNING:  ctype(indexc):             1
 WARNING:  water balance error   -1.8757798478102796E-004
 WARNING:  CLM step     :                       135
 WARNING:  indexc       :       1707136
 WARNING:  ctype(indexc):             1
 WARNING:  water balance error   -5.0981835929150854E-004
 WARNING:  CLM step     :                       135
 WARNING:  indexc       :        510858
 WARNING:  ctype(indexc):             1
 WARNING:  water balance error   -6.1818323549692216E-005
 WARNING:  CLM step     :                       135
 WARNING:  indexc       :        970762
 WARNING:  ctype(indexc):             1
 WARNING:  water balance error   -2.0257665360277656E-006
 WARNING:  CLM step     :                       135
 WARNING:  indexc       :       1309860
 WARNING:  ctype(indexc):             1
 WARNING:  water balance error   -3.9623383863061139E-005
 WARNING:  CLM step     :                       135
 WARNING:  indexc       :       1131725
 WARNING:  ctype(indexc):             1
 WARNING:  water balance error   -5.7370785318200282E-004
 WARNING:  CLM step     :                       135
 WARNING:  indexc       :       1501899
 WARNING:  ctype(indexc):             1
 WARNING:  water balance error   -1.6231020062020419E-005
 WARNING:  CLM step     :                       135
 WARNING:  indexc       :        845106
 WARNING:  ctype(indexc):             1
 WARNING:  water balance error   -1.8791670354648138E-005
 WARNING:  CLM step     :                       135
 WARNING:  indexc       :        112394
 WARNING:  ctype(indexc):             1
 WARNING:  water balance error   -2.3655409175847938E-005
 WARNING:  CLM step     :                       136
 WARNING:  indexc       :       2022498
 WARNING:  ctype(indexc):             1
 WARNING:  water balance error   -3.7113466079933025E-007
 WARNING:  CLM step     :                       136
 WARNING:  indexc       :       2352190
 WARNING:  ctype(indexc):             1
 WARNING:  water balance error   -1.3339737430551884E-006
 WARNING:  CLM step     :                       136
 WARNING:  indexc       :       2247186
 WARNING:  ctype(indexc):             1
 WARNING:  water balance error   -1.5969679941463900E-007
 WARNING:  CLM step     :                       136
 WARNING:  indexc       :       2138263
 WARNING:  ctype(indexc):             1
 WARNING:  water balance error   -2.1916797147536904E-006
 WARNING:  CLM step     :                       136
 WARNING:  indexc       :        249132
 WARNING:  ctype(indexc):             1
 WARNING:  water balance error   -4.4025278500330212E-005
 WARNING:  CLM step     :                       136
 WARNING:  indexc       :       1883773
 WARNING:  ctype(indexc):             1
 WARNING:  water balance error   -2.5675882950399929E-007
 WARNING:  CLM step     :                       136
 WARNING:  indexc       :        654117
 WARNING:  ctype(indexc):             1
 WARNING:  water balance error   -1.3321700253396569E-005
 WARNING:  CLM step     :                       136
 WARNING:  indexc       :        377409
 WARNING:  ctype(indexc):             1
 WARNING:  water balance error   -4.2823349889699374E-006
 WARNING:  CLM step     :                       136
 WARNING:  indexc       :        510919
 WARNING:  ctype(indexc):             1
 WARNING:  water balance error   -1.6413593441727088E-003
 WARNING:  CLM step     :                       136
 WARNING:  indexc       :       1707063
 WARNING:  ctype(indexc):             1
 WARNING:  water balance error   -6.6726281804347124E-004
 WARNING:  CLM step     :                       136
 WARNING:  indexc       :       1309825
 WARNING:  ctype(indexc):             1
 WARNING:  water balance error   -2.2051741134660698E-006
 WARNING:  CLM step     :                       136
 WARNING:  indexc       :       1131570
 WARNING:  ctype(indexc):             1
 WARNING:  water balance error   -3.1070899720556539E-004
 WARNING:  CLM step     :                       136
 WARNING:  indexc       :       1501803
 WARNING:  ctype(indexc):             1
 WARNING:  water balance error   -1.4903598296461955E-005
 WARNING:  CLM step     :                       136
 WARNING:  indexc       :        969002
 WARNING:  ctype(indexc):             1
 WARNING:  water balance error   -8.2640297850510556E-004
 WARNING:  CLM step     :                       136
 WARNING:  indexc       :        806467
 WARNING:  ctype(indexc):             1
 WARNING:  water balance error   -3.0838012396986031E-005
 WARNING:  CLM step     :                       136
 WARNING:  indexc       :         78632
 WARNING:  ctype(indexc):             1
 WARNING:  water balance error   -2.5084551168975212E-005
 WARNING:  CLM step     :                       137
 WARNING:  indexc       :       2022498
 WARNING:  ctype(indexc):             1
 WARNING:  water balance error   -4.4505462975634265E-007
 WARNING:  CLM step     :                       137
 WARNING:  indexc       :       2352190
 WARNING:  ctype(indexc):             1
 WARNING:  water balance error   -1.4783012531520594E-006
 WARNING:  CLM step     :                       137
 WARNING:  indexc       :       2247186
 WARNING:  ctype(indexc):             1
 WARNING:  water balance error   -1.2249745636092093E-007
 WARNING:  CLM step     :                       137
 WARNING:  indexc       :       2136751
 WARNING:  ctype(indexc):             1
 WARNING:  water balance error   -1.7698809442874851E-005
 WARNING:  CLM step     :                       137
 WARNING:  indexc       :        249126
 WARNING:  ctype(indexc):             1
 WARNING:  water balance error   -1.2909356733467462E-004
 WARNING:  CLM step     :                       137
 WARNING:  indexc       :       1877228
 WARNING:  ctype(indexc):             1
 WARNING:  water balance error   -2.4984371210926835E-005
 WARNING:  CLM step     :                       137
 WARNING:  indexc       :        654117
 WARNING:  ctype(indexc):             1
 WARNING:  water balance error   -8.4789018608306283E-006
 WARNING:  CLM step     :                       137
 WARNING:  indexc       :        515297
 WARNING:  ctype(indexc):             1
 WARNING:  water balance error   -4.6864755762072150E-006
 WARNING:  CLM step     :                       137
 WARNING:  indexc       :       1707125
 WARNING:  ctype(indexc):             1
 WARNING:  water balance error   -8.1222951058289360E-004
 WARNING:  CLM step     :                       137
 WARNING:  indexc       :        377049
 WARNING:  ctype(indexc):             1
 WARNING:  water balance error   -9.7213074047921263E-006
 WARNING:  CLM step     :                       137
 WARNING:  indexc       :        968942
 WARNING:  ctype(indexc):             1
 WARNING:  water balance error   -1.9655918891791778E-004
 WARNING:  CLM step     :                       137
 WARNING:  indexc       :       1131755
 WARNING:  ctype(indexc):             1
 WARNING:  water balance error   -9.9699080993457851E-004
 WARNING:  CLM step     :                       137
 WARNING:  indexc       :       1309811
 WARNING:  ctype(indexc):             1
 WARNING:  water balance error   -2.3442266923404261E-005
 WARNING:  CLM step     :                       137
 WARNING:  indexc       :       1501806
 WARNING:  ctype(indexc):             1
 WARNING:  water balance error   -8.6611599990275570E-006
 WARNING:  CLM step     :                       137
 WARNING:  indexc       :        806467
 WARNING:  ctype(indexc):             1
 WARNING:  water balance error   -2.4725901538677948E-005
 WARNING:  CLM step     :                       137
 WARNING:  indexc       :         78671
 WARNING:  ctype(indexc):             1
 WARNING:  water balance error   -1.3364978194303549E-005
 WARNING:  CLM step     :                       138
 WARNING:  indexc       :       2352190
 WARNING:  ctype(indexc):             1
 WARNING:  water balance error   -1.4835844174344248E-006
 WARNING:  CLM step     :                       138
 WARNING:  indexc       :       2022477
 WARNING:  ctype(indexc):             1
 WARNING:  water balance error   -8.6003961723970720E-007
 WARNING:  CLM step     :                       138
 WARNING:  indexc       :       2247297
 WARNING:  ctype(indexc):             1
 WARNING:  water balance error   -6.7949605181740986E-007
 WARNING:  CLM step     :                       138
 WARNING:  indexc       :       2136748
 WARNING:  ctype(indexc):             1
 WARNING:  water balance error   -1.6837373193950442E-005
 WARNING:  CLM step     :                       138
 WARNING:  indexc       :        249165
 WARNING:  ctype(indexc):             1
 WARNING:  water balance error   -1.4219636729209536E-005
 WARNING:  CLM step     :                       138
 WARNING:  indexc       :       1877275
 WARNING:  ctype(indexc):             1
 WARNING:  water balance error   -1.1397319572158659E-005
 WARNING:  CLM step     :                       138
 WARNING:  indexc       :        418618
 WARNING:  ctype(indexc):             1
 WARNING:  water balance error   -3.1990911344463325E-005
 WARNING:  CLM step     :                       138
 WARNING:  indexc       :        654147
 WARNING:  ctype(indexc):             1
 WARNING:  water balance error   -6.9460887655932416E-006
 WARNING:  CLM step     :                       138
 WARNING:  indexc       :        510919
 WARNING:  ctype(indexc):             1
 WARNING:  water balance error   -7.7920859120668797E-004
 WARNING:  CLM step     :                       138
 WARNING:  indexc       :       1707136
 WARNING:  ctype(indexc):             1
 WARNING:  water balance error   -2.5713457515861324E-004
 WARNING:  CLM step     :                       138
 WARNING:  indexc       :        969002
 WARNING:  ctype(indexc):             1
 WARNING:  water balance error   -3.0856930365730559E-004
 WARNING:  CLM step     :                       138
 WARNING:  indexc       :       1131570
 WARNING:  ctype(indexc):             1
 WARNING:  water balance error   -2.0637950227022194E-004
 WARNING:  CLM step     :                       138
 WARNING:  indexc       :       1368492
 WARNING:  ctype(indexc):             1
 WARNING:  water balance error   -5.1070789927776413E-007
 WARNING:  CLM step     :                       138
 WARNING:  indexc       :       1501899
 WARNING:  ctype(indexc):             1
 WARNING:  water balance error   -1.4061193616310742E-005
 WARNING:  CLM step     :                       138
 WARNING:  indexc       :        806459
 WARNING:  ctype(indexc):             1
 WARNING:  water balance error   -2.1551342023159764E-005
 WARNING:  CLM step     :                       138
 WARNING:  indexc       :         78471
 WARNING:  ctype(indexc):             1
 WARNING:  water balance error   -1.9332344982145163E-005
 WARNING:  CLM step     :                       139
 WARNING:  indexc       :       2022498
 WARNING:  ctype(indexc):             1
 WARNING:  water balance error   -5.7352464078838281E-007
 WARNING:  CLM step     :                       139
 WARNING:  indexc       :       2352100
 WARNING:  ctype(indexc):             1
 WARNING:  water balance error   -1.4831060538392547E-007
 WARNING:  CLM step     :                       139
 WARNING:  indexc       :       2247186
 WARNING:  ctype(indexc):             1
 WARNING:  water balance error   -5.3046674476367803E-007
 WARNING:  CLM step     :                       139
 WARNING:  indexc       :       2136540
 WARNING:  ctype(indexc):             1
 WARNING:  water balance error   -1.8092493578028790E-006
 WARNING:  CLM step     :                       139
 WARNING:  indexc       :        249165
 WARNING:  ctype(indexc):             1
 WARNING:  water balance error   -1.2821534269698377E-005
 WARNING:  CLM step     :                       139
 WARNING:  indexc       :       1877228
 WARNING:  ctype(indexc):             1
 WARNING:  water balance error   -1.5772512329212418E-005
 WARNING:  CLM step     :                       139
 WARNING:  indexc       :        377309
 WARNING:  ctype(indexc):             1
 WARNING:  water balance error   -1.0365979682310238E-007
 WARNING:  CLM step     :                       139
 WARNING:  indexc       :        654117
 WARNING:  ctype(indexc):             1
 WARNING:  water balance error   -7.0702993223909072E-006
 WARNING:  CLM step     :                       139
 WARNING:  indexc       :        510858
 WARNING:  ctype(indexc):             1
 WARNING:  water balance error   -4.3669442891991092E-005
 WARNING:  CLM step     :                       139
 WARNING:  indexc       :       1737464
 WARNING:  ctype(indexc):             1
 WARNING:  water balance error    1.6649353303039347E-005
 WARNING:  CLM step     :                       139
 WARNING:  indexc       :        969002
 WARNING:  ctype(indexc):             1
 WARNING:  water balance error   -2.7188073511189926E-004
 WARNING:  CLM step     :                       139
 WARNING:  indexc       :       1131683
 WARNING:  ctype(indexc):             1
 WARNING:  water balance error   -1.7133736574017204E-004
 WARNING:  CLM step     :                       139
 WARNING:  indexc       :       1309860
 WARNING:  ctype(indexc):             1
 WARNING:  water balance error   -3.8054417283205059E-005
 WARNING:  CLM step     :                       139
 WARNING:  indexc       :       1501848
 WARNING:  ctype(indexc):             1
 WARNING:  water balance error   -1.8267718438708908E-005
 WARNING:  CLM step     :                       139
 WARNING:  indexc       :        806467
 WARNING:  ctype(indexc):             1
 WARNING:  water balance error   -1.6779505071311119E-005
 WARNING:  CLM step     :                       139
 WARNING:  indexc       :         78632
 WARNING:  ctype(indexc):             1
 WARNING:  water balance error   -1.4528469303905505E-005
 WARNING:  CLM step     :                       140
 WARNING:  indexc       :       2022498
 WARNING:  ctype(indexc):             1
 WARNING:  water balance error   -4.6714115051519310E-007
 WARNING:  CLM step     :                       140
 WARNING:  indexc       :       2351910
 WARNING:  ctype(indexc):             1
 WARNING:  water balance error   -3.5510140311101161E-007
 WARNING:  CLM step     :                       140
 WARNING:  indexc       :       2247186
 WARNING:  ctype(indexc):             1
 WARNING:  water balance error   -5.7011710832336718E-007
 WARNING:  CLM step     :                       140
 WARNING:  indexc       :       2136751
 WARNING:  ctype(indexc):             1
 WARNING:  water balance error   -1.8571996181797858E-005
 WARNING:  CLM step     :                       140
 WARNING:  indexc       :        249132
 WARNING:  ctype(indexc):             1
 WARNING:  water balance error   -1.0060688904374988E-005
 WARNING:  CLM step     :                       140
 WARNING:  indexc       :       1909036
 WARNING:  ctype(indexc):             1
 WARNING:  water balance error    3.6874318061387117E-005
 WARNING:  CLM step     :                       140
 WARNING:  indexc       :        654147
 WARNING:  ctype(indexc):             1
 WARNING:  water balance error   -8.2940086516008579E-006
 WARNING:  CLM step     :                       140
 WARNING:  indexc       :        377260
 WARNING:  ctype(indexc):             1
 WARNING:  water balance error   -1.9188318738699266E-006
 WARNING:  CLM step     :                       140
 WARNING:  indexc       :        510858
 WARNING:  ctype(indexc):             1
 WARNING:  water balance error   -1.4185362228433298E-005
 WARNING:  CLM step     :                       140
 WARNING:  indexc       :       1707136
 WARNING:  ctype(indexc):             1
 WARNING:  water balance error   -9.4169083662023421E-005
 WARNING:  CLM step     :                       140
 WARNING:  indexc       :       1131758
 WARNING:  ctype(indexc):             1
 WARNING:  water balance error   -3.4906148087462670E-004
 WARNING:  CLM step     :                       140
 WARNING:  indexc       :       1309811
 WARNING:  ctype(indexc):             1
 WARNING:  water balance error   -1.6857152739225379E-005
 WARNING:  CLM step     :                       140
 WARNING:  indexc       :        982163
 WARNING:  ctype(indexc):             1
 WARNING:  water balance error   -1.4476028829123498E-006
 WARNING:  CLM step     :                       140
 WARNING:  indexc       :         78632
 WARNING:  ctype(indexc):             1
 WARNING:  water balance error   -3.8812613010421362E-006
 WARNING:  CLM step     :                       140
 WARNING:  indexc       :       1501851
 WARNING:  ctype(indexc):             1
 WARNING:  water balance error   -1.8849608211490702E-005
 WARNING:  CLM step     :                       140
 WARNING:  indexc       :        869890
 WARNING:  ctype(indexc):             1
 WARNING:  water balance error   -5.2741623591978201E-006
 WARNING:  CLM step     :                       141
 WARNING:  indexc       :       2022656
 WARNING:  ctype(indexc):             1
 WARNING:  water balance error   -1.0519593181235290E-007
 WARNING:  CLM step     :                       141
 WARNING:  indexc       :       2352028
 WARNING:  ctype(indexc):             1
 WARNING:  water balance error   -2.0806591915750504E-007
 WARNING:  CLM step     :                       141
 WARNING:  indexc       :       2247186
 WARNING:  ctype(indexc):             1
 WARNING:  water balance error   -2.0983790388617185E-007
 WARNING:  CLM step     :                       141
 WARNING:  indexc       :        279002
 WARNING:  ctype(indexc):             1
 WARNING:  water balance error   -2.1296494031684154E-005
 WARNING:  CLM step     :                       141
 WARNING:  indexc       :       2136508
 WARNING:  ctype(indexc):             1
 WARNING:  water balance error   -1.0314059105218176E-006
 WARNING:  CLM step     :                       141
 WARNING:  indexc       :       1877228
 WARNING:  ctype(indexc):             1
 WARNING:  water balance error   -2.0450006806724078E-005
 WARNING:  CLM step     :                       141
 WARNING:  indexc       :        654090
 WARNING:  ctype(indexc):             1
 WARNING:  water balance error   -5.8409795355917597E-006
 WARNING:  CLM step     :                       141
 WARNING:  indexc       :        377409
 WARNING:  ctype(indexc):             1
 WARNING:  water balance error   -1.3559814037655507E-006
 WARNING:  CLM step     :                       141
 WARNING:  indexc       :        510858
 WARNING:  ctype(indexc):             1
 WARNING:  water balance error   -1.4052508810265012E-005
 WARNING:  CLM step     :                       141
 WARNING:  indexc       :       1309825
 WARNING:  ctype(indexc):             1
 WARNING:  water balance error   -2.9843033634943021E-007
 WARNING:  CLM step     :                       141
 WARNING:  indexc       :       1706871
 WARNING:  ctype(indexc):             1
 WARNING:  water balance error   -3.5212769976694851E-005
 WARNING:  CLM step     :                       141
 WARNING:  indexc       :       1131758
 WARNING:  ctype(indexc):             1
 WARNING:  water balance error   -3.4868628923949234E-004
 WARNING:  CLM step     :                       141
 WARNING:  indexc       :       1501899
 WARNING:  ctype(indexc):             1
 WARNING:  water balance error   -9.4444967398198501E-006
 WARNING:  CLM step     :                       141
 WARNING:  indexc       :        968923
 WARNING:  ctype(indexc):             1
 WARNING:  water balance error   -1.1065838493331986E-004
 WARNING:  CLM step     :                       141
 WARNING:  indexc       :         78662
 WARNING:  ctype(indexc):             1
 WARNING:  water balance error   -1.5519004098843062E-006
 WARNING:  CLM step     :                       141
 WARNING:  indexc       :        806467
 WARNING:  ctype(indexc):             1
 WARNING:  water balance error   -1.6388222849708772E-005
 WARNING:  CLM step     :                       142
 WARNING:  indexc       :       2022569
 WARNING:  ctype(indexc):             1
 WARNING:  water balance error   -1.0911705405267081E-007
 WARNING:  CLM step     :                       142
 WARNING:  indexc       :       2247186
 WARNING:  ctype(indexc):             1
 WARNING:  water balance error   -2.4078718648402447E-007
 WARNING:  CLM step     :                       142
 WARNING:  indexc       :       2352190
 WARNING:  ctype(indexc):             1
 WARNING:  water balance error   -1.3225509797072831E-006
 WARNING:  CLM step     :                       142
 WARNING:  indexc       :        249132
 WARNING:  ctype(indexc):             1
 WARNING:  water balance error   -2.1163234732277819E-006
 WARNING:  CLM step     :                       142
 WARNING:  indexc       :       2136748
 WARNING:  ctype(indexc):             1
 WARNING:  water balance error   -1.5962250846313618E-005
 WARNING:  CLM step     :                       142
 WARNING:  indexc       :       1877275
 WARNING:  ctype(indexc):             1
 WARNING:  water balance error   -2.3795110777951548E-006
 WARNING:  CLM step     :                       142
 WARNING:  indexc       :        654147
 WARNING:  ctype(indexc):             1
 WARNING:  water balance error   -8.3373882284720363E-006
 WARNING:  CLM step     :                       142
 WARNING:  indexc       :        377409
 WARNING:  ctype(indexc):             1
 WARNING:  water balance error   -1.2548703070627097E-006
 WARNING:  CLM step     :                       142
 WARNING:  indexc       :        510858
 WARNING:  ctype(indexc):             1
 WARNING:  water balance error   -1.3546644912883569E-005
 WARNING:  CLM step     :                       142
 WARNING:  indexc       :       1309771
 WARNING:  ctype(indexc):             1
 WARNING:  water balance error   -3.6401373071735132E-005
 WARNING:  CLM step     :                       142
 WARNING:  indexc       :       1131758
 WARNING:  CLM step     :                       142
 WARNING:  ctype(indexc):             1
 WARNING:  indexc       :       1501912
 WARNING:  water balance error   -3.4932753430385899E-004
 WARNING:  ctype(indexc):             1
 WARNING:  water balance error   -1.8008698079479443E-005
 WARNING:  CLM step     :                       142
 WARNING:  indexc       :        980255
 WARNING:  ctype(indexc):             1
 WARNING:  water balance error   -6.8154699594540310E-006
 WARNING:  CLM step     :                       142
 WARNING:  indexc       :       1706633
 WARNING:  ctype(indexc):             1
 WARNING:  water balance error   -1.1811750346197673E-004
 WARNING:  CLM step     :                       142
 WARNING:  indexc       :        806467
 WARNING:  ctype(indexc):             1
 WARNING:  water balance error   -1.7349928558959744E-005
 WARNING:  CLM step     :                       142
 WARNING:  indexc       :         78163
 WARNING:  ctype(indexc):             1
 WARNING:  water balance error   -1.2908550393774731E-005
 WARNING:  CLM step     :                       143
 WARNING:  indexc       :       2022572
 WARNING:  ctype(indexc):             1
 WARNING:  water balance error   -1.0667062289461388E-007
 WARNING:  CLM step     :                       143
 WARNING:  indexc       :       2351984
 WARNING:  ctype(indexc):             1
 WARNING:  water balance error   -1.1328547197065737E-007
 WARNING:  CLM step     :                       143
 WARNING:  indexc       :       2247010
 WARNING:  ctype(indexc):             1
 WARNING:  water balance error   -2.2432984999290375E-007
 WARNING:  CLM step     :                       143
 WARNING:  indexc       :        249165
 WARNING:  ctype(indexc):             1
 WARNING:  water balance error   -1.0291953611868097E-005
 WARNING:  CLM step     :                       143
 WARNING:  indexc       :       2136751
 WARNING:  ctype(indexc):             1
 WARNING:  water balance error   -1.7689393819849774E-005
 WARNING:  CLM step     :                       143
 WARNING:  indexc       :        654147
 WARNING:  ctype(indexc):             1
 WARNING:  water balance error   -9.6164034371553099E-006
 WARNING:  CLM step     :                       143
 WARNING:  indexc       :       1877275
 WARNING:  ctype(indexc):             1
 WARNING:  water balance error   -2.0101398171356146E-006
 WARNING:  CLM step     :                       143
 WARNING:  indexc       :        424765
 WARNING:  ctype(indexc):             1
 WARNING:  water balance error    1.2114685645472151E-007
 WARNING:  CLM step     :                       143
 WARNING:  indexc       :       1707125
 WARNING:  ctype(indexc):             1
 WARNING:  water balance error   -1.3894731890956057E-004
 WARNING:  CLM step     :                       143
 WARNING:  indexc       :        510919
 WARNING:  ctype(indexc):             1
 WARNING:  water balance error   -4.6018091440884479E-005
 WARNING:  CLM step     :                       143
 WARNING:  indexc       :        969002
 WARNING:  ctype(indexc):             1
 WARNING:  water balance error   -1.6736393971282813E-005
 WARNING:  CLM step     :                       143
 WARNING:  indexc       :       1131758
 WARNING:  ctype(indexc):             1
 WARNING:  water balance error   -2.3533206073232749E-004
 WARNING:  CLM step     :                       143
 WARNING:  indexc       :       1501803
 WARNING:  ctype(indexc):             1
 WARNING:  water balance error   -5.3362518579464426E-006
 WARNING:  CLM step     :                       143
 WARNING:  indexc       :       1320333
 WARNING:  ctype(indexc):             1
 WARNING:  water balance error   -1.8602802175839042E-007
 WARNING:  CLM step     :                       143
 WARNING:  indexc       :        125753
 WARNING:  ctype(indexc):             1
 WARNING:  water balance error    1.5054795813029667E-005
 WARNING:  CLM step     :                       143
 WARNING:  indexc       :        812302
 WARNING:  ctype(indexc):             1
 WARNING:  water balance error   -6.7018985419903813E-007
 WARNING:  CLM step     :                       144
 WARNING:  indexc       :       2022662
 WARNING:  ctype(indexc):             1
 WARNING:  water balance error   -1.0322246790319843E-007
 WARNING:  CLM step     :                       144
 WARNING:  indexc       :       2352190
 WARNING:  ctype(indexc):             1
 WARNING:  water balance error   -6.7710405406257555E-007
 WARNING:  CLM step     :                       144
 WARNING:  indexc       :       2246998
 WARNING:  ctype(indexc):             1
 WARNING:  water balance error   -1.9167079757901670E-006
 WARNING:  CLM step     :                       144
 WARNING:  indexc       :        249165
 WARNING:  ctype(indexc):             1
 WARNING:  water balance error   -9.6559924678170051E-006
 WARNING:  CLM step     :                       144
 WARNING:  indexc       :       2136751
 WARNING:  ctype(indexc):             1
 WARNING:  water balance error   -1.8613887651653664E-005
 WARNING:  CLM step     :                       144
 WARNING:  indexc       :       1877275
 WARNING:  ctype(indexc):             1
 WARNING:  water balance error   -2.2316591813778438E-006
 WARNING:  CLM step     :                       144
 WARNING:  indexc       :        654147
 WARNING:  ctype(indexc):             1
 WARNING:  water balance error   -9.4559445712940250E-006
 WARNING:  CLM step     :                       144
 WARNING:  indexc       :        377309
 WARNING:  ctype(indexc):             1
 WARNING:  water balance error   -2.4955174805797855E-007
 WARNING:  CLM step     :                       144
 WARNING:  indexc       :       1709822
 WARNING:  ctype(indexc):             1
 WARNING:  water balance error    4.8055089620102111E-007
 WARNING:  CLM step     :                       144
 WARNING:  indexc       :        969002
 WARNING:  ctype(indexc):             1
 WARNING:  water balance error   -1.7478273459968900E-005
 WARNING:  CLM step     :                       144
 WARNING:  indexc       :        510919
 WARNING:  ctype(indexc):             1
 WARNING:  water balance error   -4.4895643771287685E-005
 WARNING:  CLM step     :                       144
 WARNING:  indexc       :       1131570
 WARNING:  ctype(indexc):             1
 WARNING:  water balance error   -3.8405762824503809E-005
 WARNING:  CLM step     :                       144
 WARNING:  indexc       :       1523916
 WARNING:  ctype(indexc):             1
 WARNING:  water balance error    1.8695731456317942E-005
 WARNING:  CLM step     :                       144
 WARNING:  indexc       :         78662
 WARNING:  ctype(indexc):             1
 WARNING:  water balance error   -1.3581517986691474E-006
 WARNING:  CLM step     :                       144
 WARNING:  indexc       :       1309803
 WARNING:  ctype(indexc):             1
 WARNING:  water balance error   -2.8828283191040417E-005
 WARNING:  CLM step     :                       144
 WARNING:  indexc       :        806467
 WARNING:  ctype(indexc):             1
 WARNING:  water balance error   -1.5937665881673294E-005
 WARNING:  CLM step     :                       145
 WARNING:  indexc       :       2022507
 WARNING:  ctype(indexc):             1
 WARNING:  water balance error   -1.6586040555972663E-006
 WARNING:  CLM step     :                       145
 WARNING:  indexc       :       2247282
 WARNING:  ctype(indexc):             1
 WARNING:  water balance error   -5.1303312733960642E-007
 WARNING:  CLM step     :                       145
 WARNING:  indexc       :       2352016
 WARNING:  ctype(indexc):             1
 WARNING:  water balance error   -1.2525872343220277E-007
 WARNING:  CLM step     :                       145
 WARNING:  indexc       :        249123
 WARNING:  ctype(indexc):             1
 WARNING:  water balance error   -7.2335550690032560E-007
 WARNING:  CLM step     :                       145
 WARNING:  indexc       :       2136751
 WARNING:  ctype(indexc):             1
 WARNING:  water balance error   -1.9223264448398823E-005
 WARNING:  CLM step     :                       145
 WARNING:  CLM step     :                       145
 WARNING:  indexc       :       1877275
 WARNING:  ctype(indexc):             1
 WARNING:  water balance error   -2.7995587033382508E-006
 WARNING:  indexc       :        654147
 WARNING:  ctype(indexc):             1
 WARNING:  water balance error   -9.2585197074945944E-006
 WARNING:  CLM step     :                       145
 WARNING:  indexc       :        377409
 WARNING:  ctype(indexc):             1
 WARNING:  water balance error   -9.9174887913711953E-007
 WARNING:  CLM step     :                       145
 WARNING:  indexc       :       1706992
 WARNING:  ctype(indexc):             1
 WARNING:  water balance error   -1.1118494550715572E-004
 WARNING:  CLM step     :                       145
 WARNING:  indexc       :        969002
 WARNING:  ctype(indexc):             1
 WARNING:  water balance error   -1.8338037942443502E-005
 WARNING:  CLM step     :                       145
 WARNING:  indexc       :        510858
 WARNING:  ctype(indexc):             1
 WARNING:  water balance error   -1.0914930322115024E-005
 WARNING:  CLM step     :                       145
 WARNING:  indexc       :       1501848
 WARNING:  ctype(indexc):             1
 WARNING:  water balance error   -1.7830683541942998E-005
 WARNING:  CLM step     :                       145
 WARNING:  indexc       :       1153321
 WARNING:  ctype(indexc):             1
 WARNING:  water balance error   -4.3313990241574540E-005
 WARNING:  CLM step     :                       145
 WARNING:  indexc       :       1337459
 WARNING:  ctype(indexc):             1
 WARNING:  water balance error    2.2855669086319556E-005
 WARNING:  CLM step     :                       145
 WARNING:  indexc       :         78662
 WARNING:  ctype(indexc):             1
 WARNING:  water balance error   -1.3249054816277434E-006
 WARNING:  CLM step     :                       145
 WARNING:  indexc       :        806467
 WARNING:  ctype(indexc):             1
 WARNING:  water balance error   -1.4405901936060677E-005
 WARNING:  CLM step     :                       146
 WARNING:  indexc       :       2352190
 WARNING:  ctype(indexc):             1
 WARNING:  water balance error   -8.9161621930500739E-007
 WARNING:  CLM step     :                       146
 WARNING:  indexc       :       2022572
 WARNING:  ctype(indexc):             1
 WARNING:  water balance error   -1.5635136101787320E-007
 WARNING:  CLM step     :                       146
 WARNING:  indexc       :       2246978
 WARNING:  ctype(indexc):             1
 WARNING:  water balance error   -6.3222181578151412E-006
 WARNING:  CLM step     :                       146
 WARNING:  indexc       :        249123
 WARNING:  ctype(indexc):             1
 WARNING:  water balance error   -7.0006011743124600E-007
 WARNING:  CLM step     :                       146
 WARNING:  indexc       :       2136517
 WARNING:  ctype(indexc):             1
 WARNING:  water balance error   -7.3690082648812908E-006
 WARNING:  CLM step     :                       146
 WARNING:  indexc       :        689594
 WARNING:  ctype(indexc):             1
 WARNING:  water balance error   -4.9119793290086800E-006
 WARNING:  CLM step     :                       146
 WARNING:  indexc       :       1877228
 WARNING:  ctype(indexc):             1
 WARNING:  water balance error   -1.9110154759105821E-005
 WARNING:  CLM step     :                       146
 WARNING:  indexc       :        377409
 WARNING:  ctype(indexc):             1
 WARNING:  water balance error   -8.6631744899716472E-007
 WARNING:  CLM step     :                       146
 WARNING:  indexc       :        969002
 WARNING:  ctype(indexc):             1
 WARNING:  water balance error   -5.7452339475902607E-005
 WARNING:  CLM step     :                       146
 WARNING:  indexc       :       1707008
 WARNING:  ctype(indexc):             1
 WARNING:  water balance error   -9.6604185826034924E-005
 WARNING:  CLM step     :                       146
 WARNING:  indexc       :        510919
 WARNING:  ctype(indexc):             1
 WARNING:  water balance error   -3.8516518425090138E-005
 WARNING:  CLM step     :                       146
 WARNING:  indexc       :       1131755
 WARNING:  ctype(indexc):             1
 WARNING:  water balance error   -3.8135131983979174E-004
 WARNING:  CLM step     :                       146
 WARNING:  indexc       :       1501848
 WARNING:  ctype(indexc):             1
 WARNING:  water balance error   -1.6543323030234459E-005
 WARNING:  CLM step     :                       146
 WARNING:  indexc       :         78632
 WARNING:  ctype(indexc):             1
 WARNING:  water balance error   -1.5009572859438696E-006
 WARNING:  CLM step     :                       146
 WARNING:  indexc       :       1309747
 WARNING:  ctype(indexc):             1
 WARNING:  water balance error   -3.9668163634745917E-006
 WARNING:  CLM step     :                       146
 WARNING:  indexc       :        806467
 WARNING:  ctype(indexc):             1
 WARNING:  water balance error   -1.3070011660685054E-005
 WARNING:  CLM step     :                       147
 WARNING:  indexc       :       2351968
 WARNING:  ctype(indexc):             1
 WARNING:  water balance error   -1.5252618427584637E-007
 WARNING:  CLM step     :                       147
 WARNING:  indexc       :       2022498
 WARNING:  ctype(indexc):             1
 WARNING:  water balance error   -9.2437813394292658E-007
 WARNING:  CLM step     :                       147
 WARNING:  indexc       :       2247006
 WARNING:  ctype(indexc):             1
 WARNING:  water balance error   -1.4337770489454094E-006
 WARNING:  CLM step     :                       147
 WARNING:  indexc       :        249165
 WARNING:  ctype(indexc):             1
 WARNING:  water balance error   -7.5776427274684479E-006
 WARNING:  CLM step     :                       147
 WARNING:  indexc       :       2136751
 WARNING:  ctype(indexc):             1
 WARNING:  water balance error   -1.9249308135923540E-005
 WARNING:  CLM step     :                       147
 WARNING:  indexc       :        670848
 WARNING:  ctype(indexc):             1
 WARNING:  water balance error   -8.4464371682744034E-006
 WARNING:  CLM step     :                       147
 WARNING:  indexc       :       1877046
 WARNING:  ctype(indexc):             1
 WARNING:  water balance error   -4.1301019618075708E-007
 WARNING:  CLM step     :                       147
 WARNING:  indexc       :        377309
 WARNING:  ctype(indexc):             1
 WARNING:  water balance error   -3.6333233667681740E-007
 WARNING:  CLM step     :                       147
 WARNING:  indexc       :        969002
 WARNING:  ctype(indexc):             1
 WARNING:  water balance error   -6.7888182584009257E-005
 WARNING:  CLM step     :                       147
 WARNING:  indexc       :       1707136
 WARNING:  ctype(indexc):             1
 WARNING:  water balance error   -3.8181721290042077E-005
 WARNING:  CLM step     :                       147
 WARNING:  indexc       :        510858
 WARNING:  ctype(indexc):             1
 WARNING:  water balance error   -1.1592606122364132E-005
 WARNING:  CLM step     :                       147
 WARNING:  indexc       :       1131728
 WARNING:  ctype(indexc):             1
 WARNING:  water balance error   -1.5790671056292908E-004
 WARNING:  CLM step     :                       147
 WARNING:  indexc       :       1501845
 WARNING:  ctype(indexc):             1
 WARNING:  water balance error   -1.3851668227840781E-005
 WARNING:  CLM step     :                       147
 WARNING:  indexc       :         78662
 WARNING:  ctype(indexc):             1
 WARNING:  water balance error   -1.1973042112475781E-006
 WARNING:  CLM step     :                       147
 WARNING:  indexc       :        806467
 WARNING:  ctype(indexc):             1
 WARNING:  water balance error   -1.3018448693305360E-005
 WARNING:  CLM step     :                       147
 WARNING:  indexc       :       1309822
 WARNING:  ctype(indexc):             1
 WARNING:  water balance error   -5.3006379378909554E-007
 WARNING:  CLM step     :                       148
 WARNING:  indexc       :       2022585
 WARNING:  ctype(indexc):             1
 WARNING:  water balance error   -1.1207144759360114E-007
 WARNING:  CLM step     :                       148
 WARNING:  indexc       :       2352181
 WARNING:  ctype(indexc):             1
 WARNING:  water balance error   -1.1199945838946150E-006
 WARNING:  CLM step     :                       148
 WARNING:  indexc       :       2247006
 WARNING:  ctype(indexc):             1
 WARNING:  water balance error   -3.8063777206899686E-006
 WARNING:  CLM step     :                       148
 WARNING:  indexc       :        249123
 WARNING:  ctype(indexc):             1
 WARNING:  water balance error   -4.0182770688503354E-005
 WARNING:  CLM step     :                       148
 WARNING:  indexc       :       2136748
 WARNING:  ctype(indexc):             1
 WARNING:  water balance error   -1.6006376268852382E-005
 WARNING:  CLM step     :                       148
 WARNING:  indexc       :       1877228
 WARNING:  ctype(indexc):             1
 WARNING:  water balance error   -2.1119289133269097E-005
 WARNING:  CLM step     :                       148
 WARNING:  indexc       :        654147
 WARNING:  ctype(indexc):             1
 WARNING:  water balance error   -1.1665129508200162E-005
 WARNING:  CLM step     :                       148
 WARNING:  indexc       :        377365
 WARNING:  ctype(indexc):             1
 WARNING:  water balance error   -4.1544714985521927E-005
 WARNING:  CLM step     :                       148
 WARNING:  indexc       :       1707136
 WARNING:  ctype(indexc):             1
 WARNING:  water balance error   -4.1533182577363056E-005
 WARNING:  CLM step     :                       148
 WARNING:  indexc       :        969002
 WARNING:  ctype(indexc):             1
 WARNING:  water balance error   -6.9506256901879566E-005
 WARNING:  CLM step     :                       148
 WARNING:  indexc       :        510858
 WARNING:  ctype(indexc):             1
 WARNING:  water balance error   -1.2451311176703904E-005
 WARNING:  CLM step     :                       148
 WARNING:  indexc       :       1131573
 WARNING:  ctype(indexc):             1
 WARNING:  water balance error   -5.8618910558221569E-005
 WARNING:  CLM step     :                       148
 WARNING:  indexc       :       1501851
 WARNING:  ctype(indexc):             1
 WARNING:  water balance error   -2.2567552217183323E-005
 WARNING:  CLM step     :                       148
 WARNING:  indexc       :       1309803
 WARNING:  ctype(indexc):             1
 WARNING:  water balance error   -1.0736747868084179E-005
 WARNING:  CLM step     :                       148
 WARNING:  indexc       :         78632
 WARNING:  ctype(indexc):             1
 WARNING:  water balance error   -5.7376928465768936E-005
 WARNING:  CLM step     :                       148
 WARNING:  indexc       :        806467
 WARNING:  ctype(indexc):             1
 WARNING:  water balance error   -1.3332045395683798E-005
 WARNING:  CLM step     :                       149
 WARNING:  indexc       :       2022677
 WARNING:  ctype(indexc):             1
 WARNING:  water balance error   -1.1606567912814862E-007
 WARNING:  CLM step     :                       149
 WARNING:  indexc       :       2351968
 WARNING:  ctype(indexc):             1
 WARNING:  water balance error   -1.6245276100399777E-007
 WARNING:  CLM step     :                       149
 WARNING:  indexc       :       2246978
 WARNING:  ctype(indexc):             1
 WARNING:  water balance error   -7.8694409276972457E-006
 WARNING:  CLM step     :                       149
 WARNING:  indexc       :        249165
 WARNING:  ctype(indexc):             1
 WARNING:  water balance error   -5.9780738787162992E-006
 WARNING:  CLM step     :                       149
 WARNING:  indexc       :       2136508
 WARNING:  ctype(indexc):             1
 WARNING:  water balance error   -8.0593482604639380E-007
 WARNING:  CLM step     :                       149
 WARNING:  indexc       :       1877231
 WARNING:  ctype(indexc):             1
 WARNING:  water balance error   -8.6691258579457096E-006
 WARNING:  CLM step     :                       149
 WARNING:  indexc       :        667493
 WARNING:  ctype(indexc):             1
 WARNING:  water balance error   -8.4696500337569339E-006
 WARNING:  CLM step     :                       149
 WARNING:  indexc       :        377309
 WARNING:  ctype(indexc):             1
 WARNING:  water balance error   -4.1825571637710136E-007
 WARNING:  CLM step     :                       149
 WARNING:  indexc       :       1707136
 WARNING:  ctype(indexc):             1
 WARNING:  water balance error   -4.6195551303060096E-005
 WARNING:  CLM step     :                       149
 WARNING:  indexc       :        510858
 WARNING:  ctype(indexc):             1
 WARNING:  water balance error   -1.3155161982469008E-005
 WARNING:  CLM step     :                       149
 WARNING:  indexc       :        969002
 WARNING:  ctype(indexc):             1
 WARNING:  water balance error   -8.0260166617807734E-005
 WARNING:  CLM step     :                       149
 WARNING:  indexc       :       1501848
 WARNING:  ctype(indexc):             1
 WARNING:  water balance error   -1.9967883142784075E-005
 WARNING:  CLM step     :                       149
 WARNING:  indexc       :       1131725
 WARNING:  ctype(indexc):             1
 WARNING:  water balance error   -1.9591808767679816E-003
 WARNING:  CLM step     :                       149
 WARNING:  indexc       :       1309822
 WARNING:  ctype(indexc):             1
 WARNING:  water balance error   -3.5997685195429435E-007
 WARNING:  CLM step     :                       149
 WARNING:  indexc       :        806459
 WARNING:  ctype(indexc):             1
 WARNING:  water balance error   -1.9820483970322189E-005
 WARNING:  CLM step     :                       149
 WARNING:  indexc       :         78671
 WARNING:  ctype(indexc):             1
 WARNING:  water balance error   -7.9541982145963803E-007
 WARNING:  CLM step     :                       150
 WARNING:  indexc       :       2022692
 WARNING:  ctype(indexc):             1
 WARNING:  water balance error   -1.4058997632758664E-007
 WARNING:  CLM step     :                       150
 WARNING:  indexc       :       2352001
 WARNING:  ctype(indexc):             1
 WARNING:  water balance error   -7.3128264904475483E-007
 WARNING:  CLM step     :                       150
 WARNING:  indexc       :       2271388
 WARNING:  ctype(indexc):             1
 WARNING:  water balance error    4.5132030716546535E-005
 WARNING:  CLM step     :                       150
 WARNING:  indexc       :        249063
 WARNING:  ctype(indexc):             1
 WARNING:  water balance error   -2.9350181898292665E-006
 WARNING:  CLM step     :                       150
 WARNING:  indexc       :       2136508
 WARNING:  ctype(indexc):             1
 WARNING:  water balance error   -8.0168872261521511E-007
 WARNING:  CLM step     :                       150
 WARNING:  indexc       :        654147
 WARNING:  ctype(indexc):             1
 WARNING:  water balance error   -7.5049938733931489E-006
 WARNING:  CLM step     :                       150
 WARNING:  indexc       :       1877228
 WARNING:  ctype(indexc):             1
 WARNING:  water balance error   -1.0764481644718413E-005
 WARNING:  CLM step     :                       150
 WARNING:  indexc       :        377409
 WARNING:  ctype(indexc):             1
 WARNING:  water balance error   -9.2704473238726922E-007
 WARNING:  CLM step     :                       150
 WARNING:  indexc       :       1707008
 WARNING:  ctype(indexc):             1
 WARNING:  water balance error   -1.0315115063164326E-004
 WARNING:  CLM step     :                       150
 WARNING:  indexc       :        970762
 WARNING:  ctype(indexc):             1
 WARNING:  water balance error   -1.4462695224400415E-006
 WARNING:  CLM step     :                       150
 WARNING:  indexc       :        510919
 WARNING:  ctype(indexc):             1
 WARNING:  water balance error   -5.6127115732432054E-005
 WARNING:  CLM step     :                       150
 WARNING:  indexc       :       1501899
 WARNING:  ctype(indexc):             1
 WARNING:  water balance error   -8.9051035242988004E-006
 WARNING:  CLM step     :                       150
 WARNING:  indexc       :       1131728
 WARNING:  ctype(indexc):             1
 WARNING:  water balance error   -2.4208880389160110E-004
 WARNING:  CLM step     :                       150
 WARNING:  indexc       :       1309860
 WARNING:  ctype(indexc):             1
 WARNING:  water balance error   -1.3522166523431197E-005
 WARNING:  CLM step     :                       150
 WARNING:  indexc       :        145166
 WARNING:  ctype(indexc):             1
 WARNING:  water balance error   -3.9916066185760738E-005
 WARNING:  CLM step     :                       150
 WARNING:  indexc       :        806403
 WARNING:  ctype(indexc):             1
 WARNING:  water balance error   -1.4658662112777355E-005
 WARNING:  CLM step     :                       151
 WARNING:  indexc       :       2022677
 WARNING:  ctype(indexc):             1
 WARNING:  water balance error   -1.5583180212358657E-007
 WARNING:  CLM step     :                       151
 WARNING:  indexc       :       2246932
 WARNING:  ctype(indexc):             1
 WARNING:  water balance error   -1.4655146947622889E-006
 WARNING:  CLM step     :                       151
 WARNING:  indexc       :       2352100
 WARNING:  ctype(indexc):             1
 WARNING:  water balance error   -1.0775450141945439E-007
 WARNING:  CLM step     :                       151
 WARNING:  indexc       :        248893
 WARNING:  ctype(indexc):             1
 WARNING:  water balance error    3.6880523767104035E-006
 WARNING:  CLM step     :                       151
 WARNING:  indexc       :       2136508
 WARNING:  ctype(indexc):             1
 WARNING:  water balance error   -7.9663800163768983E-007
 WARNING:  CLM step     :                       151
 WARNING:  indexc       :       1877228
 WARNING:  ctype(indexc):             1
 WARNING:  water balance error   -9.9553063645992597E-006
 WARNING:  CLM step     :                       151
 WARNING:  indexc       :        654147
 WARNING:  ctype(indexc):             1
 WARNING:  water balance error   -7.1751201566097273E-006
 WARNING:  CLM step     :                       151
 WARNING:  indexc       :        377309
 WARNING:  ctype(indexc):             1
 WARNING:  water balance error   -4.0500138381293900E-007
 WARNING:  CLM step     :                       151
 WARNING:  indexc       :       1707136
 WARNING:  ctype(indexc):             1
 WARNING:  water balance error   -5.7003591651592854E-005
 WARNING:  CLM step     :                       151
 WARNING:  indexc       :        510858
 WARNING:  ctype(indexc):             1
 WARNING:  water balance error   -1.3894341551202935E-005
 WARNING:  CLM step     :                       151
 WARNING:  indexc       :        969002
 WARNING:  ctype(indexc):             1
 WARNING:  water balance error   -6.4917515875716794E-005
 WARNING:  CLM step     :                       151
 WARNING:  indexc       :       1309860
 WARNING:  ctype(indexc):             1
 WARNING:  water balance error   -1.5882083898940243E-005
 WARNING:  CLM step     :                       151
 WARNING:  indexc       :       1501899
 WARNING:  ctype(indexc):             1
 WARNING:  water balance error   -1.0808679807816739E-005
 WARNING:  CLM step     :                       151
 WARNING:  indexc       :       1131758
 WARNING:  ctype(indexc):             1
 WARNING:  water balance error   -2.9415257969227297E-004
 WARNING:  CLM step     :                       151
 WARNING:  indexc       :         78662
 WARNING:  ctype(indexc):             1
 WARNING:  water balance error   -9.6604390698202074E-007
 WARNING:  CLM step     :                       151
 WARNING:  indexc       :        806467
 WARNING:  ctype(indexc):             1
 WARNING:  water balance error   -9.3216376102257001E-006
 WARNING:  CLM step     :                       152
 WARNING:  indexc       :       2022585
 WARNING:  ctype(indexc):             1
 WARNING:  water balance error   -2.1747818013197713E-007
 WARNING:  CLM step     :                       152
 WARNING:  indexc       :       2352190
 WARNING:  ctype(indexc):             1
 WARNING:  water balance error   -2.3266406174678436E-007
 WARNING:  CLM step     :                       152
 WARNING:  indexc       :       2247006
 WARNING:  ctype(indexc):             1
 WARNING:  water balance error   -3.2935622072037541E-006
 WARNING:  CLM step     :                       152
 WARNING:  indexc       :        249165
 WARNING:  ctype(indexc):             1
 WARNING:  water balance error   -5.5311214425881449E-006
 WARNING:  CLM step     :                       152
 WARNING:  indexc       :       2136784
 WARNING:  ctype(indexc):             1
 WARNING:  water balance error   -5.5690136136121199E-007
 WARNING:  CLM step     :                       152
 WARNING:  indexc       :       1877275
 WARNING:  ctype(indexc):             1
 WARNING:  water balance error   -6.7164623394052501E-006
 WARNING:  CLM step     :                       152
 WARNING:  indexc       :        654147
 WARNING:  ctype(indexc):             1
 WARNING:  water balance error   -5.8813564926535938E-006
 WARNING:  CLM step     :                       152
 WARNING:  indexc       :        398215
 WARNING:  ctype(indexc):             1
 WARNING:  water balance error    2.7395356138653891E-006
 WARNING:  CLM step     :                       152
 WARNING:  indexc       :        510858
 WARNING:  ctype(indexc):             1
 WARNING:  water balance error   -1.4050788751312022E-005
 WARNING:  CLM step     :                       152
 WARNING:  indexc       :       1707136
 WARNING:  ctype(indexc):             1
 WARNING:  water balance error   -6.0515757153061079E-005
 WARNING:  CLM step     :                       152
 WARNING:  indexc       :        969002
 WARNING:  ctype(indexc):             1
 WARNING:  water balance error   -7.6120494450982744E-005
 WARNING:  CLM step     :                       152
 WARNING:  indexc       :       1131725
 WARNING:  ctype(indexc):             1
 WARNING:  water balance error   -1.3226832951851867E-004
 WARNING:  CLM step     :                       152
 WARNING:  indexc       :       1309860
 WARNING:  ctype(indexc):             1
 WARNING:  water balance error   -1.6962791139931566E-005
 WARNING:  CLM step     :                       152
 WARNING:  indexc       :       1501803
 WARNING:  ctype(indexc):             1
 WARNING:  water balance error   -5.4326566760836052E-006
 WARNING:  CLM step     :                       152
 WARNING:  indexc       :         78671
 WARNING:  ctype(indexc):             1
 WARNING:  water balance error   -7.1483453055855642E-007
 WARNING:  CLM step     :                       152
 WARNING:  indexc       :        806395
 WARNING:  ctype(indexc):             1
 WARNING:  water balance error   -3.0031568811018145E-005
 WARNING:  CLM step     :                       153
 WARNING:  indexc       :       2022501
 WARNING:  ctype(indexc):             1
 WARNING:  water balance error   -3.7785559580659511E-006
 WARNING:  CLM step     :                       153
 WARNING:  indexc       :       2351894
 WARNING:  ctype(indexc):             1
 WARNING:  water balance error   -1.4239443760726391E-007
 WARNING:  CLM step     :                       153
 WARNING:  indexc       :       2247006
 WARNING:  ctype(indexc):             1
 WARNING:  water balance error   -3.1484865258806387E-006
 WARNING:  CLM step     :                       153
 WARNING:  indexc       :        279569
 WARNING:  ctype(indexc):            65
 WARNING:  water balance error    2.1158843311844381E-003
 WARNING:  CLM step     :                       153
 WARNING:  indexc       :       2136763
 WARNING:  ctype(indexc):             1
 WARNING:  water balance error   -2.0026615774208687E-005
 WARNING:  CLM step     :                       153
 WARNING:  indexc       :       1877275
 WARNING:  ctype(indexc):             1
 WARNING:  water balance error   -6.5241400474487598E-006
 WARNING:  CLM step     :                       153
 WARNING:  indexc       :        654147
 WARNING:  ctype(indexc):             1
 WARNING:  water balance error   -5.4939828858634644E-006
 WARNING:  CLM step     :                       153
 WARNING:  indexc       :        377409
 WARNING:  ctype(indexc):             1
 WARNING:  water balance error   -1.3117880601998042E-006
 WARNING:  CLM step     :                       153
 WARNING:  indexc       :       1707125
 WARNING:  ctype(indexc):             1
 WARNING:  water balance error   -1.5286192901340148E-004
 WARNING:  CLM step     :                       153
 WARNING:  indexc       :        510919
 WARNING:  ctype(indexc):             1
 WARNING:  water balance error   -5.9305081286336544E-005
 WARNING:  CLM step     :                       153
 WARNING:  indexc       :       1131755
 WARNING:  ctype(indexc):             1
 WARNING:  water balance error   -5.8381739707513583E-004
 WARNING:  CLM step     :                       153
 WARNING:  indexc       :        968851
 WARNING:  ctype(indexc):             1
 WARNING:  water balance error   -6.0303948035230308E-007
 WARNING:  CLM step     :                       153
 WARNING:  indexc       :       1501848
 WARNING:  ctype(indexc):             1
 WARNING:  water balance error   -1.7039102150286697E-005
 WARNING:  CLM step     :                       153
 WARNING:  indexc       :       1309822
 WARNING:  ctype(indexc):             1
 WARNING:  water balance error   -3.6793520073359078E-007
 WARNING:  CLM step     :                       153
 WARNING:  indexc       :        806467
 WARNING:  ctype(indexc):             1
 WARNING:  water balance error   -3.9082078283445443E-006
 WARNING:  CLM step     :                       153
 WARNING:  indexc       :         78662
 WARNING:  ctype(indexc):             1
 WARNING:  water balance error   -8.6827041125494266E-007
 WARNING:  CLM step     :                       154
 WARNING:  indexc       :       2022585
 WARNING:  ctype(indexc):             1
 WARNING:  water balance error   -2.4136487930031432E-007
 WARNING:  CLM step     :                       154
 WARNING:  indexc       :       2351943
 WARNING:  ctype(indexc):             1
 WARNING:  water balance error   -1.0762525663563123E-006
 WARNING:  CLM step     :                       154
 WARNING:  indexc       :       2246978
 WARNING:  ctype(indexc):             1
 WARNING:  water balance error   -1.7370150256809766E-006
 WARNING:  CLM step     :                       154
 WARNING:  indexc       :        249132
 WARNING:  ctype(indexc):             1
 WARNING:  water balance error   -2.2903569112267899E-007
 WARNING:  CLM step     :                       154
 WARNING:  indexc       :       2136508
 WARNING:  ctype(indexc):             1
 WARNING:  water balance error   -9.9724092299879961E-007
 WARNING:  CLM step     :                       154
 WARNING:  indexc       :        654147
 WARNING:  ctype(indexc):             1
 WARNING:  water balance error   -5.2360323639009459E-006
 WARNING:  CLM step     :                       154
 WARNING:  indexc       :       1895045
 WARNING:  ctype(indexc):             1
 WARNING:  water balance error   -2.6555477800929402E-006
 WARNING:  CLM step     :                       154
 WARNING:  indexc       :        377365
 WARNING:  ctype(indexc):             1
 WARNING:  water balance error   -2.0389247500646142E-005
 WARNING:  CLM step     :                       154
 WARNING:  indexc       :        510858
 WARNING:  ctype(indexc):             1
 WARNING:  water balance error   -1.3966899550835332E-005
 WARNING:  CLM step     :                       154
 WARNING:  indexc       :       1707136
 WARNING:  ctype(indexc):             1
 WARNING:  water balance error   -6.1403760458121693E-005
 WARNING:  CLM step     :                       154
 WARNING:  indexc       :        980549
 WARNING:  ctype(indexc):             1
 WARNING:  water balance error   -2.5787837814787804E-004
 WARNING:  CLM step     :                       154
 WARNING:  indexc       :       1131722
 WARNING:  ctype(indexc):             1
 WARNING:  water balance error   -5.0715814893327477E-005
 WARNING:  CLM step     :                       154
 WARNING:  indexc       :       1501806
 WARNING:  ctype(indexc):             1
 WARNING:  water balance error   -3.4743496995871801E-006
 WARNING:  CLM step     :                       154
 WARNING:  indexc       :       1309803
 WARNING:  ctype(indexc):             1
 WARNING:  water balance error   -8.8566875731142596E-006
 WARNING:  CLM step     :                       154
 WARNING:  indexc       :         78671
 WARNING:  ctype(indexc):             1
 WARNING:  water balance error   -6.4271512580074463E-007
 WARNING:  CLM step     :                       154
 WARNING:  indexc       :        806467
 WARNING:  ctype(indexc):             1
 WARNING:  water balance error   -2.0030535492575720E-006
 WARNING:  CLM step     :                       155
 WARNING:  indexc       :       2022677
 WARNING:  ctype(indexc):             1
 WARNING:  water balance error   -1.9598516838747172E-007
 WARNING:  CLM step     :                       155
 WARNING:  indexc       :       2352097
 WARNING:  ctype(indexc):             1
 WARNING:  water balance error   -1.0029867969594068E-007
 WARNING:  CLM step     :                       155
 WARNING:  indexc       :       2247177
 WARNING:  ctype(indexc):             1
 WARNING:  water balance error   -1.0362313140027505E-007
 WARNING:  CLM step     :                       155
 WARNING:  indexc       :        248893
 WARNING:  ctype(indexc):             1
 WARNING:  water balance error    4.4813759042574131E-006
 WARNING:  CLM step     :                       155
 WARNING:  indexc       :       2136751
 WARNING:  ctype(indexc):             1
 WARNING:  water balance error   -1.8380721015966157E-005
 WARNING:  CLM step     :                       155
 WARNING:  indexc       :       1877275
 WARNING:  ctype(indexc):             1
 WARNING:  water balance error   -8.3566500334558133E-006
 WARNING:  CLM step     :                       155
 WARNING:  indexc       :        654079
 WARNING:  ctype(indexc):             1
 WARNING:  water balance error   -4.6660279797017048E-005
 WARNING:  CLM step     :                       155
 WARNING:  indexc       :        377365
 WARNING:  ctype(indexc):             1
 WARNING:  water balance error   -1.1794306920999604E-005
 WARNING:  CLM step     :                       155
 WARNING:  indexc       :       1707136
 WARNING:  ctype(indexc):             1
 WARNING:  water balance error   -6.7162088639541784E-005
 WARNING:  CLM step     :                       155
 WARNING:  indexc       :        969002
 WARNING:  ctype(indexc):             1
 WARNING:  water balance error   -6.9958493525174717E-005
 WARNING:  CLM step     :                       155
 WARNING:  indexc       :        565150
 WARNING:  ctype(indexc):             1
 WARNING:  water balance error   -2.5477714572074465E-006
 WARNING:  CLM step     :                       155
 WARNING:  indexc       :       1131758
 WARNING:  ctype(indexc):             1
 WARNING:  water balance error   -3.5652949930865959E-004
 WARNING:  CLM step     :                       155
 WARNING:  indexc       :       1585013
 WARNING:  ctype(indexc):             1
 WARNING:  water balance error    2.1700136817659228E-005
 WARNING:  CLM step     :                       155
 WARNING:  indexc       :       1310111
 WARNING:  ctype(indexc):             1
 WARNING:  water balance error   -1.0646614135309887E-007
 WARNING:  CLM step     :                       155
 WARNING:  indexc       :         78395
 WARNING:  ctype(indexc):             1
 WARNING:  water balance error   -2.4659417783195136E-007
 WARNING:  CLM step     :                       155
 WARNING:  indexc       :        806467
 WARNING:  ctype(indexc):             1
 WARNING:  water balance error   -9.1565761229013033E-007
 WARNING:  CLM step     :                       156
 WARNING:  indexc       :       2022677
 WARNING:  ctype(indexc):             1
 WARNING:  water balance error   -2.4771077270120339E-007
 WARNING:  CLM step     :                       156
 WARNING:  indexc       :       2353853
 WARNING:  ctype(indexc):             1
 WARNING:  water balance error   -1.3009886923877064E-006
 WARNING:  CLM step     :                       156
 WARNING:  indexc       :       2247177
 WARNING:  ctype(indexc):             1
 WARNING:  water balance error   -1.0012480818168888E-007
 WARNING:  CLM step     :                       156
 WARNING:  indexc       :        249165
 WARNING:  ctype(indexc):             1
 WARNING:  water balance error   -5.4328115887091775E-006
 WARNING:  CLM step     :                       156
 WARNING:  indexc       :       2136748
 WARNING:  ctype(indexc):             1
 WARNING:  water balance error   -1.8145137708913896E-005
 WARNING:  CLM step     :                       156
 WARNING:  indexc       :       1877231
 WARNING:  ctype(indexc):             1
 WARNING:  water balance error   -1.0199069587093793E-005
 WARNING:  CLM step     :                       156
 WARNING:  indexc       :        654147
 WARNING:  ctype(indexc):             1
 WARNING:  water balance error   -4.3514972905603469E-006
 WARNING:  CLM step     :                       156
 WARNING:  indexc       :        377160
 WARNING:  ctype(indexc):             1
 WARNING:  water balance error   -4.1571214214248511E-005
 WARNING:  CLM step     :                       156
 WARNING:  indexc       :       1707136
 WARNING:  ctype(indexc):             1
 WARNING:  water balance error   -6.6634206322473144E-005
 WARNING:  CLM step     :                       156
 WARNING:  indexc       :        510858
 WARNING:  ctype(indexc):             1
 WARNING:  water balance error   -1.3289172112192920E-005
 WARNING:  CLM step     :                       156
 WARNING:  indexc       :       1131758
 WARNING:  ctype(indexc):             1
 WARNING:  water balance error   -3.5568945283766284E-004
 WARNING:  CLM step     :                       156
 WARNING:  indexc       :        969002
 WARNING:  ctype(indexc):             1
 WARNING:  water balance error   -7.4039514464156728E-005
 WARNING:  CLM step     :                       156
 WARNING:  indexc       :       1501899
 WARNING:  ctype(indexc):             1
 WARNING:  water balance error   -1.2525131749432625E-005
 WARNING:  CLM step     :                       156
 WARNING:  indexc       :       1339896
 WARNING:  ctype(indexc):             1
 WARNING:  water balance error   -7.6056149045056629E-007
 WARNING:  CLM step     :                       156
 WARNING:  indexc       :        159733
 WARNING:  ctype(indexc):             1
 WARNING:  water balance error   -4.3633997402164245E-007
 WARNING:  CLM step     :                       156
 WARNING:  indexc       :        806368
 WARNING:  ctype(indexc):             1
 WARNING:  water balance error   -1.4138378326478824E-005
 WARNING:  CLM step     :                       157
 WARNING:  indexc       :       2022677
 WARNING:  ctype(indexc):             1
 WARNING:  water balance error   -3.1378225475649833E-007
 WARNING:  CLM step     :                       157
 WARNING:  indexc       :       2351984
 WARNING:  ctype(indexc):             1
 WARNING:  water balance error   -3.8063230483096440E-007
 WARNING:  CLM step     :                       157
 WARNING:  indexc       :       2247006
 WARNING:  ctype(indexc):             1
 WARNING:  water balance error   -4.0127561694179833E-006
 WARNING:  CLM step     :                       157
 WARNING:  indexc       :       2136567
 WARNING:  ctype(indexc):             1
 WARNING:  water balance error   -2.3824118770201205E-006
 WARNING:  CLM step     :                       157
 WARNING:  indexc       :        249165
 WARNING:  ctype(indexc):             1
 WARNING:  water balance error   -9.9539798746531953E-005
 WARNING:  CLM step     :                       157
 WARNING:  indexc       :       1877275
 WARNING:  ctype(indexc):             1
 WARNING:  water balance error   -6.3227548957542390E-006
 WARNING:  CLM step     :                       157
 WARNING:  indexc       :        654147
 WARNING:  ctype(indexc):             1
 WARNING:  water balance error   -3.9287029471432841E-006
 WARNING:  CLM step     :                       157
 WARNING:  indexc       :        377409
 WARNING:  ctype(indexc):             1
 WARNING:  water balance error   -1.3917777316996058E-006
 WARNING:  CLM step     :                       157
 WARNING:  indexc       :        510919
 WARNING:  ctype(indexc):             1
 WARNING:  water balance error   -8.7366210006609423E-005
 WARNING:  CLM step     :                       157
 WARNING:  indexc       :        969002
 WARNING:  ctype(indexc):             1
 WARNING:  water balance error   -8.0290701016424643E-005
 WARNING:  CLM step     :                       157
 WARNING:  indexc       :       1707008
 WARNING:  ctype(indexc):             1
 WARNING:  water balance error   -9.1159309279627732E-005
 WARNING:  CLM step     :                       157
 WARNING:  indexc       :       1131758
 WARNING:  ctype(indexc):             1
 WARNING:  water balance error   -3.5167601629629779E-004
 WARNING:  CLM step     :                       157
 WARNING:  indexc       :         78632
 WARNING:  ctype(indexc):             1
 WARNING:  water balance error   -8.2790232105176345E-007
 WARNING:  CLM step     :                       157
 WARNING:  indexc       :       1309822
 WARNING:  ctype(indexc):             1
 WARNING:  water balance error   -3.8282099639129735E-007
 WARNING:  CLM step     :                       157
 WARNING:  indexc       :       1501845
 WARNING:  ctype(indexc):             1
 WARNING:  water balance error   -1.3787694735196497E-005
 WARNING:  CLM step     :                       157
 WARNING:  indexc       :        806395
 WARNING:  ctype(indexc):             1
 WARNING:  water balance error   -2.1063435701717542E-005
 WARNING:  CLM step     :                       158
 WARNING:  indexc       :       2022677
 WARNING:  ctype(indexc):             1
 WARNING:  water balance error   -3.7171190952873075E-007
 WARNING:  CLM step     :                       158
 WARNING:  indexc       :       2352097
 WARNING:  ctype(indexc):             1
 WARNING:  water balance error   -1.0998506485982826E-007
 WARNING:  CLM step     :                       158
 WARNING:  indexc       :       2246998
 WARNING:  ctype(indexc):             1
 WARNING:  water balance error   -6.9269735391770534E-007
 WARNING:  CLM step     :                       158
 WARNING:  indexc       :       2136751
 WARNING:  ctype(indexc):             1
 WARNING:  water balance error   -1.8884700180734580E-005
 WARNING:  CLM step     :                       158
 WARNING:  indexc       :        249123
 WARNING:  ctype(indexc):             1
 WARNING:  water balance error   -9.4631560573110970E-006
 WARNING:  CLM step     :                       158
 WARNING:  indexc       :       1877228
 WARNING:  ctype(indexc):             1
 WARNING:  water balance error   -1.5793576398923436E-005
 WARNING:  CLM step     :                       158
 WARNING:  indexc       :        662671
 WARNING:  ctype(indexc):             1
 WARNING:  water balance error   -1.0800095121170026E-005
 WARNING:  CLM step     :                       158
 WARNING:  indexc       :        377409
 WARNING:  ctype(indexc):             1
 WARNING:  water balance error   -1.3626527092419812E-006
 WARNING:  CLM step     :                       158
 WARNING:  indexc       :        510858
 WARNING:  ctype(indexc):             1
 WARNING:  water balance error   -1.2813411207548990E-005
 WARNING:  CLM step     :                       158
 WARNING:  indexc       :       1707136
 WARNING:  ctype(indexc):             1
 WARNING:  water balance error   -5.7416170239674666E-005
 WARNING:  CLM step     :                       158
 WARNING:  indexc       :        969002
 WARNING:  ctype(indexc):             1
 WARNING:  water balance error   -8.6412731896476041E-005
 WARNING:  CLM step     :                       158
 WARNING:  indexc       :       1131758
 WARNING:  ctype(indexc):             1
 WARNING:  water balance error   -1.4798746967135028E-005
 WARNING:  CLM step     :                       158
 WARNING:  indexc       :       1309446
 WARNING:  ctype(indexc):             1
 WARNING:  water balance error   -5.3636385277502636E-005
 WARNING:  CLM step     :                       158
 WARNING:  indexc       :       1501899
 WARNING:  ctype(indexc):             1
 WARNING:  water balance error   -1.1982104663890010E-005
 WARNING:  CLM step     :                       158
 WARNING:  indexc       :         78671
 WARNING:  ctype(indexc):             1
 WARNING:  water balance error   -4.5596913108802059E-007
 WARNING:  CLM step     :                       158
 WARNING:  indexc       :        834967
 WARNING:  ctype(indexc):             1
 WARNING:  water balance error   -2.0469693022722634E-007
 WARNING:  CLM step     :                       159
 WARNING:  indexc       :       2022677
 WARNING:  ctype(indexc):             1
 WARNING:  water balance error   -4.2413874136904180E-007
 WARNING:  CLM step     :                       159
 WARNING:  indexc       :       2352097
 WARNING:  ctype(indexc):             1
 WARNING:  water balance error   -1.5042597157097745E-007
 WARNING:  CLM step     :                       159
 WARNING:  indexc       :       2247186
 WARNING:  ctype(indexc):             1
 WARNING:  water balance error   -3.3995721048151676E-007
 WARNING:  CLM step     :                       159
 WARNING:  indexc       :        249123
 WARNING:  ctype(indexc):             1
 WARNING:  water balance error   -1.0272452621736482E-005
 WARNING:  CLM step     :                       159
 WARNING:  indexc       :       2136322
 WARNING:  ctype(indexc):             1
 WARNING:  water balance error   -5.5299419120613027E-007
 WARNING:  CLM step     :                       159
 WARNING:  indexc       :       1877275
 WARNING:  ctype(indexc):             1
 WARNING:  water balance error   -6.1017486914800001E-006
 WARNING:  CLM step     :                       159
 WARNING:  indexc       :        654147
 WARNING:  ctype(indexc):             1
 WARNING:  water balance error   -4.5682752216485017E-006
 WARNING:  CLM step     :                       159
 WARNING:  indexc       :        377409
 WARNING:  ctype(indexc):             1
 WARNING:  water balance error   -1.3299938576349927E-006
 WARNING:  CLM step     :                       159
 WARNING:  indexc       :        510919
 WARNING:  ctype(indexc):             1
 WARNING:  water balance error   -9.5270181697107556E-005
 WARNING:  CLM step     :                       159
 WARNING:  indexc       :        969002
 WARNING:  ctype(indexc):             1
 WARNING:  water balance error   -9.0186760752568193E-005
 WARNING:  CLM step     :                       159
 WARNING:  indexc       :       1143956
 WARNING:  ctype(indexc):             1
 WARNING:  water balance error   -6.4269631424261107E-005
 WARNING:  CLM step     :                       159
 WARNING:  indexc       :       1707136
 WARNING:  ctype(indexc):             1
 WARNING:  water balance error   -5.5016268522269717E-005
 WARNING:  CLM step     :                       159
 WARNING:  indexc       :       1309860
 WARNING:  ctype(indexc):             1
 WARNING:  water balance error   -2.0663619546772868E-005
 WARNING:  CLM step     :                       159
 WARNING:  indexc       :       1501912
 WARNING:  ctype(indexc):             1
 WARNING:  water balance error   -2.7320098859612004E-005
 WARNING:  CLM step     :                       159
 WARNING:  indexc       :         78632
 WARNING:  ctype(indexc):             1
 WARNING:  water balance error   -2.7328739520432321E-005
 WARNING:  CLM step     :                       159
 WARNING:  indexc       :        806467
 WARNING:  ctype(indexc):             1
 WARNING:  water balance error   -1.6279428638701801E-007
 WARNING:  CLM step     :                       160
 WARNING:  indexc       :       2022611
 WARNING:  ctype(indexc):             1
 WARNING:  water balance error   -1.9202745558014916E-007
 WARNING:  CLM step     :                       160
 WARNING:  indexc       :       2352097
 WARNING:  ctype(indexc):             1
 WARNING:  water balance error   -2.0019475790963392E-007
 WARNING:  CLM step     :                       160
 WARNING:  indexc       :       2247186
 WARNING:  ctype(indexc):             1
 WARNING:  water balance error   -3.0472169934564266E-007
 WARNING:  CLM step     :                       160
 WARNING:  indexc       :       2136654
 WARNING:  ctype(indexc):             1
 WARNING:  water balance error   -3.5289370914956483E-006
 WARNING:  CLM step     :                       160
 WARNING:  indexc       :        249165
 WARNING:  ctype(indexc):             1
 WARNING:  water balance error   -7.5365126572824620E-006
 WARNING:  CLM step     :                       160
 WARNING:  indexc       :       1877096
 WARNING:  ctype(indexc):             1
 WARNING:  water balance error   -3.1227793270824816E-006
 WARNING:  CLM step     :                       160
 WARNING:  indexc       :        377163
 WARNING:  ctype(indexc):             1
 WARNING:  water balance error   -5.9556993035989827E-005
 WARNING:  CLM step     :                       160
 WARNING:  indexc       :        654117
 WARNING:  ctype(indexc):             1
 WARNING:  water balance error   -1.8269640809641198E-006
 WARNING:  CLM step     :                       160
 WARNING:  indexc       :        537323
 WARNING:  ctype(indexc):             1
 WARNING:  water balance error    1.1141856843050190E-004
 WARNING:  CLM step     :                       160
 WARNING:  indexc       :        969002
 WARNING:  ctype(indexc):             1
 WARNING:  water balance error   -9.1831634185517505E-005
 WARNING:  CLM step     :                       160
 WARNING:  indexc       :       1131755
 WARNING:  ctype(indexc):             1
 WARNING:  water balance error   -3.3243756453630780E-005
 WARNING:  CLM step     :                       160
 WARNING:  indexc       :       1309699
 WARNING:  ctype(indexc):             1
 WARNING:  water balance error   -1.7873850631876667E-007
 WARNING:  CLM step     :                       160
 WARNING:  indexc       :       1707136
 WARNING:  ctype(indexc):             1
 WARNING:  water balance error   -5.3980026797220484E-005
 WARNING:  CLM step     :                       160
 WARNING:  indexc       :         78094
 WARNING:  ctype(indexc):             1
 WARNING:  water balance error   -6.5732087279462358E-007
 WARNING:  CLM step     :                       160
 WARNING:  indexc       :       1501899
 WARNING:  ctype(indexc):             1
 WARNING:  water balance error   -9.7247241836344179E-006
 WARNING:  CLM step     :                       160
 WARNING:  indexc       :        806467
 WARNING:  ctype(indexc):             1
 WARNING:  water balance error   -1.6451766658367875E-007
 WARNING:  CLM step     :                       161
 WARNING:  indexc       :       2022698
 WARNING:  ctype(indexc):             1
 WARNING:  water balance error   -2.0359625119131521E-007
 WARNING:  CLM step     :                       161
 WARNING:  indexc       :       2352097
 WARNING:  ctype(indexc):             1
 WARNING:  water balance error   -2.8010466733102192E-007
 WARNING:  CLM step     :                       161
 WARNING:  indexc       :       2247186
 WARNING:  ctype(indexc):             1
 WARNING:  water balance error   -3.1767388267167707E-007
 WARNING:  CLM step     :                       161
 WARNING:  indexc       :        249165
 WARNING:  ctype(indexc):             1
 WARNING:  water balance error   -7.6273255556948011E-006
 WARNING:  CLM step     :                       161
 WARNING:  indexc       :       2136781
 WARNING:  ctype(indexc):             1
 WARNING:  water balance error   -2.4688140585372314E-007
 WARNING:  CLM step     :                       161
 WARNING:  indexc       :       1877245
 WARNING:  ctype(indexc):             1
 WARNING:  water balance error   -2.5755989301819339E-006
 WARNING:  CLM step     :                       161
 WARNING:  indexc       :        653867
 WARNING:  ctype(indexc):             1
 WARNING:  water balance error    7.1543597196183499E-005
 WARNING:  CLM step     :                       161
 WARNING:  indexc       :        377409
 WARNING:  ctype(indexc):             1
 WARNING:  water balance error   -1.2754257630184324E-006
 WARNING:  CLM step     :                       161
 WARNING:  indexc       :        510919
 WARNING:  ctype(indexc):             1
 WARNING:  water balance error   -9.7354992440363685E-005
 WARNING:  CLM step     :                       161
 WARNING:  indexc       :       1706923
 WARNING:  ctype(indexc):             1
 WARNING:  water balance error   -5.6343191195957869E-006
 WARNING:  CLM step     :                       161
 WARNING:  indexc       :        969002
 WARNING:  ctype(indexc):             1
 WARNING:  water balance error   -9.3124365982640445E-005
 WARNING:  CLM step     :                       161
 WARNING:  indexc       :       1131442
 WARNING:  ctype(indexc):             1
 WARNING:  water balance error   -3.9635821173524073E-005
 WARNING:  CLM step     :                       161
 WARNING:  indexc       :       1309803
 WARNING:  ctype(indexc):             1
 WARNING:  water balance error   -6.2485709412718926E-006
 WARNING:  CLM step     :                       161
 WARNING:  indexc       :        151150
 WARNING:  ctype(indexc):             1
 WARNING:  water balance error    2.1319933053358355E-005
 WARNING:  CLM step     :                       161
 WARNING:  indexc       :       1501912
 WARNING:  ctype(indexc):             1
 WARNING:  water balance error   -1.9736082774711986E-005
 WARNING:  CLM step     :                       161
 WARNING:  indexc       :        806395
 WARNING:  ctype(indexc):             1
 WARNING:  water balance error   -2.5164160436903016E-005
 WARNING:  CLM step     :                       162
 WARNING:  indexc       :       2022677
 WARNING:  ctype(indexc):             1
 WARNING:  water balance error   -7.5079102238514791E-007
 WARNING:  CLM step     :                       162
 WARNING:  indexc       :       2352100
 WARNING:  ctype(indexc):             1
 WARNING:  water balance error   -1.2715971396535149E-007
 WARNING:  CLM step     :                       162
 WARNING:  indexc       :       2247186
 WARNING:  ctype(indexc):             1
 WARNING:  water balance error   -2.8637046309178664E-007
 WARNING:  CLM step     :                       162
 WARNING:  indexc       :        249165
 WARNING:  ctype(indexc):             1
 WARNING:  water balance error   -7.7869522010312122E-006
 WARNING:  CLM step     :                       162
 WARNING:  indexc       :       2136748
 WARNING:  ctype(indexc):             1
 WARNING:  water balance error   -1.6643646692950939E-005
 WARNING:  CLM step     :                       162
 WARNING:  indexc       :       1877228
 WARNING:  ctype(indexc):             1
 WARNING:  water balance error   -3.6927145623443633E-006
 WARNING:  CLM step     :                       162
 WARNING:  indexc       :        654147
 WARNING:  ctype(indexc):             1
 WARNING:  water balance error   -5.7845798395653707E-006
 WARNING:  CLM step     :                       162
 WARNING:  indexc       :        377289
 WARNING:  ctype(indexc):             1
 WARNING:  water balance error   -1.0301772152213474E-007
 WARNING:  CLM step     :                       162
 WARNING:  indexc       :        510858
 WARNING:  ctype(indexc):             1
 WARNING:  water balance error   -1.1049481845153847E-005
 WARNING:  CLM step     :                       162
 WARNING:  indexc       :       1707063
 WARNING:  ctype(indexc):             1
 WARNING:  water balance error   -5.2572125704022912E-005
 WARNING:  CLM step     :                       162
 WARNING:  indexc       :        969002
 WARNING:  ctype(indexc):             1
 WARNING:  water balance error   -9.2761574248271576E-005
 WARNING:  CLM step     :                       162
 WARNING:  indexc       :       1131683
 WARNING:  ctype(indexc):             1
 WARNING:  water balance error   -9.9595790365303842E-006
 WARNING:  CLM step     :                       162
 WARNING:  indexc       :       1309803
 WARNING:  ctype(indexc):             1
 WARNING:  water balance error   -5.9087054400846822E-006
 WARNING:  CLM step     :                       162
 WARNING:  indexc       :         78662
 WARNING:  ctype(indexc):             1
 WARNING:  water balance error   -6.2315965959041130E-007
 WARNING:  CLM step     :                       162
 WARNING:  indexc       :       1618836
 WARNING:  ctype(indexc):             1
 WARNING:  water balance error    8.5948715472066810E-006
 WARNING:  CLM step     :                       162
 WARNING:  indexc       :        806467
 WARNING:  ctype(indexc):             1
 WARNING:  water balance error   -1.2301663685740415E-007
 WARNING:  CLM step     :                       163
 WARNING:  indexc       :       2022638
 WARNING:  ctype(indexc):             1
 WARNING:  water balance error   -1.5549327026585736E-007
 WARNING:  CLM step     :                       163
 WARNING:  indexc       :       2247186
 WARNING:  ctype(indexc):             1
 WARNING:  water balance error   -2.9904332576685826E-007
 WARNING:  CLM step     :                       163
 WARNING:  indexc       :       2352001
 WARNING:  ctype(indexc):             1
 WARNING:  water balance error   -3.8794792381560253E-007
 WARNING:  CLM step     :                       163
 WARNING:  indexc       :        249126
 WARNING:  ctype(indexc):             1
 WARNING:  water balance error   -6.3944698683952839E-007
 WARNING:  CLM step     :                       163
 WARNING:  indexc       :       2136781
 WARNING:  ctype(indexc):             1
 WARNING:  water balance error   -4.0784295005582443E-007
 WARNING:  CLM step     :                       163
 WARNING:  indexc       :       1877228
 WARNING:  ctype(indexc):             1
 WARNING:  water balance error   -2.9186478447492123E-006
 WARNING:  CLM step     :                       163
 WARNING:  indexc       :        377409
 WARNING:  ctype(indexc):             1
 WARNING:  water balance error   -1.2462756514772210E-006
 WARNING:  CLM step     :                       163
 WARNING:  indexc       :        660892
 WARNING:  ctype(indexc):             1
 WARNING:  water balance error   -5.6808499434268907E-005
 WARNING:  CLM step     :                       163
 WARNING:  indexc       :        510919
 WARNING:  ctype(indexc):             1
 WARNING:  water balance error   -9.4680899494552459E-005
 WARNING:  CLM step     :                       163
 WARNING:  indexc       :       1706992
 WARNING:  ctype(indexc):             1
 WARNING:  water balance error   -7.2981655945302535E-005
 WARNING:  CLM step     :                       163
 WARNING:  indexc       :        969002
 WARNING:  ctype(indexc):             1
 WARNING:  water balance error   -9.1652162441531915E-005
 WARNING:  CLM step     :                       163
 WARNING:  indexc       :       1131683
 WARNING:  ctype(indexc):             1
 WARNING:  water balance error   -9.6987235159539233E-006
 WARNING:  CLM step     :                       163
 WARNING:  indexc       :       1309860
 WARNING:  ctype(indexc):             1
 WARNING:  water balance error   -1.4412316371264889E-005
 WARNING:  CLM step     :                       163
 WARNING:  CLM step     :                       163
 WARNING:  indexc       :         78662
 WARNING:  ctype(indexc):             1
 WARNING:  water balance error   -6.2075424994858924E-007
 WARNING:  indexc       :       1501899
 WARNING:  ctype(indexc):             1
 WARNING:  water balance error   -5.9985151337201576E-006
 WARNING:  CLM step     :                       163
 WARNING:  indexc       :        806459
 WARNING:  ctype(indexc):             1
 WARNING:  water balance error   -8.4915612593891002E-007
 WARNING:  CLM step     :                       164
 WARNING:  indexc       :       2022677
 WARNING:  ctype(indexc):             1
 WARNING:  water balance error   -1.1637707844158488E-006
 WARNING:  CLM step     :                       164
 WARNING:  indexc       :       2352070
 WARNING:  ctype(indexc):             1
 WARNING:  water balance error   -2.7095886706951049E-007
 WARNING:  CLM step     :                       164
 WARNING:  indexc       :       2247186
 WARNING:  ctype(indexc):             1
 WARNING:  water balance error   -3.9474484149607431E-007
 WARNING:  CLM step     :                       164
 WARNING:  indexc       :        249123
 WARNING:  ctype(indexc):             1
 WARNING:  water balance error   -3.9108888336385198E-005
 WARNING:  CLM step     :                       164
 WARNING:  indexc       :       2136666
 WARNING:  ctype(indexc):             1
 WARNING:  water balance error   -1.4652718294041342E-006
 WARNING:  CLM step     :                       164
 WARNING:  indexc       :       1877275
 WARNING:  ctype(indexc):             1
 WARNING:  water balance error   -6.5773111177961696E-006
 WARNING:  CLM step     :                       164
 WARNING:  indexc       :        377409
 WARNING:  ctype(indexc):             1
 WARNING:  water balance error   -1.2431404660816600E-006
 WARNING:  CLM step     :                       164
 WARNING:  indexc       :        654117
 WARNING:  ctype(indexc):             1
 WARNING:  water balance error   -2.1366336014358584E-006
 WARNING:  CLM step     :                       164
 WARNING:  indexc       :        510919
 WARNING:  ctype(indexc):             1
 WARNING:  water balance error   -8.8776974665438194E-005
 WARNING:  CLM step     :                       164
 WARNING:  indexc       :       1707136
 WARNING:  ctype(indexc):             1
 WARNING:  water balance error   -5.2669619977043194E-005
 WARNING:  CLM step     :                       164
 WARNING:  indexc       :       1131758
 WARNING:  ctype(indexc):             1
 WARNING:  water balance error   -6.6494969736746853E-005
 WARNING:  CLM step     :                       164
 WARNING:  indexc       :        969002
 WARNING:  ctype(indexc):             1
 WARNING:  water balance error   -8.9936712055562165E-005
 WARNING:  CLM step     :                       164
 WARNING:  indexc       :       1309822
 WARNING:  ctype(indexc):             1
 WARNING:  water balance error   -1.9700081283559627E-007
 WARNING:  CLM step     :                       164
 WARNING:  CLM step     :                       164
 WARNING:  indexc       :       1501899
 WARNING:  indexc       :         94087
 WARNING:  ctype(indexc):             1
 WARNING:  water balance error   -5.8425906547488143E-006
 WARNING:  ctype(indexc):             1
 WARNING:  water balance error   -9.6601766216148138E-007
 WARNING:  CLM step     :                       164
 WARNING:  indexc       :        806459
 WARNING:  ctype(indexc):             1
 WARNING:  water balance error   -9.8156297384571273E-007
 WARNING:  CLM step     :                       165
 WARNING:  indexc       :       2022585
 WARNING:  ctype(indexc):             1
 WARNING:  water balance error   -6.5400890181966786E-007
 WARNING:  CLM step     :                       165
 WARNING:  indexc       :       2352097
 WARNING:  ctype(indexc):             1
 WARNING:  water balance error   -1.3727147492183423E-007
 WARNING:  CLM step     :                       165
 WARNING:  indexc       :       2246966
 WARNING:  ctype(indexc):             1
 WARNING:  water balance error   -1.5278953569904423E-006
 WARNING:  CLM step     :                       165
 WARNING:  indexc       :        249123
 WARNING:  ctype(indexc):             1
 WARNING:  water balance error   -7.4309458927776840E-005
 WARNING:  CLM step     :                       165
 WARNING:  indexc       :       2142191
 WARNING:  ctype(indexc):             1
 WARNING:  water balance error   -3.5626206052222662E-007
 WARNING:  CLM step     :                       165
 WARNING:  indexc       :       1877275
 WARNING:  ctype(indexc):             1
 WARNING:  water balance error   -6.6595565077213464E-006
 WARNING:  CLM step     :                       165
 WARNING:  indexc       :        377365
 WARNING:  ctype(indexc):             1
 WARNING:  water balance error   -3.3113688968881183E-007
 WARNING:  CLM step     :                       165
 WARNING:  indexc       :        654147
 WARNING:  ctype(indexc):             1
 WARNING:  water balance error   -5.2174925833086718E-006
 WARNING:  CLM step     :                       165
 WARNING:  indexc       :        510858
 WARNING:  ctype(indexc):             1
 WARNING:  water balance error   -1.0224418191212842E-005
 WARNING:  CLM step     :                       165
 WARNING:  indexc       :       1707136
 WARNING:  ctype(indexc):             1
 WARNING:  water balance error   -5.2690316201118734E-005
 WARNING:  CLM step     :                       165
 WARNING:  indexc       :        969002
 WARNING:  ctype(indexc):             1
 WARNING:  water balance error   -8.9561190274850758E-005
 WARNING:  CLM step     :                       165
 WARNING:  indexc       :       1131570
 WARNING:  ctype(indexc):             1
 WARNING:  water balance error   -2.1711503711090988E-005
 WARNING:  CLM step     :                       165
 WARNING:  indexc       :       1501848
 WARNING:  ctype(indexc):             1
 WARNING:  water balance error   -1.5925972762912191E-005
 WARNING:  CLM step     :                       165
 WARNING:  indexc       :       1309822
 WARNING:  ctype(indexc):             1
 WARNING:  water balance error   -1.6528514329802084E-007
 WARNING:  CLM step     :                       165
 WARNING:  indexc       :         78662
 WARNING:  ctype(indexc):             1
 WARNING:  water balance error   -6.2811041431761686E-007
 WARNING:  CLM step     :                       165
 WARNING:  indexc       :        806403
 WARNING:  ctype(indexc):             1
 WARNING:  water balance error   -1.1631870274599822E-005
 WARNING:  CLM step     :                       166
 WARNING:  indexc       :       2022677
 WARNING:  ctype(indexc):             1
 WARNING:  water balance error   -1.7590243585734685E-006
 WARNING:  CLM step     :                       166
 WARNING:  indexc       :       2352001
 WARNING:  ctype(indexc):             1
 WARNING:  water balance error   -5.4373923494646953E-007
 WARNING:  CLM step     :                       166
 WARNING:  indexc       :       2247006
 WARNING:  ctype(indexc):             1
 WARNING:  water balance error   -4.2483094359791786E-006
 WARNING:  CLM step     :                       166
 WARNING:  indexc       :        249165
 WARNING:  ctype(indexc):             1
 WARNING:  water balance error   -7.9494542332358311E-006
 WARNING:  CLM step     :                       166
 WARNING:  indexc       :       2136508
 WARNING:  ctype(indexc):             1
 WARNING:  water balance error   -2.9534561513368333E-007
 WARNING:  CLM step     :                       166
 WARNING:  indexc       :       1877228
 WARNING:  ctype(indexc):             1
 WARNING:  water balance error   -1.6847679360417232E-006
 WARNING:  CLM step     :                       166
 WARNING:  indexc       :        654147
 WARNING:  ctype(indexc):             1
 WARNING:  water balance error   -9.7934148670742483E-006
 WARNING:  CLM step     :                       166
 WARNING:  indexc       :        377365
 WARNING:  ctype(indexc):             1
 WARNING:  water balance error   -3.2557497252675810E-007
 WARNING:  CLM step     :                       166
 WARNING:  indexc       :        510858
 WARNING:  ctype(indexc):             1
 WARNING:  water balance error   -9.9873663625481794E-006
 WARNING:  CLM step     :                       166
 WARNING:  indexc       :       1706814
 WARNING:  ctype(indexc):             1
 WARNING:  water balance error   -1.2760300760357867E-005
 WARNING:  CLM step     :                       166
 WARNING:  indexc       :       1131758
 WARNING:  ctype(indexc):             1
 WARNING:  water balance error   -5.8842152206059913E-005
 WARNING:  CLM step     :                       166
 WARNING:  indexc       :        969002
 WARNING:  ctype(indexc):             1
 WARNING:  water balance error   -8.9546303750030824E-005
 WARNING:  CLM step     :                       166
 WARNING:  indexc       :       1309618
 WARNING:  ctype(indexc):             1
 WARNING:  water balance error   -3.1366823929814008E-007
 WARNING:  CLM step     :                       166
 WARNING:  indexc       :         78632
 WARNING:  ctype(indexc):             1
 WARNING:  water balance error   -1.7386290003590989E-005
 WARNING:  CLM step     :                       166
 WARNING:  indexc       :       1501848
 WARNING:  ctype(indexc):             1
 WARNING:  water balance error   -1.6112619281433443E-005
 WARNING:  CLM step     :                       166
 WARNING:  indexc       :        806459
 WARNING:  ctype(indexc):             1
 WARNING:  water balance error   -1.0403344988813933E-006
 WARNING:  CLM step     :                       167
 WARNING:  indexc       :       2351968
 WARNING:  ctype(indexc):             1
 WARNING:  water balance error   -1.0675880847010758E-007
 WARNING:  CLM step     :                       167
 WARNING:  indexc       :       2022474
 WARNING:  ctype(indexc):             1
 WARNING:  water balance error   -1.7837148030261157E-007
 WARNING:  CLM step     :                       167
 WARNING:  indexc       :       2247186
 WARNING:  ctype(indexc):             1
 WARNING:  water balance error   -4.2983390388362091E-007
 WARNING:  CLM step     :                       167
 WARNING:  indexc       :       2136781
 WARNING:  ctype(indexc):             1
 WARNING:  water balance error   -3.7349881891853825E-007
 WARNING:  CLM step     :                       167
 WARNING:  indexc       :        249123
 WARNING:  ctype(indexc):             1
 WARNING:  water balance error   -2.1239761357358158E-004
 WARNING:  CLM step     :                       167
 WARNING:  indexc       :       1877275
 WARNING:  ctype(indexc):             1
 WARNING:  water balance error   -6.6962564694732882E-006
 WARNING:  CLM step     :                       167
 WARNING:  indexc       :        377365
 WARNING:  ctype(indexc):             1
 WARNING:  water balance error   -3.1746480468705949E-007
 WARNING:  CLM step     :                       167
 WARNING:  indexc       :        654147
 WARNING:  ctype(indexc):             1
 WARNING:  water balance error   -3.7213953937571274E-006
 WARNING:  CLM step     :                       167
 WARNING:  indexc       :        510919
 WARNING:  ctype(indexc):             1
 WARNING:  water balance error   -7.6264203907109798E-005
 WARNING:  CLM step     :                       167
 WARNING:  indexc       :       1131758
 WARNING:  ctype(indexc):             1
 WARNING:  water balance error   -1.1999974318023263E-004
 WARNING:  CLM step     :                       167
 WARNING:  indexc       :       1707136
 WARNING:  ctype(indexc):             1
 WARNING:  water balance error   -5.2689937964822277E-005
 WARNING:  CLM step     :                       167
 WARNING:  indexc       :       1310097
 WARNING:  ctype(indexc):             1
 WARNING:  water balance error   -2.6259324893109832E-007
 WARNING:  CLM step     :                       167
 WARNING:  indexc       :        969002
 WARNING:  ctype(indexc):             1
 WARNING:  water balance error   -8.9032724618029490E-005
 WARNING:  CLM step     :                       167
 WARNING:  indexc       :         78632
 WARNING:  ctype(indexc):             1
 WARNING:  water balance error   -1.7495733210042608E-005
 WARNING:  CLM step     :                       167
 WARNING:  indexc       :       1501899
 WARNING:  ctype(indexc):             1
 WARNING:  water balance error   -6.5942770830350126E-006
 WARNING:  CLM step     :                       167
 WARNING:  indexc       :        827743
 WARNING:  ctype(indexc):             1
 WARNING:  water balance error   -2.9896060507356683E-006
 WARNING:  CLM step     :                       168
 WARNING:  indexc       :       2022638
 WARNING:  ctype(indexc):             1
 WARNING:  water balance error   -2.9899370904139107E-007
 WARNING:  CLM step     :                       168
 WARNING:  indexc       :       2351968
 WARNING:  ctype(indexc):             1
 WARNING:  water balance error   -1.0670684523158593E-007
 WARNING:  CLM step     :                       168
 WARNING:  indexc       :       2247186
 WARNING:  ctype(indexc):             1
 WARNING:  water balance error   -3.9092406903289442E-007
 WARNING:  CLM step     :                       168
 WARNING:  indexc       :        249132
 WARNING:  ctype(indexc):             1
 WARNING:  water balance error   -7.1356047661920525E-007
 WARNING:  CLM step     :                       168
 WARNING:  indexc       :       2136751
 WARNING:  ctype(indexc):             1
 WARNING:  water balance error   -1.5936418223736456E-005
 WARNING:  CLM step     :                       168
 WARNING:  indexc       :       1877228
 WARNING:  ctype(indexc):             1
 WARNING:  water balance error   -9.1709763854480569E-006
 WARNING:  CLM step     :                       168
 WARNING:  indexc       :        654147
 WARNING:  ctype(indexc):             1
 WARNING:  water balance error   -3.4066607608347576E-006
 WARNING:  CLM step     :                       168
 WARNING:  indexc       :        377409
 WARNING:  ctype(indexc):             1
 WARNING:  water balance error   -1.2133906252293677E-006
 WARNING:  CLM step     :                       168
 WARNING:  indexc       :        510919
 WARNING:  ctype(indexc):             1
 WARNING:  water balance error   -7.1474231690906166E-005
 WARNING:  CLM step     :                       168
 WARNING:  indexc       :       1707136
 WARNING:  ctype(indexc):             1
 WARNING:  water balance error   -5.2940935608392869E-005
 WARNING:  CLM step     :                       168
 WARNING:  indexc       :       1131725
 WARNING:  ctype(indexc):             1
 WARNING:  water balance error   -2.1981087114559628E-004
 WARNING:  CLM step     :                       168
 WARNING:  indexc       :        969002
 WARNING:  ctype(indexc):             1
 WARNING:  water balance error   -8.9239438439033957E-005
 WARNING:  CLM step     :                       168
 WARNING:  indexc       :       1399515
 WARNING:  ctype(indexc):             1
 WARNING:  water balance error   -1.8786326686772868E-005
 WARNING:  CLM step     :                       168
 WARNING:  indexc       :       1501899
 WARNING:  ctype(indexc):             1
 WARNING:  water balance error   -7.7154596561002102E-006
 WARNING:  CLM step     :                       168
 WARNING:  indexc       :         86351
 WARNING:  ctype(indexc):             1
 WARNING:  water balance error   -6.6592072210564814E-007
 WARNING:  CLM step     :                       168
 WARNING:  indexc       :        806395
 WARNING:  ctype(indexc):             1
 WARNING:  water balance error   -8.5444924281191464E-006
 WARNING:  CLM step     :                       169
 WARNING:  indexc       :       2022677
 WARNING:  ctype(indexc):             1
 WARNING:  water balance error   -3.0608409651798698E-006
 WARNING:  CLM step     :                       169
 WARNING:  indexc       :       2351968
 WARNING:  ctype(indexc):             1
 WARNING:  water balance error   -1.0674014832644281E-007
 WARNING:  CLM step     :                       169
 WARNING:  indexc       :       2247186
 WARNING:  ctype(indexc):             1
 WARNING:  water balance error   -3.9814083474983607E-007
 WARNING:  CLM step     :                       169
 WARNING:  indexc       :        249123
 WARNING:  ctype(indexc):             1
 WARNING:  water balance error   -1.3152140008143391E-004
 WARNING:  CLM step     :                       169
 WARNING:  indexc       :       2156972
 WARNING:  ctype(indexc):             1
 WARNING:  water balance error   -8.6954135724269007E-007
 WARNING:  CLM step     :                       169
 WARNING:  indexc       :       1877275
 WARNING:  ctype(indexc):             1
 WARNING:  water balance error   -6.9395655309088584E-006
 WARNING:  CLM step     :                       169
 WARNING:  indexc       :        654147
 WARNING:  ctype(indexc):             1
 WARNING:  water balance error   -3.0536177212307759E-006
 WARNING:  CLM step     :                       169
 WARNING:  indexc       :        377365
 WARNING:  ctype(indexc):             1
 WARNING:  water balance error   -3.7295040869958162E-007
 WARNING:  CLM step     :                       169
 WARNING:  indexc       :       1707136
 WARNING:  ctype(indexc):             1
 WARNING:  water balance error   -5.3250000374976200E-005
 WARNING:  CLM step     :                       169
 WARNING:  indexc       :        969002
 WARNING:  ctype(indexc):             1
 WARNING:  water balance error   -8.9462310171014746E-005
 WARNING:  CLM step     :                       169
 WARNING:  indexc       :       1131725
 WARNING:  ctype(indexc):             1
 WARNING:  water balance error   -9.3939170503573049E-005
 WARNING:  CLM step     :                       169
 WARNING:  indexc       :        510919
 WARNING:  ctype(indexc):             1
 WARNING:  water balance error   -6.6576719917506584E-005
 WARNING:  CLM step     :                       169
 WARNING:  indexc       :       1309822
 WARNING:  ctype(indexc):             1
 WARNING:  water balance error   -1.2921199113305739E-007
 WARNING:  CLM step     :                       169
 WARNING:  indexc       :         89217
 WARNING:  ctype(indexc):             1
 WARNING:  CLM step     :                       169
 WARNING:  indexc       :       1614536
 WARNING:  water balance error   -1.0637332388916717E-007
 WARNING:  ctype(indexc):             1
 WARNING:  water balance error    1.2637651711001028E-005
 WARNING:  CLM step     :                       169
 WARNING:  indexc       :        806467
 WARNING:  ctype(indexc):             1
 WARNING:  water balance error   -1.6119110572320654E-007
 WARNING:  CLM step     :                       170
 WARNING:  indexc       :       2351618
 WARNING:  ctype(indexc):             1
 WARNING:  water balance error    3.9645472595935600E-007
 WARNING:  CLM step     :                       170
 WARNING:  indexc       :       2022677
 WARNING:  ctype(indexc):             1
 WARNING:  water balance error   -3.1057773385458015E-006
 WARNING:  CLM step     :                       170
 WARNING:  indexc       :       2247186
 WARNING:  ctype(indexc):             1
 WARNING:  water balance error   -1.5404285924188409E-007
 WARNING:  CLM step     :                       170
 WARNING:  indexc       :       2136751
 WARNING:  ctype(indexc):             1
 WARNING:  water balance error   -2.0355748166574223E-005
 WARNING:  CLM step     :                       170
 WARNING:  indexc       :        249123
 WARNING:  ctype(indexc):             1
 WARNING:  water balance error   -2.3080009089111915E-004
 WARNING:  CLM step     :                       170
 WARNING:  indexc       :       1877275
 WARNING:  ctype(indexc):             1
 WARNING:  water balance error   -6.7686578601856587E-006
 WARNING:  CLM step     :                       170
 WARNING:  indexc       :        654147
 WARNING:  ctype(indexc):             1
 WARNING:  water balance error   -1.4434112065606992E-006
 WARNING:  CLM step     :                       170
 WARNING:  indexc       :        510858
 WARNING:  ctype(indexc):             1
 WARNING:  water balance error   -9.0864866244308830E-006
 WARNING:  CLM step     :                       170
 WARNING:  indexc       :        377309
 WARNING:  ctype(indexc):             1
 WARNING:  water balance error   -1.3402469691655203E-007
 WARNING:  CLM step     :                       170
 WARNING:  indexc       :       1707136
 WARNING:  ctype(indexc):             1
 WARNING:  water balance error   -5.4119932195811009E-005
 WARNING:  CLM step     :                       170
 WARNING:  indexc       :       1131640
 WARNING:  ctype(indexc):             1
 WARNING:  water balance error   -3.4592487218783978E-005
 WARNING:  CLM step     :                       170
 WARNING:  indexc       :        969002
 WARNING:  ctype(indexc):             1
 WARNING:  water balance error   -8.8377163326224613E-005
 WARNING:  CLM step     :                       170
 WARNING:  indexc       :       1309822
 WARNING:  ctype(indexc):             1
 WARNING:  water balance error   -1.5944567693920940E-007
 WARNING:  CLM step     :                       170
 WARNING:  indexc       :         78662
 WARNING:  ctype(indexc):             1
 WARNING:  water balance error   -5.8324613707079051E-007
 WARNING:  CLM step     :                       170
 WARNING:  indexc       :       1501912
 WARNING:  ctype(indexc):             1
 WARNING:  water balance error   -1.9956203176919858E-005
 WARNING:  CLM step     :                       170
 WARNING:  indexc       :        806395
 WARNING:  ctype(indexc):             1
 WARNING:  water balance error   -4.7848291035113239E-006
 WARNING:  CLM step     :                       171
 WARNING:  indexc       :       2022644
 WARNING:  ctype(indexc):             1
 WARNING:  water balance error   -1.4148863949594226E-007
 WARNING:  CLM step     :                       171
 WARNING:  indexc       :       2367115
 WARNING:  ctype(indexc):             1
 WARNING:  water balance error   -1.1272702547742992E-005
 WARNING:  CLM step     :                       171
 WARNING:  indexc       :       2247186
 WARNING:  ctype(indexc):             1
 WARNING:  water balance error   -1.3409700590284835E-007
 WARNING:  CLM step     :                       171
 WARNING:  indexc       :        249165
 WARNING:  ctype(indexc):             1
 WARNING:  water balance error   -2.4083556503690291E-005
 WARNING:  CLM step     :                       171
 WARNING:  indexc       :       2136781
 WARNING:  ctype(indexc):             1
 WARNING:  water balance error   -1.6412089118347445E-007
 WARNING:  CLM step     :                       171
 WARNING:  indexc       :       1877275
 WARNING:  ctype(indexc):             1
 WARNING:  water balance error   -6.9234125730700863E-006
 WARNING:  CLM step     :                       171
 WARNING:  indexc       :        654117
 WARNING:  ctype(indexc):             1
 WARNING:  water balance error   -1.5178866125489269E-006
 WARNING:  CLM step     :                       171
 WARNING:  indexc       :        377163
 WARNING:  ctype(indexc):             1
 WARNING:  water balance error   -1.2646478619574390E-005
 WARNING:  CLM step     :                       171
 WARNING:  indexc       :        510919
 WARNING:  ctype(indexc):             1
 WARNING:  water balance error   -5.8726835239577019E-005
 WARNING:  CLM step     :                       171
 WARNING:  indexc       :       1707136
 WARNING:  ctype(indexc):             1
 WARNING:  water balance error   -5.4159638090197712E-005
 WARNING:  CLM step     :                       171
 WARNING:  indexc       :       1131758
 WARNING:  ctype(indexc):             1
 WARNING:  water balance error   -9.4867292131090949E-005
 WARNING:  CLM step     :                       171
 WARNING:  indexc       :        968989
 WARNING:  ctype(indexc):             1
 WARNING:  water balance error   -6.0767178335987941E-005
 WARNING:  CLM step     :                       171
 WARNING:  indexc       :       1309860
 WARNING:  ctype(indexc):             1
 WARNING:  water balance error   -1.2748490848225981E-005
 WARNING:  CLM step     :                       171
 WARNING:  indexc       :         78228
 WARNING:  ctype(indexc):             1
 WARNING:  water balance error   -2.9038165158389042E-005
 WARNING:  CLM step     :                       171
 WARNING:  indexc       :       1501848
 WARNING:  ctype(indexc):             1
 WARNING:  water balance error   -1.6489701329393273E-005
 WARNING:  CLM step     :                       171
 WARNING:  indexc       :        806467
 WARNING:  ctype(indexc):             1
 WARNING:  water balance error   -1.8869871699522082E-007
 WARNING:  CLM step     :                       172
 WARNING:  indexc       :       2022677
 WARNING:  ctype(indexc):             1
 WARNING:  water balance error   -2.8798352148147534E-006
 WARNING:  CLM step     :                       172
 WARNING:  indexc       :       2247186
 WARNING:  ctype(indexc):             1
 WARNING:  water balance error   -1.0471575771643689E-007
 WARNING:  CLM step     :                       172
 WARNING:  indexc       :       2351968
 WARNING:  ctype(indexc):             1
 WARNING:  water balance error   -1.1480827589316130E-007
 WARNING:  CLM step     :                       172
 WARNING:  indexc       :        249123
 WARNING:  ctype(indexc):             1
 WARNING:  water balance error   -1.3143447854686133E-004
 WARNING:  CLM step     :                       172
 WARNING:  indexc       :       2143713
 WARNING:  ctype(indexc):             1
 WARNING:  water balance error   -2.2605127882246213E-006
 WARNING:  CLM step     :                       172
 WARNING:  indexc       :       1877275
 WARNING:  ctype(indexc):             1
 WARNING:  water balance error   -7.1054531307984378E-006
 WARNING:  CLM step     :                       172
 WARNING:  indexc       :        654038
 WARNING:  ctype(indexc):             1
 WARNING:  water balance error   -3.5025296550597281E-006
 WARNING:  CLM step     :                       172
 WARNING:  indexc       :        377409
 WARNING:  ctype(indexc):             1
 WARNING:  water balance error   -1.0641975194977351E-006
 WARNING:  CLM step     :                       172
 WARNING:  indexc       :        510867
 WARNING:  ctype(indexc):             1
 WARNING:  water balance error    6.5288884396940165E-005
 WARNING:  CLM step     :                       172
 WARNING:  indexc       :       1707008
 WARNING:  ctype(indexc):             1
 WARNING:  water balance error   -4.8518064134837949E-005
 WARNING:  CLM step     :                       172
 WARNING:  indexc       :       1136671
 WARNING:  ctype(indexc):             1
 WARNING:  water balance error   -2.7758853430232355E-005
 WARNING:  CLM step     :                       172
 WARNING:  indexc       :        969002
 WARNING:  ctype(indexc):             1
 WARNING:  water balance error   -8.8469833023124963E-005
 WARNING:  CLM step     :                       172
 WARNING:  indexc       :       1309707
 WARNING:  ctype(indexc):             1
 WARNING:  water balance error   -4.6267213550573718E-007
 WARNING:  CLM step     :                       172
 WARNING:  indexc       :        121256
 WARNING:  ctype(indexc):             1
 WARNING:  water balance error   -3.9772588892415148E-006
 WARNING:  CLM step     :                       172
 WARNING:  indexc       :       1501770
 WARNING:  ctype(indexc):             1
 WARNING:  water balance error   -1.1532083729636745E-005
 WARNING:  CLM step     :                       172
 WARNING:  indexc       :        806467
 WARNING:  ctype(indexc):             1
 WARNING:  water balance error   -2.1533257105591007E-007
 WARNING:  CLM step     :                       173
 WARNING:  indexc       :       2022677
 WARNING:  ctype(indexc):             1
 WARNING:  water balance error   -2.7905160157163679E-006
 WARNING:  CLM step     :                       173
 WARNING:  indexc       :       2351968
 WARNING:  ctype(indexc):             1
 WARNING:  water balance error   -1.1583484131216773E-007
 WARNING:  CLM step     :                       173
 WARNING:  indexc       :       2246998
 WARNING:  ctype(indexc):             1
 WARNING:  water balance error   -1.2055535209190544E-006
 WARNING:  CLM step     :                       173
 WARNING:  indexc       :        249165
 WARNING:  ctype(indexc):             1
 WARNING:  water balance error   -9.2660964306943091E-005
 WARNING:  CLM step     :                       173
 WARNING:  indexc       :       2136748
 WARNING:  ctype(indexc):             1
 WARNING:  water balance error   -1.4790212904406357E-005
 WARNING:  CLM step     :                       173
 WARNING:  indexc       :       1899129
 WARNING:  ctype(indexc):             1
 WARNING:  water balance error    4.8296882857293456E-005
 WARNING:  CLM step     :                       173
 WARNING:  indexc       :        653867
 WARNING:  ctype(indexc):             1
 WARNING:  water balance error    1.1391465543156949E-004
 WARNING:  CLM step     :                       173
 WARNING:  indexc       :        416629
 WARNING:  ctype(indexc):             1
 WARNING:  water balance error   -6.7231957467111137E-005
 WARNING:  CLM step     :                       173
 WARNING:  indexc       :       1707136
 WARNING:  ctype(indexc):             1
 WARNING:  water balance error   -5.4346792941160606E-005
 WARNING:  CLM step     :                       173
 WARNING:  indexc       :       1131755
 WARNING:  ctype(indexc):             1
 WARNING:  water balance error   -1.0007633823341610E-004
 WARNING:  CLM step     :                       173
 WARNING:  indexc       :        510919
 WARNING:  ctype(indexc):             1
 WARNING:  water balance error   -5.6669807105998093E-005
 WARNING:  CLM step     :                       173
 WARNING:  indexc       :       1016507
 WARNING:  ctype(indexc):             1
 WARNING:  water balance error   -5.7908187144275302E-006
 WARNING:  CLM step     :                       173
 WARNING:  indexc       :         78608
 WARNING:  ctype(indexc):             1
 WARNING:  water balance error   -9.6971466777398415E-007
 WARNING:  CLM step     :                       173
 WARNING:  indexc       :       1309747
 WARNING:  ctype(indexc):             1
 WARNING:  water balance error   -3.0033408908248301E-007
 WARNING:  CLM step     :                       173
 WARNING:  indexc       :       1501851
 WARNING:  ctype(indexc):             1
 WARNING:  water balance error   -2.1085998954975095E-005
 WARNING:  CLM step     :                       173
 WARNING:  indexc       :        806467
 WARNING:  ctype(indexc):             1
 WARNING:  water balance error   -2.2947469928834855E-007
 WARNING:  CLM step     :                       174
 WARNING:  indexc       :       2022677
 WARNING:  ctype(indexc):             1
 WARNING:  water balance error   -2.7195623938231539E-006
 WARNING:  CLM step     :                       174
 WARNING:  indexc       :       2352005
 WARNING:  ctype(indexc):             1
 WARNING:  water balance error   -1.0355400553703749E-007
 WARNING:  CLM step     :                       174
 WARNING:  indexc       :       2246998
 WARNING:  ctype(indexc):             1
 WARNING:  water balance error   -1.1314220180005115E-006
 WARNING:  CLM step     :                       174
 WARNING:  indexc       :        249165
 WARNING:  ctype(indexc):             1
 WARNING:  water balance error   -6.5122374524810359E-006
 WARNING:  CLM step     :                       174
 WARNING:  indexc       :       2136508
 WARNING:  ctype(indexc):             1
 WARNING:  water balance error   -1.8232270991282458E-007
 WARNING:  CLM step     :                       174
 WARNING:  indexc       :       1877228
 WARNING:  ctype(indexc):             1
 WARNING:  water balance error   -1.3565071623051007E-005
 WARNING:  CLM step     :                       174
 WARNING:  indexc       :        662153
 WARNING:  ctype(indexc):             1
 WARNING:  water balance error   -8.0313684436225403E-006
 WARNING:  CLM step     :                       174
 WARNING:  indexc       :        377409
 WARNING:  ctype(indexc):             1
 WARNING:  water balance error   -9.3304554641347579E-007
 WARNING:  CLM step     :                       174
 WARNING:  indexc       :       1707136
 WARNING:  ctype(indexc):             1
 WARNING:  water balance error   -5.3618348447665890E-005
 WARNING:  CLM step     :                       174
 WARNING:  indexc       :        510822
 WARNING:  ctype(indexc):             1
 WARNING:  water balance error   -4.2029672765837628E-005
 WARNING:  CLM step     :                       174
 WARNING:  indexc       :       1131675
 WARNING:  ctype(indexc):             1
 WARNING:  water balance error   -7.6474044971879722E-006
 WARNING:  CLM step     :                       174
 WARNING:  indexc       :        969002
 WARNING:  ctype(indexc):             1
 WARNING:  water balance error   -8.7022983125434734E-005
 WARNING:  CLM step     :                       174
 WARNING:  indexc       :       1309811
 WARNING:  ctype(indexc):             1
 WARNING:  water balance error   -3.8433272311121568E-006
 WARNING:  CLM step     :                       174
 WARNING:  indexc       :         78662
 WARNING:  ctype(indexc):             1
 WARNING:  water balance error   -6.2377976282881743E-007
 WARNING:  CLM step     :                       174
 WARNING:  indexc       :       1501912
 WARNING:  ctype(indexc):             1
 WARNING:  water balance error   -2.6727072995632074E-005
 WARNING:  CLM step     :                       174
 WARNING:  indexc       :        806467
 WARNING:  ctype(indexc):             1
 WARNING:  water balance error   -2.6033493800014672E-007
 WARNING:  CLM step     :                       175
 WARNING:  indexc       :       2022638
 WARNING:  ctype(indexc):             1
 WARNING:  water balance error   -1.3909595538010933E-007
 WARNING:  CLM step     :                       175
 WARNING:  indexc       :       2247006
 WARNING:  ctype(indexc):             1
 WARNING:  water balance error   -1.8522206299840295E-006
 WARNING:  CLM step     :                       175
 WARNING:  indexc       :       2351984
 WARNING:  ctype(indexc):             1
 WARNING:  water balance error   -7.2238316810568090E-007
 WARNING:  CLM step     :                       175
 WARNING:  indexc       :        249165
 WARNING:  ctype(indexc):             1
 WARNING:  water balance error   -6.5626617274493514E-006
 WARNING:  CLM step     :                       175
 WARNING:  indexc       :       2136748
 WARNING:  ctype(indexc):             1
 WARNING:  water balance error   -1.5489724374100803E-005
 WARNING:  CLM step     :                       175
 WARNING:  indexc       :       1877275
 WARNING:  ctype(indexc):             1
 WARNING:  water balance error   -6.6141386611854946E-006
 WARNING:  CLM step     :                       175
 WARNING:  indexc       :        654126
 WARNING:  ctype(indexc):             1
 WARNING:  water balance error   -5.0619612066949076E-006
 WARNING:  CLM step     :                       175
 WARNING:  indexc       :        377365
 WARNING:  ctype(indexc):             1
 WARNING:  water balance error   -3.9948941669320148E-007
 WARNING:  CLM step     :                       175
 WARNING:  indexc       :       1707136
 WARNING:  ctype(indexc):             1
 WARNING:  water balance error   -5.1967278224181851E-005
 WARNING:  CLM step     :                       175
 WARNING:  indexc       :       1131758
 WARNING:  ctype(indexc):             1
 WARNING:  water balance error   -5.0822565619411248E-005
 WARNING:  CLM step     :                       175
 WARNING:  indexc       :        510919
 WARNING:  ctype(indexc):             1
 WARNING:  water balance error   -5.2920476900763354E-005
 WARNING:  CLM step     :                       175
 WARNING:  indexc       :        969002
 WARNING:  ctype(indexc):             1
 WARNING:  water balance error   -8.6260466649385275E-005
 WARNING:  CLM step     :                       175
 WARNING:  indexc       :       1309822
 WARNING:  ctype(indexc):             1
 WARNING:  water balance error   -3.7506050134215365E-007
 WARNING:  CLM step     :                       175
 WARNING:  indexc       :       1501803
 WARNING:  ctype(indexc):             1
 WARNING:  water balance error   -9.3064253713412427E-006
 WARNING:  CLM step     :                       175
 WARNING:  indexc       :         78662
 WARNING:  ctype(indexc):             1
 WARNING:  water balance error   -6.2018556102855267E-007
 WARNING:  CLM step     :                       175
 WARNING:  indexc       :        809046
 WARNING:  ctype(indexc):             1
 WARNING:  water balance error   -8.5699262914965685E-006
 WARNING:  CLM step     :                       176
 WARNING:  indexc       :       2022677
 WARNING:  ctype(indexc):             1
 WARNING:  water balance error   -1.9450146093752423E-006
 WARNING:  CLM step     :                       176
 WARNING:  indexc       :       2351630
 WARNING:  ctype(indexc):             1
 WARNING:  water balance error   -2.9676000873977491E-007
 WARNING:  CLM step     :                       176
 WARNING:  indexc       :       2247186
 WARNING:  ctype(indexc):             1
 WARNING:  water balance error   -1.5964176415390039E-007
 WARNING:  CLM step     :                       176
 WARNING:  indexc       :       2136751
 WARNING:  ctype(indexc):             1
 WARNING:  water balance error   -1.9160335236519164E-005
 WARNING:  CLM step     :                       176
 WARNING:  indexc       :        249165
 WARNING:  ctype(indexc):             1
 WARNING:  water balance error   -1.0938864234391881E-004
 WARNING:  CLM step     :                       176
 WARNING:  indexc       :       1877275
 WARNING:  ctype(indexc):             1
 WARNING:  water balance error   -6.7014563365665017E-006
 WARNING:  CLM step     :                       176
 WARNING:  indexc       :        654147
 WARNING:  ctype(indexc):             1
 WARNING:  water balance error   -2.9878524079461863E-006
 WARNING:  CLM step     :                       176
 WARNING:  indexc       :        510919
 WARNING:  ctype(indexc):             1
 WARNING:  water balance error   -7.9736934732808988E-005
 WARNING:  CLM step     :                       176
 WARNING:  indexc       :        398800
 WARNING:  ctype(indexc):             1
 WARNING:  water balance error   -6.0937973455156323E-005
 WARNING:  CLM step     :                       176
 WARNING:  indexc       :       1707136
 WARNING:  ctype(indexc):             1
 WARNING:  water balance error   -5.1053583328907503E-005
 WARNING:  CLM step     :                       176
 WARNING:  indexc       :       1131755
 WARNING:  ctype(indexc):             1
 WARNING:  water balance error   -7.1648340358707583E-005
 WARNING:  CLM step     :                       176
 WARNING:  indexc       :       1309822
 WARNING:  ctype(indexc):             1
 WARNING:  water balance error   -4.1493097826391807E-007
 WARNING:  CLM step     :                       176
 WARNING:  indexc       :        159107
 WARNING:  ctype(indexc):             1
 WARNING:  water balance error   -1.0480289622336733E-004
 WARNING:  CLM step     :                       176
 WARNING:  indexc       :       1501912
 WARNING:  ctype(indexc):             1
 WARNING:  water balance error   -2.6683722194798588E-005
 WARNING:  CLM step     :                       176
 WARNING:  indexc       :        969002
 WARNING:  ctype(indexc):             1
 WARNING:  water balance error   -8.4323485747488496E-005
 WARNING:  CLM step     :                       176
 WARNING:  indexc       :        806467
 WARNING:  ctype(indexc):             1
 WARNING:  water balance error   -3.1438842761101607E-007
 WARNING:  CLM step     :                       177
 WARNING:  indexc       :       2054620
 WARNING:  ctype(indexc):             1
 WARNING:  water balance error   -5.4730139218957508E-007
 WARNING:  CLM step     :                       177
 WARNING:  indexc       :       2352001
 WARNING:  ctype(indexc):             1
 WARNING:  water balance error   -1.7699072107664042E-006
 WARNING:  CLM step     :                       177
 WARNING:  indexc       :       2246958
 WARNING:  ctype(indexc):             1
 WARNING:  water balance error   -3.7339483590601831E-007
 WARNING:  CLM step     :                       177
 WARNING:  indexc       :       2136751
 WARNING:  ctype(indexc):             1
 WARNING:  water balance error   -1.9037805838012402E-005
 WARNING:  CLM step     :                       177
 WARNING:  indexc       :        249132
 WARNING:  ctype(indexc):             1
 WARNING:  water balance error   -1.1373906395083027E-006
 WARNING:  CLM step     :                       177
 WARNING:  indexc       :       1877096
 WARNING:  ctype(indexc):             1
 WARNING:  water balance error   -9.3877279748519457E-007
 WARNING:  CLM step     :                       177
 WARNING:  indexc       :        654129
 WARNING:  ctype(indexc):             1
 WARNING:  water balance error   -1.2129732822529769E-007
 WARNING:  CLM step     :                       177
 WARNING:  indexc       :        510919
 WARNING:  ctype(indexc):             1
 WARNING:  water balance error   -8.2510653335608278E-005
 WARNING:  CLM step     :                       177
 WARNING:  indexc       :       1707136
 WARNING:  ctype(indexc):             1
 WARNING:  water balance error   -4.9450759622450956E-005
 WARNING:  CLM step     :                       177
 WARNING:  indexc       :        377409
 WARNING:  ctype(indexc):             1
 WARNING:  water balance error   -8.1861071800479781E-007
 WARNING:  CLM step     :                       177
 WARNING:  indexc       :       1131640
 WARNING:  ctype(indexc):             1
 WARNING:  water balance error   -3.7857440759787324E-005
 WARNING:  CLM step     :                       177
 WARNING:  indexc       :        969002
 WARNING:  ctype(indexc):             1
 WARNING:  water balance error   -8.2570363280748911E-005
 WARNING:  CLM step     :                       177
 WARNING:  indexc       :       1309822
 WARNING:  ctype(indexc):             1
 WARNING:  water balance error   -4.6688466229027923E-007
 WARNING:  CLM step     :                       177
 WARNING:  indexc       :         78671
 WARNING:  ctype(indexc):             1
 WARNING:  water balance error   -4.4923178482819998E-007
 WARNING:  CLM step     :                       177
 WARNING:  indexc       :       1501848
 WARNING:  ctype(indexc):             1
 WARNING:  water balance error   -1.7294785856159549E-005
 WARNING:  CLM step     :                       177
 WARNING:  indexc       :        806467
 WARNING:  ctype(indexc):             1
 WARNING:  water balance error   -3.5792289775594212E-007
 WARNING:  CLM step     :                       178
 WARNING:  indexc       :       2022477
 WARNING:  ctype(indexc):             1
 WARNING:  water balance error   -1.7751001248561489E-007
 WARNING:  CLM step     :                       178
 WARNING:  indexc       :       2351968
 WARNING:  ctype(indexc):             1
 WARNING:  water balance error   -1.1660225237608177E-007
 WARNING:  CLM step     :                       178
 WARNING:  indexc       :       2246958
 WARNING:  ctype(indexc):             1
 WARNING:  water balance error   -3.2705581155020096E-007
 WARNING:  CLM step     :                       178
 WARNING:  indexc       :       2136748
 WARNING:  ctype(indexc):             1
 WARNING:  water balance error   -1.1941984891299063E-005
 WARNING:  CLM step     :                       178
 WARNING:  indexc       :        295353
 WARNING:  ctype(indexc):             1
 WARNING:  water balance error    7.3222127038012999E-007
 WARNING:  CLM step     :                       178
 WARNING:  indexc       :       1877275
 WARNING:  ctype(indexc):             1
 WARNING:  water balance error   -6.1178890757437608E-006
 WARNING:  CLM step     :                       178
 WARNING:  indexc       :        654129
 WARNING:  ctype(indexc):             1
 WARNING:  water balance error   -1.2343797466399194E-007
 WARNING:  CLM step     :                       178
 WARNING:  CLM step     :                       178
 WARNING:  indexc       :        377409
 WARNING:  ctype(indexc):             1
 WARNING:  water balance error   -8.1723212938377153E-007
 WARNING:  indexc       :        510858
 WARNING:  ctype(indexc):             1
 WARNING:  water balance error   -6.0385013968737461E-006
 WARNING:  CLM step     :                       178
 WARNING:  indexc       :       1707136
 WARNING:  ctype(indexc):             1
 WARNING:  water balance error   -4.7729519268634530E-005
 WARNING:  CLM step     :                       178
 WARNING:  indexc       :       1131758
 WARNING:  ctype(indexc):             1
 WARNING:  water balance error   -6.9432095815300554E-005
 WARNING:  CLM step     :                       178
 WARNING:  indexc       :       1309803
 WARNING:  ctype(indexc):             1
 WARNING:  water balance error   -1.0416189002224421E-005
 WARNING:  CLM step     :                       178
 WARNING:  indexc       :        969002
 WARNING:  ctype(indexc):             1
 WARNING:  water balance error   -8.0714675557893141E-005
 WARNING:  CLM step     :                       178
 WARNING:  indexc       :       1501851
 WARNING:  ctype(indexc):             1
 WARNING:  water balance error   -2.2618773112000782E-005
 WARNING:  CLM step     :                       178
 WARNING:  indexc       :         78632
 WARNING:  ctype(indexc):             1
 WARNING:  water balance error   -6.9742282371652213E-006
 WARNING:  CLM step     :                       178
 WARNING:  indexc       :        806467
 WARNING:  ctype(indexc):             1
 WARNING:  water balance error   -4.0677491015307993E-007
 WARNING:  CLM step     :                       179
 WARNING:  indexc       :       2022638
 WARNING:  ctype(indexc):             1
 WARNING:  water balance error   -1.0041040691324951E-007
 WARNING:  CLM step     :                       179
 WARNING:  indexc       :       2352001
 WARNING:  ctype(indexc):             1
 WARNING:  water balance error   -1.9169183349391605E-006
 WARNING:  CLM step     :                       179
 WARNING:  indexc       :       2247006
 WARNING:  ctype(indexc):             1
 WARNING:  water balance error   -1.6645958427759335E-006
 WARNING:  CLM step     :                       179
 WARNING:  indexc       :       2136430
 WARNING:  ctype(indexc):             1
 WARNING:  water balance error   -1.0165379562211937E-006
 WARNING:  CLM step     :                       179
 WARNING:  indexc       :        249165
 WARNING:  ctype(indexc):             1
 WARNING:  water balance error   -1.1280226953002147E-004
 WARNING:  CLM step     :                       179
 WARNING:  indexc       :       1877046
 WARNING:  ctype(indexc):             1
 WARNING:  water balance error   -4.8145120566137261E-006
 WARNING:  CLM step     :                       179
 WARNING:  indexc       :        654117
 WARNING:  ctype(indexc):             1
 WARNING:  water balance error   -2.1516449485829106E-006
 WARNING:  CLM step     :                       179
 WARNING:  indexc       :        510919
 WARNING:  ctype(indexc):             1
 WARNING:  water balance error   -8.6131800498665854E-005
 WARNING:  CLM step     :                       179
 WARNING:  indexc       :        377409
 WARNING:  ctype(indexc):             1
 WARNING:  water balance error   -8.2128355343920694E-007
 WARNING:  CLM step     :                       179
 WARNING:  indexc       :       1131758
 WARNING:  ctype(indexc):             1
 WARNING:  water balance error   -8.4332165271506108E-005
 WARNING:  CLM step     :                       179
 WARNING:  indexc       :       1707136
 WARNING:  ctype(indexc):             1
 WARNING:  water balance error   -4.6147407329441448E-005
 WARNING:  CLM step     :                       179
 WARNING:  indexc       :        969002
 WARNING:  ctype(indexc):             1
 WARNING:  water balance error   -7.8758369063734604E-005
 WARNING:  CLM step     :                       179
 WARNING:  indexc       :       1320333
 WARNING:  ctype(indexc):             1
 WARNING:  water balance error   -1.0610613145113995E-007
 WARNING:  CLM step     :                       179
 WARNING:  indexc       :         98116
 WARNING:  ctype(indexc):            65
 WARNING:  water balance error    1.0119503392418798E-003
 WARNING:  CLM step     :                       179
 WARNING:  indexc       :       1501899
 WARNING:  ctype(indexc):             1
 WARNING:  water balance error   -1.1049421103508318E-005
 WARNING:  CLM step     :                       179
 WARNING:  indexc       :        842236
 WARNING:  ctype(indexc):             1
 WARNING:  water balance error   -2.9588932583355255E-007
 WARNING:  CLM step     :                       180
 WARNING:  indexc       :       2022489
 WARNING:  ctype(indexc):             1
 WARNING:  water balance error   -1.2211206142874996E-007
 WARNING:  CLM step     :                       180
 WARNING:  indexc       :       2352190
 WARNING:  ctype(indexc):             1
 WARNING:  water balance error   -1.3172363402916664E-007
 WARNING:  CLM step     :                       180
 WARNING:  indexc       :       2247186
 WARNING:  ctype(indexc):             1
 WARNING:  water balance error   -3.0063018153825157E-007
 WARNING:  CLM step     :                       180
 WARNING:  indexc       :        249123
 WARNING:  ctype(indexc):             1
 WARNING:  water balance error   -1.0690253096365725E-004
 WARNING:  CLM step     :                       180
 WARNING:  indexc       :       2136508
 WARNING:  ctype(indexc):             1
 WARNING:  water balance error   -4.6470594406406570E-007
 WARNING:  CLM step     :                       180
 WARNING:  indexc       :       1877231
 WARNING:  ctype(indexc):             1
 WARNING:  water balance error   -7.7272179210612765E-006
 WARNING:  CLM step     :                       180
 WARNING:  indexc       :        659441
 WARNING:  ctype(indexc):             1
 WARNING:  water balance error   -2.4744036485710875E-005
 WARNING:  CLM step     :                       180
 WARNING:  indexc       :        510858
 WARNING:  ctype(indexc):             1
 WARNING:  water balance error   -5.0053996079781642E-006
 WARNING:  CLM step     :                       180
 WARNING:  indexc       :       1707136
 WARNING:  ctype(indexc):             1
 WARNING:  water balance error   -4.4291606498809792E-005
 WARNING:  CLM step     :                       180
 WARNING:  indexc       :        377163
 WARNING:  ctype(indexc):             1
 WARNING:  water balance error   -1.8999972866015851E-005
 WARNING:  CLM step     :                       180
 WARNING:  indexc       :       1131758
 WARNING:  ctype(indexc):             1
 WARNING:  water balance error   -1.1273820123128873E-004
 WARNING:  CLM step     :                       180
 WARNING:  indexc       :        969002
 WARNING:  ctype(indexc):             1
 WARNING:  water balance error   -7.6328591657162897E-005
 WARNING:  CLM step     :                       180
 WARNING:  indexc       :       1309825
 WARNING:  ctype(indexc):             1
 WARNING:  water balance error   -1.4225695426420124E-007
 WARNING:  CLM step     :                       180
 WARNING:  indexc       :       1501899
 WARNING:  ctype(indexc):             1
 WARNING:  water balance error   -1.1136774047713468E-005
 WARNING:  CLM step     :                       180
 WARNING:  indexc       :         78662
 WARNING:  ctype(indexc):             1
 WARNING:  water balance error    3.4348490956193052E-006
 WARNING:  CLM step     :                       180
 WARNING:  indexc       :        806467
 WARNING:  ctype(indexc):             1
 WARNING:  water balance error   -4.6589779260377238E-007
 WARNING:  CLM step     :                       181
 WARNING:  indexc       :       2022677
 WARNING:  ctype(indexc):             1
 WARNING:  water balance error   -7.0013988638309302E-007
 WARNING:  CLM step     :                       181
 WARNING:  indexc       :       2352001
 WARNING:  ctype(indexc):             1
 WARNING:  water balance error   -1.9295372751864926E-006
 WARNING:  CLM step     :                       181
 WARNING:  indexc       :       2247186
 WARNING:  ctype(indexc):             1
 WARNING:  water balance error   -2.7447499045300740E-007
 WARNING:  CLM step     :                       181
 WARNING:  indexc       :       2136624
 WARNING:  ctype(indexc):             1
 WARNING:  water balance error   -1.2197364995754165E-006
 WARNING:  CLM step     :                       181
 WARNING:  indexc       :        249123
 WARNING:  ctype(indexc):             1
 WARNING:  water balance error   -1.0329537364729527E-004
 WARNING:  CLM step     :                       181
 WARNING:  indexc       :       1877275
 WARNING:  ctype(indexc):             1
 WARNING:  water balance error   -6.2347921189976003E-006
 WARNING:  CLM step     :                       181
 WARNING:  indexc       :        654117
 WARNING:  ctype(indexc):             1
 WARNING:  water balance error   -2.0472560699210662E-006
 WARNING:  CLM step     :                       181
 WARNING:  indexc       :        377309
 WARNING:  ctype(indexc):             1
 WARNING:  water balance error   -2.5848792274645304E-007
 WARNING:  CLM step     :                       181
 WARNING:  indexc       :        510858
 WARNING:  ctype(indexc):             1
 WARNING:  water balance error   -4.7806683634807254E-006
 WARNING:  CLM step     :                       181
 WARNING:  indexc       :       1707008
 WARNING:  ctype(indexc):             1
 WARNING:  water balance error   -3.6528477072175872E-005
 WARNING:  CLM step     :                       181
 WARNING:  indexc       :       1131725
 WARNING:  ctype(indexc):             1
 WARNING:  water balance error   -9.3413965191752133E-005
 WARNING:  CLM step     :                       181
 WARNING:  indexc       :       1309811
 WARNING:  ctype(indexc):             1
 WARNING:  water balance error   -6.4249149725238244E-006
 WARNING:  CLM step     :                       181
 WARNING:  indexc       :         78608
 WARNING:  ctype(indexc):             1
 WARNING:  water balance error   -7.6596265864075990E-007
 WARNING:  CLM step     :                       181
 WARNING:  indexc       :       1537741
 WARNING:  ctype(indexc):             1
 WARNING:  water balance error   -2.2878197097744328E-005
 WARNING:  CLM step     :                       181
 WARNING:  indexc       :        969002
 WARNING:  ctype(indexc):             1
 WARNING:  water balance error   -7.3893466234902714E-005
 WARNING:  CLM step     :                       181
 WARNING:  indexc       :        806467
 WARNING:  ctype(indexc):             1
 WARNING:  water balance error   -5.0371367648707697E-007
 WARNING:  CLM step     :                       182
 WARNING:  indexc       :       2022677
 WARNING:  ctype(indexc):             1
 WARNING:  water balance error   -6.7741420471652627E-007
 WARNING:  CLM step     :                       182
 WARNING:  indexc       :       2352190
 WARNING:  ctype(indexc):             1
 WARNING:  water balance error   -1.7250126268710695E-007
 WARNING:  CLM step     :                       182
 WARNING:  indexc       :       2247186
 WARNING:  ctype(indexc):             1
 WARNING:  water balance error   -3.7746241412642604E-007
 WARNING:  CLM step     :                       182
 WARNING:  indexc       :       2136751
 WARNING:  ctype(indexc):             1
 WARNING:  water balance error   -1.6852420112985064E-005
 WARNING:  CLM step     :                       182
 WARNING:  indexc       :        249165
 WARNING:  ctype(indexc):             1
 WARNING:  water balance error   -7.8924921846375709E-006
 WARNING:  CLM step     :                       182
 WARNING:  indexc       :       1877275
 WARNING:  ctype(indexc):             1
 WARNING:  water balance error   -5.8290141076446938E-006
 WARNING:  CLM step     :                       182
 WARNING:  indexc       :        654117
 WARNING:  ctype(indexc):             1
 WARNING:  water balance error   -1.9989256514039339E-006
 WARNING:  CLM step     :                       182
 WARNING:  indexc       :        377357
 WARNING:  ctype(indexc):             1
 WARNING:  water balance error   -1.1391394379160602E-007
 WARNING:  CLM step     :                       182
 WARNING:  indexc       :       1161298
 WARNING:  ctype(indexc):             1
 WARNING:  water balance error   -6.9168787505505264E-005
 WARNING:  CLM step     :                       182
 WARNING:  indexc       :        510858
 WARNING:  ctype(indexc):             1
 WARNING:  water balance error   -4.0633322002230505E-006
 WARNING:  CLM step     :                       182
 WARNING:  indexc       :       1707136
 WARNING:  ctype(indexc):             1
 WARNING:  water balance error   -4.1927418007831969E-005
 WARNING:  CLM step     :                       182
 WARNING:  indexc       :       1309860
 WARNING:  ctype(indexc):             1
 WARNING:  water balance error   -3.2552240351926915E-005
 WARNING:  CLM step     :                       182
 WARNING:  indexc       :        968926
 WARNING:  ctype(indexc):             1
 WARNING:  water balance error   -1.2526168419087273E-004
 WARNING:  CLM step     :                       182
 WARNING:  indexc       :         78662
 WARNING:  ctype(indexc):             1
 WARNING:  water balance error   -5.6897693580967779E-007
 WARNING:  CLM step     :                       182
 WARNING:  indexc       :       1501848
 WARNING:  ctype(indexc):             1
 WARNING:  water balance error   -1.6861439217636430E-005
 WARNING:  CLM step     :                       182
 WARNING:  indexc       :        806467
 WARNING:  ctype(indexc):             1
 WARNING:  water balance error   -5.3081057010799255E-007
 WARNING:  CLM step     :                       183
 WARNING:  indexc       :       2022677
 WARNING:  ctype(indexc):             1
 WARNING:  water balance error   -6.4574533916944370E-007
 WARNING:  CLM step     :                       183
 WARNING:  indexc       :       2352001
 WARNING:  ctype(indexc):             1
 WARNING:  water balance error   -1.2737168530598084E-007
 WARNING:  CLM step     :                       183
 WARNING:  indexc       :       2247186
 WARNING:  ctype(indexc):             1
 WARNING:  water balance error   -3.9081538017385608E-007
 WARNING:  CLM step     :                       183
 WARNING:  indexc       :        249123
 WARNING:  ctype(indexc):             1
 WARNING:  water balance error   -2.5462979961819186E-006
 WARNING:  CLM step     :                       183
 WARNING:  indexc       :       2136666
 WARNING:  ctype(indexc):             1
 WARNING:  water balance error   -8.0866646974127983E-007
 WARNING:  CLM step     :                       183
 WARNING:  indexc       :       1877228
 WARNING:  ctype(indexc):             1
 WARNING:  water balance error   -5.7908731799759261E-006
 WARNING:  CLM step     :                       183
 WARNING:  indexc       :        377309
 WARNING:  ctype(indexc):             1
 WARNING:  water balance error   -1.9864564234559735E-007
 WARNING:  CLM step     :                       183
 WARNING:  indexc       :        654141
 WARNING:  ctype(indexc):             1
 WARNING:  water balance error   -4.1786273392156091E-007
 WARNING:  CLM step     :                       183
 WARNING:  indexc       :       1707136
 WARNING:  ctype(indexc):             1
 WARNING:  water balance error   -4.0412651871676882E-005
 WARNING:  CLM step     :                       183
 WARNING:  indexc       :        510919
 WARNING:  ctype(indexc):             1
 WARNING:  water balance error   -8.1501522936448665E-005
 WARNING:  CLM step     :                       183
 WARNING:  indexc       :       1131758
 WARNING:  ctype(indexc):             1
 WARNING:  water balance error   -2.3350179869558504E-004
 WARNING:  CLM step     :                       183
 WARNING:  indexc       :        969002
 WARNING:  ctype(indexc):             1
 WARNING:  water balance error   -6.8490204212217777E-005
 WARNING:  CLM step     :                       183
 WARNING:  indexc       :       1309860
 WARNING:  ctype(indexc):             1
 WARNING:  water balance error   -3.3345450202994079E-005
 WARNING:  CLM step     :                       183
 WARNING:  indexc       :         97625
 WARNING:  ctype(indexc):             1
 WARNING:  water balance error   -2.9796651490614380E-007
 WARNING:  CLM step     :                       183
 WARNING:  indexc       :       1501803
 WARNING:  ctype(indexc):             1
 WARNING:  water balance error   -6.8895074004345732E-006
 WARNING:  CLM step     :                       183
 WARNING:  indexc       :        806467
 WARNING:  ctype(indexc):             1
 WARNING:  water balance error   -5.8113110977761131E-007
 WARNING:  CLM step     :                       184
 WARNING:  indexc       :       2022677
 WARNING:  ctype(indexc):             1
 WARNING:  water balance error   -6.4638253563793877E-007
 WARNING:  CLM step     :                       184
 WARNING:  indexc       :       2352190
 WARNING:  ctype(indexc):             1
 WARNING:  water balance error   -1.6918206688765015E-007
 WARNING:  CLM step     :                       184
 WARNING:  indexc       :       2247186
 WARNING:  ctype(indexc):             1
 WARNING:  water balance error   -1.2670260219719340E-007
 WARNING:  CLM step     :                       184
 WARNING:  indexc       :       2136517
 WARNING:  ctype(indexc):             1
 WARNING:  water balance error    2.0523664785951264E-006
 WARNING:  CLM step     :                       184
 WARNING:  indexc       :        267710
 WARNING:  ctype(indexc):             1
 WARNING:  water balance error   -9.7660010874558209E-005
 WARNING:  CLM step     :                       184
 WARNING:  indexc       :       1877275
 WARNING:  ctype(indexc):             1
 WARNING:  water balance error   -5.8823457238294057E-006
 WARNING:  CLM step     :                       184
 WARNING:  indexc       :        654117
 WARNING:  ctype(indexc):             1
 WARNING:  water balance error   -1.9361252714295387E-006
 WARNING:  CLM step     :                       184
 WARNING:  indexc       :        377357
 WARNING:  ctype(indexc):             1
 WARNING:  water balance error   -1.4066283739566006E-007
 WARNING:  CLM step     :                       184
 WARNING:  indexc       :       1706847
 WARNING:  ctype(indexc):             1
 WARNING:  water balance error   -7.4434536584093814E-006
 WARNING:  CLM step     :                       184
 WARNING:  indexc       :        510858
 WARNING:  ctype(indexc):             1
 WARNING:  water balance error   -3.5521479782793417E-006
 WARNING:  CLM step     :                       184
 WARNING:  indexc       :       1131675
 WARNING:  ctype(indexc):             1
 WARNING:  water balance error   -1.1704724268224776E-005
 WARNING:  CLM step     :                       184
 WARNING:  indexc       :       1309811
 WARNING:  ctype(indexc):             1
 WARNING:  water balance error   -8.2062147504048731E-006
 WARNING:  CLM step     :                       184
 WARNING:  indexc       :        969002
 WARNING:  ctype(indexc):             1
 WARNING:  water balance error   -6.5192783916613597E-005
 WARNING:  CLM step     :                       184
 WARNING:  indexc       :         78632
 WARNING:  ctype(indexc):             1
 WARNING:  water balance error   -1.1392579660112075E-005
 WARNING:  CLM step     :                       184
 WARNING:  indexc       :       1501848
 WARNING:  ctype(indexc):             1
 WARNING:  water balance error   -1.8081369736642014E-005
 WARNING:  CLM step     :                       184
 WARNING:  indexc       :        806467
 WARNING:  ctype(indexc):             1
 WARNING:  water balance error   -6.3268825714149851E-007
 WARNING:  CLM step     :                       185
 WARNING:  indexc       :       2022468
 WARNING:  ctype(indexc):             1
 WARNING:  water balance error   -4.6939251552292952E-007
 WARNING:  CLM step     :                       185
 WARNING:  indexc       :       2352644
 WARNING:  ctype(indexc):             1
 WARNING:  water balance error   -1.3255800533555319E-007
 WARNING:  CLM step     :                       185
 WARNING:  indexc       :       2247006
 WARNING:  ctype(indexc):             1
 WARNING:  water balance error   -1.1452463722348000E-006
 WARNING:  CLM step     :                       185
 WARNING:  indexc       :        249132
 WARNING:  ctype(indexc):             1
 WARNING:  water balance error   -3.0452005559133316E-006
 WARNING:  CLM step     :                       185
 WARNING:  indexc       :       2136748
 WARNING:  ctype(indexc):             1
 WARNING:  water balance error   -1.4026547915622369E-006
 WARNING:  CLM step     :                       185
 WARNING:  indexc       :       1877275
 WARNING:  ctype(indexc):             1
 WARNING:  water balance error   -3.4670454814933807E-006
 WARNING:  CLM step     :                       185
 WARNING:  indexc       :        654147
 WARNING:  ctype(indexc):             1
 WARNING:  water balance error   -8.4133457007107425E-007
 WARNING:  CLM step     :                       185
 WARNING:  indexc       :        511169
 WARNING:  ctype(indexc):             1
 WARNING:  water balance error   -1.0510314645770280E-005
 WARNING:  CLM step     :                       185
 WARNING:  indexc       :        377409
 WARNING:  ctype(indexc):             1
 WARNING:  water balance error   -1.3490859221110154E-006
 WARNING:  CLM step     :                       185
 WARNING:  indexc       :       1707128
 WARNING:  ctype(indexc):             1
 WARNING:  water balance error   -4.9203606567696525E-005
 WARNING:  CLM step     :                       185
 WARNING:  indexc       :       1131725
 WARNING:  ctype(indexc):             1
 WARNING:  water balance error   -8.6442016782290086E-005
 WARNING:  CLM step     :                       185
 WARNING:  indexc       :       1309860
 WARNING:  ctype(indexc):             1
 WARNING:  water balance error   -3.4462403568969322E-005
 WARNING:  CLM step     :                       185
 WARNING:  indexc       :         78671
 WARNING:  ctype(indexc):             1
 WARNING:  water balance error   -4.1324377871789590E-007
 WARNING:  CLM step     :                       185
 WARNING:  indexc       :       1501848
 WARNING:  ctype(indexc):             1
 WARNING:  water balance error   -1.8549764028406261E-005
 WARNING:  CLM step     :                       185
 WARNING:  indexc       :        969002
 WARNING:  ctype(indexc):             1
 WARNING:  water balance error   -6.1640890493354890E-005
 WARNING:  CLM step     :                       185
 WARNING:  indexc       :        806467
 WARNING:  ctype(indexc):             1
 WARNING:  water balance error   -6.6461800629016792E-007
 WARNING:  CLM step     :                       186
 WARNING:  indexc       :       2022677
 WARNING:  ctype(indexc):             1
 WARNING:  water balance error   -6.8219490130779826E-007
 WARNING:  CLM step     :                       186
 WARNING:  indexc       :       2352001
 WARNING:  ctype(indexc):             1
 WARNING:  water balance error   -1.0190669896451356E-006
 WARNING:  CLM step     :                       186
 WARNING:  indexc       :       2247186
 WARNING:  ctype(indexc):             1
 WARNING:  water balance error   -1.4419492866653071E-007
 WARNING:  CLM step     :                       186
 WARNING:  indexc       :        249132
 WARNING:  ctype(indexc):             1
 WARNING:  water balance error   -6.0933135657564247E-006
 WARNING:  CLM step     :                       186
 WARNING:  indexc       :       1909039
 WARNING:  ctype(indexc):             1
 WARNING:  water balance error   -2.0696542182220188E-007
 WARNING:  CLM step     :                       186
 WARNING:  indexc       :       2136781
 WARNING:  ctype(indexc):             1
 WARNING:  water balance error   -2.6130086481838301E-007
 WARNING:  CLM step     :                       186
 WARNING:  indexc       :        654147
 WARNING:  ctype(indexc):             1
 WARNING:  water balance error   -6.3806555792152968E-007
 WARNING:  CLM step     :                       186
 WARNING:  indexc       :        510858
 WARNING:  ctype(indexc):             1
 WARNING:  water balance error   -3.6779437250546854E-006
 WARNING:  CLM step     :                       186
 WARNING:  indexc       :       1707136
 WARNING:  ctype(indexc):             1
 WARNING:  water balance error   -3.7802293756960646E-005
 WARNING:  CLM step     :                       186
 WARNING:  indexc       :        377409
 WARNING:  ctype(indexc):             1
 WARNING:  water balance error   -1.3977676245651428E-006
 WARNING:  CLM step     :                       186
 WARNING:  indexc       :       1309803
 WARNING:  ctype(indexc):             1
 WARNING:  water balance error   -3.3886101446011416E-005
 WARNING:  CLM step     :                       186
 WARNING:  indexc       :       1131570
 WARNING:  ctype(indexc):             1
 WARNING:  water balance error   -1.1279784711749703E-005
 WARNING:  CLM step     :                       186
 WARNING:  indexc       :         78608
 WARNING:  ctype(indexc):             1
 WARNING:  water balance error   -7.3373464681892136E-007
 WARNING:  CLM step     :                       186
 WARNING:  indexc       :        969002
 WARNING:  ctype(indexc):             1
 WARNING:  water balance error   -5.7949383987828246E-005
 WARNING:  CLM step     :                       186
 WARNING:  indexc       :       1501899
 WARNING:  ctype(indexc):             1
 WARNING:  water balance error   -9.5087431194755662E-006
 WARNING:  CLM step     :                       186
 WARNING:  indexc       :        806467
 WARNING:  ctype(indexc):             1
 WARNING:  water balance error   -7.8973851559835793E-007
 WARNING:  CLM step     :                       187
 WARNING:  indexc       :       2022677
 WARNING:  ctype(indexc):             1
 WARNING:  water balance error   -7.1115506918791217E-007
 WARNING:  CLM step     :                       187
 WARNING:  indexc       :       2352190
 WARNING:  ctype(indexc):             1
 WARNING:  water balance error   -1.9837848134194662E-007
 WARNING:  CLM step     :                       187
 WARNING:  indexc       :       2247186
 WARNING:  ctype(indexc):             1
 WARNING:  water balance error   -7.0245290818470856E-007
 WARNING:  CLM step     :                       187
 WARNING:  indexc       :        249165
 WARNING:  ctype(indexc):             1
 WARNING:  water balance error   -1.3681738900254681E-005
 WARNING:  CLM step     :                       187
 WARNING:  indexc       :       2136540
 WARNING:  ctype(indexc):             1
 WARNING:  water balance error   -1.2665536063776940E-006
 WARNING:  CLM step     :                       187
 WARNING:  indexc       :       1877176
 WARNING:  ctype(indexc):             1
 WARNING:  water balance error   -6.0636679487468631E-007
 WARNING:  CLM step     :                       187
 WARNING:  indexc       :        654147
 WARNING:  ctype(indexc):             1
 WARNING:  water balance error   -5.2986033763192153E-007
 WARNING:  CLM step     :                       187
 WARNING:  indexc       :        510858
 WARNING:  ctype(indexc):             1
 WARNING:  water balance error   -3.4907962119032789E-006
 WARNING:  CLM step     :                       187
 WARNING:  indexc       :        377301
 WARNING:  ctype(indexc):             1
 WARNING:  water balance error   -1.2706352218831029E-007
 WARNING:  CLM step     :                       187
 WARNING:  indexc       :       1707136
 WARNING:  ctype(indexc):             1
 WARNING:  water balance error   -3.6712434037698784E-005
 WARNING:  CLM step     :                       187
 WARNING:  indexc       :       1309825
 WARNING:  ctype(indexc):             1
 WARNING:  water balance error   -3.7237140138559327E-007
 WARNING:  CLM step     :                       187
 WARNING:  indexc       :         80600
 WARNING:  ctype(indexc):             1
 WARNING:  water balance error    3.9087034289723503E-006
 WARNING:  CLM step     :                       187
 WARNING:  indexc       :       1131728
 WARNING:  ctype(indexc):             1
 WARNING:  water balance error   -1.6003550868983716E-004
 WARNING:  CLM step     :                       187
 WARNING:  indexc       :       1501899
 WARNING:  ctype(indexc):             1
 WARNING:  water balance error   -9.5674314032560273E-006
 WARNING:  CLM step     :                       187
 WARNING:  indexc       :        969002
 WARNING:  ctype(indexc):             1
 WARNING:  water balance error   -5.5308460474767528E-005
 WARNING:  CLM step     :                       187
 WARNING:  indexc       :        851227
 WARNING:  ctype(indexc):             1
 WARNING:  water balance error    3.6292579922674820E-005
 WARNING:  CLM step     :                       188
 WARNING:  indexc       :       2022677
 WARNING:  ctype(indexc):             1
 WARNING:  water balance error   -7.3152385137566242E-007
 WARNING:  CLM step     :                       188
 WARNING:  indexc       :       2352181
 WARNING:  ctype(indexc):             1
 WARNING:  water balance error   -2.2810245778932407E-007
 WARNING:  CLM step     :                       188
 WARNING:  indexc       :       2136570
 WARNING:  ctype(indexc):             1
 WARNING:  water balance error   -1.9397797452112002E-006
 WARNING:  CLM step     :                       188
 WARNING:  indexc       :       2247186
 WARNING:  ctype(indexc):             1
 WARNING:  water balance error   -1.8310834326957192E-007
 WARNING:  CLM step     :                       188
 WARNING:  indexc       :        249123
 WARNING:  ctype(indexc):             1
 WARNING:  water balance error   -1.2076449862518377E-004
 WARNING:  CLM step     :                       188
 WARNING:  indexc       :       1877176
 WARNING:  ctype(indexc):             1
 WARNING:  water balance error   -7.3426133324502559E-007
 WARNING:  CLM step     :                       188
 WARNING:  indexc       :        654147
 WARNING:  ctype(indexc):             1
 WARNING:  water balance error   -2.3556965594645223E-007
 WARNING:  CLM step     :                       188
 WARNING:  indexc       :        510858
 WARNING:  ctype(indexc):             1
 WARNING:  water balance error   -3.6467348577127247E-006
 WARNING:  CLM step     :                       188
 WARNING:  indexc       :        377231
 WARNING:  ctype(indexc):             1
 WARNING:  water balance error   -3.5582253595434087E-005
 WARNING:  CLM step     :                       188
 WARNING:  indexc       :       1707136
 WARNING:  ctype(indexc):             1
 WARNING:  water balance error   -3.6011853491953874E-005
 WARNING:  CLM step     :                       188
 WARNING:  indexc       :       1309811
 WARNING:  ctype(indexc):             1
 WARNING:  water balance error   -1.3293341526169493E-005
 WARNING:  CLM step     :                       188
 WARNING:  indexc       :       1131737
 WARNING:  ctype(indexc):             1
 WARNING:  water balance error   -2.9338036006212439E-005
 WARNING:  CLM step     :                       188
 WARNING:  indexc       :         78228
 WARNING:  ctype(indexc):             1
 WARNING:  water balance error   -3.0444682373368255E-005
 WARNING:  CLM step     :                       188
 WARNING:  indexc       :        969002
 WARNING:  ctype(indexc):             1
 WARNING:  water balance error   -5.1763069276017518E-005
 WARNING:  CLM step     :                       188
 WARNING:  indexc       :       1501899
 WARNING:  ctype(indexc):             1
 WARNING:  water balance error   -1.0184743424689216E-005
 WARNING:  CLM step     :                       188
 WARNING:  indexc       :        806467
 WARNING:  ctype(indexc):             1
 WARNING:  water balance error   -1.1057442814710599E-006
 WARNING:  CLM step     :                       189
 WARNING:  indexc       :       2022492
 WARNING:  ctype(indexc):             1
 WARNING:  water balance error   -1.5160492300517677E-007
 WARNING:  CLM step     :                       189
 WARNING:  indexc       :       2352190
 WARNING:  ctype(indexc):             1
 WARNING:  water balance error   -2.4495576005532546E-007
 WARNING:  CLM step     :                       189
 WARNING:  indexc       :       2247186
 WARNING:  ctype(indexc):             1
 WARNING:  water balance error   -5.3099488848676926E-007
 WARNING:  CLM step     :                       189
 WARNING:  indexc       :       2137926
 WARNING:  ctype(indexc):             1
 WARNING:  water balance error    3.9759479070600357E-006
 WARNING:  CLM step     :                       189
 WARNING:  indexc       :        267707
 WARNING:  ctype(indexc):             1
 WARNING:  water balance error   -1.5967920150788159E-004
 WARNING:  CLM step     :                       189
 WARNING:  indexc       :       1877275
 WARNING:  ctype(indexc):             1
 WARNING:  water balance error   -1.9057124256140158E-007
 WARNING:  CLM step     :                       189
 WARNING:  indexc       :        654079
 WARNING:  ctype(indexc):             1
 WARNING:  water balance error   -2.7865460902745713E-006
 WARNING:  CLM step     :                       189
 WARNING:  indexc       :        510858
 WARNING:  ctype(indexc):             1
 WARNING:  water balance error   -3.5700904801882303E-006
 WARNING:  CLM step     :                       189
 WARNING:  indexc       :       1707125
 WARNING:  ctype(indexc):             1
 WARNING:  water balance error   -8.3122767685467775E-005
 WARNING:  CLM step     :                       189
 WARNING:  indexc       :        377357
 WARNING:  ctype(indexc):             1
 WARNING:  water balance error   -1.6502306013081356E-007
 WARNING:  CLM step     :                       189
 WARNING:  indexc       :       1309811
 WARNING:  ctype(indexc):             1
 WARNING:  water balance error   -1.6790733546802423E-005
 WARNING:  CLM step     :                       189
 WARNING:  indexc       :       1131675
 WARNING:  ctype(indexc):             1
 WARNING:  water balance error   -2.0490187424701771E-005
 WARNING:  CLM step     :                       189
 WARNING:  indexc       :        969002
 WARNING:  ctype(indexc):             1
 WARNING:  water balance error   -4.7921206827795034E-005
 WARNING:  CLM step     :                       189
 WARNING:  indexc       :         78671
 WARNING:  ctype(indexc):             1
 WARNING:  water balance error   -3.6338490723823837E-007
 WARNING:  CLM step     :                       189
 WARNING:  indexc       :       1501899
 WARNING:  ctype(indexc):             1
 WARNING:  water balance error   -1.0183115350812033E-005
 WARNING:  CLM step     :                       189
 WARNING:  indexc       :        806395
 WARNING:  ctype(indexc):             1
 WARNING:  water balance error   -2.4586311482357164E-005
 WARNING:  CLM step     :                       190
 WARNING:  indexc       :       2022677
 WARNING:  ctype(indexc):             1
 WARNING:  water balance error   -8.7125560707485202E-007
 WARNING:  CLM step     :                       190
 WARNING:  indexc       :       2352181
 WARNING:  ctype(indexc):             1
 WARNING:  water balance error   -2.5854671895338852E-007
 WARNING:  CLM step     :                       190
 WARNING:  indexc       :       2247186
 WARNING:  ctype(indexc):             1
 WARNING:  water balance error   -5.2305172564894606E-007
 WARNING:  CLM step     :                       190
 WARNING:  indexc       :        249123
 WARNING:  ctype(indexc):             1
 WARNING:  water balance error   -6.1979766237699616E-005
 WARNING:  CLM step     :                       190
 WARNING:  indexc       :       2136748
 WARNING:  ctype(indexc):             1
 WARNING:  water balance error   -5.3093959732188776E-006
 WARNING:  CLM step     :                       190
 WARNING:  indexc       :       1877126
 WARNING:  ctype(indexc):             1
 WARNING:  water balance error   -6.8339454561855439E-007
 WARNING:  CLM step     :                       190
 WARNING:  indexc       :        654147
 WARNING:  ctype(indexc):             1
 WARNING:  water balance error   -1.7169942749870263E-007
 WARNING:  CLM step     :                       190
 WARNING:  indexc       :        510858
 WARNING:  ctype(indexc):             1
 WARNING:  water balance error   -3.4880655811992519E-006
 WARNING:  CLM step     :                       190
 WARNING:  indexc       :        377409
 WARNING:  ctype(indexc):             1
 WARNING:  water balance error   -1.8550588482157105E-007
 WARNING:  CLM step     :                       190
 WARNING:  indexc       :       1707136
 WARNING:  ctype(indexc):             1
 WARNING:  water balance error   -3.4548825226406877E-005
 WARNING:  CLM step     :                       190
 WARNING:  indexc       :       1309860
 WARNING:  ctype(indexc):             1
 WARNING:  water balance error   -3.5156028581622258E-005
 WARNING:  CLM step     :                       190
 WARNING:  indexc       :       1131728
 WARNING:  ctype(indexc):             1
 WARNING:  water balance error   -1.3294896647747108E-004
 WARNING:  CLM step     :                       190
 WARNING:  indexc       :        969002
 WARNING:  ctype(indexc):             1
 WARNING:  water balance error   -4.4129290512918732E-005
 WARNING:  CLM step     :                       190
 WARNING:  indexc       :         78632
 WARNING:  ctype(indexc):             1
 WARNING:  water balance error   -2.9070999582960987E-007
 WARNING:  CLM step     :                       190
 WARNING:  indexc       :        806395
 WARNING:  ctype(indexc):             1
 WARNING:  water balance error   -2.3902508717589134E-005
 WARNING:  CLM step     :                       190
 WARNING:  indexc       :       1501912
 WARNING:  ctype(indexc):             1
 WARNING:  water balance error   -2.6683065501141215E-005
 WARNING:  CLM step     :                       191
 WARNING:  indexc       :       2022698
 WARNING:  ctype(indexc):             1
 WARNING:  water balance error   -2.2298580926501533E-007
 WARNING:  CLM step     :                       191
 WARNING:  indexc       :       2352181
 WARNING:  ctype(indexc):             1
 WARNING:  water balance error   -2.8237690058642854E-007
 WARNING:  CLM step     :                       191
 WARNING:  indexc       :       2247186
 WARNING:  ctype(indexc):             1
 WARNING:  water balance error   -5.1649693557964714E-007
 WARNING:  CLM step     :                       191
 WARNING:  indexc       :       2136430
 WARNING:  ctype(indexc):             1
 WARNING:  water balance error    4.3991398326062200E-007
 WARNING:  CLM step     :                       191
 WARNING:  indexc       :        249123
 WARNING:  ctype(indexc):             1
 WARNING:  water balance error   -6.7130051989098549E-005
 WARNING:  CLM step     :                       191
 WARNING:  indexc       :       1877126
 WARNING:  ctype(indexc):             1
 WARNING:  water balance error   -5.8067712039046294E-007
 WARNING:  CLM step     :                       191
 WARNING:  indexc       :        653867
 WARNING:  ctype(indexc):             1
 WARNING:  water balance error    6.7208847288697886E-005
 WARNING:  CLM step     :                       191
 WARNING:  indexc       :        510858
 WARNING:  ctype(indexc):             1
 WARNING:  water balance error   -3.6236655893731359E-006
 WARNING:  CLM step     :                       191
 WARNING:  indexc       :       1707136
 WARNING:  ctype(indexc):             1
 WARNING:  water balance error   -3.4597593808777500E-005
 WARNING:  CLM step     :                       191
 WARNING:  indexc       :        377406
 WARNING:  ctype(indexc):             1
 WARNING:  water balance error   -1.3786894943726346E-006
 WARNING:  CLM step     :                       191
 WARNING:  indexc       :       1335764
 WARNING:  ctype(indexc):             1
 WARNING:  water balance error   -1.6096972017190742E-005
 WARNING:  CLM step     :                       191
 WARNING:  CLM step     :                       191
 WARNING:  indexc       :       1131725
 WARNING:  ctype(indexc):             1
 WARNING:  water balance error   -6.8338354802654239E-005
 WARNING:  indexc       :        969002
 WARNING:  ctype(indexc):             1
 WARNING:  water balance error   -4.0402797631685660E-005
 WARNING:  CLM step     :                       191
 WARNING:  indexc       :         78632
 WARNING:  ctype(indexc):             1
 WARNING:  water balance error   -2.9589538409373709E-007
 WARNING:  CLM step     :                       191
 WARNING:  indexc       :       1501803
 WARNING:  ctype(indexc):             1
 WARNING:  water balance error   -1.0672162851245249E-005
 WARNING:  CLM step     :                       191
 WARNING:  indexc       :        806467
 WARNING:  ctype(indexc):             1
 WARNING:  water balance error   -6.7766680931658838E-007
[ perf record: Woken up 67702 times to write data ]
[ perf record: Woken up 67674 times to write data ]
[ perf record: Woken up 67623 times to write data ]
[ perf record: Woken up 67645 times to write data ]
[ perf record: Woken up 67683 times to write data ]
[ perf record: Woken up 67655 times to write data ]
[ perf record: Woken up 67671 times to write data ]
[ perf record: Woken up 67666 times to write data ]
[ perf record: Woken up 67672 times to write data ]
[ perf record: Woken up 67647 times to write data ]
[ perf record: Woken up 67659 times to write data ]
[ perf record: Woken up 67595 times to write data ]
[ perf record: Woken up 67574 times to write data ]
[ perf record: Woken up 67509 times to write data ]
[ perf record: Woken up 67520 times to write data ]
[ perf record: Woken up 68107 times to write data ]
Warning:
Processed 2172660 events and lost 7 chunks!

Check IO/CPU overload!

[ perf record: Captured and wrote 16906.565 MB /leonardo_scratch/large/userexternal/ctica000/perf/with_IO/sequential_write/perf_21339593/perf.data.rank6 (2098300 samples) ]
Warning:
Processed 2173402 events and lost 12 chunks!

Check IO/CPU overload!

[ perf record: Captured and wrote 16920.176 MB /leonardo_scratch/large/userexternal/ctica000/perf/with_IO/sequential_write/perf_21339593/perf.data.rank13 (2100002 samples) ]
Warning:
Processed 2171765 events and lost 9 chunks!

Check IO/CPU overload!

[ perf record: Captured and wrote 16899.666 MB /leonardo_scratch/large/userexternal/ctica000/perf/with_IO/sequential_write/perf_21339593/perf.data.rank4 (2097444 samples) ]
Warning:
Processed 2180817 events and lost 8 chunks!

Check IO/CPU overload!

[ perf record: Captured and wrote 16913.216 MB /leonardo_scratch/large/userexternal/ctica000/perf/with_IO/sequential_write/perf_21339593/perf.data.rank9 (2099032 samples) ]
Warning:
Processed 2181086 events and lost 8 chunks!

Check IO/CPU overload!

[ perf record: Captured and wrote 16919.716 MB /leonardo_scratch/large/userexternal/ctica000/perf/with_IO/sequential_write/perf_21339593/perf.data.rank7 (2099846 samples) ]
Warning:
Processed 2173703 events and lost 4 chunks!

Check IO/CPU overload!

[ perf record: Captured and wrote 16914.711 MB /leonardo_scratch/large/userexternal/ctica000/perf/with_IO/sequential_write/perf_21339593/perf.data.rank5 (2099311 samples) ]
Warning:
Processed 2173633 events and lost 7 chunks!

Check IO/CPU overload!

[ perf record: Captured and wrote 16916.732 MB /leonardo_scratch/large/userexternal/ctica000/perf/with_IO/sequential_write/perf_21339593/perf.data.rank15 (2099566 samples) ]
Warning:
Processed 2181136 events and lost 10 chunks!

Check IO/CPU overload!

[ perf record: Captured and wrote 16919.600 MB /leonardo_scratch/large/userexternal/ctica000/perf/with_IO/sequential_write/perf_21339593/perf.data.rank8 (2099831 samples) ]
Warning:
Processed 2169465 events and lost 16 chunks!

Check IO/CPU overload!

[ perf record: Captured and wrote 16881.722 MB /leonardo_scratch/large/userexternal/ctica000/perf/with_IO/sequential_write/perf_21339593/perf.data.rank3 (2095217 samples) ]
Warning:
Processed 2182136 events and lost 12 chunks!

Check IO/CPU overload!

[ perf record: Captured and wrote 16927.241 MB /leonardo_scratch/large/userexternal/ctica000/perf/with_IO/sequential_write/perf_21339593/perf.data.rank10 (2100779 samples) ]
Warning:
Processed 2173538 events and lost 9 chunks!

Check IO/CPU overload!

[ perf record: Captured and wrote 16913.413 MB /leonardo_scratch/large/userexternal/ctica000/perf/with_IO/sequential_write/perf_21339593/perf.data.rank11 (2099150 samples) ]
Warning:
Processed 2171230 events and lost 7 chunks!

Check IO/CPU overload!

[ perf record: Captured and wrote 16895.518 MB /leonardo_scratch/large/userexternal/ctica000/perf/with_IO/sequential_write/perf_21339593/perf.data.rank2 (2096929 samples) ]
Warning:
Processed 2173694 events and lost 3 chunks!

Check IO/CPU overload!

[ perf record: Captured and wrote 16922.638 MB /leonardo_scratch/large/userexternal/ctica000/perf/with_IO/sequential_write/perf_21339593/perf.data.rank14 (2100308 samples) ]
Warning:
Processed 2173054 events and lost 4 chunks!

Check IO/CPU overload!

[ perf record: Captured and wrote 16917.435 MB /leonardo_scratch/large/userexternal/ctica000/perf/with_IO/sequential_write/perf_21339593/perf.data.rank12 (2099662 samples) ]
Warning:
Processed 2408885 events and lost 10 chunks!

Check IO/CPU overload!

[ perf record: Captured and wrote 17028.407 MB /leonardo_scratch/large/userexternal/ctica000/perf/with_IO/sequential_write/perf_21339593/perf.data.rank0 (2110606 samples) ]
Warning:
Processed 2169156 events and lost 15 chunks!

Check IO/CPU overload!

[ perf record: Captured and wrote 16879.255 MB /leonardo_scratch/large/userexternal/ctica000/perf/with_IO/sequential_write/perf_21339593/perf.data.rank1 (2094911 samples) ]
