WARNING: Device-side CUDA Event completion trace is currently enabled.
         This may increase runtime overhead and the likelihood of false
         dependencies across CUDA Streams. If you wish to avoid this, please
         disable the feature with --cuda-event-trace=false.
WARNING: Device-side CUDA Event completion trace is currently enabled.
         This may increase runtime overhead and the likelihood of false
         dependencies across CUDA Streams. If you wish to avoid this, please
         disable the feature with --cuda-event-trace=false.
WARNING: Device-side CUDA Event completion trace is currently enabled.
         This may increase runtime overhead and the likelihood of false
         dependencies across CUDA Streams. If you wish to avoid this, please
         disable the feature with --cuda-event-trace=false.
WARNING: Device-side CUDA Event completion trace is currently enabled.
         This may increase runtime overhead and the likelihood of false
         dependencies across CUDA Streams. If you wish to avoid this, please
         disable the feature with --cuda-event-trace=false.
WARNING: Device-side CUDA Event completion trace is currently enabled.
         This may increase runtime overhead and the likelihood of false
         dependencies across CUDA Streams. If you wish to avoid this, please
         disable the feature with --cuda-event-trace=false.
WARNING: Device-side CUDA Event completion trace is currently enabled.
         This may increase runtime overhead and the likelihood of false
         dependencies across CUDA Streams. If you wish to avoid this, please
         disable the feature with --cuda-event-trace=false.
WARNING: Device-side CUDA Event completion trace is currently enabled.
         This may increase runtime overhead and the likelihood of false
         dependencies across CUDA Streams. If you wish to avoid this, please
         disable the feature with --cuda-event-trace=false.
WARNING: Device-side CUDA Event completion trace is currently enabled.
         This may increase runtime overhead and the likelihood of false
         dependencies across CUDA Streams. If you wish to avoid this, please
         disable the feature with --cuda-event-trace=false.
WARNING: Device-side CUDA Event completion trace is currently enabled.
         This may increase runtime overhead and the likelihood of false
         dependencies across CUDA Streams. If you wish to avoid this, please
         disable the feature with --cuda-event-trace=false.
WARNING: Device-side CUDA Event completion trace is currently enabled.
         This may increase runtime overhead and the likelihood of false
         dependencies across CUDA Streams. If you wish to avoid this, please
         disable the feature with --cuda-event-trace=false.
WARNING: Device-side CUDA Event completion trace is currently enabled.
         This may increase runtime overhead and the likelihood of false
         dependencies across CUDA Streams. If you wish to avoid this, please
         disable the feature with --cuda-event-trace=false.
WARNING: Device-side CUDA Event completion trace is currently enabled.
         This may increase runtime overhead and the likelihood of false
         dependencies across CUDA Streams. If you wish to avoid this, please
         disable the feature with --cuda-event-trace=false.
WARNING: Device-side CUDA Event completion trace is currently enabled.
         This may increase runtime overhead and the likelihood of false
         dependencies across CUDA Streams. If you wish to avoid this, please
         disable the feature with --cuda-event-trace=false.
WARNING: Device-side CUDA Event completion trace is currently enabled.
         This may increase runtime overhead and the likelihood of false
         dependencies across CUDA Streams. If you wish to avoid this, please
         disable the feature with --cuda-event-trace=false.
WARNING: Device-side CUDA Event completion trace is currently enabled.
         This may increase runtime overhead and the likelihood of false
         dependencies across CUDA Streams. If you wish to avoid this, please
         disable the feature with --cuda-event-trace=false.
WARNING: Device-side CUDA Event completion trace is currently enabled.
         This may increase runtime overhead and the likelihood of false
         dependencies across CUDA Streams. If you wish to avoid this, please
         disable the feature with --cuda-event-trace=false.
WARNING: Device-side CUDA Event completion trace is currently enabled.
         This may increase runtime overhead and the likelihood of false
         dependencies across CUDA Streams. If you wish to avoid this, please
         disable the feature with --cuda-event-trace=false.
WARNING: Device-side CUDA Event completion trace is currently enabled.
         This may increase runtime overhead and the likelihood of false
         dependencies across CUDA Streams. If you wish to avoid this, please
         disable the feature with --cuda-event-trace=false.
WARNING: Device-side CUDA Event completion trace is currently enabled.
         This may increase runtime overhead and the likelihood of false
         dependencies across CUDA Streams. If you wish to avoid this, please
         disable the feature with --cuda-event-trace=false.
WARNING: Device-side CUDA Event completion trace is currently enabled.
         This may increase runtime overhead and the likelihood of false
         dependencies across CUDA Streams. If you wish to avoid this, please
         disable the feature with --cuda-event-trace=false.
WARNING: Device-side CUDA Event completion trace is currently enabled.
         This may increase runtime overhead and the likelihood of false
         dependencies across CUDA Streams. If you wish to avoid this, please
         disable the feature with --cuda-event-trace=false.
WARNING: Device-side CUDA Event completion trace is currently enabled.
         This may increase runtime overhead and the likelihood of false
         dependencies across CUDA Streams. If you wish to avoid this, please
         disable the feature with --cuda-event-trace=false.
WARNING: Device-side CUDA Event completion trace is currently enabled.
         This may increase runtime overhead and the likelihood of false
         dependencies across CUDA Streams. If you wish to avoid this, please
         disable the feature with --cuda-event-trace=false.
WARNING: Device-side CUDA Event completion trace is currently enabled.
         This may increase runtime overhead and the likelihood of false
         dependencies across CUDA Streams. If you wish to avoid this, please
         disable the feature with --cuda-event-trace=false.
WARNING: Device-side CUDA Event completion trace is currently enabled.
         This may increase runtime overhead and the likelihood of false
         dependencies across CUDA Streams. If you wish to avoid this, please
         disable the feature with --cuda-event-trace=false.
WARNING: Device-side CUDA Event completion trace is currently enabled.
         This may increase runtime overhead and the likelihood of false
         dependencies across CUDA Streams. If you wish to avoid this, please
         disable the feature with --cuda-event-trace=false.
WARNING: Device-side CUDA Event completion trace is currently enabled.
         This may increase runtime overhead and the likelihood of false
         dependencies across CUDA Streams. If you wish to avoid this, please
         disable the feature with --cuda-event-trace=false.
WARNING: Device-side CUDA Event completion trace is currently enabled.
         This may increase runtime overhead and the likelihood of false
         dependencies across CUDA Streams. If you wish to avoid this, please
         disable the feature with --cuda-event-trace=false.
WARNING: Device-side CUDA Event completion trace is currently enabled.
         This may increase runtime overhead and the likelihood of false
         dependencies across CUDA Streams. If you wish to avoid this, please
         disable the feature with --cuda-event-trace=false.
WARNING: Device-side CUDA Event completion trace is currently enabled.
         This may increase runtime overhead and the likelihood of false
         dependencies across CUDA Streams. If you wish to avoid this, please
         disable the feature with --cuda-event-trace=false.
WARNING: Device-side CUDA Event completion trace is currently enabled.
         This may increase runtime overhead and the likelihood of false
         dependencies across CUDA Streams. If you wish to avoid this, please
         disable the feature with --cuda-event-trace=false.
WARNING: Device-side CUDA Event completion trace is currently enabled.
         This may increase runtime overhead and the likelihood of false
         dependencies across CUDA Streams. If you wish to avoid this, please
         disable the feature with --cuda-event-trace=false.
WARNING: Device-side CUDA Event completion trace is currently enabled.
         This may increase runtime overhead and the likelihood of false
         dependencies across CUDA Streams. If you wish to avoid this, please
         disable the feature with --cuda-event-trace=false.
WARNING: Device-side CUDA Event completion trace is currently enabled.
         This may increase runtime overhead and the likelihood of false
         dependencies across CUDA Streams. If you wish to avoid this, please
         disable the feature with --cuda-event-trace=false.
WARNING: Device-side CUDA Event completion trace is currently enabled.
         This may increase runtime overhead and the likelihood of false
         dependencies across CUDA Streams. If you wish to avoid this, please
         disable the feature with --cuda-event-trace=false.
WARNING: Device-side CUDA Event completion trace is currently enabled.
         This may increase runtime overhead and the likelihood of false
         dependencies across CUDA Streams. If you wish to avoid this, please
         disable the feature with --cuda-event-trace=false.
WARNING: Device-side CUDA Event completion trace is currently enabled.
         This may increase runtime overhead and the likelihood of false
         dependencies across CUDA Streams. If you wish to avoid this, please
         disable the feature with --cuda-event-trace=false.
WARNING: Device-side CUDA Event completion trace is currently enabled.
         This may increase runtime overhead and the likelihood of false
         dependencies across CUDA Streams. If you wish to avoid this, please
         disable the feature with --cuda-event-trace=false.
WARNING: Device-side CUDA Event completion trace is currently enabled.
         This may increase runtime overhead and the likelihood of false
         dependencies across CUDA Streams. If you wish to avoid this, please
         disable the feature with --cuda-event-trace=false.
WARNING: Device-side CUDA Event completion trace is currently enabled.
         This may increase runtime overhead and the likelihood of false
         dependencies across CUDA Streams. If you wish to avoid this, please
         disable the feature with --cuda-event-trace=false.
WARNING: Device-side CUDA Event completion trace is currently enabled.
         This may increase runtime overhead and the likelihood of false
         dependencies across CUDA Streams. If you wish to avoid this, please
         disable the feature with --cuda-event-trace=false.
WARNING: Device-side CUDA Event completion trace is currently enabled.
         This may increase runtime overhead and the likelihood of false
         dependencies across CUDA Streams. If you wish to avoid this, please
         disable the feature with --cuda-event-trace=false.
WARNING: Device-side CUDA Event completion trace is currently enabled.
         This may increase runtime overhead and the likelihood of false
         dependencies across CUDA Streams. If you wish to avoid this, please
         disable the feature with --cuda-event-trace=false.
WARNING: Device-side CUDA Event completion trace is currently enabled.
         This may increase runtime overhead and the likelihood of false
         dependencies across CUDA Streams. If you wish to avoid this, please
         disable the feature with --cuda-event-trace=false.
WARNING: Device-side CUDA Event completion trace is currently enabled.
         This may increase runtime overhead and the likelihood of false
         dependencies across CUDA Streams. If you wish to avoid this, please
         disable the feature with --cuda-event-trace=false.
WARNING: Device-side CUDA Event completion trace is currently enabled.
         This may increase runtime overhead and the likelihood of false
         dependencies across CUDA Streams. If you wish to avoid this, please
         disable the feature with --cuda-event-trace=false.
WARNING: Device-side CUDA Event completion trace is currently enabled.
         This may increase runtime overhead and the likelihood of false
         dependencies across CUDA Streams. If you wish to avoid this, please
         disable the feature with --cuda-event-trace=false.
WARNING: Device-side CUDA Event completion trace is currently enabled.
         This may increase runtime overhead and the likelihood of false
         dependencies across CUDA Streams. If you wish to avoid this, please
         disable the feature with --cuda-event-trace=false.
WARNING: Device-side CUDA Event completion trace is currently enabled.
         This may increase runtime overhead and the likelihood of false
         dependencies across CUDA Streams. If you wish to avoid this, please
         disable the feature with --cuda-event-trace=false.
WARNING: Device-side CUDA Event completion trace is currently enabled.
         This may increase runtime overhead and the likelihood of false
         dependencies across CUDA Streams. If you wish to avoid this, please
         disable the feature with --cuda-event-trace=false.
WARNING: Device-side CUDA Event completion trace is currently enabled.
         This may increase runtime overhead and the likelihood of false
         dependencies across CUDA Streams. If you wish to avoid this, please
         disable the feature with --cuda-event-trace=false.
WARNING: Device-side CUDA Event completion trace is currently enabled.
         This may increase runtime overhead and the likelihood of false
         dependencies across CUDA Streams. If you wish to avoid this, please
         disable the feature with --cuda-event-trace=false.
WARNING: Device-side CUDA Event completion trace is currently enabled.
         This may increase runtime overhead and the likelihood of false
         dependencies across CUDA Streams. If you wish to avoid this, please
         disable the feature with --cuda-event-trace=false.
WARNING: Device-side CUDA Event completion trace is currently enabled.
         This may increase runtime overhead and the likelihood of false
         dependencies across CUDA Streams. If you wish to avoid this, please
         disable the feature with --cuda-event-trace=false.
WARNING: Device-side CUDA Event completion trace is currently enabled.
         This may increase runtime overhead and the likelihood of false
         dependencies across CUDA Streams. If you wish to avoid this, please
         disable the feature with --cuda-event-trace=false.
WARNING: Device-side CUDA Event completion trace is currently enabled.
         This may increase runtime overhead and the likelihood of false
         dependencies across CUDA Streams. If you wish to avoid this, please
         disable the feature with --cuda-event-trace=false.
WARNING: Device-side CUDA Event completion trace is currently enabled.
         This may increase runtime overhead and the likelihood of false
         dependencies across CUDA Streams. If you wish to avoid this, please
         disable the feature with --cuda-event-trace=false.
WARNING: Device-side CUDA Event completion trace is currently enabled.
         This may increase runtime overhead and the likelihood of false
         dependencies across CUDA Streams. If you wish to avoid this, please
         disable the feature with --cuda-event-trace=false.
WARNING: Device-side CUDA Event completion trace is currently enabled.
         This may increase runtime overhead and the likelihood of false
         dependencies across CUDA Streams. If you wish to avoid this, please
         disable the feature with --cuda-event-trace=false.
WARNING: Device-side CUDA Event completion trace is currently enabled.
         This may increase runtime overhead and the likelihood of false
         dependencies across CUDA Streams. If you wish to avoid this, please
         disable the feature with --cuda-event-trace=false.
WARNING: Device-side CUDA Event completion trace is currently enabled.
         This may increase runtime overhead and the likelihood of false
         dependencies across CUDA Streams. If you wish to avoid this, please
         disable the feature with --cuda-event-trace=false.
WARNING: Device-side CUDA Event completion trace is currently enabled.
         This may increase runtime overhead and the likelihood of false
         dependencies across CUDA Streams. If you wish to avoid this, please
         disable the feature with --cuda-event-trace=false.
WARNING: Device-side CUDA Event completion trace is currently enabled.
         This may increase runtime overhead and the likelihood of false
         dependencies across CUDA Streams. If you wish to avoid this, please
         disable the feature with --cuda-event-trace=false.
WARNING: Device-side CUDA Event completion trace is currently enabled.
         This may increase runtime overhead and the likelihood of false
         dependencies across CUDA Streams. If you wish to avoid this, please
         disable the feature with --cuda-event-trace=false.
WARNING: Device-side CUDA Event completion trace is currently enabled.
         This may increase runtime overhead and the likelihood of false
         dependencies across CUDA Streams. If you wish to avoid this, please
         disable the feature with --cuda-event-trace=false.
WARNING: Device-side CUDA Event completion trace is currently enabled.
         This may increase runtime overhead and the likelihood of false
         dependencies across CUDA Streams. If you wish to avoid this, please
         disable the feature with --cuda-event-trace=false.
WARNING: Device-side CUDA Event completion trace is currently enabled.
         This may increase runtime overhead and the likelihood of false
         dependencies across CUDA Streams. If you wish to avoid this, please
         disable the feature with --cuda-event-trace=false.
WARNING: Device-side CUDA Event completion trace is currently enabled.
         This may increase runtime overhead and the likelihood of false
         dependencies across CUDA Streams. If you wish to avoid this, please
         disable the feature with --cuda-event-trace=false.
WARNING: Device-side CUDA Event completion trace is currently enabled.
         This may increase runtime overhead and the likelihood of false
         dependencies across CUDA Streams. If you wish to avoid this, please
         disable the feature with --cuda-event-trace=false.
WARNING: Device-side CUDA Event completion trace is currently enabled.
         This may increase runtime overhead and the likelihood of false
         dependencies across CUDA Streams. If you wish to avoid this, please
         disable the feature with --cuda-event-trace=false.
WARNING: Device-side CUDA Event completion trace is currently enabled.
         This may increase runtime overhead and the likelihood of false
         dependencies across CUDA Streams. If you wish to avoid this, please
         disable the feature with --cuda-event-trace=false.
WARNING: Device-side CUDA Event completion trace is currently enabled.
         This may increase runtime overhead and the likelihood of false
         dependencies across CUDA Streams. If you wish to avoid this, please
         disable the feature with --cuda-event-trace=false.
WARNING: Device-side CUDA Event completion trace is currently enabled.
         This may increase runtime overhead and the likelihood of false
         dependencies across CUDA Streams. If you wish to avoid this, please
         disable the feature with --cuda-event-trace=false.
WARNING: Device-side CUDA Event completion trace is currently enabled.
         This may increase runtime overhead and the likelihood of false
         dependencies across CUDA Streams. If you wish to avoid this, please
         disable the feature with --cuda-event-trace=false.
WARNING: Device-side CUDA Event completion trace is currently enabled.
         This may increase runtime overhead and the likelihood of false
         dependencies across CUDA Streams. If you wish to avoid this, please
         disable the feature with --cuda-event-trace=false.
WARNING: Device-side CUDA Event completion trace is currently enabled.
         This may increase runtime overhead and the likelihood of false
         dependencies across CUDA Streams. If you wish to avoid this, please
         disable the feature with --cuda-event-trace=false.
WARNING: Device-side CUDA Event completion trace is currently enabled.
         This may increase runtime overhead and the likelihood of false
         dependencies across CUDA Streams. If you wish to avoid this, please
         disable the feature with --cuda-event-trace=false.
WARNING: Device-side CUDA Event completion trace is currently enabled.
         This may increase runtime overhead and the likelihood of false
         dependencies across CUDA Streams. If you wish to avoid this, please
         disable the feature with --cuda-event-trace=false.
WARNING: Device-side CUDA Event completion trace is currently enabled.
         This may increase runtime overhead and the likelihood of false
         dependencies across CUDA Streams. If you wish to avoid this, please
         disable the feature with --cuda-event-trace=false.
WARNING: Device-side CUDA Event completion trace is currently enabled.
         This may increase runtime overhead and the likelihood of false
         dependencies across CUDA Streams. If you wish to avoid this, please
         disable the feature with --cuda-event-trace=false.
WARNING: Device-side CUDA Event completion trace is currently enabled.
         This may increase runtime overhead and the likelihood of false
         dependencies across CUDA Streams. If you wish to avoid this, please
         disable the feature with --cuda-event-trace=false.
WARNING: Device-side CUDA Event completion trace is currently enabled.
         This may increase runtime overhead and the likelihood of false
         dependencies across CUDA Streams. If you wish to avoid this, please
         disable the feature with --cuda-event-trace=false.
WARNING: Device-side CUDA Event completion trace is currently enabled.
         This may increase runtime overhead and the likelihood of false
         dependencies across CUDA Streams. If you wish to avoid this, please
         disable the feature with --cuda-event-trace=false.
WARNING: Device-side CUDA Event completion trace is currently enabled.
         This may increase runtime overhead and the likelihood of false
         dependencies across CUDA Streams. If you wish to avoid this, please
         disable the feature with --cuda-event-trace=false.
WARNING: Device-side CUDA Event completion trace is currently enabled.
         This may increase runtime overhead and the likelihood of false
         dependencies across CUDA Streams. If you wish to avoid this, please
         disable the feature with --cuda-event-trace=false.
WARNING: Device-side CUDA Event completion trace is currently enabled.
         This may increase runtime overhead and the likelihood of false
         dependencies across CUDA Streams. If you wish to avoid this, please
         disable the feature with --cuda-event-trace=false.
WARNING: Device-side CUDA Event completion trace is currently enabled.
         This may increase runtime overhead and the likelihood of false
         dependencies across CUDA Streams. If you wish to avoid this, please
         disable the feature with --cuda-event-trace=false.
WARNING: Device-side CUDA Event completion trace is currently enabled.
         This may increase runtime overhead and the likelihood of false
         dependencies across CUDA Streams. If you wish to avoid this, please
         disable the feature with --cuda-event-trace=false.
WARNING: Device-side CUDA Event completion trace is currently enabled.
         This may increase runtime overhead and the likelihood of false
         dependencies across CUDA Streams. If you wish to avoid this, please
         disable the feature with --cuda-event-trace=false.
WARNING: Device-side CUDA Event completion trace is currently enabled.
         This may increase runtime overhead and the likelihood of false
         dependencies across CUDA Streams. If you wish to avoid this, please
         disable the feature with --cuda-event-trace=false.
WARNING: Device-side CUDA Event completion trace is currently enabled.
         This may increase runtime overhead and the likelihood of false
         dependencies across CUDA Streams. If you wish to avoid this, please
         disable the feature with --cuda-event-trace=false.
WARNING: Device-side CUDA Event completion trace is currently enabled.
         This may increase runtime overhead and the likelihood of false
         dependencies across CUDA Streams. If you wish to avoid this, please
         disable the feature with --cuda-event-trace=false.
WARNING: Device-side CUDA Event completion trace is currently enabled.
         This may increase runtime overhead and the likelihood of false
         dependencies across CUDA Streams. If you wish to avoid this, please
         disable the feature with --cuda-event-trace=false.
WARNING: Device-side CUDA Event completion trace is currently enabled.
         This may increase runtime overhead and the likelihood of false
         dependencies across CUDA Streams. If you wish to avoid this, please
         disable the feature with --cuda-event-trace=false.
WARNING: Device-side CUDA Event completion trace is currently enabled.
         This may increase runtime overhead and the likelihood of false
         dependencies across CUDA Streams. If you wish to avoid this, please
         disable the feature with --cuda-event-trace=false.
WARNING: Device-side CUDA Event completion trace is currently enabled.
         This may increase runtime overhead and the likelihood of false
         dependencies across CUDA Streams. If you wish to avoid this, please
         disable the feature with --cuda-event-trace=false.
WARNING: Device-side CUDA Event completion trace is currently enabled.
         This may increase runtime overhead and the likelihood of false
         dependencies across CUDA Streams. If you wish to avoid this, please
         disable the feature with --cuda-event-trace=false.
WARNING: Device-side CUDA Event completion trace is currently enabled.
         This may increase runtime overhead and the likelihood of false
         dependencies across CUDA Streams. If you wish to avoid this, please
         disable the feature with --cuda-event-trace=false.
WARNING: Device-side CUDA Event completion trace is currently enabled.
         This may increase runtime overhead and the likelihood of false
         dependencies across CUDA Streams. If you wish to avoid this, please
         disable the feature with --cuda-event-trace=false.
WARNING: Device-side CUDA Event completion trace is currently enabled.
         This may increase runtime overhead and the likelihood of false
         dependencies across CUDA Streams. If you wish to avoid this, please
         disable the feature with --cuda-event-trace=false.
WARNING: Device-side CUDA Event completion trace is currently enabled.
         This may increase runtime overhead and the likelihood of false
         dependencies across CUDA Streams. If you wish to avoid this, please
         disable the feature with --cuda-event-trace=false.
WARNING: Device-side CUDA Event completion trace is currently enabled.
         This may increase runtime overhead and the likelihood of false
         dependencies across CUDA Streams. If you wish to avoid this, please
         disable the feature with --cuda-event-trace=false.
WARNING: Device-side CUDA Event completion trace is currently enabled.
         This may increase runtime overhead and the likelihood of false
         dependencies across CUDA Streams. If you wish to avoid this, please
         disable the feature with --cuda-event-trace=false.
WARNING: Device-side CUDA Event completion trace is currently enabled.
         This may increase runtime overhead and the likelihood of false
         dependencies across CUDA Streams. If you wish to avoid this, please
         disable the feature with --cuda-event-trace=false.
WARNING: Device-side CUDA Event completion trace is currently enabled.
         This may increase runtime overhead and the likelihood of false
         dependencies across CUDA Streams. If you wish to avoid this, please
         disable the feature with --cuda-event-trace=false.
WARNING: Device-side CUDA Event completion trace is currently enabled.
         This may increase runtime overhead and the likelihood of false
         dependencies across CUDA Streams. If you wish to avoid this, please
         disable the feature with --cuda-event-trace=false.
WARNING: Device-side CUDA Event completion trace is currently enabled.
         This may increase runtime overhead and the likelihood of false
         dependencies across CUDA Streams. If you wish to avoid this, please
         disable the feature with --cuda-event-trace=false.
WARNING: Device-side CUDA Event completion trace is currently enabled.
         This may increase runtime overhead and the likelihood of false
         dependencies across CUDA Streams. If you wish to avoid this, please
         disable the feature with --cuda-event-trace=false.
WARNING: Device-side CUDA Event completion trace is currently enabled.
         This may increase runtime overhead and the likelihood of false
         dependencies across CUDA Streams. If you wish to avoid this, please
         disable the feature with --cuda-event-trace=false.
WARNING: Device-side CUDA Event completion trace is currently enabled.
         This may increase runtime overhead and the likelihood of false
         dependencies across CUDA Streams. If you wish to avoid this, please
         disable the feature with --cuda-event-trace=false.
WARNING: Device-side CUDA Event completion trace is currently enabled.
         This may increase runtime overhead and the likelihood of false
         dependencies across CUDA Streams. If you wish to avoid this, please
         disable the feature with --cuda-event-trace=false.
WARNING: Device-side CUDA Event completion trace is currently enabled.
         This may increase runtime overhead and the likelihood of false
         dependencies across CUDA Streams. If you wish to avoid this, please
         disable the feature with --cuda-event-trace=false.
WARNING: Device-side CUDA Event completion trace is currently enabled.
         This may increase runtime overhead and the likelihood of false
         dependencies across CUDA Streams. If you wish to avoid this, please
         disable the feature with --cuda-event-trace=false.
WARNING: Device-side CUDA Event completion trace is currently enabled.
         This may increase runtime overhead and the likelihood of false
         dependencies across CUDA Streams. If you wish to avoid this, please
         disable the feature with --cuda-event-trace=false.
WARNING: Device-side CUDA Event completion trace is currently enabled.
         This may increase runtime overhead and the likelihood of false
         dependencies across CUDA Streams. If you wish to avoid this, please
         disable the feature with --cuda-event-trace=false.
WARNING: Device-side CUDA Event completion trace is currently enabled.
         This may increase runtime overhead and the likelihood of false
         dependencies across CUDA Streams. If you wish to avoid this, please
         disable the feature with --cuda-event-trace=false.
WARNING: Device-side CUDA Event completion trace is currently enabled.
         This may increase runtime overhead and the likelihood of false
         dependencies across CUDA Streams. If you wish to avoid this, please
         disable the feature with --cuda-event-trace=false.
WARNING: Device-side CUDA Event completion trace is currently enabled.
         This may increase runtime overhead and the likelihood of false
         dependencies across CUDA Streams. If you wish to avoid this, please
         disable the feature with --cuda-event-trace=false.
WARNING: Device-side CUDA Event completion trace is currently enabled.
         This may increase runtime overhead and the likelihood of false
         dependencies across CUDA Streams. If you wish to avoid this, please
         disable the feature with --cuda-event-trace=false.
WARNING: Device-side CUDA Event completion trace is currently enabled.
         This may increase runtime overhead and the likelihood of false
         dependencies across CUDA Streams. If you wish to avoid this, please
         disable the feature with --cuda-event-trace=false.
WARNING: Device-side CUDA Event completion trace is currently enabled.
         This may increase runtime overhead and the likelihood of false
         dependencies across CUDA Streams. If you wish to avoid this, please
         disable the feature with --cuda-event-trace=false.
WARNING: Device-side CUDA Event completion trace is currently enabled.
         This may increase runtime overhead and the likelihood of false
         dependencies across CUDA Streams. If you wish to avoid this, please
         disable the feature with --cuda-event-trace=false.
WARNING: Device-side CUDA Event completion trace is currently enabled.
         This may increase runtime overhead and the likelihood of false
         dependencies across CUDA Streams. If you wish to avoid this, please
         disable the feature with --cuda-event-trace=false.
WARNING: Device-side CUDA Event completion trace is currently enabled.
         This may increase runtime overhead and the likelihood of false
         dependencies across CUDA Streams. If you wish to avoid this, please
         disable the feature with --cuda-event-trace=false.
WARNING: Device-side CUDA Event completion trace is currently enabled.
         This may increase runtime overhead and the likelihood of false
         dependencies across CUDA Streams. If you wish to avoid this, please
         disable the feature with --cuda-event-trace=false.
WARNING: Device-side CUDA Event completion trace is currently enabled.
         This may increase runtime overhead and the likelihood of false
         dependencies across CUDA Streams. If you wish to avoid this, please
         disable the feature with --cuda-event-trace=false.
WARNING: Device-side CUDA Event completion trace is currently enabled.
         This may increase runtime overhead and the likelihood of false
         dependencies across CUDA Streams. If you wish to avoid this, please
         disable the feature with --cuda-event-trace=false.
WARNING: Device-side CUDA Event completion trace is currently enabled.
         This may increase runtime overhead and the likelihood of false
         dependencies across CUDA Streams. If you wish to avoid this, please
         disable the feature with --cuda-event-trace=false.
WARNING: Device-side CUDA Event completion trace is currently enabled.
         This may increase runtime overhead and the likelihood of false
         dependencies across CUDA Streams. If you wish to avoid this, please
         disable the feature with --cuda-event-trace=false.
WARNING: Device-side CUDA Event completion trace is currently enabled.
         This may increase runtime overhead and the likelihood of false
         dependencies across CUDA Streams. If you wish to avoid this, please
         disable the feature with --cuda-event-trace=false.
WARNING: Device-side CUDA Event completion trace is currently enabled.
         This may increase runtime overhead and the likelihood of false
         dependencies across CUDA Streams. If you wish to avoid this, please
         disable the feature with --cuda-event-trace=false.
WARNING: Device-side CUDA Event completion trace is currently enabled.
         This may increase runtime overhead and the likelihood of false
         dependencies across CUDA Streams. If you wish to avoid this, please
         disable the feature with --cuda-event-trace=false.
WARNING: Device-side CUDA Event completion trace is currently enabled.
         This may increase runtime overhead and the likelihood of false
         dependencies across CUDA Streams. If you wish to avoid this, please
         disable the feature with --cuda-event-trace=false.
WARNING: Device-side CUDA Event completion trace is currently enabled.
         This may increase runtime overhead and the likelihood of false
         dependencies across CUDA Streams. If you wish to avoid this, please
         disable the feature with --cuda-event-trace=false.
WARNING: Device-side CUDA Event completion trace is currently enabled.
         This may increase runtime overhead and the likelihood of false
         dependencies across CUDA Streams. If you wish to avoid this, please
         disable the feature with --cuda-event-trace=false.
WARNING: Device-side CUDA Event completion trace is currently enabled.
         This may increase runtime overhead and the likelihood of false
         dependencies across CUDA Streams. If you wish to avoid this, please
         disable the feature with --cuda-event-trace=false.
WARNING: Device-side CUDA Event completion trace is currently enabled.
         This may increase runtime overhead and the likelihood of false
         dependencies across CUDA Streams. If you wish to avoid this, please
         disable the feature with --cuda-event-trace=false.
WARNING: Device-side CUDA Event completion trace is currently enabled.
         This may increase runtime overhead and the likelihood of false
         dependencies across CUDA Streams. If you wish to avoid this, please
         disable the feature with --cuda-event-trace=false.
WARNING: Device-side CUDA Event completion trace is currently enabled.
         This may increase runtime overhead and the likelihood of false
         dependencies across CUDA Streams. If you wish to avoid this, please
         disable the feature with --cuda-event-trace=false.
WARNING: Device-side CUDA Event completion trace is currently enabled.
         This may increase runtime overhead and the likelihood of false
         dependencies across CUDA Streams. If you wish to avoid this, please
         disable the feature with --cuda-event-trace=false.
WARNING: Device-side CUDA Event completion trace is currently enabled.
         This may increase runtime overhead and the likelihood of false
         dependencies across CUDA Streams. If you wish to avoid this, please
         disable the feature with --cuda-event-trace=false.
WARNING: Device-side CUDA Event completion trace is currently enabled.
         This may increase runtime overhead and the likelihood of false
         dependencies across CUDA Streams. If you wish to avoid this, please
         disable the feature with --cuda-event-trace=false.
WARNING: Device-side CUDA Event completion trace is currently enabled.
         This may increase runtime overhead and the likelihood of false
         dependencies across CUDA Streams. If you wish to avoid this, please
         disable the feature with --cuda-event-trace=false.
WARNING: Device-side CUDA Event completion trace is currently enabled.
         This may increase runtime overhead and the likelihood of false
         dependencies across CUDA Streams. If you wish to avoid this, please
         disable the feature with --cuda-event-trace=false.
WARNING: Device-side CUDA Event completion trace is currently enabled.
         This may increase runtime overhead and the likelihood of false
         dependencies across CUDA Streams. If you wish to avoid this, please
         disable the feature with --cuda-event-trace=false.
WARNING: Device-side CUDA Event completion trace is currently enabled.
         This may increase runtime overhead and the likelihood of false
         dependencies across CUDA Streams. If you wish to avoid this, please
         disable the feature with --cuda-event-trace=false.
WARNING: Device-side CUDA Event completion trace is currently enabled.
         This may increase runtime overhead and the likelihood of false
         dependencies across CUDA Streams. If you wish to avoid this, please
         disable the feature with --cuda-event-trace=false.
WARNING: Device-side CUDA Event completion trace is currently enabled.
         This may increase runtime overhead and the likelihood of false
         dependencies across CUDA Streams. If you wish to avoid this, please
         disable the feature with --cuda-event-trace=false.
WARNING: Device-side CUDA Event completion trace is currently enabled.
         This may increase runtime overhead and the likelihood of false
         dependencies across CUDA Streams. If you wish to avoid this, please
         disable the feature with --cuda-event-trace=false.
WARNING: Device-side CUDA Event completion trace is currently enabled.
         This may increase runtime overhead and the likelihood of false
         dependencies across CUDA Streams. If you wish to avoid this, please
         disable the feature with --cuda-event-trace=false.
WARNING: Device-side CUDA Event completion trace is currently enabled.
         This may increase runtime overhead and the likelihood of false
         dependencies across CUDA Streams. If you wish to avoid this, please
         disable the feature with --cuda-event-trace=false.
WARNING: Device-side CUDA Event completion trace is currently enabled.
         This may increase runtime overhead and the likelihood of false
         dependencies across CUDA Streams. If you wish to avoid this, please
         disable the feature with --cuda-event-trace=false.
WARNING: Device-side CUDA Event completion trace is currently enabled.
         This may increase runtime overhead and the likelihood of false
         dependencies across CUDA Streams. If you wish to avoid this, please
         disable the feature with --cuda-event-trace=false.
WARNING: Device-side CUDA Event completion trace is currently enabled.
         This may increase runtime overhead and the likelihood of false
         dependencies across CUDA Streams. If you wish to avoid this, please
         disable the feature with --cuda-event-trace=false.
WARNING: Device-side CUDA Event completion trace is currently enabled.
         This may increase runtime overhead and the likelihood of false
         dependencies across CUDA Streams. If you wish to avoid this, please
         disable the feature with --cuda-event-trace=false.
WARNING: Device-side CUDA Event completion trace is currently enabled.
         This may increase runtime overhead and the likelihood of false
         dependencies across CUDA Streams. If you wish to avoid this, please
         disable the feature with --cuda-event-trace=false.
WARNING: Device-side CUDA Event completion trace is currently enabled.
         This may increase runtime overhead and the likelihood of false
         dependencies across CUDA Streams. If you wish to avoid this, please
         disable the feature with --cuda-event-trace=false.
WARNING: Device-side CUDA Event completion trace is currently enabled.
         This may increase runtime overhead and the likelihood of false
         dependencies across CUDA Streams. If you wish to avoid this, please
         disable the feature with --cuda-event-trace=false.
WARNING: Device-side CUDA Event completion trace is currently enabled.
         This may increase runtime overhead and the likelihood of false
         dependencies across CUDA Streams. If you wish to avoid this, please
         disable the feature with --cuda-event-trace=false.
WARNING: Device-side CUDA Event completion trace is currently enabled.
         This may increase runtime overhead and the likelihood of false
         dependencies across CUDA Streams. If you wish to avoid this, please
         disable the feature with --cuda-event-trace=false.
WARNING: Device-side CUDA Event completion trace is currently enabled.
         This may increase runtime overhead and the likelihood of false
         dependencies across CUDA Streams. If you wish to avoid this, please
         disable the feature with --cuda-event-trace=false.
WARNING: Device-side CUDA Event completion trace is currently enabled.
         This may increase runtime overhead and the likelihood of false
         dependencies across CUDA Streams. If you wish to avoid this, please
         disable the feature with --cuda-event-trace=false.
WARNING: Device-side CUDA Event completion trace is currently enabled.
         This may increase runtime overhead and the likelihood of false
         dependencies across CUDA Streams. If you wish to avoid this, please
         disable the feature with --cuda-event-trace=false.
WARNING: Device-side CUDA Event completion trace is currently enabled.
         This may increase runtime overhead and the likelihood of false
         dependencies across CUDA Streams. If you wish to avoid this, please
         disable the feature with --cuda-event-trace=false.
WARNING: Device-side CUDA Event completion trace is currently enabled.
         This may increase runtime overhead and the likelihood of false
         dependencies across CUDA Streams. If you wish to avoid this, please
         disable the feature with --cuda-event-trace=false.
WARNING: Device-side CUDA Event completion trace is currently enabled.
         This may increase runtime overhead and the likelihood of false
         dependencies across CUDA Streams. If you wish to avoid this, please
         disable the feature with --cuda-event-trace=false.
WARNING: Device-side CUDA Event completion trace is currently enabled.
         This may increase runtime overhead and the likelihood of false
         dependencies across CUDA Streams. If you wish to avoid this, please
         disable the feature with --cuda-event-trace=false.
WARNING: Device-side CUDA Event completion trace is currently enabled.
         This may increase runtime overhead and the likelihood of false
         dependencies across CUDA Streams. If you wish to avoid this, please
         disable the feature with --cuda-event-trace=false.
WARNING: Device-side CUDA Event completion trace is currently enabled.
         This may increase runtime overhead and the likelihood of false
         dependencies across CUDA Streams. If you wish to avoid this, please
         disable the feature with --cuda-event-trace=false.
WARNING: Device-side CUDA Event completion trace is currently enabled.
         This may increase runtime overhead and the likelihood of false
         dependencies across CUDA Streams. If you wish to avoid this, please
         disable the feature with --cuda-event-trace=false.
WARNING: Device-side CUDA Event completion trace is currently enabled.
         This may increase runtime overhead and the likelihood of false
         dependencies across CUDA Streams. If you wish to avoid this, please
         disable the feature with --cuda-event-trace=false.
WARNING: Device-side CUDA Event completion trace is currently enabled.
         This may increase runtime overhead and the likelihood of false
         dependencies across CUDA Streams. If you wish to avoid this, please
         disable the feature with --cuda-event-trace=false.
WARNING: Device-side CUDA Event completion trace is currently enabled.
         This may increase runtime overhead and the likelihood of false
         dependencies across CUDA Streams. If you wish to avoid this, please
         disable the feature with --cuda-event-trace=false.
WARNING: Device-side CUDA Event completion trace is currently enabled.
         This may increase runtime overhead and the likelihood of false
         dependencies across CUDA Streams. If you wish to avoid this, please
         disable the feature with --cuda-event-trace=false.
WARNING: Device-side CUDA Event completion trace is currently enabled.
         This may increase runtime overhead and the likelihood of false
         dependencies across CUDA Streams. If you wish to avoid this, please
         disable the feature with --cuda-event-trace=false.
WARNING: Device-side CUDA Event completion trace is currently enabled.
         This may increase runtime overhead and the likelihood of false
         dependencies across CUDA Streams. If you wish to avoid this, please
         disable the feature with --cuda-event-trace=false.
WARNING: Device-side CUDA Event completion trace is currently enabled.
         This may increase runtime overhead and the likelihood of false
         dependencies across CUDA Streams. If you wish to avoid this, please
         disable the feature with --cuda-event-trace=false.
WARNING: Device-side CUDA Event completion trace is currently enabled.
         This may increase runtime overhead and the likelihood of false
         dependencies across CUDA Streams. If you wish to avoid this, please
         disable the feature with --cuda-event-trace=false.
WARNING: Device-side CUDA Event completion trace is currently enabled.
         This may increase runtime overhead and the likelihood of false
         dependencies across CUDA Streams. If you wish to avoid this, please
         disable the feature with --cuda-event-trace=false.
WARNING: Device-side CUDA Event completion trace is currently enabled.
         This may increase runtime overhead and the likelihood of false
         dependencies across CUDA Streams. If you wish to avoid this, please
         disable the feature with --cuda-event-trace=false.
WARNING: Device-side CUDA Event completion trace is currently enabled.
         This may increase runtime overhead and the likelihood of false
         dependencies across CUDA Streams. If you wish to avoid this, please
         disable the feature with --cuda-event-trace=false.
WARNING: Device-side CUDA Event completion trace is currently enabled.
         This may increase runtime overhead and the likelihood of false
         dependencies across CUDA Streams. If you wish to avoid this, please
         disable the feature with --cuda-event-trace=false.
WARNING: Device-side CUDA Event completion trace is currently enabled.
         This may increase runtime overhead and the likelihood of false
         dependencies across CUDA Streams. If you wish to avoid this, please
         disable the feature with --cuda-event-trace=false.
WARNING: Device-side CUDA Event completion trace is currently enabled.
         This may increase runtime overhead and the likelihood of false
         dependencies across CUDA Streams. If you wish to avoid this, please
         disable the feature with --cuda-event-trace=false.
WARNING: Device-side CUDA Event completion trace is currently enabled.
         This may increase runtime overhead and the likelihood of false
         dependencies across CUDA Streams. If you wish to avoid this, please
         disable the feature with --cuda-event-trace=false.
WARNING: Device-side CUDA Event completion trace is currently enabled.
         This may increase runtime overhead and the likelihood of false
         dependencies across CUDA Streams. If you wish to avoid this, please
         disable the feature with --cuda-event-trace=false.
WARNING: Device-side CUDA Event completion trace is currently enabled.
         This may increase runtime overhead and the likelihood of false
         dependencies across CUDA Streams. If you wish to avoid this, please
         disable the feature with --cuda-event-trace=false.
WARNING: Device-side CUDA Event completion trace is currently enabled.
         This may increase runtime overhead and the likelihood of false
         dependencies across CUDA Streams. If you wish to avoid this, please
         disable the feature with --cuda-event-trace=false.
WARNING: Device-side CUDA Event completion trace is currently enabled.
         This may increase runtime overhead and the likelihood of false
         dependencies across CUDA Streams. If you wish to avoid this, please
         disable the feature with --cuda-event-trace=false.
WARNING: Device-side CUDA Event completion trace is currently enabled.
         This may increase runtime overhead and the likelihood of false
         dependencies across CUDA Streams. If you wish to avoid this, please
         disable the feature with --cuda-event-trace=false.
WARNING: Device-side CUDA Event completion trace is currently enabled.
         This may increase runtime overhead and the likelihood of false
         dependencies across CUDA Streams. If you wish to avoid this, please
         disable the feature with --cuda-event-trace=false.
WARNING: Device-side CUDA Event completion trace is currently enabled.
         This may increase runtime overhead and the likelihood of false
         dependencies across CUDA Streams. If you wish to avoid this, please
         disable the feature with --cuda-event-trace=false.
WARNING: Device-side CUDA Event completion trace is currently enabled.
         This may increase runtime overhead and the likelihood of false
         dependencies across CUDA Streams. If you wish to avoid this, please
         disable the feature with --cuda-event-trace=false.
WARNING: Device-side CUDA Event completion trace is currently enabled.
         This may increase runtime overhead and the likelihood of false
         dependencies across CUDA Streams. If you wish to avoid this, please
         disable the feature with --cuda-event-trace=false.
WARNING: Device-side CUDA Event completion trace is currently enabled.
         This may increase runtime overhead and the likelihood of false
         dependencies across CUDA Streams. If you wish to avoid this, please
         disable the feature with --cuda-event-trace=false.
WARNING: Device-side CUDA Event completion trace is currently enabled.
         This may increase runtime overhead and the likelihood of false
         dependencies across CUDA Streams. If you wish to avoid this, please
         disable the feature with --cuda-event-trace=false.
WARNING: Device-side CUDA Event completion trace is currently enabled.
         This may increase runtime overhead and the likelihood of false
         dependencies across CUDA Streams. If you wish to avoid this, please
         disable the feature with --cuda-event-trace=false.
WARNING: Device-side CUDA Event completion trace is currently enabled.
         This may increase runtime overhead and the likelihood of false
         dependencies across CUDA Streams. If you wish to avoid this, please
         disable the feature with --cuda-event-trace=false.
WARNING: Device-side CUDA Event completion trace is currently enabled.
         This may increase runtime overhead and the likelihood of false
         dependencies across CUDA Streams. If you wish to avoid this, please
         disable the feature with --cuda-event-trace=false.
WARNING: Device-side CUDA Event completion trace is currently enabled.
         This may increase runtime overhead and the likelihood of false
         dependencies across CUDA Streams. If you wish to avoid this, please
         disable the feature with --cuda-event-trace=false.
WARNING: Device-side CUDA Event completion trace is currently enabled.
         This may increase runtime overhead and the likelihood of false
         dependencies across CUDA Streams. If you wish to avoid this, please
         disable the feature with --cuda-event-trace=false.
WARNING: Device-side CUDA Event completion trace is currently enabled.
         This may increase runtime overhead and the likelihood of false
         dependencies across CUDA Streams. If you wish to avoid this, please
         disable the feature with --cuda-event-trace=false.
WARNING: Device-side CUDA Event completion trace is currently enabled.
         This may increase runtime overhead and the likelihood of false
         dependencies across CUDA Streams. If you wish to avoid this, please
         disable the feature with --cuda-event-trace=false.
WARNING: Device-side CUDA Event completion trace is currently enabled.
         This may increase runtime overhead and the likelihood of false
         dependencies across CUDA Streams. If you wish to avoid this, please
         disable the feature with --cuda-event-trace=false.
WARNING: Device-side CUDA Event completion trace is currently enabled.
         This may increase runtime overhead and the likelihood of false
         dependencies across CUDA Streams. If you wish to avoid this, please
         disable the feature with --cuda-event-trace=false.
WARNING: Device-side CUDA Event completion trace is currently enabled.
         This may increase runtime overhead and the likelihood of false
         dependencies across CUDA Streams. If you wish to avoid this, please
         disable the feature with --cuda-event-trace=false.
WARNING: Device-side CUDA Event completion trace is currently enabled.
         This may increase runtime overhead and the likelihood of false
         dependencies across CUDA Streams. If you wish to avoid this, please
         disable the feature with --cuda-event-trace=false.
WARNING: Device-side CUDA Event completion trace is currently enabled.
         This may increase runtime overhead and the likelihood of false
         dependencies across CUDA Streams. If you wish to avoid this, please
         disable the feature with --cuda-event-trace=false.
WARNING: Device-side CUDA Event completion trace is currently enabled.
         This may increase runtime overhead and the likelihood of false
         dependencies across CUDA Streams. If you wish to avoid this, please
         disable the feature with --cuda-event-trace=false.
WARNING: Device-side CUDA Event completion trace is currently enabled.
         This may increase runtime overhead and the likelihood of false
         dependencies across CUDA Streams. If you wish to avoid this, please
         disable the feature with --cuda-event-trace=false.
WARNING: Device-side CUDA Event completion trace is currently enabled.
         This may increase runtime overhead and the likelihood of false
         dependencies across CUDA Streams. If you wish to avoid this, please
         disable the feature with --cuda-event-trace=false.
WARNING: Device-side CUDA Event completion trace is currently enabled.
         This may increase runtime overhead and the likelihood of false
         dependencies across CUDA Streams. If you wish to avoid this, please
         disable the feature with --cuda-event-trace=false.
WARNING: Device-side CUDA Event completion trace is currently enabled.
         This may increase runtime overhead and the likelihood of false
         dependencies across CUDA Streams. If you wish to avoid this, please
         disable the feature with --cuda-event-trace=false.
WARNING: Device-side CUDA Event completion trace is currently enabled.
         This may increase runtime overhead and the likelihood of false
         dependencies across CUDA Streams. If you wish to avoid this, please
         disable the feature with --cuda-event-trace=false.
WARNING: Device-side CUDA Event completion trace is currently enabled.
         This may increase runtime overhead and the likelihood of false
         dependencies across CUDA Streams. If you wish to avoid this, please
         disable the feature with --cuda-event-trace=false.
WARNING: Device-side CUDA Event completion trace is currently enabled.
         This may increase runtime overhead and the likelihood of false
         dependencies across CUDA Streams. If you wish to avoid this, please
         disable the feature with --cuda-event-trace=false.
WARNING: Device-side CUDA Event completion trace is currently enabled.
         This may increase runtime overhead and the likelihood of false
         dependencies across CUDA Streams. If you wish to avoid this, please
         disable the feature with --cuda-event-trace=false.
WARNING: Device-side CUDA Event completion trace is currently enabled.
         This may increase runtime overhead and the likelihood of false
         dependencies across CUDA Streams. If you wish to avoid this, please
         disable the feature with --cuda-event-trace=false.
WARNING: Device-side CUDA Event completion trace is currently enabled.
         This may increase runtime overhead and the likelihood of false
         dependencies across CUDA Streams. If you wish to avoid this, please
         disable the feature with --cuda-event-trace=false.
WARNING: Device-side CUDA Event completion trace is currently enabled.
         This may increase runtime overhead and the likelihood of false
         dependencies across CUDA Streams. If you wish to avoid this, please
         disable the feature with --cuda-event-trace=false.
WARNING: Device-side CUDA Event completion trace is currently enabled.
         This may increase runtime overhead and the likelihood of false
         dependencies across CUDA Streams. If you wish to avoid this, please
         disable the feature with --cuda-event-trace=false.
WARNING: Device-side CUDA Event completion trace is currently enabled.
         This may increase runtime overhead and the likelihood of false
         dependencies across CUDA Streams. If you wish to avoid this, please
         disable the feature with --cuda-event-trace=false.
WARNING: Device-side CUDA Event completion trace is currently enabled.
         This may increase runtime overhead and the likelihood of false
         dependencies across CUDA Streams. If you wish to avoid this, please
         disable the feature with --cuda-event-trace=false.
WARNING: Device-side CUDA Event completion trace is currently enabled.
         This may increase runtime overhead and the likelihood of false
         dependencies across CUDA Streams. If you wish to avoid this, please
         disable the feature with --cuda-event-trace=false.
WARNING: Device-side CUDA Event completion trace is currently enabled.
         This may increase runtime overhead and the likelihood of false
         dependencies across CUDA Streams. If you wish to avoid this, please
         disable the feature with --cuda-event-trace=false.
WARNING: Device-side CUDA Event completion trace is currently enabled.
         This may increase runtime overhead and the likelihood of false
         dependencies across CUDA Streams. If you wish to avoid this, please
         disable the feature with --cuda-event-trace=false.
WARNING: Device-side CUDA Event completion trace is currently enabled.
         This may increase runtime overhead and the likelihood of false
         dependencies across CUDA Streams. If you wish to avoid this, please
         disable the feature with --cuda-event-trace=false.
WARNING: Device-side CUDA Event completion trace is currently enabled.
         This may increase runtime overhead and the likelihood of false
         dependencies across CUDA Streams. If you wish to avoid this, please
         disable the feature with --cuda-event-trace=false.
WARNING: Device-side CUDA Event completion trace is currently enabled.
         This may increase runtime overhead and the likelihood of false
         dependencies across CUDA Streams. If you wish to avoid this, please
         disable the feature with --cuda-event-trace=false.
WARNING: Device-side CUDA Event completion trace is currently enabled.
         This may increase runtime overhead and the likelihood of false
         dependencies across CUDA Streams. If you wish to avoid this, please
         disable the feature with --cuda-event-trace=false.
WARNING: Device-side CUDA Event completion trace is currently enabled.
         This may increase runtime overhead and the likelihood of false
         dependencies across CUDA Streams. If you wish to avoid this, please
         disable the feature with --cuda-event-trace=false.
WARNING: Device-side CUDA Event completion trace is currently enabled.
         This may increase runtime overhead and the likelihood of false
         dependencies across CUDA Streams. If you wish to avoid this, please
         disable the feature with --cuda-event-trace=false.
WARNING: Device-side CUDA Event completion trace is currently enabled.
         This may increase runtime overhead and the likelihood of false
         dependencies across CUDA Streams. If you wish to avoid this, please
         disable the feature with --cuda-event-trace=false.
WARNING: Device-side CUDA Event completion trace is currently enabled.
         This may increase runtime overhead and the likelihood of false
         dependencies across CUDA Streams. If you wish to avoid this, please
         disable the feature with --cuda-event-trace=false.
WARNING: Device-side CUDA Event completion trace is currently enabled.
         This may increase runtime overhead and the likelihood of false
         dependencies across CUDA Streams. If you wish to avoid this, please
         disable the feature with --cuda-event-trace=false.
WARNING: Device-side CUDA Event completion trace is currently enabled.
         This may increase runtime overhead and the likelihood of false
         dependencies across CUDA Streams. If you wish to avoid this, please
         disable the feature with --cuda-event-trace=false.
WARNING: Device-side CUDA Event completion trace is currently enabled.
         This may increase runtime overhead and the likelihood of false
         dependencies across CUDA Streams. If you wish to avoid this, please
         disable the feature with --cuda-event-trace=false.
WARNING: Device-side CUDA Event completion trace is currently enabled.
         This may increase runtime overhead and the likelihood of false
         dependencies across CUDA Streams. If you wish to avoid this, please
         disable the feature with --cuda-event-trace=false.
WARNING: Device-side CUDA Event completion trace is currently enabled.
         This may increase runtime overhead and the likelihood of false
         dependencies across CUDA Streams. If you wish to avoid this, please
         disable the feature with --cuda-event-trace=false.
WARNING: Device-side CUDA Event completion trace is currently enabled.
         This may increase runtime overhead and the likelihood of false
         dependencies across CUDA Streams. If you wish to avoid this, please
         disable the feature with --cuda-event-trace=false.
WARNING: Device-side CUDA Event completion trace is currently enabled.
         This may increase runtime overhead and the likelihood of false
         dependencies across CUDA Streams. If you wish to avoid this, please
         disable the feature with --cuda-event-trace=false.
WARNING: Device-side CUDA Event completion trace is currently enabled.
         This may increase runtime overhead and the likelihood of false
         dependencies across CUDA Streams. If you wish to avoid this, please
         disable the feature with --cuda-event-trace=false.
WARNING: Device-side CUDA Event completion trace is currently enabled.
         This may increase runtime overhead and the likelihood of false
         dependencies across CUDA Streams. If you wish to avoid this, please
         disable the feature with --cuda-event-trace=false.
WARNING: Device-side CUDA Event completion trace is currently enabled.
         This may increase runtime overhead and the likelihood of false
         dependencies across CUDA Streams. If you wish to avoid this, please
         disable the feature with --cuda-event-trace=false.
WARNING: Device-side CUDA Event completion trace is currently enabled.
         This may increase runtime overhead and the likelihood of false
         dependencies across CUDA Streams. If you wish to avoid this, please
         disable the feature with --cuda-event-trace=false.
WARNING: Device-side CUDA Event completion trace is currently enabled.
         This may increase runtime overhead and the likelihood of false
         dependencies across CUDA Streams. If you wish to avoid this, please
         disable the feature with --cuda-event-trace=false.
WARNING: Device-side CUDA Event completion trace is currently enabled.
         This may increase runtime overhead and the likelihood of false
         dependencies across CUDA Streams. If you wish to avoid this, please
         disable the feature with --cuda-event-trace=false.
WARNING: Device-side CUDA Event completion trace is currently enabled.
         This may increase runtime overhead and the likelihood of false
         dependencies across CUDA Streams. If you wish to avoid this, please
         disable the feature with --cuda-event-trace=false.
WARNING: Device-side CUDA Event completion trace is currently enabled.
         This may increase runtime overhead and the likelihood of false
         dependencies across CUDA Streams. If you wish to avoid this, please
         disable the feature with --cuda-event-trace=false.
WARNING: Device-side CUDA Event completion trace is currently enabled.
         This may increase runtime overhead and the likelihood of false
         dependencies across CUDA Streams. If you wish to avoid this, please
         disable the feature with --cuda-event-trace=false.
WARNING: Device-side CUDA Event completion trace is currently enabled.
         This may increase runtime overhead and the likelihood of false
         dependencies across CUDA Streams. If you wish to avoid this, please
         disable the feature with --cuda-event-trace=false.
WARNING: Device-side CUDA Event completion trace is currently enabled.
         This may increase runtime overhead and the likelihood of false
         dependencies across CUDA Streams. If you wish to avoid this, please
         disable the feature with --cuda-event-trace=false.
WARNING: Device-side CUDA Event completion trace is currently enabled.
         This may increase runtime overhead and the likelihood of false
         dependencies across CUDA Streams. If you wish to avoid this, please
         disable the feature with --cuda-event-trace=false.
WARNING: Device-side CUDA Event completion trace is currently enabled.
         This may increase runtime overhead and the likelihood of false
         dependencies across CUDA Streams. If you wish to avoid this, please
         disable the feature with --cuda-event-trace=false.
WARNING: Device-side CUDA Event completion trace is currently enabled.
         This may increase runtime overhead and the likelihood of false
         dependencies across CUDA Streams. If you wish to avoid this, please
         disable the feature with --cuda-event-trace=false.
WARNING: Device-side CUDA Event completion trace is currently enabled.
         This may increase runtime overhead and the likelihood of false
         dependencies across CUDA Streams. If you wish to avoid this, please
         disable the feature with --cuda-event-trace=false.
WARNING: Device-side CUDA Event completion trace is currently enabled.
         This may increase runtime overhead and the likelihood of false
         dependencies across CUDA Streams. If you wish to avoid this, please
         disable the feature with --cuda-event-trace=false.
WARNING: Device-side CUDA Event completion trace is currently enabled.
         This may increase runtime overhead and the likelihood of false
         dependencies across CUDA Streams. If you wish to avoid this, please
         disable the feature with --cuda-event-trace=false.
WARNING: Device-side CUDA Event completion trace is currently enabled.
         This may increase runtime overhead and the likelihood of false
         dependencies across CUDA Streams. If you wish to avoid this, please
         disable the feature with --cuda-event-trace=false.
WARNING: Device-side CUDA Event completion trace is currently enabled.
         This may increase runtime overhead and the likelihood of false
         dependencies across CUDA Streams. If you wish to avoid this, please
         disable the feature with --cuda-event-trace=false.
WARNING: Device-side CUDA Event completion trace is currently enabled.
         This may increase runtime overhead and the likelihood of false
         dependencies across CUDA Streams. If you wish to avoid this, please
         disable the feature with --cuda-event-trace=false.
WARNING: Device-side CUDA Event completion trace is currently enabled.
         This may increase runtime overhead and the likelihood of false
         dependencies across CUDA Streams. If you wish to avoid this, please
         disable the feature with --cuda-event-trace=false.
WARNING: Device-side CUDA Event completion trace is currently enabled.
         This may increase runtime overhead and the likelihood of false
         dependencies across CUDA Streams. If you wish to avoid this, please
         disable the feature with --cuda-event-trace=false.
WARNING: Device-side CUDA Event completion trace is currently enabled.
         This may increase runtime overhead and the likelihood of false
         dependencies across CUDA Streams. If you wish to avoid this, please
         disable the feature with --cuda-event-trace=false.
WARNING: Device-side CUDA Event completion trace is currently enabled.
         This may increase runtime overhead and the likelihood of false
         dependencies across CUDA Streams. If you wish to avoid this, please
         disable the feature with --cuda-event-trace=false.
WARNING: Device-side CUDA Event completion trace is currently enabled.
         This may increase runtime overhead and the likelihood of false
         dependencies across CUDA Streams. If you wish to avoid this, please
         disable the feature with --cuda-event-trace=false.
WARNING: Device-side CUDA Event completion trace is currently enabled.
         This may increase runtime overhead and the likelihood of false
         dependencies across CUDA Streams. If you wish to avoid this, please
         disable the feature with --cuda-event-trace=false.
WARNING: Device-side CUDA Event completion trace is currently enabled.
         This may increase runtime overhead and the likelihood of false
         dependencies across CUDA Streams. If you wish to avoid this, please
         disable the feature with --cuda-event-trace=false.
WARNING: Device-side CUDA Event completion trace is currently enabled.
         This may increase runtime overhead and the likelihood of false
         dependencies across CUDA Streams. If you wish to avoid this, please
         disable the feature with --cuda-event-trace=false.
WARNING: Device-side CUDA Event completion trace is currently enabled.
         This may increase runtime overhead and the likelihood of false
         dependencies across CUDA Streams. If you wish to avoid this, please
         disable the feature with --cuda-event-trace=false.
WARNING: Device-side CUDA Event completion trace is currently enabled.
         This may increase runtime overhead and the likelihood of false
         dependencies across CUDA Streams. If you wish to avoid this, please
         disable the feature with --cuda-event-trace=false.
WARNING: Device-side CUDA Event completion trace is currently enabled.
         This may increase runtime overhead and the likelihood of false
         dependencies across CUDA Streams. If you wish to avoid this, please
         disable the feature with --cuda-event-trace=false.
WARNING: Device-side CUDA Event completion trace is currently enabled.
         This may increase runtime overhead and the likelihood of false
         dependencies across CUDA Streams. If you wish to avoid this, please
         disable the feature with --cuda-event-trace=false.
WARNING: Device-side CUDA Event completion trace is currently enabled.
         This may increase runtime overhead and the likelihood of false
         dependencies across CUDA Streams. If you wish to avoid this, please
         disable the feature with --cuda-event-trace=false.
WARNING: Device-side CUDA Event completion trace is currently enabled.
         This may increase runtime overhead and the likelihood of false
         dependencies across CUDA Streams. If you wish to avoid this, please
         disable the feature with --cuda-event-trace=false.
WARNING: Device-side CUDA Event completion trace is currently enabled.
         This may increase runtime overhead and the likelihood of false
         dependencies across CUDA Streams. If you wish to avoid this, please
         disable the feature with --cuda-event-trace=false.
WARNING: Device-side CUDA Event completion trace is currently enabled.
         This may increase runtime overhead and the likelihood of false
         dependencies across CUDA Streams. If you wish to avoid this, please
         disable the feature with --cuda-event-trace=false.
WARNING: Device-side CUDA Event completion trace is currently enabled.
         This may increase runtime overhead and the likelihood of false
         dependencies across CUDA Streams. If you wish to avoid this, please
         disable the feature with --cuda-event-trace=false.
WARNING: Device-side CUDA Event completion trace is currently enabled.
         This may increase runtime overhead and the likelihood of false
         dependencies across CUDA Streams. If you wish to avoid this, please
         disable the feature with --cuda-event-trace=false.
WARNING: Device-side CUDA Event completion trace is currently enabled.
         This may increase runtime overhead and the likelihood of false
         dependencies across CUDA Streams. If you wish to avoid this, please
         disable the feature with --cuda-event-trace=false.
WARNING: Device-side CUDA Event completion trace is currently enabled.
         This may increase runtime overhead and the likelihood of false
         dependencies across CUDA Streams. If you wish to avoid this, please
         disable the feature with --cuda-event-trace=false.
WARNING: Device-side CUDA Event completion trace is currently enabled.
         This may increase runtime overhead and the likelihood of false
         dependencies across CUDA Streams. If you wish to avoid this, please
         disable the feature with --cuda-event-trace=false.
WARNING: Device-side CUDA Event completion trace is currently enabled.
         This may increase runtime overhead and the likelihood of false
         dependencies across CUDA Streams. If you wish to avoid this, please
         disable the feature with --cuda-event-trace=false.
WARNING: Device-side CUDA Event completion trace is currently enabled.
         This may increase runtime overhead and the likelihood of false
         dependencies across CUDA Streams. If you wish to avoid this, please
         disable the feature with --cuda-event-trace=false.
WARNING: Device-side CUDA Event completion trace is currently enabled.
         This may increase runtime overhead and the likelihood of false
         dependencies across CUDA Streams. If you wish to avoid this, please
         disable the feature with --cuda-event-trace=false.
WARNING: Device-side CUDA Event completion trace is currently enabled.
         This may increase runtime overhead and the likelihood of false
         dependencies across CUDA Streams. If you wish to avoid this, please
         disable the feature with --cuda-event-trace=false.
WARNING: Device-side CUDA Event completion trace is currently enabled.
         This may increase runtime overhead and the likelihood of false
         dependencies across CUDA Streams. If you wish to avoid this, please
         disable the feature with --cuda-event-trace=false.
WARNING: Device-side CUDA Event completion trace is currently enabled.
         This may increase runtime overhead and the likelihood of false
         dependencies across CUDA Streams. If you wish to avoid this, please
         disable the feature with --cuda-event-trace=false.
WARNING: Device-side CUDA Event completion trace is currently enabled.
         This may increase runtime overhead and the likelihood of false
         dependencies across CUDA Streams. If you wish to avoid this, please
         disable the feature with --cuda-event-trace=false.
WARNING: Device-side CUDA Event completion trace is currently enabled.
         This may increase runtime overhead and the likelihood of false
         dependencies across CUDA Streams. If you wish to avoid this, please
         disable the feature with --cuda-event-trace=false.
WARNING: Device-side CUDA Event completion trace is currently enabled.
         This may increase runtime overhead and the likelihood of false
         dependencies across CUDA Streams. If you wish to avoid this, please
         disable the feature with --cuda-event-trace=false.
WARNING: Device-side CUDA Event completion trace is currently enabled.
         This may increase runtime overhead and the likelihood of false
         dependencies across CUDA Streams. If you wish to avoid this, please
         disable the feature with --cuda-event-trace=false.
WARNING: Device-side CUDA Event completion trace is currently enabled.
         This may increase runtime overhead and the likelihood of false
         dependencies across CUDA Streams. If you wish to avoid this, please
         disable the feature with --cuda-event-trace=false.
WARNING: Device-side CUDA Event completion trace is currently enabled.
         This may increase runtime overhead and the likelihood of false
         dependencies across CUDA Streams. If you wish to avoid this, please
         disable the feature with --cuda-event-trace=false.
WARNING: Device-side CUDA Event completion trace is currently enabled.
         This may increase runtime overhead and the likelihood of false
         dependencies across CUDA Streams. If you wish to avoid this, please
         disable the feature with --cuda-event-trace=false.
WARNING: Device-side CUDA Event completion trace is currently enabled.
         This may increase runtime overhead and the likelihood of false
         dependencies across CUDA Streams. If you wish to avoid this, please
         disable the feature with --cuda-event-trace=false.
WARNING: Device-side CUDA Event completion trace is currently enabled.
         This may increase runtime overhead and the likelihood of false
         dependencies across CUDA Streams. If you wish to avoid this, please
         disable the feature with --cuda-event-trace=false.
WARNING: Device-side CUDA Event completion trace is currently enabled.
         This may increase runtime overhead and the likelihood of false
         dependencies across CUDA Streams. If you wish to avoid this, please
         disable the feature with --cuda-event-trace=false.
WARNING: Device-side CUDA Event completion trace is currently enabled.
         This may increase runtime overhead and the likelihood of false
         dependencies across CUDA Streams. If you wish to avoid this, please
         disable the feature with --cuda-event-trace=false.
WARNING: Device-side CUDA Event completion trace is currently enabled.
         This may increase runtime overhead and the likelihood of false
         dependencies across CUDA Streams. If you wish to avoid this, please
         disable the feature with --cuda-event-trace=false.
WARNING: Device-side CUDA Event completion trace is currently enabled.
         This may increase runtime overhead and the likelihood of false
         dependencies across CUDA Streams. If you wish to avoid this, please
         disable the feature with --cuda-event-trace=false.
WARNING: Device-side CUDA Event completion trace is currently enabled.
         This may increase runtime overhead and the likelihood of false
         dependencies across CUDA Streams. If you wish to avoid this, please
         disable the feature with --cuda-event-trace=false.
WARNING: Device-side CUDA Event completion trace is currently enabled.
         This may increase runtime overhead and the likelihood of false
         dependencies across CUDA Streams. If you wish to avoid this, please
         disable the feature with --cuda-event-trace=false.
WARNING: Device-side CUDA Event completion trace is currently enabled.
         This may increase runtime overhead and the likelihood of false
         dependencies across CUDA Streams. If you wish to avoid this, please
         disable the feature with --cuda-event-trace=false.
WARNING: Device-side CUDA Event completion trace is currently enabled.
         This may increase runtime overhead and the likelihood of false
         dependencies across CUDA Streams. If you wish to avoid this, please
         disable the feature with --cuda-event-trace=false.
WARNING: Device-side CUDA Event completion trace is currently enabled.
         This may increase runtime overhead and the likelihood of false
         dependencies across CUDA Streams. If you wish to avoid this, please
         disable the feature with --cuda-event-trace=false.
WARNING: Device-side CUDA Event completion trace is currently enabled.
         This may increase runtime overhead and the likelihood of false
         dependencies across CUDA Streams. If you wish to avoid this, please
         disable the feature with --cuda-event-trace=false.
WARNING: Device-side CUDA Event completion trace is currently enabled.
         This may increase runtime overhead and the likelihood of false
         dependencies across CUDA Streams. If you wish to avoid this, please
         disable the feature with --cuda-event-trace=false.
WARNING: Device-side CUDA Event completion trace is currently enabled.
         This may increase runtime overhead and the likelihood of false
         dependencies across CUDA Streams. If you wish to avoid this, please
         disable the feature with --cuda-event-trace=false.
WARNING: Device-side CUDA Event completion trace is currently enabled.
         This may increase runtime overhead and the likelihood of false
         dependencies across CUDA Streams. If you wish to avoid this, please
         disable the feature with --cuda-event-trace=false.
WARNING: Device-side CUDA Event completion trace is currently enabled.
         This may increase runtime overhead and the likelihood of false
         dependencies across CUDA Streams. If you wish to avoid this, please
         disable the feature with --cuda-event-trace=false.
WARNING: Device-side CUDA Event completion trace is currently enabled.
         This may increase runtime overhead and the likelihood of false
         dependencies across CUDA Streams. If you wish to avoid this, please
         disable the feature with --cuda-event-trace=false.
WARNING: Device-side CUDA Event completion trace is currently enabled.
         This may increase runtime overhead and the likelihood of false
         dependencies across CUDA Streams. If you wish to avoid this, please
         disable the feature with --cuda-event-trace=false.
WARNING: Device-side CUDA Event completion trace is currently enabled.
         This may increase runtime overhead and the likelihood of false
         dependencies across CUDA Streams. If you wish to avoid this, please
         disable the feature with --cuda-event-trace=false.
WARNING: Device-side CUDA Event completion trace is currently enabled.
         This may increase runtime overhead and the likelihood of false
         dependencies across CUDA Streams. If you wish to avoid this, please
         disable the feature with --cuda-event-trace=false.
WARNING: Device-side CUDA Event completion trace is currently enabled.
         This may increase runtime overhead and the likelihood of false
         dependencies across CUDA Streams. If you wish to avoid this, please
         disable the feature with --cuda-event-trace=false.
WARNING: Device-side CUDA Event completion trace is currently enabled.
         This may increase runtime overhead and the likelihood of false
         dependencies across CUDA Streams. If you wish to avoid this, please
         disable the feature with --cuda-event-trace=false.
WARNING: Device-side CUDA Event completion trace is currently enabled.
         This may increase runtime overhead and the likelihood of false
         dependencies across CUDA Streams. If you wish to avoid this, please
         disable the feature with --cuda-event-trace=false.
WARNING: Device-side CUDA Event completion trace is currently enabled.
         This may increase runtime overhead and the likelihood of false
         dependencies across CUDA Streams. If you wish to avoid this, please
         disable the feature with --cuda-event-trace=false.
WARNING: Device-side CUDA Event completion trace is currently enabled.
         This may increase runtime overhead and the likelihood of false
         dependencies across CUDA Streams. If you wish to avoid this, please
         disable the feature with --cuda-event-trace=false.
WARNING: Device-side CUDA Event completion trace is currently enabled.
         This may increase runtime overhead and the likelihood of false
         dependencies across CUDA Streams. If you wish to avoid this, please
         disable the feature with --cuda-event-trace=false.
WARNING: Device-side CUDA Event completion trace is currently enabled.
         This may increase runtime overhead and the likelihood of false
         dependencies across CUDA Streams. If you wish to avoid this, please
         disable the feature with --cuda-event-trace=false.
WARNING: Device-side CUDA Event completion trace is currently enabled.
         This may increase runtime overhead and the likelihood of false
         dependencies across CUDA Streams. If you wish to avoid this, please
         disable the feature with --cuda-event-trace=false.
WARNING: Device-side CUDA Event completion trace is currently enabled.
         This may increase runtime overhead and the likelihood of false
         dependencies across CUDA Streams. If you wish to avoid this, please
         disable the feature with --cuda-event-trace=false.
WARNING: Device-side CUDA Event completion trace is currently enabled.
         This may increase runtime overhead and the likelihood of false
         dependencies across CUDA Streams. If you wish to avoid this, please
         disable the feature with --cuda-event-trace=false.
WARNING: Device-side CUDA Event completion trace is currently enabled.
         This may increase runtime overhead and the likelihood of false
         dependencies across CUDA Streams. If you wish to avoid this, please
         disable the feature with --cuda-event-trace=false.
WARNING: Device-side CUDA Event completion trace is currently enabled.
         This may increase runtime overhead and the likelihood of false
         dependencies across CUDA Streams. If you wish to avoid this, please
         disable the feature with --cuda-event-trace=false.
WARNING: Device-side CUDA Event completion trace is currently enabled.
         This may increase runtime overhead and the likelihood of false
         dependencies across CUDA Streams. If you wish to avoid this, please
         disable the feature with --cuda-event-trace=false.
WARNING: Device-side CUDA Event completion trace is currently enabled.
         This may increase runtime overhead and the likelihood of false
         dependencies across CUDA Streams. If you wish to avoid this, please
         disable the feature with --cuda-event-trace=false.
WARNING: Device-side CUDA Event completion trace is currently enabled.
         This may increase runtime overhead and the likelihood of false
         dependencies across CUDA Streams. If you wish to avoid this, please
         disable the feature with --cuda-event-trace=false.
WARNING: Device-side CUDA Event completion trace is currently enabled.
         This may increase runtime overhead and the likelihood of false
         dependencies across CUDA Streams. If you wish to avoid this, please
         disable the feature with --cuda-event-trace=false.
WARNING: Device-side CUDA Event completion trace is currently enabled.
         This may increase runtime overhead and the likelihood of false
         dependencies across CUDA Streams. If you wish to avoid this, please
         disable the feature with --cuda-event-trace=false.
WARNING: Device-side CUDA Event completion trace is currently enabled.
         This may increase runtime overhead and the likelihood of false
         dependencies across CUDA Streams. If you wish to avoid this, please
         disable the feature with --cuda-event-trace=false.
WARNING: Device-side CUDA Event completion trace is currently enabled.
         This may increase runtime overhead and the likelihood of false
         dependencies across CUDA Streams. If you wish to avoid this, please
         disable the feature with --cuda-event-trace=false.
WARNING: Device-side CUDA Event completion trace is currently enabled.
         This may increase runtime overhead and the likelihood of false
         dependencies across CUDA Streams. If you wish to avoid this, please
         disable the feature with --cuda-event-trace=false.
WARNING: Device-side CUDA Event completion trace is currently enabled.
         This may increase runtime overhead and the likelihood of false
         dependencies across CUDA Streams. If you wish to avoid this, please
         disable the feature with --cuda-event-trace=false.
WARNING: Device-side CUDA Event completion trace is currently enabled.
         This may increase runtime overhead and the likelihood of false
         dependencies across CUDA Streams. If you wish to avoid this, please
         disable the feature with --cuda-event-trace=false.
WARNING: Device-side CUDA Event completion trace is currently enabled.
         This may increase runtime overhead and the likelihood of false
         dependencies across CUDA Streams. If you wish to avoid this, please
         disable the feature with --cuda-event-trace=false.
WARNING: Device-side CUDA Event completion trace is currently enabled.
         This may increase runtime overhead and the likelihood of false
         dependencies across CUDA Streams. If you wish to avoid this, please
         disable the feature with --cuda-event-trace=false.
WARNING: Device-side CUDA Event completion trace is currently enabled.
         This may increase runtime overhead and the likelihood of false
         dependencies across CUDA Streams. If you wish to avoid this, please
         disable the feature with --cuda-event-trace=false.
WARNING: Device-side CUDA Event completion trace is currently enabled.
         This may increase runtime overhead and the likelihood of false
         dependencies across CUDA Streams. If you wish to avoid this, please
         disable the feature with --cuda-event-trace=false.
WARNING: Device-side CUDA Event completion trace is currently enabled.
         This may increase runtime overhead and the likelihood of false
         dependencies across CUDA Streams. If you wish to avoid this, please
         disable the feature with --cuda-event-trace=false.
WARNING: Device-side CUDA Event completion trace is currently enabled.
         This may increase runtime overhead and the likelihood of false
         dependencies across CUDA Streams. If you wish to avoid this, please
         disable the feature with --cuda-event-trace=false.
WARNING: Device-side CUDA Event completion trace is currently enabled.
         This may increase runtime overhead and the likelihood of false
         dependencies across CUDA Streams. If you wish to avoid this, please
         disable the feature with --cuda-event-trace=false.
WARNING: Device-side CUDA Event completion trace is currently enabled.
         This may increase runtime overhead and the likelihood of false
         dependencies across CUDA Streams. If you wish to avoid this, please
         disable the feature with --cuda-event-trace=false.
WARNING: Device-side CUDA Event completion trace is currently enabled.
         This may increase runtime overhead and the likelihood of false
         dependencies across CUDA Streams. If you wish to avoid this, please
         disable the feature with --cuda-event-trace=false.
WARNING: Device-side CUDA Event completion trace is currently enabled.
         This may increase runtime overhead and the likelihood of false
         dependencies across CUDA Streams. If you wish to avoid this, please
         disable the feature with --cuda-event-trace=false.
WARNING: Device-side CUDA Event completion trace is currently enabled.
         This may increase runtime overhead and the likelihood of false
         dependencies across CUDA Streams. If you wish to avoid this, please
         disable the feature with --cuda-event-trace=false.
WARNING: Device-side CUDA Event completion trace is currently enabled.
         This may increase runtime overhead and the likelihood of false
         dependencies across CUDA Streams. If you wish to avoid this, please
         disable the feature with --cuda-event-trace=false.
WARNING: Device-side CUDA Event completion trace is currently enabled.
         This may increase runtime overhead and the likelihood of false
         dependencies across CUDA Streams. If you wish to avoid this, please
         disable the feature with --cuda-event-trace=false.
WARNING: Device-side CUDA Event completion trace is currently enabled.
         This may increase runtime overhead and the likelihood of false
         dependencies across CUDA Streams. If you wish to avoid this, please
         disable the feature with --cuda-event-trace=false.
WARNING: Device-side CUDA Event completion trace is currently enabled.
         This may increase runtime overhead and the likelihood of false
         dependencies across CUDA Streams. If you wish to avoid this, please
         disable the feature with --cuda-event-trace=false.
WARNING: Device-side CUDA Event completion trace is currently enabled.
         This may increase runtime overhead and the likelihood of false
         dependencies across CUDA Streams. If you wish to avoid this, please
         disable the feature with --cuda-event-trace=false.
WARNING: Device-side CUDA Event completion trace is currently enabled.
         This may increase runtime overhead and the likelihood of false
         dependencies across CUDA Streams. If you wish to avoid this, please
         disable the feature with --cuda-event-trace=false.
WARNING: Device-side CUDA Event completion trace is currently enabled.
         This may increase runtime overhead and the likelihood of false
         dependencies across CUDA Streams. If you wish to avoid this, please
         disable the feature with --cuda-event-trace=false.
WARNING: Device-side CUDA Event completion trace is currently enabled.
         This may increase runtime overhead and the likelihood of false
         dependencies across CUDA Streams. If you wish to avoid this, please
         disable the feature with --cuda-event-trace=false.
WARNING: Device-side CUDA Event completion trace is currently enabled.
         This may increase runtime overhead and the likelihood of false
         dependencies across CUDA Streams. If you wish to avoid this, please
         disable the feature with --cuda-event-trace=false.
WARNING: Device-side CUDA Event completion trace is currently enabled.
         This may increase runtime overhead and the likelihood of false
         dependencies across CUDA Streams. If you wish to avoid this, please
         disable the feature with --cuda-event-trace=false.
WARNING: Device-side CUDA Event completion trace is currently enabled.
         This may increase runtime overhead and the likelihood of false
         dependencies across CUDA Streams. If you wish to avoid this, please
         disable the feature with --cuda-event-trace=false.
WARNING: Device-side CUDA Event completion trace is currently enabled.
         This may increase runtime overhead and the likelihood of false
         dependencies across CUDA Streams. If you wish to avoid this, please
         disable the feature with --cuda-event-trace=false.
WARNING: Device-side CUDA Event completion trace is currently enabled.
         This may increase runtime overhead and the likelihood of false
         dependencies across CUDA Streams. If you wish to avoid this, please
         disable the feature with --cuda-event-trace=false.
WARNING: Device-side CUDA Event completion trace is currently enabled.
         This may increase runtime overhead and the likelihood of false
         dependencies across CUDA Streams. If you wish to avoid this, please
         disable the feature with --cuda-event-trace=false.
WARNING: Device-side CUDA Event completion trace is currently enabled.
         This may increase runtime overhead and the likelihood of false
         dependencies across CUDA Streams. If you wish to avoid this, please
         disable the feature with --cuda-event-trace=false.
WARNING: Device-side CUDA Event completion trace is currently enabled.
         This may increase runtime overhead and the likelihood of false
         dependencies across CUDA Streams. If you wish to avoid this, please
         disable the feature with --cuda-event-trace=false.
WARNING: Device-side CUDA Event completion trace is currently enabled.
         This may increase runtime overhead and the likelihood of false
         dependencies across CUDA Streams. If you wish to avoid this, please
         disable the feature with --cuda-event-trace=false.
WARNING: Device-side CUDA Event completion trace is currently enabled.
         This may increase runtime overhead and the likelihood of false
         dependencies across CUDA Streams. If you wish to avoid this, please
         disable the feature with --cuda-event-trace=false.
WARNING: Device-side CUDA Event completion trace is currently enabled.
         This may increase runtime overhead and the likelihood of false
         dependencies across CUDA Streams. If you wish to avoid this, please
         disable the feature with --cuda-event-trace=false.
WARNING: Device-side CUDA Event completion trace is currently enabled.
         This may increase runtime overhead and the likelihood of false
         dependencies across CUDA Streams. If you wish to avoid this, please
         disable the feature with --cuda-event-trace=false.
WARNING: Device-side CUDA Event completion trace is currently enabled.
         This may increase runtime overhead and the likelihood of false
         dependencies across CUDA Streams. If you wish to avoid this, please
         disable the feature with --cuda-event-trace=false.
WARNING: Device-side CUDA Event completion trace is currently enabled.
         This may increase runtime overhead and the likelihood of false
         dependencies across CUDA Streams. If you wish to avoid this, please
         disable the feature with --cuda-event-trace=false.
WARNING: Device-side CUDA Event completion trace is currently enabled.
         This may increase runtime overhead and the likelihood of false
         dependencies across CUDA Streams. If you wish to avoid this, please
         disable the feature with --cuda-event-trace=false.
WARNING: Device-side CUDA Event completion trace is currently enabled.
         This may increase runtime overhead and the likelihood of false
         dependencies across CUDA Streams. If you wish to avoid this, please
         disable the feature with --cuda-event-trace=false.
WARNING: Device-side CUDA Event completion trace is currently enabled.
         This may increase runtime overhead and the likelihood of false
         dependencies across CUDA Streams. If you wish to avoid this, please
         disable the feature with --cuda-event-trace=false.
WARNING: Device-side CUDA Event completion trace is currently enabled.
         This may increase runtime overhead and the likelihood of false
         dependencies across CUDA Streams. If you wish to avoid this, please
         disable the feature with --cuda-event-trace=false.
WARNING: Device-side CUDA Event completion trace is currently enabled.
         This may increase runtime overhead and the likelihood of false
         dependencies across CUDA Streams. If you wish to avoid this, please
         disable the feature with --cuda-event-trace=false.
WARNING: Device-side CUDA Event completion trace is currently enabled.
         This may increase runtime overhead and the likelihood of false
         dependencies across CUDA Streams. If you wish to avoid this, please
         disable the feature with --cuda-event-trace=false.
WARNING: Device-side CUDA Event completion trace is currently enabled.
         This may increase runtime overhead and the likelihood of false
         dependencies across CUDA Streams. If you wish to avoid this, please
         disable the feature with --cuda-event-trace=false.
WARNING: Device-side CUDA Event completion trace is currently enabled.
         This may increase runtime overhead and the likelihood of false
         dependencies across CUDA Streams. If you wish to avoid this, please
         disable the feature with --cuda-event-trace=false.
WARNING: Device-side CUDA Event completion trace is currently enabled.
         This may increase runtime overhead and the likelihood of false
         dependencies across CUDA Streams. If you wish to avoid this, please
         disable the feature with --cuda-event-trace=false.
WARNING: Device-side CUDA Event completion trace is currently enabled.
         This may increase runtime overhead and the likelihood of false
         dependencies across CUDA Streams. If you wish to avoid this, please
         disable the feature with --cuda-event-trace=false.
WARNING: Device-side CUDA Event completion trace is currently enabled.
         This may increase runtime overhead and the likelihood of false
         dependencies across CUDA Streams. If you wish to avoid this, please
         disable the feature with --cuda-event-trace=false.
WARNING: Device-side CUDA Event completion trace is currently enabled.
         This may increase runtime overhead and the likelihood of false
         dependencies across CUDA Streams. If you wish to avoid this, please
         disable the feature with --cuda-event-trace=false.
WARNING: Device-side CUDA Event completion trace is currently enabled.
         This may increase runtime overhead and the likelihood of false
         dependencies across CUDA Streams. If you wish to avoid this, please
         disable the feature with --cuda-event-trace=false.
WARNING: Device-side CUDA Event completion trace is currently enabled.
         This may increase runtime overhead and the likelihood of false
         dependencies across CUDA Streams. If you wish to avoid this, please
         disable the feature with --cuda-event-trace=false.
WARNING: Device-side CUDA Event completion trace is currently enabled.
         This may increase runtime overhead and the likelihood of false
         dependencies across CUDA Streams. If you wish to avoid this, please
         disable the feature with --cuda-event-trace=false.
WARNING: Device-side CUDA Event completion trace is currently enabled.
         This may increase runtime overhead and the likelihood of false
         dependencies across CUDA Streams. If you wish to avoid this, please
         disable the feature with --cuda-event-trace=false.
WARNING: Device-side CUDA Event completion trace is currently enabled.
         This may increase runtime overhead and the likelihood of false
         dependencies across CUDA Streams. If you wish to avoid this, please
         disable the feature with --cuda-event-trace=false.
WARNING: Device-side CUDA Event completion trace is currently enabled.
         This may increase runtime overhead and the likelihood of false
         dependencies across CUDA Streams. If you wish to avoid this, please
         disable the feature with --cuda-event-trace=false.
WARNING: Device-side CUDA Event completion trace is currently enabled.
         This may increase runtime overhead and the likelihood of false
         dependencies across CUDA Streams. If you wish to avoid this, please
         disable the feature with --cuda-event-trace=false.
WARNING: Device-side CUDA Event completion trace is currently enabled.
         This may increase runtime overhead and the likelihood of false
         dependencies across CUDA Streams. If you wish to avoid this, please
         disable the feature with --cuda-event-trace=false.
WARNING: Device-side CUDA Event completion trace is currently enabled.
         This may increase runtime overhead and the likelihood of false
         dependencies across CUDA Streams. If you wish to avoid this, please
         disable the feature with --cuda-event-trace=false.
WARNING: Device-side CUDA Event completion trace is currently enabled.
         This may increase runtime overhead and the likelihood of false
         dependencies across CUDA Streams. If you wish to avoid this, please
         disable the feature with --cuda-event-trace=false.
WARNING: Device-side CUDA Event completion trace is currently enabled.
         This may increase runtime overhead and the likelihood of false
         dependencies across CUDA Streams. If you wish to avoid this, please
         disable the feature with --cuda-event-trace=false.
WARNING: Device-side CUDA Event completion trace is currently enabled.
         This may increase runtime overhead and the likelihood of false
         dependencies across CUDA Streams. If you wish to avoid this, please
         disable the feature with --cuda-event-trace=false.
WARNING: Device-side CUDA Event completion trace is currently enabled.
         This may increase runtime overhead and the likelihood of false
         dependencies across CUDA Streams. If you wish to avoid this, please
         disable the feature with --cuda-event-trace=false.
WARNING: Device-side CUDA Event completion trace is currently enabled.
         This may increase runtime overhead and the likelihood of false
         dependencies across CUDA Streams. If you wish to avoid this, please
         disable the feature with --cuda-event-trace=false.
WARNING: Device-side CUDA Event completion trace is currently enabled.
         This may increase runtime overhead and the likelihood of false
         dependencies across CUDA Streams. If you wish to avoid this, please
         disable the feature with --cuda-event-trace=false.
WARNING: Device-side CUDA Event completion trace is currently enabled.
         This may increase runtime overhead and the likelihood of false
         dependencies across CUDA Streams. If you wish to avoid this, please
         disable the feature with --cuda-event-trace=false.
WARNING: Device-side CUDA Event completion trace is currently enabled.
         This may increase runtime overhead and the likelihood of false
         dependencies across CUDA Streams. If you wish to avoid this, please
         disable the feature with --cuda-event-trace=false.
WARNING: Device-side CUDA Event completion trace is currently enabled.
         This may increase runtime overhead and the likelihood of false
         dependencies across CUDA Streams. If you wish to avoid this, please
         disable the feature with --cuda-event-trace=false.
WARNING: Device-side CUDA Event completion trace is currently enabled.
         This may increase runtime overhead and the likelihood of false
         dependencies across CUDA Streams. If you wish to avoid this, please
         disable the feature with --cuda-event-trace=false.
WARNING: Device-side CUDA Event completion trace is currently enabled.
         This may increase runtime overhead and the likelihood of false
         dependencies across CUDA Streams. If you wish to avoid this, please
         disable the feature with --cuda-event-trace=false.
WARNING: Device-side CUDA Event completion trace is currently enabled.
         This may increase runtime overhead and the likelihood of false
         dependencies across CUDA Streams. If you wish to avoid this, please
         disable the feature with --cuda-event-trace=false.
WARNING: Device-side CUDA Event completion trace is currently enabled.
         This may increase runtime overhead and the likelihood of false
         dependencies across CUDA Streams. If you wish to avoid this, please
         disable the feature with --cuda-event-trace=false.
WARNING: Device-side CUDA Event completion trace is currently enabled.
         This may increase runtime overhead and the likelihood of false
         dependencies across CUDA Streams. If you wish to avoid this, please
         disable the feature with --cuda-event-trace=false.
WARNING: Device-side CUDA Event completion trace is currently enabled.
         This may increase runtime overhead and the likelihood of false
         dependencies across CUDA Streams. If you wish to avoid this, please
         disable the feature with --cuda-event-trace=false.
WARNING: Device-side CUDA Event completion trace is currently enabled.
         This may increase runtime overhead and the likelihood of false
         dependencies across CUDA Streams. If you wish to avoid this, please
         disable the feature with --cuda-event-trace=false.
WARNING: Device-side CUDA Event completion trace is currently enabled.
         This may increase runtime overhead and the likelihood of false
         dependencies across CUDA Streams. If you wish to avoid this, please
         disable the feature with --cuda-event-trace=false.
WARNING: Device-side CUDA Event completion trace is currently enabled.
         This may increase runtime overhead and the likelihood of false
         dependencies across CUDA Streams. If you wish to avoid this, please
         disable the feature with --cuda-event-trace=false.
WARNING: Device-side CUDA Event completion trace is currently enabled.
         This may increase runtime overhead and the likelihood of false
         dependencies across CUDA Streams. If you wish to avoid this, please
         disable the feature with --cuda-event-trace=false.
WARNING: Device-side CUDA Event completion trace is currently enabled.
         This may increase runtime overhead and the likelihood of false
         dependencies across CUDA Streams. If you wish to avoid this, please
         disable the feature with --cuda-event-trace=false.
WARNING: Device-side CUDA Event completion trace is currently enabled.
         This may increase runtime overhead and the likelihood of false
         dependencies across CUDA Streams. If you wish to avoid this, please
         disable the feature with --cuda-event-trace=false.
WARNING: Device-side CUDA Event completion trace is currently enabled.
         This may increase runtime overhead and the likelihood of false
         dependencies across CUDA Streams. If you wish to avoid this, please
         disable the feature with --cuda-event-trace=false.
WARNING: Device-side CUDA Event completion trace is currently enabled.
         This may increase runtime overhead and the likelihood of false
         dependencies across CUDA Streams. If you wish to avoid this, please
         disable the feature with --cuda-event-trace=false.
WARNING: Device-side CUDA Event completion trace is currently enabled.
         This may increase runtime overhead and the likelihood of false
         dependencies across CUDA Streams. If you wish to avoid this, please
         disable the feature with --cuda-event-trace=false.
WARNING: Device-side CUDA Event completion trace is currently enabled.
         This may increase runtime overhead and the likelihood of false
         dependencies across CUDA Streams. If you wish to avoid this, please
         disable the feature with --cuda-event-trace=false.
WARNING: Device-side CUDA Event completion trace is currently enabled.
         This may increase runtime overhead and the likelihood of false
         dependencies across CUDA Streams. If you wish to avoid this, please
         disable the feature with --cuda-event-trace=false.
WARNING: Device-side CUDA Event completion trace is currently enabled.
         This may increase runtime overhead and the likelihood of false
         dependencies across CUDA Streams. If you wish to avoid this, please
         disable the feature with --cuda-event-trace=false.
WARNING: Device-side CUDA Event completion trace is currently enabled.
         This may increase runtime overhead and the likelihood of false
         dependencies across CUDA Streams. If you wish to avoid this, please
         disable the feature with --cuda-event-trace=false.
WARNING: Device-side CUDA Event completion trace is currently enabled.
         This may increase runtime overhead and the likelihood of false
         dependencies across CUDA Streams. If you wish to avoid this, please
         disable the feature with --cuda-event-trace=false.
WARNING: Device-side CUDA Event completion trace is currently enabled.
         This may increase runtime overhead and the likelihood of false
         dependencies across CUDA Streams. If you wish to avoid this, please
         disable the feature with --cuda-event-trace=false.
WARNING: Device-side CUDA Event completion trace is currently enabled.
         This may increase runtime overhead and the likelihood of false
         dependencies across CUDA Streams. If you wish to avoid this, please
         disable the feature with --cuda-event-trace=false.
WARNING: Device-side CUDA Event completion trace is currently enabled.
         This may increase runtime overhead and the likelihood of false
         dependencies across CUDA Streams. If you wish to avoid this, please
         disable the feature with --cuda-event-trace=false.
WARNING: Device-side CUDA Event completion trace is currently enabled.
         This may increase runtime overhead and the likelihood of false
         dependencies across CUDA Streams. If you wish to avoid this, please
         disable the feature with --cuda-event-trace=false.
WARNING: Device-side CUDA Event completion trace is currently enabled.
         This may increase runtime overhead and the likelihood of false
         dependencies across CUDA Streams. If you wish to avoid this, please
         disable the feature with --cuda-event-trace=false.
WARNING: Device-side CUDA Event completion trace is currently enabled.
         This may increase runtime overhead and the likelihood of false
         dependencies across CUDA Streams. If you wish to avoid this, please
         disable the feature with --cuda-event-trace=false.
WARNING: Device-side CUDA Event completion trace is currently enabled.
         This may increase runtime overhead and the likelihood of false
         dependencies across CUDA Streams. If you wish to avoid this, please
         disable the feature with --cuda-event-trace=false.
WARNING: Device-side CUDA Event completion trace is currently enabled.
         This may increase runtime overhead and the likelihood of false
         dependencies across CUDA Streams. If you wish to avoid this, please
         disable the feature with --cuda-event-trace=false.
WARNING: Device-side CUDA Event completion trace is currently enabled.
         This may increase runtime overhead and the likelihood of false
         dependencies across CUDA Streams. If you wish to avoid this, please
         disable the feature with --cuda-event-trace=false.
WARNING: Device-side CUDA Event completion trace is currently enabled.
         This may increase runtime overhead and the likelihood of false
         dependencies across CUDA Streams. If you wish to avoid this, please
         disable the feature with --cuda-event-trace=false.
WARNING: Device-side CUDA Event completion trace is currently enabled.
         This may increase runtime overhead and the likelihood of false
         dependencies across CUDA Streams. If you wish to avoid this, please
         disable the feature with --cuda-event-trace=false.
WARNING: Device-side CUDA Event completion trace is currently enabled.
         This may increase runtime overhead and the likelihood of false
         dependencies across CUDA Streams. If you wish to avoid this, please
         disable the feature with --cuda-event-trace=false.
WARNING: Device-side CUDA Event completion trace is currently enabled.
         This may increase runtime overhead and the likelihood of false
         dependencies across CUDA Streams. If you wish to avoid this, please
         disable the feature with --cuda-event-trace=false.
WARNING: Device-side CUDA Event completion trace is currently enabled.
         This may increase runtime overhead and the likelihood of false
         dependencies across CUDA Streams. If you wish to avoid this, please
         disable the feature with --cuda-event-trace=false.
WARNING: Device-side CUDA Event completion trace is currently enabled.
         This may increase runtime overhead and the likelihood of false
         dependencies across CUDA Streams. If you wish to avoid this, please
         disable the feature with --cuda-event-trace=false.
WARNING: Device-side CUDA Event completion trace is currently enabled.
         This may increase runtime overhead and the likelihood of false
         dependencies across CUDA Streams. If you wish to avoid this, please
         disable the feature with --cuda-event-trace=false.
WARNING: Device-side CUDA Event completion trace is currently enabled.
         This may increase runtime overhead and the likelihood of false
         dependencies across CUDA Streams. If you wish to avoid this, please
         disable the feature with --cuda-event-trace=false.
WARNING: Device-side CUDA Event completion trace is currently enabled.
         This may increase runtime overhead and the likelihood of false
         dependencies across CUDA Streams. If you wish to avoid this, please
         disable the feature with --cuda-event-trace=false.
WARNING: Device-side CUDA Event completion trace is currently enabled.
         This may increase runtime overhead and the likelihood of false
         dependencies across CUDA Streams. If you wish to avoid this, please
         disable the feature with --cuda-event-trace=false.
WARNING: Device-side CUDA Event completion trace is currently enabled.
         This may increase runtime overhead and the likelihood of false
         dependencies across CUDA Streams. If you wish to avoid this, please
         disable the feature with --cuda-event-trace=false.
WARNING: Device-side CUDA Event completion trace is currently enabled.
         This may increase runtime overhead and the likelihood of false
         dependencies across CUDA Streams. If you wish to avoid this, please
         disable the feature with --cuda-event-trace=false.
WARNING: Device-side CUDA Event completion trace is currently enabled.
         This may increase runtime overhead and the likelihood of false
         dependencies across CUDA Streams. If you wish to avoid this, please
         disable the feature with --cuda-event-trace=false.
WARNING: Device-side CUDA Event completion trace is currently enabled.
         This may increase runtime overhead and the likelihood of false
         dependencies across CUDA Streams. If you wish to avoid this, please
         disable the feature with --cuda-event-trace=false.
WARNING: Device-side CUDA Event completion trace is currently enabled.
         This may increase runtime overhead and the likelihood of false
         dependencies across CUDA Streams. If you wish to avoid this, please
         disable the feature with --cuda-event-trace=false.
WARNING: Device-side CUDA Event completion trace is currently enabled.
         This may increase runtime overhead and the likelihood of false
         dependencies across CUDA Streams. If you wish to avoid this, please
         disable the feature with --cuda-event-trace=false.
WARNING: Device-side CUDA Event completion trace is currently enabled.
         This may increase runtime overhead and the likelihood of false
         dependencies across CUDA Streams. If you wish to avoid this, please
         disable the feature with --cuda-event-trace=false.
WARNING: Device-side CUDA Event completion trace is currently enabled.
         This may increase runtime overhead and the likelihood of false
         dependencies across CUDA Streams. If you wish to avoid this, please
         disable the feature with --cuda-event-trace=false.
WARNING: Device-side CUDA Event completion trace is currently enabled.
         This may increase runtime overhead and the likelihood of false
         dependencies across CUDA Streams. If you wish to avoid this, please
         disable the feature with --cuda-event-trace=false.
WARNING: Device-side CUDA Event completion trace is currently enabled.
         This may increase runtime overhead and the likelihood of false
         dependencies across CUDA Streams. If you wish to avoid this, please
         disable the feature with --cuda-event-trace=false.
WARNING: Device-side CUDA Event completion trace is currently enabled.
         This may increase runtime overhead and the likelihood of false
         dependencies across CUDA Streams. If you wish to avoid this, please
         disable the feature with --cuda-event-trace=false.
WARNING: Device-side CUDA Event completion trace is currently enabled.
         This may increase runtime overhead and the likelihood of false
         dependencies across CUDA Streams. If you wish to avoid this, please
         disable the feature with --cuda-event-trace=false.
WARNING: Device-side CUDA Event completion trace is currently enabled.
         This may increase runtime overhead and the likelihood of false
         dependencies across CUDA Streams. If you wish to avoid this, please
         disable the feature with --cuda-event-trace=false.
WARNING: Device-side CUDA Event completion trace is currently enabled.
         This may increase runtime overhead and the likelihood of false
         dependencies across CUDA Streams. If you wish to avoid this, please
         disable the feature with --cuda-event-trace=false.
WARNING: Device-side CUDA Event completion trace is currently enabled.
         This may increase runtime overhead and the likelihood of false
         dependencies across CUDA Streams. If you wish to avoid this, please
         disable the feature with --cuda-event-trace=false.
WARNING: Device-side CUDA Event completion trace is currently enabled.
         This may increase runtime overhead and the likelihood of false
         dependencies across CUDA Streams. If you wish to avoid this, please
         disable the feature with --cuda-event-trace=false.
WARNING: Device-side CUDA Event completion trace is currently enabled.
         This may increase runtime overhead and the likelihood of false
         dependencies across CUDA Streams. If you wish to avoid this, please
         disable the feature with --cuda-event-trace=false.
WARNING: Device-side CUDA Event completion trace is currently enabled.
         This may increase runtime overhead and the likelihood of false
         dependencies across CUDA Streams. If you wish to avoid this, please
         disable the feature with --cuda-event-trace=false.
WARNING: Device-side CUDA Event completion trace is currently enabled.
         This may increase runtime overhead and the likelihood of false
         dependencies across CUDA Streams. If you wish to avoid this, please
         disable the feature with --cuda-event-trace=false.
WARNING: Device-side CUDA Event completion trace is currently enabled.
         This may increase runtime overhead and the likelihood of false
         dependencies across CUDA Streams. If you wish to avoid this, please
         disable the feature with --cuda-event-trace=false.
WARNING: Device-side CUDA Event completion trace is currently enabled.
         This may increase runtime overhead and the likelihood of false
         dependencies across CUDA Streams. If you wish to avoid this, please
         disable the feature with --cuda-event-trace=false.
WARNING: Device-side CUDA Event completion trace is currently enabled.
         This may increase runtime overhead and the likelihood of false
         dependencies across CUDA Streams. If you wish to avoid this, please
         disable the feature with --cuda-event-trace=false.
WARNING: Device-side CUDA Event completion trace is currently enabled.
         This may increase runtime overhead and the likelihood of false
         dependencies across CUDA Streams. If you wish to avoid this, please
         disable the feature with --cuda-event-trace=false.
WARNING: Device-side CUDA Event completion trace is currently enabled.
         This may increase runtime overhead and the likelihood of false
         dependencies across CUDA Streams. If you wish to avoid this, please
         disable the feature with --cuda-event-trace=false.
WARNING: Device-side CUDA Event completion trace is currently enabled.
         This may increase runtime overhead and the likelihood of false
         dependencies across CUDA Streams. If you wish to avoid this, please
         disable the feature with --cuda-event-trace=false.
WARNING: Device-side CUDA Event completion trace is currently enabled.
         This may increase runtime overhead and the likelihood of false
         dependencies across CUDA Streams. If you wish to avoid this, please
         disable the feature with --cuda-event-trace=false.
WARNING: Device-side CUDA Event completion trace is currently enabled.
         This may increase runtime overhead and the likelihood of false
         dependencies across CUDA Streams. If you wish to avoid this, please
         disable the feature with --cuda-event-trace=false.
WARNING: Device-side CUDA Event completion trace is currently enabled.
         This may increase runtime overhead and the likelihood of false
         dependencies across CUDA Streams. If you wish to avoid this, please
         disable the feature with --cuda-event-trace=false.
WARNING: Device-side CUDA Event completion trace is currently enabled.
         This may increase runtime overhead and the likelihood of false
         dependencies across CUDA Streams. If you wish to avoid this, please
         disable the feature with --cuda-event-trace=false.
WARNING: Device-side CUDA Event completion trace is currently enabled.
         This may increase runtime overhead and the likelihood of false
         dependencies across CUDA Streams. If you wish to avoid this, please
         disable the feature with --cuda-event-trace=false.
WARNING: Device-side CUDA Event completion trace is currently enabled.
         This may increase runtime overhead and the likelihood of false
         dependencies across CUDA Streams. If you wish to avoid this, please
         disable the feature with --cuda-event-trace=false.
WARNING: Device-side CUDA Event completion trace is currently enabled.
         This may increase runtime overhead and the likelihood of false
         dependencies across CUDA Streams. If you wish to avoid this, please
         disable the feature with --cuda-event-trace=false.
WARNING: Device-side CUDA Event completion trace is currently enabled.
         This may increase runtime overhead and the likelihood of false
         dependencies across CUDA Streams. If you wish to avoid this, please
         disable the feature with --cuda-event-trace=false.
WARNING: Device-side CUDA Event completion trace is currently enabled.
         This may increase runtime overhead and the likelihood of false
         dependencies across CUDA Streams. If you wish to avoid this, please
         disable the feature with --cuda-event-trace=false.
WARNING: Device-side CUDA Event completion trace is currently enabled.
         This may increase runtime overhead and the likelihood of false
         dependencies across CUDA Streams. If you wish to avoid this, please
         disable the feature with --cuda-event-trace=false.
WARNING: Device-side CUDA Event completion trace is currently enabled.
         This may increase runtime overhead and the likelihood of false
         dependencies across CUDA Streams. If you wish to avoid this, please
         disable the feature with --cuda-event-trace=false.
WARNING: Device-side CUDA Event completion trace is currently enabled.
         This may increase runtime overhead and the likelihood of false
         dependencies across CUDA Streams. If you wish to avoid this, please
         disable the feature with --cuda-event-trace=false.
WARNING: Device-side CUDA Event completion trace is currently enabled.
         This may increase runtime overhead and the likelihood of false
         dependencies across CUDA Streams. If you wish to avoid this, please
         disable the feature with --cuda-event-trace=false.
WARNING: Device-side CUDA Event completion trace is currently enabled.
         This may increase runtime overhead and the likelihood of false
         dependencies across CUDA Streams. If you wish to avoid this, please
         disable the feature with --cuda-event-trace=false.
WARNING: Device-side CUDA Event completion trace is currently enabled.
         This may increase runtime overhead and the likelihood of false
         dependencies across CUDA Streams. If you wish to avoid this, please
         disable the feature with --cuda-event-trace=false.
WARNING: Device-side CUDA Event completion trace is currently enabled.
         This may increase runtime overhead and the likelihood of false
         dependencies across CUDA Streams. If you wish to avoid this, please
         disable the feature with --cuda-event-trace=false.
WARNING: Device-side CUDA Event completion trace is currently enabled.
         This may increase runtime overhead and the likelihood of false
         dependencies across CUDA Streams. If you wish to avoid this, please
         disable the feature with --cuda-event-trace=false.
WARNING: Device-side CUDA Event completion trace is currently enabled.
         This may increase runtime overhead and the likelihood of false
         dependencies across CUDA Streams. If you wish to avoid this, please
         disable the feature with --cuda-event-trace=false.
WARNING: Device-side CUDA Event completion trace is currently enabled.
         This may increase runtime overhead and the likelihood of false
         dependencies across CUDA Streams. If you wish to avoid this, please
         disable the feature with --cuda-event-trace=false.
WARNING: Device-side CUDA Event completion trace is currently enabled.
         This may increase runtime overhead and the likelihood of false
         dependencies across CUDA Streams. If you wish to avoid this, please
         disable the feature with --cuda-event-trace=false.
WARNING: Device-side CUDA Event completion trace is currently enabled.
         This may increase runtime overhead and the likelihood of false
         dependencies across CUDA Streams. If you wish to avoid this, please
         disable the feature with --cuda-event-trace=false.
WARNING: Device-side CUDA Event completion trace is currently enabled.
         This may increase runtime overhead and the likelihood of false
         dependencies across CUDA Streams. If you wish to avoid this, please
         disable the feature with --cuda-event-trace=false.
WARNING: Device-side CUDA Event completion trace is currently enabled.
         This may increase runtime overhead and the likelihood of false
         dependencies across CUDA Streams. If you wish to avoid this, please
         disable the feature with --cuda-event-trace=false.
WARNING: Device-side CUDA Event completion trace is currently enabled.
         This may increase runtime overhead and the likelihood of false
         dependencies across CUDA Streams. If you wish to avoid this, please
         disable the feature with --cuda-event-trace=false.
WARNING: Device-side CUDA Event completion trace is currently enabled.
         This may increase runtime overhead and the likelihood of false
         dependencies across CUDA Streams. If you wish to avoid this, please
         disable the feature with --cuda-event-trace=false.
WARNING: Device-side CUDA Event completion trace is currently enabled.
         This may increase runtime overhead and the likelihood of false
         dependencies across CUDA Streams. If you wish to avoid this, please
         disable the feature with --cuda-event-trace=false.
WARNING: Device-side CUDA Event completion trace is currently enabled.
         This may increase runtime overhead and the likelihood of false
         dependencies across CUDA Streams. If you wish to avoid this, please
         disable the feature with --cuda-event-trace=false.
WARNING: Device-side CUDA Event completion trace is currently enabled.
         This may increase runtime overhead and the likelihood of false
         dependencies across CUDA Streams. If you wish to avoid this, please
         disable the feature with --cuda-event-trace=false.
WARNING: Device-side CUDA Event completion trace is currently enabled.
         This may increase runtime overhead and the likelihood of false
         dependencies across CUDA Streams. If you wish to avoid this, please
         disable the feature with --cuda-event-trace=false.
WARNING: Device-side CUDA Event completion trace is currently enabled.
         This may increase runtime overhead and the likelihood of false
         dependencies across CUDA Streams. If you wish to avoid this, please
         disable the feature with --cuda-event-trace=false.
WARNING: Device-side CUDA Event completion trace is currently enabled.
         This may increase runtime overhead and the likelihood of false
         dependencies across CUDA Streams. If you wish to avoid this, please
         disable the feature with --cuda-event-trace=false.
WARNING: Device-side CUDA Event completion trace is currently enabled.
         This may increase runtime overhead and the likelihood of false
         dependencies across CUDA Streams. If you wish to avoid this, please
         disable the feature with --cuda-event-trace=false.
WARNING: Device-side CUDA Event completion trace is currently enabled.
         This may increase runtime overhead and the likelihood of false
         dependencies across CUDA Streams. If you wish to avoid this, please
         disable the feature with --cuda-event-trace=false.
WARNING: Device-side CUDA Event completion trace is currently enabled.
         This may increase runtime overhead and the likelihood of false
         dependencies across CUDA Streams. If you wish to avoid this, please
         disable the feature with --cuda-event-trace=false.
WARNING: Device-side CUDA Event completion trace is currently enabled.
         This may increase runtime overhead and the likelihood of false
         dependencies across CUDA Streams. If you wish to avoid this, please
         disable the feature with --cuda-event-trace=false.
WARNING: Device-side CUDA Event completion trace is currently enabled.
         This may increase runtime overhead and the likelihood of false
         dependencies across CUDA Streams. If you wish to avoid this, please
         disable the feature with --cuda-event-trace=false.
WARNING: Device-side CUDA Event completion trace is currently enabled.
         This may increase runtime overhead and the likelihood of false
         dependencies across CUDA Streams. If you wish to avoid this, please
         disable the feature with --cuda-event-trace=false.
WARNING: Device-side CUDA Event completion trace is currently enabled.
         This may increase runtime overhead and the likelihood of false
         dependencies across CUDA Streams. If you wish to avoid this, please
         disable the feature with --cuda-event-trace=false.
WARNING: Device-side CUDA Event completion trace is currently enabled.
         This may increase runtime overhead and the likelihood of false
         dependencies across CUDA Streams. If you wish to avoid this, please
         disable the feature with --cuda-event-trace=false.
WARNING: Device-side CUDA Event completion trace is currently enabled.
         This may increase runtime overhead and the likelihood of false
         dependencies across CUDA Streams. If you wish to avoid this, please
         disable the feature with --cuda-event-trace=false.
WARNING: Device-side CUDA Event completion trace is currently enabled.
         This may increase runtime overhead and the likelihood of false
         dependencies across CUDA Streams. If you wish to avoid this, please
         disable the feature with --cuda-event-trace=false.
WARNING: Device-side CUDA Event completion trace is currently enabled.
         This may increase runtime overhead and the likelihood of false
         dependencies across CUDA Streams. If you wish to avoid this, please
         disable the feature with --cuda-event-trace=false.
WARNING: Device-side CUDA Event completion trace is currently enabled.
         This may increase runtime overhead and the likelihood of false
         dependencies across CUDA Streams. If you wish to avoid this, please
         disable the feature with --cuda-event-trace=false.
WARNING: Device-side CUDA Event completion trace is currently enabled.
         This may increase runtime overhead and the likelihood of false
         dependencies across CUDA Streams. If you wish to avoid this, please
         disable the feature with --cuda-event-trace=false.
WARNING: Device-side CUDA Event completion trace is currently enabled.
         This may increase runtime overhead and the likelihood of false
         dependencies across CUDA Streams. If you wish to avoid this, please
         disable the feature with --cuda-event-trace=false.
WARNING: Device-side CUDA Event completion trace is currently enabled.
         This may increase runtime overhead and the likelihood of false
         dependencies across CUDA Streams. If you wish to avoid this, please
         disable the feature with --cuda-event-trace=false.
WARNING: Device-side CUDA Event completion trace is currently enabled.
         This may increase runtime overhead and the likelihood of false
         dependencies across CUDA Streams. If you wish to avoid this, please
         disable the feature with --cuda-event-trace=false.
WARNING: Device-side CUDA Event completion trace is currently enabled.
         This may increase runtime overhead and the likelihood of false
         dependencies across CUDA Streams. If you wish to avoid this, please
         disable the feature with --cuda-event-trace=false.
WARNING: Device-side CUDA Event completion trace is currently enabled.
         This may increase runtime overhead and the likelihood of false
         dependencies across CUDA Streams. If you wish to avoid this, please
         disable the feature with --cuda-event-trace=false.
WARNING: Device-side CUDA Event completion trace is currently enabled.
         This may increase runtime overhead and the likelihood of false
         dependencies across CUDA Streams. If you wish to avoid this, please
         disable the feature with --cuda-event-trace=false.
WARNING: Device-side CUDA Event completion trace is currently enabled.
         This may increase runtime overhead and the likelihood of false
         dependencies across CUDA Streams. If you wish to avoid this, please
         disable the feature with --cuda-event-trace=false.
WARNING: Device-side CUDA Event completion trace is currently enabled.
         This may increase runtime overhead and the likelihood of false
         dependencies across CUDA Streams. If you wish to avoid this, please
         disable the feature with --cuda-event-trace=false.
WARNING: Device-side CUDA Event completion trace is currently enabled.
         This may increase runtime overhead and the likelihood of false
         dependencies across CUDA Streams. If you wish to avoid this, please
         disable the feature with --cuda-event-trace=false.
WARNING: Device-side CUDA Event completion trace is currently enabled.
         This may increase runtime overhead and the likelihood of false
         dependencies across CUDA Streams. If you wish to avoid this, please
         disable the feature with --cuda-event-trace=false.
WARNING: Device-side CUDA Event completion trace is currently enabled.
         This may increase runtime overhead and the likelihood of false
         dependencies across CUDA Streams. If you wish to avoid this, please
         disable the feature with --cuda-event-trace=false.
WARNING: Device-side CUDA Event completion trace is currently enabled.
         This may increase runtime overhead and the likelihood of false
         dependencies across CUDA Streams. If you wish to avoid this, please
         disable the feature with --cuda-event-trace=false.
WARNING: Device-side CUDA Event completion trace is currently enabled.
         This may increase runtime overhead and the likelihood of false
         dependencies across CUDA Streams. If you wish to avoid this, please
         disable the feature with --cuda-event-trace=false.
WARNING: Device-side CUDA Event completion trace is currently enabled.
         This may increase runtime overhead and the likelihood of false
         dependencies across CUDA Streams. If you wish to avoid this, please
         disable the feature with --cuda-event-trace=false.
WARNING: Device-side CUDA Event completion trace is currently enabled.
         This may increase runtime overhead and the likelihood of false
         dependencies across CUDA Streams. If you wish to avoid this, please
         disable the feature with --cuda-event-trace=false.
WARNING: Device-side CUDA Event completion trace is currently enabled.
         This may increase runtime overhead and the likelihood of false
         dependencies across CUDA Streams. If you wish to avoid this, please
         disable the feature with --cuda-event-trace=false.
WARNING: Device-side CUDA Event completion trace is currently enabled.
         This may increase runtime overhead and the likelihood of false
         dependencies across CUDA Streams. If you wish to avoid this, please
         disable the feature with --cuda-event-trace=false.
WARNING: Device-side CUDA Event completion trace is currently enabled.
         This may increase runtime overhead and the likelihood of false
         dependencies across CUDA Streams. If you wish to avoid this, please
         disable the feature with --cuda-event-trace=false.
WARNING: Device-side CUDA Event completion trace is currently enabled.
         This may increase runtime overhead and the likelihood of false
         dependencies across CUDA Streams. If you wish to avoid this, please
         disable the feature with --cuda-event-trace=false.
WARNING: Device-side CUDA Event completion trace is currently enabled.
         This may increase runtime overhead and the likelihood of false
         dependencies across CUDA Streams. If you wish to avoid this, please
         disable the feature with --cuda-event-trace=false.
WARNING: Device-side CUDA Event completion trace is currently enabled.
         This may increase runtime overhead and the likelihood of false
         dependencies across CUDA Streams. If you wish to avoid this, please
         disable the feature with --cuda-event-trace=false.
WARNING: Device-side CUDA Event completion trace is currently enabled.
         This may increase runtime overhead and the likelihood of false
         dependencies across CUDA Streams. If you wish to avoid this, please
         disable the feature with --cuda-event-trace=false.
WARNING: Device-side CUDA Event completion trace is currently enabled.
         This may increase runtime overhead and the likelihood of false
         dependencies across CUDA Streams. If you wish to avoid this, please
         disable the feature with --cuda-event-trace=false.
WARNING: Device-side CUDA Event completion trace is currently enabled.
         This may increase runtime overhead and the likelihood of false
         dependencies across CUDA Streams. If you wish to avoid this, please
         disable the feature with --cuda-event-trace=false.
WARNING: Device-side CUDA Event completion trace is currently enabled.
         This may increase runtime overhead and the likelihood of false
         dependencies across CUDA Streams. If you wish to avoid this, please
         disable the feature with --cuda-event-trace=false.
WARNING: Device-side CUDA Event completion trace is currently enabled.
         This may increase runtime overhead and the likelihood of false
         dependencies across CUDA Streams. If you wish to avoid this, please
         disable the feature with --cuda-event-trace=false.
WARNING: Device-side CUDA Event completion trace is currently enabled.
         This may increase runtime overhead and the likelihood of false
         dependencies across CUDA Streams. If you wish to avoid this, please
         disable the feature with --cuda-event-trace=false.
WARNING: Device-side CUDA Event completion trace is currently enabled.
         This may increase runtime overhead and the likelihood of false
         dependencies across CUDA Streams. If you wish to avoid this, please
         disable the feature with --cuda-event-trace=false.
WARNING: Device-side CUDA Event completion trace is currently enabled.
         This may increase runtime overhead and the likelihood of false
         dependencies across CUDA Streams. If you wish to avoid this, please
         disable the feature with --cuda-event-trace=false.
WARNING: Device-side CUDA Event completion trace is currently enabled.
         This may increase runtime overhead and the likelihood of false
         dependencies across CUDA Streams. If you wish to avoid this, please
         disable the feature with --cuda-event-trace=false.
WARNING: Device-side CUDA Event completion trace is currently enabled.
         This may increase runtime overhead and the likelihood of false
         dependencies across CUDA Streams. If you wish to avoid this, please
         disable the feature with --cuda-event-trace=false.
WARNING: Device-side CUDA Event completion trace is currently enabled.
         This may increase runtime overhead and the likelihood of false
         dependencies across CUDA Streams. If you wish to avoid this, please
         disable the feature with --cuda-event-trace=false.
WARNING: Device-side CUDA Event completion trace is currently enabled.
         This may increase runtime overhead and the likelihood of false
         dependencies across CUDA Streams. If you wish to avoid this, please
         disable the feature with --cuda-event-trace=false.
WARNING: Device-side CUDA Event completion trace is currently enabled.
         This may increase runtime overhead and the likelihood of false
         dependencies across CUDA Streams. If you wish to avoid this, please
         disable the feature with --cuda-event-trace=false.
WARNING: Device-side CUDA Event completion trace is currently enabled.
         This may increase runtime overhead and the likelihood of false
         dependencies across CUDA Streams. If you wish to avoid this, please
         disable the feature with --cuda-event-trace=false.
WARNING: Device-side CUDA Event completion trace is currently enabled.
         This may increase runtime overhead and the likelihood of false
         dependencies across CUDA Streams. If you wish to avoid this, please
         disable the feature with --cuda-event-trace=false.
WARNING: Device-side CUDA Event completion trace is currently enabled.
         This may increase runtime overhead and the likelihood of false
         dependencies across CUDA Streams. If you wish to avoid this, please
         disable the feature with --cuda-event-trace=false.
WARNING: Device-side CUDA Event completion trace is currently enabled.
         This may increase runtime overhead and the likelihood of false
         dependencies across CUDA Streams. If you wish to avoid this, please
         disable the feature with --cuda-event-trace=false.
WARNING: Device-side CUDA Event completion trace is currently enabled.
         This may increase runtime overhead and the likelihood of false
         dependencies across CUDA Streams. If you wish to avoid this, please
         disable the feature with --cuda-event-trace=false.
WARNING: Device-side CUDA Event completion trace is currently enabled.
         This may increase runtime overhead and the likelihood of false
         dependencies across CUDA Streams. If you wish to avoid this, please
         disable the feature with --cuda-event-trace=false.
WARNING: Device-side CUDA Event completion trace is currently enabled.
         This may increase runtime overhead and the likelihood of false
         dependencies across CUDA Streams. If you wish to avoid this, please
         disable the feature with --cuda-event-trace=false.
WARNING: Device-side CUDA Event completion trace is currently enabled.
         This may increase runtime overhead and the likelihood of false
         dependencies across CUDA Streams. If you wish to avoid this, please
         disable the feature with --cuda-event-trace=false.
WARNING: Device-side CUDA Event completion trace is currently enabled.
         This may increase runtime overhead and the likelihood of false
         dependencies across CUDA Streams. If you wish to avoid this, please
         disable the feature with --cuda-event-trace=false.
WARNING: Device-side CUDA Event completion trace is currently enabled.
         This may increase runtime overhead and the likelihood of false
         dependencies across CUDA Streams. If you wish to avoid this, please
         disable the feature with --cuda-event-trace=false.
WARNING: Device-side CUDA Event completion trace is currently enabled.
         This may increase runtime overhead and the likelihood of false
         dependencies across CUDA Streams. If you wish to avoid this, please
         disable the feature with --cuda-event-trace=false.
WARNING: Device-side CUDA Event completion trace is currently enabled.
         This may increase runtime overhead and the likelihood of false
         dependencies across CUDA Streams. If you wish to avoid this, please
         disable the feature with --cuda-event-trace=false.
WARNING: Device-side CUDA Event completion trace is currently enabled.
         This may increase runtime overhead and the likelihood of false
         dependencies across CUDA Streams. If you wish to avoid this, please
         disable the feature with --cuda-event-trace=false.
WARNING: Device-side CUDA Event completion trace is currently enabled.
         This may increase runtime overhead and the likelihood of false
         dependencies across CUDA Streams. If you wish to avoid this, please
         disable the feature with --cuda-event-trace=false.
WARNING: Device-side CUDA Event completion trace is currently enabled.
         This may increase runtime overhead and the likelihood of false
         dependencies across CUDA Streams. If you wish to avoid this, please
         disable the feature with --cuda-event-trace=false.
WARNING: Device-side CUDA Event completion trace is currently enabled.
         This may increase runtime overhead and the likelihood of false
         dependencies across CUDA Streams. If you wish to avoid this, please
         disable the feature with --cuda-event-trace=false.
WARNING: Device-side CUDA Event completion trace is currently enabled.
         This may increase runtime overhead and the likelihood of false
         dependencies across CUDA Streams. If you wish to avoid this, please
         disable the feature with --cuda-event-trace=false.
WARNING: Device-side CUDA Event completion trace is currently enabled.
         This may increase runtime overhead and the likelihood of false
         dependencies across CUDA Streams. If you wish to avoid this, please
         disable the feature with --cuda-event-trace=false.
WARNING: Device-side CUDA Event completion trace is currently enabled.
         This may increase runtime overhead and the likelihood of false
         dependencies across CUDA Streams. If you wish to avoid this, please
         disable the feature with --cuda-event-trace=false.
WARNING: Device-side CUDA Event completion trace is currently enabled.
         This may increase runtime overhead and the likelihood of false
         dependencies across CUDA Streams. If you wish to avoid this, please
         disable the feature with --cuda-event-trace=false.
WARNING: Device-side CUDA Event completion trace is currently enabled.
         This may increase runtime overhead and the likelihood of false
         dependencies across CUDA Streams. If you wish to avoid this, please
         disable the feature with --cuda-event-trace=false.
WARNING: Device-side CUDA Event completion trace is currently enabled.
         This may increase runtime overhead and the likelihood of false
         dependencies across CUDA Streams. If you wish to avoid this, please
         disable the feature with --cuda-event-trace=false.
WARNING: Device-side CUDA Event completion trace is currently enabled.
         This may increase runtime overhead and the likelihood of false
         dependencies across CUDA Streams. If you wish to avoid this, please
         disable the feature with --cuda-event-trace=false.
WARNING: Device-side CUDA Event completion trace is currently enabled.
         This may increase runtime overhead and the likelihood of false
         dependencies across CUDA Streams. If you wish to avoid this, please
         disable the feature with --cuda-event-trace=false.
WARNING: Device-side CUDA Event completion trace is currently enabled.
         This may increase runtime overhead and the likelihood of false
         dependencies across CUDA Streams. If you wish to avoid this, please
         disable the feature with --cuda-event-trace=false.
WARNING: Device-side CUDA Event completion trace is currently enabled.
         This may increase runtime overhead and the likelihood of false
         dependencies across CUDA Streams. If you wish to avoid this, please
         disable the feature with --cuda-event-trace=false.
WARNING: Device-side CUDA Event completion trace is currently enabled.
         This may increase runtime overhead and the likelihood of false
         dependencies across CUDA Streams. If you wish to avoid this, please
         disable the feature with --cuda-event-trace=false.
WARNING: Device-side CUDA Event completion trace is currently enabled.
         This may increase runtime overhead and the likelihood of false
         dependencies across CUDA Streams. If you wish to avoid this, please
         disable the feature with --cuda-event-trace=false.
WARNING: Device-side CUDA Event completion trace is currently enabled.
         This may increase runtime overhead and the likelihood of false
         dependencies across CUDA Streams. If you wish to avoid this, please
         disable the feature with --cuda-event-trace=false.
WARNING: Device-side CUDA Event completion trace is currently enabled.
         This may increase runtime overhead and the likelihood of false
         dependencies across CUDA Streams. If you wish to avoid this, please
         disable the feature with --cuda-event-trace=false.
WARNING: Device-side CUDA Event completion trace is currently enabled.
         This may increase runtime overhead and the likelihood of false
         dependencies across CUDA Streams. If you wish to avoid this, please
         disable the feature with --cuda-event-trace=false.
WARNING: Device-side CUDA Event completion trace is currently enabled.
         This may increase runtime overhead and the likelihood of false
         dependencies across CUDA Streams. If you wish to avoid this, please
         disable the feature with --cuda-event-trace=false.
WARNING: Device-side CUDA Event completion trace is currently enabled.
         This may increase runtime overhead and the likelihood of false
         dependencies across CUDA Streams. If you wish to avoid this, please
         disable the feature with --cuda-event-trace=false.
WARNING: Device-side CUDA Event completion trace is currently enabled.
         This may increase runtime overhead and the likelihood of false
         dependencies across CUDA Streams. If you wish to avoid this, please
         disable the feature with --cuda-event-trace=false.
WARNING: Device-side CUDA Event completion trace is currently enabled.
         This may increase runtime overhead and the likelihood of false
         dependencies across CUDA Streams. If you wish to avoid this, please
         disable the feature with --cuda-event-trace=false.
WARNING: Device-side CUDA Event completion trace is currently enabled.
         This may increase runtime overhead and the likelihood of false
         dependencies across CUDA Streams. If you wish to avoid this, please
         disable the feature with --cuda-event-trace=false.
WARNING: Device-side CUDA Event completion trace is currently enabled.
         This may increase runtime overhead and the likelihood of false
         dependencies across CUDA Streams. If you wish to avoid this, please
         disable the feature with --cuda-event-trace=false.
WARNING: Device-side CUDA Event completion trace is currently enabled.
         This may increase runtime overhead and the likelihood of false
         dependencies across CUDA Streams. If you wish to avoid this, please
         disable the feature with --cuda-event-trace=false.
WARNING: Device-side CUDA Event completion trace is currently enabled.
         This may increase runtime overhead and the likelihood of false
         dependencies across CUDA Streams. If you wish to avoid this, please
         disable the feature with --cuda-event-trace=false.
WARNING: Device-side CUDA Event completion trace is currently enabled.
         This may increase runtime overhead and the likelihood of false
         dependencies across CUDA Streams. If you wish to avoid this, please
         disable the feature with --cuda-event-trace=false.
WARNING: Device-side CUDA Event completion trace is currently enabled.
         This may increase runtime overhead and the likelihood of false
         dependencies across CUDA Streams. If you wish to avoid this, please
         disable the feature with --cuda-event-trace=false.
WARNING: Device-side CUDA Event completion trace is currently enabled.
         This may increase runtime overhead and the likelihood of false
         dependencies across CUDA Streams. If you wish to avoid this, please
         disable the feature with --cuda-event-trace=false.
WARNING: Device-side CUDA Event completion trace is currently enabled.
         This may increase runtime overhead and the likelihood of false
         dependencies across CUDA Streams. If you wish to avoid this, please
         disable the feature with --cuda-event-trace=false.
WARNING: Device-side CUDA Event completion trace is currently enabled.
         This may increase runtime overhead and the likelihood of false
         dependencies across CUDA Streams. If you wish to avoid this, please
         disable the feature with --cuda-event-trace=false.
WARNING: Device-side CUDA Event completion trace is currently enabled.
         This may increase runtime overhead and the likelihood of false
         dependencies across CUDA Streams. If you wish to avoid this, please
         disable the feature with --cuda-event-trace=false.
WARNING: Device-side CUDA Event completion trace is currently enabled.
         This may increase runtime overhead and the likelihood of false
         dependencies across CUDA Streams. If you wish to avoid this, please
         disable the feature with --cuda-event-trace=false.
WARNING: Device-side CUDA Event completion trace is currently enabled.
         This may increase runtime overhead and the likelihood of false
         dependencies across CUDA Streams. If you wish to avoid this, please
         disable the feature with --cuda-event-trace=false.
WARNING: Device-side CUDA Event completion trace is currently enabled.
         This may increase runtime overhead and the likelihood of false
         dependencies across CUDA Streams. If you wish to avoid this, please
         disable the feature with --cuda-event-trace=false.
WARNING: Device-side CUDA Event completion trace is currently enabled.
         This may increase runtime overhead and the likelihood of false
         dependencies across CUDA Streams. If you wish to avoid this, please
         disable the feature with --cuda-event-trace=false.
WARNING: Device-side CUDA Event completion trace is currently enabled.
         This may increase runtime overhead and the likelihood of false
         dependencies across CUDA Streams. If you wish to avoid this, please
         disable the feature with --cuda-event-trace=false.
WARNING: Device-side CUDA Event completion trace is currently enabled.
         This may increase runtime overhead and the likelihood of false
         dependencies across CUDA Streams. If you wish to avoid this, please
         disable the feature with --cuda-event-trace=false.
WARNING: Device-side CUDA Event completion trace is currently enabled.
         This may increase runtime overhead and the likelihood of false
         dependencies across CUDA Streams. If you wish to avoid this, please
         disable the feature with --cuda-event-trace=false.
WARNING: Device-side CUDA Event completion trace is currently enabled.
         This may increase runtime overhead and the likelihood of false
         dependencies across CUDA Streams. If you wish to avoid this, please
         disable the feature with --cuda-event-trace=false.
WARNING: Device-side CUDA Event completion trace is currently enabled.
         This may increase runtime overhead and the likelihood of false
         dependencies across CUDA Streams. If you wish to avoid this, please
         disable the feature with --cuda-event-trace=false.
WARNING: Device-side CUDA Event completion trace is currently enabled.
         This may increase runtime overhead and the likelihood of false
         dependencies across CUDA Streams. If you wish to avoid this, please
         disable the feature with --cuda-event-trace=false.
WARNING: Device-side CUDA Event completion trace is currently enabled.
         This may increase runtime overhead and the likelihood of false
         dependencies across CUDA Streams. If you wish to avoid this, please
         disable the feature with --cuda-event-trace=false.
WARNING: Device-side CUDA Event completion trace is currently enabled.
         This may increase runtime overhead and the likelihood of false
         dependencies across CUDA Streams. If you wish to avoid this, please
         disable the feature with --cuda-event-trace=false.
WARNING: Device-side CUDA Event completion trace is currently enabled.
         This may increase runtime overhead and the likelihood of false
         dependencies across CUDA Streams. If you wish to avoid this, please
         disable the feature with --cuda-event-trace=false.
WARNING: Device-side CUDA Event completion trace is currently enabled.
         This may increase runtime overhead and the likelihood of false
         dependencies across CUDA Streams. If you wish to avoid this, please
         disable the feature with --cuda-event-trace=false.
WARNING: Device-side CUDA Event completion trace is currently enabled.
         This may increase runtime overhead and the likelihood of false
         dependencies across CUDA Streams. If you wish to avoid this, please
         disable the feature with --cuda-event-trace=false.
WARNING: Device-side CUDA Event completion trace is currently enabled.
         This may increase runtime overhead and the likelihood of false
         dependencies across CUDA Streams. If you wish to avoid this, please
         disable the feature with --cuda-event-trace=false.
WARNING: Device-side CUDA Event completion trace is currently enabled.
         This may increase runtime overhead and the likelihood of false
         dependencies across CUDA Streams. If you wish to avoid this, please
         disable the feature with --cuda-event-trace=false.
WARNING: Device-side CUDA Event completion trace is currently enabled.
         This may increase runtime overhead and the likelihood of false
         dependencies across CUDA Streams. If you wish to avoid this, please
         disable the feature with --cuda-event-trace=false.
WARNING: Device-side CUDA Event completion trace is currently enabled.
         This may increase runtime overhead and the likelihood of false
         dependencies across CUDA Streams. If you wish to avoid this, please
         disable the feature with --cuda-event-trace=false.
WARNING: Device-side CUDA Event completion trace is currently enabled.
         This may increase runtime overhead and the likelihood of false
         dependencies across CUDA Streams. If you wish to avoid this, please
         disable the feature with --cuda-event-trace=false.
WARNING: Device-side CUDA Event completion trace is currently enabled.
         This may increase runtime overhead and the likelihood of false
         dependencies across CUDA Streams. If you wish to avoid this, please
         disable the feature with --cuda-event-trace=false.
WARNING: Device-side CUDA Event completion trace is currently enabled.
         This may increase runtime overhead and the likelihood of false
         dependencies across CUDA Streams. If you wish to avoid this, please
         disable the feature with --cuda-event-trace=false.
WARNING: Device-side CUDA Event completion trace is currently enabled.
         This may increase runtime overhead and the likelihood of false
         dependencies across CUDA Streams. If you wish to avoid this, please
         disable the feature with --cuda-event-trace=false.
WARNING: Device-side CUDA Event completion trace is currently enabled.
         This may increase runtime overhead and the likelihood of false
         dependencies across CUDA Streams. If you wish to avoid this, please
         disable the feature with --cuda-event-trace=false.
WARNING: Device-side CUDA Event completion trace is currently enabled.
         This may increase runtime overhead and the likelihood of false
         dependencies across CUDA Streams. If you wish to avoid this, please
         disable the feature with --cuda-event-trace=false.
WARNING: Device-side CUDA Event completion trace is currently enabled.
         This may increase runtime overhead and the likelihood of false
         dependencies across CUDA Streams. If you wish to avoid this, please
         disable the feature with --cuda-event-trace=false.
WARNING: Device-side CUDA Event completion trace is currently enabled.
         This may increase runtime overhead and the likelihood of false
         dependencies across CUDA Streams. If you wish to avoid this, please
         disable the feature with --cuda-event-trace=false.
WARNING: Device-side CUDA Event completion trace is currently enabled.
         This may increase runtime overhead and the likelihood of false
         dependencies across CUDA Streams. If you wish to avoid this, please
         disable the feature with --cuda-event-trace=false.
WARNING: Device-side CUDA Event completion trace is currently enabled.
         This may increase runtime overhead and the likelihood of false
         dependencies across CUDA Streams. If you wish to avoid this, please
         disable the feature with --cuda-event-trace=false.
WARNING: Device-side CUDA Event completion trace is currently enabled.
         This may increase runtime overhead and the likelihood of false
         dependencies across CUDA Streams. If you wish to avoid this, please
         disable the feature with --cuda-event-trace=false.
WARNING: Device-side CUDA Event completion trace is currently enabled.
         This may increase runtime overhead and the likelihood of false
         dependencies across CUDA Streams. If you wish to avoid this, please
         disable the feature with --cuda-event-trace=false.
WARNING: Device-side CUDA Event completion trace is currently enabled.
         This may increase runtime overhead and the likelihood of false
         dependencies across CUDA Streams. If you wish to avoid this, please
         disable the feature with --cuda-event-trace=false.
WARNING: Device-side CUDA Event completion trace is currently enabled.
         This may increase runtime overhead and the likelihood of false
         dependencies across CUDA Streams. If you wish to avoid this, please
         disable the feature with --cuda-event-trace=false.
WARNING: Device-side CUDA Event completion trace is currently enabled.
         This may increase runtime overhead and the likelihood of false
         dependencies across CUDA Streams. If you wish to avoid this, please
         disable the feature with --cuda-event-trace=false.
WARNING: Device-side CUDA Event completion trace is currently enabled.
         This may increase runtime overhead and the likelihood of false
         dependencies across CUDA Streams. If you wish to avoid this, please
         disable the feature with --cuda-event-trace=false.
WARNING: Device-side CUDA Event completion trace is currently enabled.
         This may increase runtime overhead and the likelihood of false
         dependencies across CUDA Streams. If you wish to avoid this, please
         disable the feature with --cuda-event-trace=false.
WARNING: Device-side CUDA Event completion trace is currently enabled.
         This may increase runtime overhead and the likelihood of false
         dependencies across CUDA Streams. If you wish to avoid this, please
         disable the feature with --cuda-event-trace=false.
WARNING: Device-side CUDA Event completion trace is currently enabled.
         This may increase runtime overhead and the likelihood of false
         dependencies across CUDA Streams. If you wish to avoid this, please
         disable the feature with --cuda-event-trace=false.
WARNING: Device-side CUDA Event completion trace is currently enabled.
         This may increase runtime overhead and the likelihood of false
         dependencies across CUDA Streams. If you wish to avoid this, please
         disable the feature with --cuda-event-trace=false.
WARNING: Device-side CUDA Event completion trace is currently enabled.
         This may increase runtime overhead and the likelihood of false
         dependencies across CUDA Streams. If you wish to avoid this, please
         disable the feature with --cuda-event-trace=false.
WARNING: Device-side CUDA Event completion trace is currently enabled.
         This may increase runtime overhead and the likelihood of false
         dependencies across CUDA Streams. If you wish to avoid this, please
         disable the feature with --cuda-event-trace=false.
WARNING: Device-side CUDA Event completion trace is currently enabled.
         This may increase runtime overhead and the likelihood of false
         dependencies across CUDA Streams. If you wish to avoid this, please
         disable the feature with --cuda-event-trace=false.
WARNING: Device-side CUDA Event completion trace is currently enabled.
         This may increase runtime overhead and the likelihood of false
         dependencies across CUDA Streams. If you wish to avoid this, please
         disable the feature with --cuda-event-trace=false.
WARNING: Device-side CUDA Event completion trace is currently enabled.
         This may increase runtime overhead and the likelihood of false
         dependencies across CUDA Streams. If you wish to avoid this, please
         disable the feature with --cuda-event-trace=false.
WARNING: Device-side CUDA Event completion trace is currently enabled.
         This may increase runtime overhead and the likelihood of false
         dependencies across CUDA Streams. If you wish to avoid this, please
         disable the feature with --cuda-event-trace=false.
WARNING: Device-side CUDA Event completion trace is currently enabled.
         This may increase runtime overhead and the likelihood of false
         dependencies across CUDA Streams. If you wish to avoid this, please
         disable the feature with --cuda-event-trace=false.
WARNING: Device-side CUDA Event completion trace is currently enabled.
         This may increase runtime overhead and the likelihood of false
         dependencies across CUDA Streams. If you wish to avoid this, please
         disable the feature with --cuda-event-trace=false.
WARNING: Device-side CUDA Event completion trace is currently enabled.
         This may increase runtime overhead and the likelihood of false
         dependencies across CUDA Streams. If you wish to avoid this, please
         disable the feature with --cuda-event-trace=false.
WARNING: Device-side CUDA Event completion trace is currently enabled.
         This may increase runtime overhead and the likelihood of false
         dependencies across CUDA Streams. If you wish to avoid this, please
         disable the feature with --cuda-event-trace=false.
WARNING: Device-side CUDA Event completion trace is currently enabled.
         This may increase runtime overhead and the likelihood of false
         dependencies across CUDA Streams. If you wish to avoid this, please
         disable the feature with --cuda-event-trace=false.
WARNING: Device-side CUDA Event completion trace is currently enabled.
         This may increase runtime overhead and the likelihood of false
         dependencies across CUDA Streams. If you wish to avoid this, please
         disable the feature with --cuda-event-trace=false.
WARNING: Device-side CUDA Event completion trace is currently enabled.
         This may increase runtime overhead and the likelihood of false
         dependencies across CUDA Streams. If you wish to avoid this, please
         disable the feature with --cuda-event-trace=false.
WARNING: Device-side CUDA Event completion trace is currently enabled.
         This may increase runtime overhead and the likelihood of false
         dependencies across CUDA Streams. If you wish to avoid this, please
         disable the feature with --cuda-event-trace=false.
WARNING: Device-side CUDA Event completion trace is currently enabled.
         This may increase runtime overhead and the likelihood of false
         dependencies across CUDA Streams. If you wish to avoid this, please
         disable the feature with --cuda-event-trace=false.
WARNING: Device-side CUDA Event completion trace is currently enabled.
         This may increase runtime overhead and the likelihood of false
         dependencies across CUDA Streams. If you wish to avoid this, please
         disable the feature with --cuda-event-trace=false.
WARNING: Device-side CUDA Event completion trace is currently enabled.
         This may increase runtime overhead and the likelihood of false
         dependencies across CUDA Streams. If you wish to avoid this, please
         disable the feature with --cuda-event-trace=false.
WARNING: Device-side CUDA Event completion trace is currently enabled.
         This may increase runtime overhead and the likelihood of false
         dependencies across CUDA Streams. If you wish to avoid this, please
         disable the feature with --cuda-event-trace=false.
WARNING: Device-side CUDA Event completion trace is currently enabled.
         This may increase runtime overhead and the likelihood of false
         dependencies across CUDA Streams. If you wish to avoid this, please
         disable the feature with --cuda-event-trace=false.
WARNING: Device-side CUDA Event completion trace is currently enabled.
         This may increase runtime overhead and the likelihood of false
         dependencies across CUDA Streams. If you wish to avoid this, please
         disable the feature with --cuda-event-trace=false.
WARNING: Device-side CUDA Event completion trace is currently enabled.
         This may increase runtime overhead and the likelihood of false
         dependencies across CUDA Streams. If you wish to avoid this, please
         disable the feature with --cuda-event-trace=false.
WARNING: Device-side CUDA Event completion trace is currently enabled.
         This may increase runtime overhead and the likelihood of false
         dependencies across CUDA Streams. If you wish to avoid this, please
         disable the feature with --cuda-event-trace=false.
WARNING: Device-side CUDA Event completion trace is currently enabled.
         This may increase runtime overhead and the likelihood of false
         dependencies across CUDA Streams. If you wish to avoid this, please
         disable the feature with --cuda-event-trace=false.
WARNING: Device-side CUDA Event completion trace is currently enabled.
         This may increase runtime overhead and the likelihood of false
         dependencies across CUDA Streams. If you wish to avoid this, please
         disable the feature with --cuda-event-trace=false.
WARNING: Device-side CUDA Event completion trace is currently enabled.
         This may increase runtime overhead and the likelihood of false
         dependencies across CUDA Streams. If you wish to avoid this, please
         disable the feature with --cuda-event-trace=false.
WARNING: Device-side CUDA Event completion trace is currently enabled.
         This may increase runtime overhead and the likelihood of false
         dependencies across CUDA Streams. If you wish to avoid this, please
         disable the feature with --cuda-event-trace=false.
WARNING: Device-side CUDA Event completion trace is currently enabled.
         This may increase runtime overhead and the likelihood of false
         dependencies across CUDA Streams. If you wish to avoid this, please
         disable the feature with --cuda-event-trace=false.
WARNING: Device-side CUDA Event completion trace is currently enabled.
         This may increase runtime overhead and the likelihood of false
         dependencies across CUDA Streams. If you wish to avoid this, please
         disable the feature with --cuda-event-trace=false.
WARNING: Device-side CUDA Event completion trace is currently enabled.
         This may increase runtime overhead and the likelihood of false
         dependencies across CUDA Streams. If you wish to avoid this, please
         disable the feature with --cuda-event-trace=false.
WARNING: Device-side CUDA Event completion trace is currently enabled.
         This may increase runtime overhead and the likelihood of false
         dependencies across CUDA Streams. If you wish to avoid this, please
         disable the feature with --cuda-event-trace=false.
WARNING: Device-side CUDA Event completion trace is currently enabled.
         This may increase runtime overhead and the likelihood of false
         dependencies across CUDA Streams. If you wish to avoid this, please
         disable the feature with --cuda-event-trace=false.
WARNING: Device-side CUDA Event completion trace is currently enabled.
         This may increase runtime overhead and the likelihood of false
         dependencies across CUDA Streams. If you wish to avoid this, please
         disable the feature with --cuda-event-trace=false.
WARNING: Device-side CUDA Event completion trace is currently enabled.
         This may increase runtime overhead and the likelihood of false
         dependencies across CUDA Streams. If you wish to avoid this, please
         disable the feature with --cuda-event-trace=false.
WARNING: Device-side CUDA Event completion trace is currently enabled.
         This may increase runtime overhead and the likelihood of false
         dependencies across CUDA Streams. If you wish to avoid this, please
         disable the feature with --cuda-event-trace=false.
WARNING: Device-side CUDA Event completion trace is currently enabled.
         This may increase runtime overhead and the likelihood of false
         dependencies across CUDA Streams. If you wish to avoid this, please
         disable the feature with --cuda-event-trace=false.
WARNING: Device-side CUDA Event completion trace is currently enabled.
         This may increase runtime overhead and the likelihood of false
         dependencies across CUDA Streams. If you wish to avoid this, please
         disable the feature with --cuda-event-trace=false.
WARNING: Device-side CUDA Event completion trace is currently enabled.
         This may increase runtime overhead and the likelihood of false
         dependencies across CUDA Streams. If you wish to avoid this, please
         disable the feature with --cuda-event-trace=false.
WARNING: Device-side CUDA Event completion trace is currently enabled.
         This may increase runtime overhead and the likelihood of false
         dependencies across CUDA Streams. If you wish to avoid this, please
         disable the feature with --cuda-event-trace=false.
WARNING: Device-side CUDA Event completion trace is currently enabled.
         This may increase runtime overhead and the likelihood of false
         dependencies across CUDA Streams. If you wish to avoid this, please
         disable the feature with --cuda-event-trace=false.
WARNING: Device-side CUDA Event completion trace is currently enabled.
         This may increase runtime overhead and the likelihood of false
         dependencies across CUDA Streams. If you wish to avoid this, please
         disable the feature with --cuda-event-trace=false.
WARNING: Device-side CUDA Event completion trace is currently enabled.
         This may increase runtime overhead and the likelihood of false
         dependencies across CUDA Streams. If you wish to avoid this, please
         disable the feature with --cuda-event-trace=false.
WARNING: Device-side CUDA Event completion trace is currently enabled.
         This may increase runtime overhead and the likelihood of false
         dependencies across CUDA Streams. If you wish to avoid this, please
         disable the feature with --cuda-event-trace=false.
WARNING: Device-side CUDA Event completion trace is currently enabled.
         This may increase runtime overhead and the likelihood of false
         dependencies across CUDA Streams. If you wish to avoid this, please
         disable the feature with --cuda-event-trace=false.
WARNING: Device-side CUDA Event completion trace is currently enabled.
         This may increase runtime overhead and the likelihood of false
         dependencies across CUDA Streams. If you wish to avoid this, please
         disable the feature with --cuda-event-trace=false.
WARNING: Device-side CUDA Event completion trace is currently enabled.
         This may increase runtime overhead and the likelihood of false
         dependencies across CUDA Streams. If you wish to avoid this, please
         disable the feature with --cuda-event-trace=false.
WARNING: Device-side CUDA Event completion trace is currently enabled.
         This may increase runtime overhead and the likelihood of false
         dependencies across CUDA Streams. If you wish to avoid this, please
         disable the feature with --cuda-event-trace=false.
WARNING: Device-side CUDA Event completion trace is currently enabled.
         This may increase runtime overhead and the likelihood of false
         dependencies across CUDA Streams. If you wish to avoid this, please
         disable the feature with --cuda-event-trace=false.
WARNING: Device-side CUDA Event completion trace is currently enabled.
         This may increase runtime overhead and the likelihood of false
         dependencies across CUDA Streams. If you wish to avoid this, please
         disable the feature with --cuda-event-trace=false.
WARNING: Device-side CUDA Event completion trace is currently enabled.
         This may increase runtime overhead and the likelihood of false
         dependencies across CUDA Streams. If you wish to avoid this, please
         disable the feature with --cuda-event-trace=false.
WARNING: Device-side CUDA Event completion trace is currently enabled.
         This may increase runtime overhead and the likelihood of false
         dependencies across CUDA Streams. If you wish to avoid this, please
         disable the feature with --cuda-event-trace=false.
WARNING: Device-side CUDA Event completion trace is currently enabled.
         This may increase runtime overhead and the likelihood of false
         dependencies across CUDA Streams. If you wish to avoid this, please
         disable the feature with --cuda-event-trace=false.
WARNING: Device-side CUDA Event completion trace is currently enabled.
         This may increase runtime overhead and the likelihood of false
         dependencies across CUDA Streams. If you wish to avoid this, please
         disable the feature with --cuda-event-trace=false.
WARNING: Device-side CUDA Event completion trace is currently enabled.
         This may increase runtime overhead and the likelihood of false
         dependencies across CUDA Streams. If you wish to avoid this, please
         disable the feature with --cuda-event-trace=false.
WARNING: Device-side CUDA Event completion trace is currently enabled.
         This may increase runtime overhead and the likelihood of false
         dependencies across CUDA Streams. If you wish to avoid this, please
         disable the feature with --cuda-event-trace=false.
WARNING: Device-side CUDA Event completion trace is currently enabled.
         This may increase runtime overhead and the likelihood of false
         dependencies across CUDA Streams. If you wish to avoid this, please
         disable the feature with --cuda-event-trace=false.
WARNING: Device-side CUDA Event completion trace is currently enabled.
         This may increase runtime overhead and the likelihood of false
         dependencies across CUDA Streams. If you wish to avoid this, please
         disable the feature with --cuda-event-trace=false.
WARNING: Device-side CUDA Event completion trace is currently enabled.
         This may increase runtime overhead and the likelihood of false
         dependencies across CUDA Streams. If you wish to avoid this, please
         disable the feature with --cuda-event-trace=false.
WARNING: Device-side CUDA Event completion trace is currently enabled.
         This may increase runtime overhead and the likelihood of false
         dependencies across CUDA Streams. If you wish to avoid this, please
         disable the feature with --cuda-event-trace=false.
WARNING: Device-side CUDA Event completion trace is currently enabled.
         This may increase runtime overhead and the likelihood of false
         dependencies across CUDA Streams. If you wish to avoid this, please
         disable the feature with --cuda-event-trace=false.
WARNING: Device-side CUDA Event completion trace is currently enabled.
         This may increase runtime overhead and the likelihood of false
         dependencies across CUDA Streams. If you wish to avoid this, please
         disable the feature with --cuda-event-trace=false.
WARNING: Device-side CUDA Event completion trace is currently enabled.
         This may increase runtime overhead and the likelihood of false
         dependencies across CUDA Streams. If you wish to avoid this, please
         disable the feature with --cuda-event-trace=false.
WARNING: Device-side CUDA Event completion trace is currently enabled.
         This may increase runtime overhead and the likelihood of false
         dependencies across CUDA Streams. If you wish to avoid this, please
         disable the feature with --cuda-event-trace=false.
WARNING: Device-side CUDA Event completion trace is currently enabled.
         This may increase runtime overhead and the likelihood of false
         dependencies across CUDA Streams. If you wish to avoid this, please
         disable the feature with --cuda-event-trace=false.
WARNING: Device-side CUDA Event completion trace is currently enabled.
         This may increase runtime overhead and the likelihood of false
         dependencies across CUDA Streams. If you wish to avoid this, please
         disable the feature with --cuda-event-trace=false.
WARNING: Device-side CUDA Event completion trace is currently enabled.
         This may increase runtime overhead and the likelihood of false
         dependencies across CUDA Streams. If you wish to avoid this, please
         disable the feature with --cuda-event-trace=false.
WARNING: Device-side CUDA Event completion trace is currently enabled.
         This may increase runtime overhead and the likelihood of false
         dependencies across CUDA Streams. If you wish to avoid this, please
         disable the feature with --cuda-event-trace=false.
WARNING: Device-side CUDA Event completion trace is currently enabled.
         This may increase runtime overhead and the likelihood of false
         dependencies across CUDA Streams. If you wish to avoid this, please
         disable the feature with --cuda-event-trace=false.
WARNING: Device-side CUDA Event completion trace is currently enabled.
         This may increase runtime overhead and the likelihood of false
         dependencies across CUDA Streams. If you wish to avoid this, please
         disable the feature with --cuda-event-trace=false.
WARNING: Device-side CUDA Event completion trace is currently enabled.
         This may increase runtime overhead and the likelihood of false
         dependencies across CUDA Streams. If you wish to avoid this, please
         disable the feature with --cuda-event-trace=false.
WARNING: Device-side CUDA Event completion trace is currently enabled.
         This may increase runtime overhead and the likelihood of false
         dependencies across CUDA Streams. If you wish to avoid this, please
         disable the feature with --cuda-event-trace=false.
WARNING: Device-side CUDA Event completion trace is currently enabled.
         This may increase runtime overhead and the likelihood of false
         dependencies across CUDA Streams. If you wish to avoid this, please
         disable the feature with --cuda-event-trace=false.
WARNING: Device-side CUDA Event completion trace is currently enabled.
         This may increase runtime overhead and the likelihood of false
         dependencies across CUDA Streams. If you wish to avoid this, please
         disable the feature with --cuda-event-trace=false.
WARNING: Device-side CUDA Event completion trace is currently enabled.
         This may increase runtime overhead and the likelihood of false
         dependencies across CUDA Streams. If you wish to avoid this, please
         disable the feature with --cuda-event-trace=false.
WARNING: Device-side CUDA Event completion trace is currently enabled.
         This may increase runtime overhead and the likelihood of false
         dependencies across CUDA Streams. If you wish to avoid this, please
         disable the feature with --cuda-event-trace=false.
WARNING: Device-side CUDA Event completion trace is currently enabled.
         This may increase runtime overhead and the likelihood of false
         dependencies across CUDA Streams. If you wish to avoid this, please
         disable the feature with --cuda-event-trace=false.
WARNING: Device-side CUDA Event completion trace is currently enabled.
         This may increase runtime overhead and the likelihood of false
         dependencies across CUDA Streams. If you wish to avoid this, please
         disable the feature with --cuda-event-trace=false.
WARNING: Device-side CUDA Event completion trace is currently enabled.
         This may increase runtime overhead and the likelihood of false
         dependencies across CUDA Streams. If you wish to avoid this, please
         disable the feature with --cuda-event-trace=false.
WARNING: Device-side CUDA Event completion trace is currently enabled.
         This may increase runtime overhead and the likelihood of false
         dependencies across CUDA Streams. If you wish to avoid this, please
         disable the feature with --cuda-event-trace=false.
WARNING: Device-side CUDA Event completion trace is currently enabled.
         This may increase runtime overhead and the likelihood of false
         dependencies across CUDA Streams. If you wish to avoid this, please
         disable the feature with --cuda-event-trace=false.
WARNING: Device-side CUDA Event completion trace is currently enabled.
         This may increase runtime overhead and the likelihood of false
         dependencies across CUDA Streams. If you wish to avoid this, please
         disable the feature with --cuda-event-trace=false.
WARNING: Device-side CUDA Event completion trace is currently enabled.
         This may increase runtime overhead and the likelihood of false
         dependencies across CUDA Streams. If you wish to avoid this, please
         disable the feature with --cuda-event-trace=false.
WARNING: Device-side CUDA Event completion trace is currently enabled.
         This may increase runtime overhead and the likelihood of false
         dependencies across CUDA Streams. If you wish to avoid this, please
         disable the feature with --cuda-event-trace=false.
WARNING: Device-side CUDA Event completion trace is currently enabled.
         This may increase runtime overhead and the likelihood of false
         dependencies across CUDA Streams. If you wish to avoid this, please
         disable the feature with --cuda-event-trace=false.
WARNING: Device-side CUDA Event completion trace is currently enabled.
         This may increase runtime overhead and the likelihood of false
         dependencies across CUDA Streams. If you wish to avoid this, please
         disable the feature with --cuda-event-trace=false.
WARNING: Device-side CUDA Event completion trace is currently enabled.
         This may increase runtime overhead and the likelihood of false
         dependencies across CUDA Streams. If you wish to avoid this, please
         disable the feature with --cuda-event-trace=false.
WARNING: Device-side CUDA Event completion trace is currently enabled.
         This may increase runtime overhead and the likelihood of false
         dependencies across CUDA Streams. If you wish to avoid this, please
         disable the feature with --cuda-event-trace=false.
WARNING: Device-side CUDA Event completion trace is currently enabled.
         This may increase runtime overhead and the likelihood of false
         dependencies across CUDA Streams. If you wish to avoid this, please
         disable the feature with --cuda-event-trace=false.
WARNING: Device-side CUDA Event completion trace is currently enabled.
         This may increase runtime overhead and the likelihood of false
         dependencies across CUDA Streams. If you wish to avoid this, please
         disable the feature with --cuda-event-trace=false.
WARNING: Device-side CUDA Event completion trace is currently enabled.
         This may increase runtime overhead and the likelihood of false
         dependencies across CUDA Streams. If you wish to avoid this, please
         disable the feature with --cuda-event-trace=false.
WARNING: Device-side CUDA Event completion trace is currently enabled.
         This may increase runtime overhead and the likelihood of false
         dependencies across CUDA Streams. If you wish to avoid this, please
         disable the feature with --cuda-event-trace=false.
WARNING: Device-side CUDA Event completion trace is currently enabled.
         This may increase runtime overhead and the likelihood of false
         dependencies across CUDA Streams. If you wish to avoid this, please
         disable the feature with --cuda-event-trace=false.
WARNING: Device-side CUDA Event completion trace is currently enabled.
         This may increase runtime overhead and the likelihood of false
         dependencies across CUDA Streams. If you wish to avoid this, please
         disable the feature with --cuda-event-trace=false.
WARNING: Device-side CUDA Event completion trace is currently enabled.
         This may increase runtime overhead and the likelihood of false
         dependencies across CUDA Streams. If you wish to avoid this, please
         disable the feature with --cuda-event-trace=false.
WARNING: Device-side CUDA Event completion trace is currently enabled.
         This may increase runtime overhead and the likelihood of false
         dependencies across CUDA Streams. If you wish to avoid this, please
         disable the feature with --cuda-event-trace=false.
WARNING: Device-side CUDA Event completion trace is currently enabled.
         This may increase runtime overhead and the likelihood of false
         dependencies across CUDA Streams. If you wish to avoid this, please
         disable the feature with --cuda-event-trace=false.
WARNING: Device-side CUDA Event completion trace is currently enabled.
         This may increase runtime overhead and the likelihood of false
         dependencies across CUDA Streams. If you wish to avoid this, please
         disable the feature with --cuda-event-trace=false.
WARNING: Device-side CUDA Event completion trace is currently enabled.
         This may increase runtime overhead and the likelihood of false
         dependencies across CUDA Streams. If you wish to avoid this, please
         disable the feature with --cuda-event-trace=false.
WARNING: Device-side CUDA Event completion trace is currently enabled.
         This may increase runtime overhead and the likelihood of false
         dependencies across CUDA Streams. If you wish to avoid this, please
         disable the feature with --cuda-event-trace=false.
WARNING: Device-side CUDA Event completion trace is currently enabled.
         This may increase runtime overhead and the likelihood of false
         dependencies across CUDA Streams. If you wish to avoid this, please
         disable the feature with --cuda-event-trace=false.
WARNING: Device-side CUDA Event completion trace is currently enabled.
         This may increase runtime overhead and the likelihood of false
         dependencies across CUDA Streams. If you wish to avoid this, please
         disable the feature with --cuda-event-trace=false.
WARNING: Device-side CUDA Event completion trace is currently enabled.
         This may increase runtime overhead and the likelihood of false
         dependencies across CUDA Streams. If you wish to avoid this, please
         disable the feature with --cuda-event-trace=false.
WARNING: Device-side CUDA Event completion trace is currently enabled.
         This may increase runtime overhead and the likelihood of false
         dependencies across CUDA Streams. If you wish to avoid this, please
         disable the feature with --cuda-event-trace=false.
WARNING: Device-side CUDA Event completion trace is currently enabled.
         This may increase runtime overhead and the likelihood of false
         dependencies across CUDA Streams. If you wish to avoid this, please
         disable the feature with --cuda-event-trace=false.
WARNING: Device-side CUDA Event completion trace is currently enabled.
         This may increase runtime overhead and the likelihood of false
         dependencies across CUDA Streams. If you wish to avoid this, please
         disable the feature with --cuda-event-trace=false.
WARNING: Device-side CUDA Event completion trace is currently enabled.
         This may increase runtime overhead and the likelihood of false
         dependencies across CUDA Streams. If you wish to avoid this, please
         disable the feature with --cuda-event-trace=false.
WARNING: Device-side CUDA Event completion trace is currently enabled.
         This may increase runtime overhead and the likelihood of false
         dependencies across CUDA Streams. If you wish to avoid this, please
         disable the feature with --cuda-event-trace=false.
WARNING: Device-side CUDA Event completion trace is currently enabled.
         This may increase runtime overhead and the likelihood of false
         dependencies across CUDA Streams. If you wish to avoid this, please
         disable the feature with --cuda-event-trace=false.
WARNING: Device-side CUDA Event completion trace is currently enabled.
         This may increase runtime overhead and the likelihood of false
         dependencies across CUDA Streams. If you wish to avoid this, please
         disable the feature with --cuda-event-trace=false.
WARNING: Device-side CUDA Event completion trace is currently enabled.
         This may increase runtime overhead and the likelihood of false
         dependencies across CUDA Streams. If you wish to avoid this, please
         disable the feature with --cuda-event-trace=false.
WARNING: Device-side CUDA Event completion trace is currently enabled.
         This may increase runtime overhead and the likelihood of false
         dependencies across CUDA Streams. If you wish to avoid this, please
         disable the feature with --cuda-event-trace=false.
WARNING: Device-side CUDA Event completion trace is currently enabled.
         This may increase runtime overhead and the likelihood of false
         dependencies across CUDA Streams. If you wish to avoid this, please
         disable the feature with --cuda-event-trace=false.
WARNING: Device-side CUDA Event completion trace is currently enabled.
         This may increase runtime overhead and the likelihood of false
         dependencies across CUDA Streams. If you wish to avoid this, please
         disable the feature with --cuda-event-trace=false.
WARNING: Device-side CUDA Event completion trace is currently enabled.
         This may increase runtime overhead and the likelihood of false
         dependencies across CUDA Streams. If you wish to avoid this, please
         disable the feature with --cuda-event-trace=false.
WARNING: Device-side CUDA Event completion trace is currently enabled.
         This may increase runtime overhead and the likelihood of false
         dependencies across CUDA Streams. If you wish to avoid this, please
         disable the feature with --cuda-event-trace=false.
WARNING: Device-side CUDA Event completion trace is currently enabled.
         This may increase runtime overhead and the likelihood of false
         dependencies across CUDA Streams. If you wish to avoid this, please
         disable the feature with --cuda-event-trace=false.
WARNING: Device-side CUDA Event completion trace is currently enabled.
         This may increase runtime overhead and the likelihood of false
         dependencies across CUDA Streams. If you wish to avoid this, please
         disable the feature with --cuda-event-trace=false.
WARNING: Device-side CUDA Event completion trace is currently enabled.
         This may increase runtime overhead and the likelihood of false
         dependencies across CUDA Streams. If you wish to avoid this, please
         disable the feature with --cuda-event-trace=false.
WARNING: Device-side CUDA Event completion trace is currently enabled.
         This may increase runtime overhead and the likelihood of false
         dependencies across CUDA Streams. If you wish to avoid this, please
         disable the feature with --cuda-event-trace=false.
WARNING: Device-side CUDA Event completion trace is currently enabled.
         This may increase runtime overhead and the likelihood of false
         dependencies across CUDA Streams. If you wish to avoid this, please
         disable the feature with --cuda-event-trace=false.
WARNING: Device-side CUDA Event completion trace is currently enabled.
         This may increase runtime overhead and the likelihood of false
         dependencies across CUDA Streams. If you wish to avoid this, please
         disable the feature with --cuda-event-trace=false.
WARNING: Device-side CUDA Event completion trace is currently enabled.
         This may increase runtime overhead and the likelihood of false
         dependencies across CUDA Streams. If you wish to avoid this, please
         disable the feature with --cuda-event-trace=false.
WARNING: Device-side CUDA Event completion trace is currently enabled.
         This may increase runtime overhead and the likelihood of false
         dependencies across CUDA Streams. If you wish to avoid this, please
         disable the feature with --cuda-event-trace=false.
WARNING: Device-side CUDA Event completion trace is currently enabled.
         This may increase runtime overhead and the likelihood of false
         dependencies across CUDA Streams. If you wish to avoid this, please
         disable the feature with --cuda-event-trace=false.
WARNING: Device-side CUDA Event completion trace is currently enabled.
         This may increase runtime overhead and the likelihood of false
         dependencies across CUDA Streams. If you wish to avoid this, please
         disable the feature with --cuda-event-trace=false.
WARNING: Device-side CUDA Event completion trace is currently enabled.
         This may increase runtime overhead and the likelihood of false
         dependencies across CUDA Streams. If you wish to avoid this, please
         disable the feature with --cuda-event-trace=false.
WARNING: Device-side CUDA Event completion trace is currently enabled.
         This may increase runtime overhead and the likelihood of false
         dependencies across CUDA Streams. If you wish to avoid this, please
         disable the feature with --cuda-event-trace=false.
WARNING: Device-side CUDA Event completion trace is currently enabled.
         This may increase runtime overhead and the likelihood of false
         dependencies across CUDA Streams. If you wish to avoid this, please
         disable the feature with --cuda-event-trace=false.
WARNING: Device-side CUDA Event completion trace is currently enabled.
         This may increase runtime overhead and the likelihood of false
         dependencies across CUDA Streams. If you wish to avoid this, please
         disable the feature with --cuda-event-trace=false.
WARNING: Device-side CUDA Event completion trace is currently enabled.
         This may increase runtime overhead and the likelihood of false
         dependencies across CUDA Streams. If you wish to avoid this, please
         disable the feature with --cuda-event-trace=false.
WARNING: Device-side CUDA Event completion trace is currently enabled.
         This may increase runtime overhead and the likelihood of false
         dependencies across CUDA Streams. If you wish to avoid this, please
         disable the feature with --cuda-event-trace=false.
WARNING: Device-side CUDA Event completion trace is currently enabled.
         This may increase runtime overhead and the likelihood of false
         dependencies across CUDA Streams. If you wish to avoid this, please
         disable the feature with --cuda-event-trace=false.
WARNING: Device-side CUDA Event completion trace is currently enabled.
         This may increase runtime overhead and the likelihood of false
         dependencies across CUDA Streams. If you wish to avoid this, please
         disable the feature with --cuda-event-trace=false.
WARNING: Device-side CUDA Event completion trace is currently enabled.
         This may increase runtime overhead and the likelihood of false
         dependencies across CUDA Streams. If you wish to avoid this, please
         disable the feature with --cuda-event-trace=false.
WARNING: Device-side CUDA Event completion trace is currently enabled.
         This may increase runtime overhead and the likelihood of false
         dependencies across CUDA Streams. If you wish to avoid this, please
         disable the feature with --cuda-event-trace=false.
WARNING: Device-side CUDA Event completion trace is currently enabled.
         This may increase runtime overhead and the likelihood of false
         dependencies across CUDA Streams. If you wish to avoid this, please
         disable the feature with --cuda-event-trace=false.
WARNING: Device-side CUDA Event completion trace is currently enabled.
         This may increase runtime overhead and the likelihood of false
         dependencies across CUDA Streams. If you wish to avoid this, please
         disable the feature with --cuda-event-trace=false.
WARNING: Device-side CUDA Event completion trace is currently enabled.
         This may increase runtime overhead and the likelihood of false
         dependencies across CUDA Streams. If you wish to avoid this, please
         disable the feature with --cuda-event-trace=false.
WARNING: Device-side CUDA Event completion trace is currently enabled.
         This may increase runtime overhead and the likelihood of false
         dependencies across CUDA Streams. If you wish to avoid this, please
         disable the feature with --cuda-event-trace=false.
WARNING: Device-side CUDA Event completion trace is currently enabled.
         This may increase runtime overhead and the likelihood of false
         dependencies across CUDA Streams. If you wish to avoid this, please
         disable the feature with --cuda-event-trace=false.
WARNING: Device-side CUDA Event completion trace is currently enabled.
         This may increase runtime overhead and the likelihood of false
         dependencies across CUDA Streams. If you wish to avoid this, please
         disable the feature with --cuda-event-trace=false.
WARNING: Device-side CUDA Event completion trace is currently enabled.
         This may increase runtime overhead and the likelihood of false
         dependencies across CUDA Streams. If you wish to avoid this, please
         disable the feature with --cuda-event-trace=false.
WARNING: Device-side CUDA Event completion trace is currently enabled.
         This may increase runtime overhead and the likelihood of false
         dependencies across CUDA Streams. If you wish to avoid this, please
         disable the feature with --cuda-event-trace=false.
WARNING: Device-side CUDA Event completion trace is currently enabled.
         This may increase runtime overhead and the likelihood of false
         dependencies across CUDA Streams. If you wish to avoid this, please
         disable the feature with --cuda-event-trace=false.
WARNING: Device-side CUDA Event completion trace is currently enabled.
         This may increase runtime overhead and the likelihood of false
         dependencies across CUDA Streams. If you wish to avoid this, please
         disable the feature with --cuda-event-trace=false.
WARNING: Device-side CUDA Event completion trace is currently enabled.
         This may increase runtime overhead and the likelihood of false
         dependencies across CUDA Streams. If you wish to avoid this, please
         disable the feature with --cuda-event-trace=false.
WARNING: Device-side CUDA Event completion trace is currently enabled.
         This may increase runtime overhead and the likelihood of false
         dependencies across CUDA Streams. If you wish to avoid this, please
         disable the feature with --cuda-event-trace=false.
WARNING: Device-side CUDA Event completion trace is currently enabled.
         This may increase runtime overhead and the likelihood of false
         dependencies across CUDA Streams. If you wish to avoid this, please
         disable the feature with --cuda-event-trace=false.
WARNING: Device-side CUDA Event completion trace is currently enabled.
         This may increase runtime overhead and the likelihood of false
         dependencies across CUDA Streams. If you wish to avoid this, please
         disable the feature with --cuda-event-trace=false.
WARNING: Device-side CUDA Event completion trace is currently enabled.
         This may increase runtime overhead and the likelihood of false
         dependencies across CUDA Streams. If you wish to avoid this, please
         disable the feature with --cuda-event-trace=false.
WARNING: Device-side CUDA Event completion trace is currently enabled.
         This may increase runtime overhead and the likelihood of false
         dependencies across CUDA Streams. If you wish to avoid this, please
         disable the feature with --cuda-event-trace=false.
WARNING: Device-side CUDA Event completion trace is currently enabled.
         This may increase runtime overhead and the likelihood of false
         dependencies across CUDA Streams. If you wish to avoid this, please
         disable the feature with --cuda-event-trace=false.
WARNING: Device-side CUDA Event completion trace is currently enabled.
         This may increase runtime overhead and the likelihood of false
         dependencies across CUDA Streams. If you wish to avoid this, please
         disable the feature with --cuda-event-trace=false.
WARNING: Device-side CUDA Event completion trace is currently enabled.
         This may increase runtime overhead and the likelihood of false
         dependencies across CUDA Streams. If you wish to avoid this, please
         disable the feature with --cuda-event-trace=false.
WARNING: Device-side CUDA Event completion trace is currently enabled.
         This may increase runtime overhead and the likelihood of false
         dependencies across CUDA Streams. If you wish to avoid this, please
         disable the feature with --cuda-event-trace=false.
WARNING: Device-side CUDA Event completion trace is currently enabled.
         This may increase runtime overhead and the likelihood of false
         dependencies across CUDA Streams. If you wish to avoid this, please
         disable the feature with --cuda-event-trace=false.
WARNING: Device-side CUDA Event completion trace is currently enabled.
         This may increase runtime overhead and the likelihood of false
         dependencies across CUDA Streams. If you wish to avoid this, please
         disable the feature with --cuda-event-trace=false.
WARNING: Device-side CUDA Event completion trace is currently enabled.
         This may increase runtime overhead and the likelihood of false
         dependencies across CUDA Streams. If you wish to avoid this, please
         disable the feature with --cuda-event-trace=false.
WARNING: Device-side CUDA Event completion trace is currently enabled.
         This may increase runtime overhead and the likelihood of false
         dependencies across CUDA Streams. If you wish to avoid this, please
         disable the feature with --cuda-event-trace=false.
WARNING: Device-side CUDA Event completion trace is currently enabled.
         This may increase runtime overhead and the likelihood of false
         dependencies across CUDA Streams. If you wish to avoid this, please
         disable the feature with --cuda-event-trace=false.
WARNING: Device-side CUDA Event completion trace is currently enabled.
         This may increase runtime overhead and the likelihood of false
         dependencies across CUDA Streams. If you wish to avoid this, please
         disable the feature with --cuda-event-trace=false.
WARNING: Device-side CUDA Event completion trace is currently enabled.
         This may increase runtime overhead and the likelihood of false
         dependencies across CUDA Streams. If you wish to avoid this, please
         disable the feature with --cuda-event-trace=false.
WARNING: Device-side CUDA Event completion trace is currently enabled.
         This may increase runtime overhead and the likelihood of false
         dependencies across CUDA Streams. If you wish to avoid this, please
         disable the feature with --cuda-event-trace=false.
WARNING: Device-side CUDA Event completion trace is currently enabled.
         This may increase runtime overhead and the likelihood of false
         dependencies across CUDA Streams. If you wish to avoid this, please
         disable the feature with --cuda-event-trace=false.
WARNING: Device-side CUDA Event completion trace is currently enabled.
         This may increase runtime overhead and the likelihood of false
         dependencies across CUDA Streams. If you wish to avoid this, please
         disable the feature with --cuda-event-trace=false.
WARNING: Device-side CUDA Event completion trace is currently enabled.
         This may increase runtime overhead and the likelihood of false
         dependencies across CUDA Streams. If you wish to avoid this, please
         disable the feature with --cuda-event-trace=false.
WARNING: Device-side CUDA Event completion trace is currently enabled.
         This may increase runtime overhead and the likelihood of false
         dependencies across CUDA Streams. If you wish to avoid this, please
         disable the feature with --cuda-event-trace=false.
WARNING: Device-side CUDA Event completion trace is currently enabled.
         This may increase runtime overhead and the likelihood of false
         dependencies across CUDA Streams. If you wish to avoid this, please
         disable the feature with --cuda-event-trace=false.
WARNING: Device-side CUDA Event completion trace is currently enabled.
         This may increase runtime overhead and the likelihood of false
         dependencies across CUDA Streams. If you wish to avoid this, please
         disable the feature with --cuda-event-trace=false.
WARNING: Device-side CUDA Event completion trace is currently enabled.
         This may increase runtime overhead and the likelihood of false
         dependencies across CUDA Streams. If you wish to avoid this, please
         disable the feature with --cuda-event-trace=false.
WARNING: Device-side CUDA Event completion trace is currently enabled.
         This may increase runtime overhead and the likelihood of false
         dependencies across CUDA Streams. If you wish to avoid this, please
         disable the feature with --cuda-event-trace=false.
WARNING: Device-side CUDA Event completion trace is currently enabled.
         This may increase runtime overhead and the likelihood of false
         dependencies across CUDA Streams. If you wish to avoid this, please
         disable the feature with --cuda-event-trace=false.
WARNING: Device-side CUDA Event completion trace is currently enabled.
         This may increase runtime overhead and the likelihood of false
         dependencies across CUDA Streams. If you wish to avoid this, please
         disable the feature with --cuda-event-trace=false.
WARNING: Device-side CUDA Event completion trace is currently enabled.
         This may increase runtime overhead and the likelihood of false
         dependencies across CUDA Streams. If you wish to avoid this, please
         disable the feature with --cuda-event-trace=false.
WARNING: Device-side CUDA Event completion trace is currently enabled.
         This may increase runtime overhead and the likelihood of false
         dependencies across CUDA Streams. If you wish to avoid this, please
         disable the feature with --cuda-event-trace=false.
[LOG_CAT_MCAST] VMC Failed to join multicast, is_root 1. Unexpected event was received: event=13, str=RDMA_CM_EVENT_MULTICAST_ERROR, status=-22
[LOG_CAT_MCAST] MCAST rank=7: Error in initializing vmc communicator
[LOG_CAT_P2P] Failed to create MCAST comm
[LOG_CAT_MCAST] MCAST rank=1: Error in initializing vmc communicator
[LOG_CAT_P2P] Failed to create MCAST comm
[LOG_CAT_MCAST] MCAST rank=5: Error in initializing vmc communicator
[LOG_CAT_P2P] Failed to create MCAST comm
[LOG_CAT_MCAST] MCAST rank=3: Error in initializing vmc communicator
[LOG_CAT_P2P] Failed to create MCAST comm
[LOG_CAT_MCAST] MCAST rank=2: Error in initializing vmc communicator
[LOG_CAT_P2P] Failed to create MCAST comm
[LOG_CAT_MCAST] MCAST rank=4: Error in initializing vmc communicator
[LOG_CAT_P2P] Failed to create MCAST comm
[LOG_CAT_MCAST] MCAST rank=0: Error in initializing vmc communicator
[LOG_CAT_P2P] Failed to create MCAST comm
[LOG_CAT_MCAST] MCAST rank=6: Error in initializing vmc communicator
[LOG_CAT_P2P] Failed to create MCAST comm
 surfrd error: no valid urban data for nl=       487532
 density type:                3
 canyon_hwr:         0.7500000000000000     
 em_improad:         0.9100000262260437     
 em_perroad:         0.9499999880790710     
 em_roof:            0.4699999988079071     
 em_wall:            0.8930000066757202     
 ht_roof:             15.00000000000000     
 thick_roof:         7.6499998569488525E-002
 thick_wall:         0.3057999908924103     
 t_building_max:      380.0000000000000     
 t_building_min:      290.0000000000000     
 wind_hgt_canyon:     7.500000000000000     
 wtlunit_roof:       0.3499999940395355     
 wtroad_perv:        0.6923077106475830     
 alb_improad_dir:    0.1299999952316284        0.1299999952316284     
 alb_improad_dif:    0.1299999952316284        0.1299999952316284     
 alb_perroad_dir:    7.9999998211860657E-002   7.9999998211860657E-002
 alb_perroad_dif:    7.9999998211860657E-002   7.9999998211860657E-002
 alb_roof_dir:       0.4199999868869781        0.4199999868869781     
 alb_roof_dif:       0.4199999868869781        0.4199999868869781     
 alb_wall_dir:       0.2949999868869781        0.2949999868869781     
 alb_wall_dif:       0.2949999868869781        0.2949999868869781     
 tk_roof:             1.337239861488342         1.337239861488342      
    1.337239861488342         1.337239861488342         1.337239861488342     
 tk_wall:             1.139632582664490         1.139632582664490      
    1.139632582664490         1.139632582664490         1.139632582664490     
 cv_roof:             1.371363043785095         1.371363043785095      
    1.371363043785095         1.371363043785095         0.000000000000000     
 cv_wall:             1.371363043785095         1.371363043785095      
    1.371363043785095         1.371363043785095         0.000000000000000     
 tk_improad:     1.669999957084656        0.5600000023841858     
 cv_improad:     1.024707078933716         1.024707078933716     
 -------------- FATAL CALLED ---------------
  Fatal in file: mod_clm_surfrd.F90 at line:      526
 clm now stopping
 -------------------------------------------
 Abort called by computing node           799 at 2025-10-03 13:04:11.898 +0200
 Execution terminated because of runtime error
--------------------------------------------------------------------------
MPI_ABORT was invoked on rank 799 in communicator MPI COMMUNICATOR 3 DUP FROM 0
with errorcode 1.

NOTE: invoking MPI_ABORT causes Open MPI to kill all MPI processes.
You may or may not see output from other processes, depending on
exactly when Open MPI kills them.
--------------------------------------------------------------------------
srun: Job step aborted: Waiting up to 182 seconds for job step to finish.
slurmstepd: error: *** STEP 21070108.0 ON lrdn4195 CANCELLED AT 2025-10-03T13:04:12 ***
slurmstepd: error:  mpi/pmix_v3: _errhandler: lrdn4212 [7]: pmixp_client_v2.c:212: Error handler invoked: status = -25, source = [slurm.pmix.21070108.0:799]
slurmstepd: error:  mpi/pmix_v3: _errhandler: lrdn4209 [5]: pmixp_client_v2.c:212: Error handler invoked: status = -25, source = [slurm.pmix.21070108.0:514]
slurmstepd: error:  mpi/pmix_v3: _errhandler: lrdn4205 [2]: pmixp_client_v2.c:212: Error handler invoked: status = -25, source = [slurm.pmix.21070108.0:204]
srun: error: lrdn4212: tasks 700-799: Killed
srun: error: lrdn4209: tasks 500-599: Killed
slurmstepd: error:  mpi/pmix_v3: _errhandler: lrdn4207 [3]: pmixp_client_v2.c:212: Error handler invoked: status = -25, source = [slurm.pmix.21070108.0:378]
slurmstepd: error:  mpi/pmix_v3: _errhandler: lrdn4208 [4]: pmixp_client_v2.c:212: Error handler invoked: status = -25, source = [slurm.pmix.21070108.0:409]
srun: error: lrdn4205: tasks 200-299: Killed
slurmstepd: error:  mpi/pmix_v3: _errhandler: lrdn4210 [6]: pmixp_client_v2.c:212: Error handler invoked: status = -25, source = [slurm.pmix.21070108.0:655]
slurmstepd: error:  mpi/pmix_v3: _errhandler: lrdn4202 [1]: pmixp_client_v2.c:212: Error handler invoked: status = -25, source = [slurm.pmix.21070108.0:178]
srun: error: lrdn4207: tasks 300-399: Killed
srun: error: lrdn4208: tasks 400-499: Killed
srun: error: lrdn4210: tasks 600-699: Killed
srun: error: lrdn4202: tasks 100-199: Killed
srun: error: lrdn4195: tasks 0-99: Killed
