[LOG_CAT_MCAST] VMC Failed to join multicast, is_root 1. Unexpected event was received: event=13, str=RDMA_CM_EVENT_MULTICAST_ERROR, status=-22
[LOG_CAT_MCAST] MCAST rank=0: Error in initializing vmc communicator
[LOG_CAT_P2P] Failed to create MCAST comm
[LOG_CAT_MCAST] MCAST rank=6: Error in initializing vmc communicator
[LOG_CAT_P2P] Failed to create MCAST comm
[LOG_CAT_MCAST] MCAST rank=1: Error in initializing vmc communicator
[LOG_CAT_P2P] Failed to create MCAST comm
[LOG_CAT_MCAST] MCAST rank=4: Error in initializing vmc communicator
[LOG_CAT_P2P] Failed to create MCAST comm
[LOG_CAT_MCAST] MCAST rank=7: Error in initializing vmc communicator
[LOG_CAT_P2P] Failed to create MCAST comm
[LOG_CAT_MCAST] MCAST rank=5: Error in initializing vmc communicator
[LOG_CAT_P2P] Failed to create MCAST comm
[LOG_CAT_MCAST] MCAST rank=2: Error in initializing vmc communicator
[LOG_CAT_P2P] Failed to create MCAST comm
[LOG_CAT_MCAST] MCAST rank=3: Error in initializing vmc communicator
[LOG_CAT_P2P] Failed to create MCAST comm
[ perf record: Woken up 41721 times to write data ]
[ perf record: Woken up 41880 times to write data ]
[ perf record: Woken up 41724 times to write data ]
[ perf record: Woken up 41930 times to write data ]
[ perf record: Woken up 41765 times to write data ]
[ perf record: Woken up 41704 times to write data ]
[ perf record: Woken up 41851 times to write data ]
[ perf record: Woken up 41803 times to write data ]
[ perf record: Woken up 41960 times to write data ]
[ perf record: Woken up 41752 times to write data ]
[ perf record: Woken up 42010 times to write data ]
[ perf record: Woken up 41865 times to write data ]
[ perf record: Woken up 41815 times to write data ]
[ perf record: Woken up 41614 times to write data ]
[ perf record: Woken up 41828 times to write data ]
[ perf record: Woken up 41711 times to write data ]
[ perf record: Woken up 41558 times to write data ]
[ perf record: Woken up 41730 times to write data ]
[ perf record: Woken up 41913 times to write data ]
[ perf record: Woken up 41668 times to write data ]
[ perf record: Woken up 41743 times to write data ]
[ perf record: Woken up 41817 times to write data ]
[ perf record: Woken up 41748 times to write data ]
[ perf record: Woken up 41854 times to write data ]
[ perf record: Woken up 41919 times to write data ]
[ perf record: Woken up 41798 times to write data ]
[ perf record: Woken up 41767 times to write data ]
[ perf record: Woken up 41801 times to write data ]
[ perf record: Woken up 41719 times to write data ]
[ perf record: Woken up 41754 times to write data ]
[ perf record: Woken up 41704 times to write data ]
[ perf record: Woken up 41848 times to write data ]
[ perf record: Woken up 41737 times to write data ]
[ perf record: Woken up 41746 times to write data ]
[ perf record: Woken up 41914 times to write data ]
[ perf record: Woken up 41833 times to write data ]
[ perf record: Woken up 41885 times to write data ]
[ perf record: Woken up 41732 times to write data ]
[ perf record: Woken up 41832 times to write data ]
[ perf record: Woken up 41689 times to write data ]
[ perf record: Woken up 41867 times to write data ]
[ perf record: Woken up 41734 times to write data ]
[ perf record: Woken up 41771 times to write data ]
[ perf record: Woken up 41719 times to write data ]
[ perf record: Woken up 41693 times to write data ]
[ perf record: Woken up 41781 times to write data ]
[ perf record: Woken up 41757 times to write data ]
[ perf record: Woken up 41797 times to write data ]
[ perf record: Woken up 41833 times to write data ]
[ perf record: Woken up 41798 times to write data ]
[ perf record: Woken up 41894 times to write data ]
[ perf record: Woken up 41844 times to write data ]
[ perf record: Woken up 41854 times to write data ]
[ perf record: Woken up 41818 times to write data ]
[ perf record: Woken up 42025 times to write data ]
[ perf record: Woken up 41898 times to write data ]
[ perf record: Woken up 41811 times to write data ]
[ perf record: Woken up 41875 times to write data ]
[ perf record: Woken up 41698 times to write data ]
[ perf record: Woken up 41834 times to write data ]
[ perf record: Woken up 41534 times to write data ]
[ perf record: Woken up 41742 times to write data ]
[ perf record: Woken up 41714 times to write data ]
[ perf record: Woken up 41715 times to write data ]
[ perf record: Woken up 41781 times to write data ]
[ perf record: Woken up 41976 times to write data ]
[ perf record: Woken up 41764 times to write data ]
[ perf record: Woken up 41699 times to write data ]
[ perf record: Woken up 41773 times to write data ]
[ perf record: Woken up 41773 times to write data ]
[ perf record: Woken up 41720 times to write data ]
[ perf record: Woken up 41921 times to write data ]
[ perf record: Woken up 41747 times to write data ]
[ perf record: Woken up 41781 times to write data ]
[ perf record: Woken up 41727 times to write data ]
[ perf record: Woken up 41864 times to write data ]
[ perf record: Woken up 41783 times to write data ]
[ perf record: Woken up 41865 times to write data ]
[ perf record: Woken up 41636 times to write data ]
[ perf record: Woken up 41937 times to write data ]
[ perf record: Woken up 41922 times to write data ]
[ perf record: Woken up 41825 times to write data ]
[ perf record: Woken up 41881 times to write data ]
[ perf record: Woken up 41728 times to write data ]
[ perf record: Woken up 41855 times to write data ]
[ perf record: Woken up 42042 times to write data ]
[ perf record: Woken up 41886 times to write data ]
[ perf record: Woken up 41887 times to write data ]
[ perf record: Woken up 41917 times to write data ]
[ perf record: Woken up 41811 times to write data ]
[ perf record: Woken up 41763 times to write data ]
[ perf record: Woken up 41763 times to write data ]
[ perf record: Woken up 41764 times to write data ]
[ perf record: Woken up 41729 times to write data ]
[ perf record: Woken up 41867 times to write data ]
[ perf record: Woken up 42007 times to write data ]
[ perf record: Woken up 41774 times to write data ]
[ perf record: Woken up 41701 times to write data ]
[ perf record: Woken up 41829 times to write data ]
[ perf record: Woken up 41871 times to write data ]
[ perf record: Woken up 41791 times to write data ]
[ perf record: Woken up 42007 times to write data ]
[ perf record: Woken up 41901 times to write data ]
[ perf record: Woken up 41924 times to write data ]
[ perf record: Woken up 41815 times to write data ]
[ perf record: Woken up 41901 times to write data ]
[ perf record: Woken up 41956 times to write data ]
[ perf record: Woken up 41927 times to write data ]
[ perf record: Woken up 41892 times to write data ]
[ perf record: Woken up 41636 times to write data ]
[ perf record: Woken up 41788 times to write data ]
[ perf record: Woken up 41941 times to write data ]
[ perf record: Woken up 41877 times to write data ]
[ perf record: Woken up 41717 times to write data ]
[ perf record: Woken up 41821 times to write data ]
[ perf record: Woken up 41914 times to write data ]
[ perf record: Woken up 41938 times to write data ]
[ perf record: Woken up 41916 times to write data ]
[ perf record: Woken up 41861 times to write data ]
[ perf record: Woken up 41802 times to write data ]
[ perf record: Woken up 41850 times to write data ]
[ perf record: Woken up 41996 times to write data ]
[ perf record: Woken up 41977 times to write data ]
[ perf record: Woken up 41866 times to write data ]
[ perf record: Woken up 41749 times to write data ]
[ perf record: Woken up 41963 times to write data ]
[ perf record: Woken up 41691 times to write data ]
[ perf record: Woken up 41907 times to write data ]
[ perf record: Woken up 41726 times to write data ]
[ perf record: Woken up 41723 times to write data ]
[ perf record: Woken up 41853 times to write data ]
[ perf record: Woken up 41790 times to write data ]
[ perf record: Woken up 41905 times to write data ]
[ perf record: Woken up 41830 times to write data ]
[ perf record: Woken up 41815 times to write data ]
[ perf record: Woken up 41803 times to write data ]
[ perf record: Woken up 41937 times to write data ]
[ perf record: Woken up 41697 times to write data ]
[ perf record: Woken up 41948 times to write data ]
[ perf record: Woken up 41895 times to write data ]
[ perf record: Woken up 41905 times to write data ]
[ perf record: Woken up 41710 times to write data ]
[ perf record: Woken up 41909 times to write data ]
[ perf record: Woken up 41777 times to write data ]
[ perf record: Woken up 41733 times to write data ]
[ perf record: Woken up 41838 times to write data ]
[ perf record: Woken up 41944 times to write data ]
[ perf record: Woken up 41940 times to write data ]
[ perf record: Woken up 41854 times to write data ]
[ perf record: Woken up 42078 times to write data ]
[ perf record: Woken up 41699 times to write data ]
[ perf record: Woken up 41887 times to write data ]
[ perf record: Woken up 41890 times to write data ]
[ perf record: Woken up 41740 times to write data ]
[ perf record: Woken up 41827 times to write data ]
[ perf record: Woken up 41997 times to write data ]
[ perf record: Woken up 41821 times to write data ]
[ perf record: Woken up 41784 times to write data ]
[ perf record: Woken up 41796 times to write data ]
[ perf record: Woken up 41980 times to write data ]
[ perf record: Woken up 41865 times to write data ]
[ perf record: Woken up 41985 times to write data ]
[ perf record: Woken up 41916 times to write data ]
[ perf record: Woken up 41765 times to write data ]
[ perf record: Woken up 41551 times to write data ]
[ perf record: Woken up 41925 times to write data ]
[ perf record: Woken up 41811 times to write data ]
[ perf record: Woken up 41863 times to write data ]
[ perf record: Woken up 41949 times to write data ]
[ perf record: Woken up 41649 times to write data ]
[ perf record: Woken up 41760 times to write data ]
[ perf record: Woken up 41916 times to write data ]
[ perf record: Woken up 41982 times to write data ]
[ perf record: Woken up 41951 times to write data ]
[ perf record: Woken up 41567 times to write data ]
[ perf record: Woken up 41766 times to write data ]
[ perf record: Woken up 41927 times to write data ]
[ perf record: Woken up 41937 times to write data ]
[ perf record: Woken up 41970 times to write data ]
[ perf record: Woken up 41796 times to write data ]
[ perf record: Woken up 41769 times to write data ]
[ perf record: Woken up 41672 times to write data ]
[ perf record: Woken up 41747 times to write data ]
[ perf record: Woken up 41835 times to write data ]
[ perf record: Woken up 41847 times to write data ]
[ perf record: Woken up 41742 times to write data ]
[ perf record: Woken up 41857 times to write data ]
[ perf record: Woken up 41759 times to write data ]
[ perf record: Woken up 41886 times to write data ]
[ perf record: Woken up 41831 times to write data ]
[ perf record: Woken up 41617 times to write data ]
[ perf record: Woken up 41868 times to write data ]
[ perf record: Woken up 41823 times to write data ]
[ perf record: Woken up 41886 times to write data ]
[ perf record: Woken up 41872 times to write data ]
[ perf record: Woken up 41943 times to write data ]
[ perf record: Woken up 41856 times to write data ]
[ perf record: Woken up 41797 times to write data ]
[ perf record: Woken up 41773 times to write data ]
[ perf record: Woken up 41846 times to write data ]
[ perf record: Woken up 41766 times to write data ]
[ perf record: Woken up 41730 times to write data ]
[ perf record: Woken up 41783 times to write data ]
[ perf record: Woken up 41700 times to write data ]
[ perf record: Woken up 41925 times to write data ]
[ perf record: Woken up 41841 times to write data ]
[ perf record: Woken up 41900 times to write data ]
[ perf record: Woken up 41777 times to write data ]
[ perf record: Woken up 41930 times to write data ]
[ perf record: Woken up 41716 times to write data ]
[ perf record: Woken up 41769 times to write data ]
[ perf record: Woken up 41729 times to write data ]
[ perf record: Woken up 41722 times to write data ]
[ perf record: Woken up 41755 times to write data ]
[ perf record: Woken up 41678 times to write data ]
[ perf record: Woken up 41956 times to write data ]
[ perf record: Woken up 41793 times to write data ]
[ perf record: Woken up 41790 times to write data ]
[ perf record: Woken up 41999 times to write data ]
[ perf record: Woken up 41968 times to write data ]
[ perf record: Woken up 41917 times to write data ]
[ perf record: Woken up 41971 times to write data ]
[ perf record: Woken up 41821 times to write data ]
[ perf record: Woken up 41904 times to write data ]
[ perf record: Woken up 41838 times to write data ]
[ perf record: Woken up 41741 times to write data ]
[ perf record: Woken up 41858 times to write data ]
[ perf record: Woken up 41855 times to write data ]
[ perf record: Woken up 41957 times to write data ]
[ perf record: Woken up 41755 times to write data ]
[ perf record: Woken up 41728 times to write data ]
[ perf record: Woken up 41712 times to write data ]
[ perf record: Woken up 41904 times to write data ]
[ perf record: Woken up 41809 times to write data ]
[ perf record: Woken up 41634 times to write data ]
[ perf record: Woken up 41899 times to write data ]
[ perf record: Woken up 41770 times to write data ]
[ perf record: Woken up 41893 times to write data ]
[ perf record: Woken up 41807 times to write data ]
[ perf record: Woken up 41578 times to write data ]
[ perf record: Woken up 41872 times to write data ]
[ perf record: Woken up 41843 times to write data ]
[ perf record: Woken up 41731 times to write data ]
[ perf record: Woken up 41793 times to write data ]
[ perf record: Woken up 42021 times to write data ]
[ perf record: Woken up 41780 times to write data ]
[ perf record: Woken up 41728 times to write data ]
[ perf record: Woken up 41714 times to write data ]
[ perf record: Woken up 41739 times to write data ]
[ perf record: Woken up 41941 times to write data ]
[ perf record: Woken up 41941 times to write data ]
[ perf record: Woken up 41801 times to write data ]
[ perf record: Woken up 41590 times to write data ]
[ perf record: Woken up 41720 times to write data ]
[ perf record: Woken up 41707 times to write data ]
[ perf record: Woken up 41760 times to write data ]
[ perf record: Woken up 41848 times to write data ]
[ perf record: Woken up 41678 times to write data ]
[ perf record: Woken up 41630 times to write data ]
[ perf record: Woken up 41832 times to write data ]
[ perf record: Woken up 41808 times to write data ]
[ perf record: Woken up 41901 times to write data ]
[ perf record: Woken up 41735 times to write data ]
[ perf record: Woken up 41850 times to write data ]
[ perf record: Woken up 41793 times to write data ]
[ perf record: Woken up 41830 times to write data ]
[ perf record: Woken up 41872 times to write data ]
[ perf record: Woken up 41818 times to write data ]
[ perf record: Woken up 41743 times to write data ]
[ perf record: Woken up 41941 times to write data ]
[ perf record: Woken up 41640 times to write data ]
[ perf record: Woken up 41548 times to write data ]
[ perf record: Woken up 41880 times to write data ]
[ perf record: Woken up 41847 times to write data ]
[ perf record: Woken up 41820 times to write data ]
[ perf record: Woken up 41721 times to write data ]
[ perf record: Woken up 41815 times to write data ]
[ perf record: Woken up 41623 times to write data ]
[ perf record: Woken up 41647 times to write data ]
[ perf record: Woken up 41919 times to write data ]
[ perf record: Woken up 41751 times to write data ]
[ perf record: Woken up 41832 times to write data ]
[ perf record: Woken up 41784 times to write data ]
[ perf record: Woken up 41918 times to write data ]
[ perf record: Woken up 41745 times to write data ]
[ perf record: Woken up 41647 times to write data ]
[ perf record: Woken up 41612 times to write data ]
[ perf record: Woken up 41722 times to write data ]
[ perf record: Woken up 41851 times to write data ]
[ perf record: Woken up 41747 times to write data ]
[ perf record: Woken up 41823 times to write data ]
[ perf record: Woken up 41752 times to write data ]
[ perf record: Woken up 41991 times to write data ]
[ perf record: Woken up 41697 times to write data ]
[ perf record: Woken up 41889 times to write data ]
[ perf record: Woken up 41800 times to write data ]
[ perf record: Woken up 41759 times to write data ]
[ perf record: Woken up 41584 times to write data ]
[ perf record: Woken up 41763 times to write data ]
[ perf record: Woken up 41864 times to write data ]
[ perf record: Woken up 41875 times to write data ]
[ perf record: Woken up 41832 times to write data ]
[ perf record: Woken up 41953 times to write data ]
[ perf record: Woken up 41793 times to write data ]
[ perf record: Woken up 41780 times to write data ]
[ perf record: Woken up 41960 times to write data ]
[ perf record: Woken up 41681 times to write data ]
[ perf record: Woken up 42015 times to write data ]
[ perf record: Woken up 41821 times to write data ]
[ perf record: Woken up 41758 times to write data ]
[ perf record: Woken up 41769 times to write data ]
[ perf record: Woken up 41737 times to write data ]
[ perf record: Woken up 41844 times to write data ]
[ perf record: Woken up 41811 times to write data ]
[ perf record: Woken up 41914 times to write data ]
[ perf record: Woken up 41747 times to write data ]
[ perf record: Woken up 41997 times to write data ]
[ perf record: Woken up 41685 times to write data ]
[ perf record: Woken up 41774 times to write data ]
[ perf record: Woken up 41906 times to write data ]
[ perf record: Woken up 41627 times to write data ]
[ perf record: Woken up 41747 times to write data ]
[ perf record: Woken up 41748 times to write data ]
[ perf record: Woken up 41855 times to write data ]
[ perf record: Woken up 41920 times to write data ]
[ perf record: Woken up 41934 times to write data ]
[ perf record: Woken up 41759 times to write data ]
[ perf record: Woken up 41950 times to write data ]
[ perf record: Woken up 41894 times to write data ]
[ perf record: Woken up 41765 times to write data ]
[ perf record: Woken up 41725 times to write data ]
[ perf record: Woken up 41729 times to write data ]
[ perf record: Woken up 41847 times to write data ]
[ perf record: Woken up 41779 times to write data ]
[ perf record: Woken up 41886 times to write data ]
[ perf record: Woken up 41609 times to write data ]
[ perf record: Woken up 41631 times to write data ]
[ perf record: Woken up 41830 times to write data ]
[ perf record: Woken up 41864 times to write data ]
[ perf record: Woken up 41787 times to write data ]
[ perf record: Woken up 41670 times to write data ]
[ perf record: Woken up 41804 times to write data ]
[ perf record: Woken up 41768 times to write data ]
[ perf record: Woken up 41725 times to write data ]
[ perf record: Woken up 41637 times to write data ]
[ perf record: Woken up 41857 times to write data ]
[ perf record: Woken up 42030 times to write data ]
[ perf record: Woken up 41958 times to write data ]
[ perf record: Woken up 41723 times to write data ]
[ perf record: Woken up 41708 times to write data ]
[ perf record: Woken up 41667 times to write data ]
[ perf record: Woken up 41705 times to write data ]
[ perf record: Woken up 41799 times to write data ]
[ perf record: Woken up 41607 times to write data ]
[ perf record: Woken up 41931 times to write data ]
[ perf record: Woken up 41896 times to write data ]
[ perf record: Woken up 41631 times to write data ]
[ perf record: Woken up 41813 times to write data ]
[ perf record: Woken up 41762 times to write data ]
[ perf record: Woken up 41944 times to write data ]
[ perf record: Woken up 41757 times to write data ]
[ perf record: Woken up 41798 times to write data ]
[ perf record: Woken up 41935 times to write data ]
[ perf record: Woken up 41757 times to write data ]
[ perf record: Woken up 41851 times to write data ]
[ perf record: Woken up 41871 times to write data ]
[ perf record: Woken up 41740 times to write data ]
[ perf record: Woken up 41971 times to write data ]
[ perf record: Woken up 41851 times to write data ]
[ perf record: Woken up 41878 times to write data ]
[ perf record: Woken up 41831 times to write data ]
[ perf record: Woken up 41740 times to write data ]
[ perf record: Woken up 41931 times to write data ]
[ perf record: Woken up 41851 times to write data ]
[ perf record: Woken up 41770 times to write data ]
[ perf record: Woken up 41697 times to write data ]
[ perf record: Woken up 41800 times to write data ]
[ perf record: Woken up 41700 times to write data ]
[ perf record: Woken up 41962 times to write data ]
[ perf record: Woken up 42025 times to write data ]
[ perf record: Woken up 41828 times to write data ]
[ perf record: Woken up 41855 times to write data ]
[ perf record: Woken up 41998 times to write data ]
[ perf record: Woken up 42034 times to write data ]
[ perf record: Woken up 41907 times to write data ]
[ perf record: Woken up 41618 times to write data ]
[ perf record: Woken up 41812 times to write data ]
[ perf record: Woken up 41683 times to write data ]
[ perf record: Woken up 41898 times to write data ]
[ perf record: Woken up 41858 times to write data ]
[ perf record: Woken up 41768 times to write data ]
[ perf record: Woken up 41858 times to write data ]
[ perf record: Woken up 41891 times to write data ]
[ perf record: Woken up 41904 times to write data ]
[ perf record: Woken up 41659 times to write data ]
[ perf record: Woken up 41876 times to write data ]
[ perf record: Woken up 41881 times to write data ]
[ perf record: Woken up 41612 times to write data ]
[ perf record: Woken up 41865 times to write data ]
[ perf record: Woken up 41943 times to write data ]
[ perf record: Woken up 41685 times to write data ]
[ perf record: Woken up 41865 times to write data ]
[ perf record: Woken up 41705 times to write data ]
[ perf record: Woken up 41614 times to write data ]
[ perf record: Woken up 41621 times to write data ]
[ perf record: Woken up 41851 times to write data ]
[ perf record: Woken up 41762 times to write data ]
[ perf record: Woken up 41786 times to write data ]
[ perf record: Woken up 41689 times to write data ]
[ perf record: Woken up 41800 times to write data ]
[ perf record: Woken up 41717 times to write data ]
[ perf record: Woken up 41777 times to write data ]
[ perf record: Woken up 41806 times to write data ]
[ perf record: Woken up 41790 times to write data ]
[ perf record: Woken up 41823 times to write data ]
[ perf record: Woken up 41712 times to write data ]
[ perf record: Woken up 41844 times to write data ]
[ perf record: Woken up 41754 times to write data ]
[ perf record: Woken up 41820 times to write data ]
[ perf record: Woken up 41492 times to write data ]
[ perf record: Woken up 41909 times to write data ]
[ perf record: Woken up 41659 times to write data ]
[ perf record: Woken up 41786 times to write data ]
[ perf record: Woken up 41734 times to write data ]
[ perf record: Woken up 41736 times to write data ]
[ perf record: Woken up 41835 times to write data ]
[ perf record: Woken up 41562 times to write data ]
[ perf record: Woken up 41832 times to write data ]
[ perf record: Woken up 42037 times to write data ]
[ perf record: Woken up 41849 times to write data ]
[ perf record: Woken up 41731 times to write data ]
[ perf record: Woken up 41757 times to write data ]
[ perf record: Woken up 41730 times to write data ]
[ perf record: Woken up 41814 times to write data ]
[ perf record: Woken up 41775 times to write data ]
[ perf record: Woken up 41966 times to write data ]
[ perf record: Woken up 41944 times to write data ]
[ perf record: Woken up 41790 times to write data ]
[ perf record: Woken up 41938 times to write data ]
[ perf record: Woken up 41957 times to write data ]
[ perf record: Woken up 41813 times to write data ]
[ perf record: Woken up 41678 times to write data ]
[ perf record: Woken up 41937 times to write data ]
[ perf record: Woken up 41791 times to write data ]
[ perf record: Woken up 41934 times to write data ]
[ perf record: Woken up 41920 times to write data ]
[ perf record: Woken up 42038 times to write data ]
[ perf record: Woken up 41672 times to write data ]
[ perf record: Woken up 41729 times to write data ]
[ perf record: Woken up 41838 times to write data ]
[ perf record: Woken up 41818 times to write data ]
[ perf record: Woken up 41774 times to write data ]
[ perf record: Woken up 41905 times to write data ]
[ perf record: Woken up 41805 times to write data ]
[ perf record: Woken up 41800 times to write data ]
[ perf record: Woken up 41856 times to write data ]
[ perf record: Woken up 41613 times to write data ]
[ perf record: Woken up 41808 times to write data ]
[ perf record: Woken up 41818 times to write data ]
[ perf record: Woken up 41621 times to write data ]
[ perf record: Woken up 41741 times to write data ]
[ perf record: Woken up 42038 times to write data ]
[ perf record: Woken up 41813 times to write data ]
[ perf record: Woken up 41711 times to write data ]
[ perf record: Woken up 41683 times to write data ]
[ perf record: Woken up 41738 times to write data ]
[ perf record: Woken up 41821 times to write data ]
[ perf record: Woken up 41790 times to write data ]
[ perf record: Woken up 41813 times to write data ]
[ perf record: Woken up 41699 times to write data ]
[ perf record: Woken up 41864 times to write data ]
[ perf record: Woken up 41729 times to write data ]
[ perf record: Woken up 41710 times to write data ]
[ perf record: Woken up 41767 times to write data ]
[ perf record: Woken up 41905 times to write data ]
[ perf record: Woken up 41985 times to write data ]
[ perf record: Woken up 41864 times to write data ]
[ perf record: Woken up 41787 times to write data ]
[ perf record: Woken up 41789 times to write data ]
[ perf record: Woken up 41958 times to write data ]
[ perf record: Woken up 41765 times to write data ]
[ perf record: Woken up 41841 times to write data ]
[ perf record: Woken up 41867 times to write data ]
[ perf record: Woken up 41768 times to write data ]
[ perf record: Woken up 41790 times to write data ]
[ perf record: Woken up 41734 times to write data ]
[ perf record: Woken up 41731 times to write data ]
[ perf record: Woken up 41824 times to write data ]
[ perf record: Woken up 41929 times to write data ]
[ perf record: Woken up 42071 times to write data ]
[ perf record: Woken up 41771 times to write data ]
[ perf record: Woken up 41914 times to write data ]
[ perf record: Woken up 41691 times to write data ]
[ perf record: Woken up 41875 times to write data ]
[ perf record: Woken up 41842 times to write data ]
[ perf record: Woken up 42033 times to write data ]
[ perf record: Woken up 41663 times to write data ]
[ perf record: Woken up 41702 times to write data ]
[ perf record: Woken up 41806 times to write data ]
[ perf record: Woken up 41882 times to write data ]
[ perf record: Woken up 41623 times to write data ]
[ perf record: Woken up 41819 times to write data ]
[ perf record: Woken up 41889 times to write data ]
[ perf record: Woken up 41858 times to write data ]
[ perf record: Woken up 41812 times to write data ]
[ perf record: Woken up 41852 times to write data ]
[ perf record: Woken up 41686 times to write data ]
[ perf record: Woken up 41913 times to write data ]
[ perf record: Woken up 41822 times to write data ]
[ perf record: Woken up 41809 times to write data ]
[ perf record: Woken up 41882 times to write data ]
[ perf record: Woken up 41808 times to write data ]
[ perf record: Woken up 41895 times to write data ]
[ perf record: Woken up 41719 times to write data ]
[ perf record: Woken up 41819 times to write data ]
[ perf record: Woken up 41633 times to write data ]
[ perf record: Woken up 41719 times to write data ]
[ perf record: Woken up 41725 times to write data ]
[ perf record: Woken up 41764 times to write data ]
[ perf record: Woken up 41786 times to write data ]
[ perf record: Woken up 41560 times to write data ]
[ perf record: Woken up 41818 times to write data ]
[ perf record: Woken up 41977 times to write data ]
[ perf record: Woken up 41945 times to write data ]
[ perf record: Woken up 41860 times to write data ]
[ perf record: Woken up 41817 times to write data ]
[ perf record: Woken up 41586 times to write data ]
[ perf record: Woken up 41909 times to write data ]
[ perf record: Woken up 41853 times to write data ]
[ perf record: Woken up 41915 times to write data ]
[ perf record: Woken up 41917 times to write data ]
[ perf record: Woken up 41837 times to write data ]
[ perf record: Woken up 41889 times to write data ]
[ perf record: Woken up 41930 times to write data ]
[ perf record: Woken up 41664 times to write data ]
[ perf record: Woken up 41946 times to write data ]
[ perf record: Woken up 41776 times to write data ]
[ perf record: Woken up 41730 times to write data ]
[ perf record: Woken up 41807 times to write data ]
[ perf record: Woken up 41783 times to write data ]
[ perf record: Woken up 41718 times to write data ]
[ perf record: Woken up 41813 times to write data ]
[ perf record: Woken up 41877 times to write data ]
[ perf record: Woken up 41898 times to write data ]
[ perf record: Woken up 41811 times to write data ]
[ perf record: Woken up 41752 times to write data ]
[ perf record: Woken up 41973 times to write data ]
[ perf record: Woken up 41767 times to write data ]
[ perf record: Woken up 41741 times to write data ]
[ perf record: Woken up 41698 times to write data ]
[ perf record: Woken up 41931 times to write data ]
[ perf record: Woken up 41839 times to write data ]
[ perf record: Woken up 41773 times to write data ]
[ perf record: Woken up 41800 times to write data ]
[ perf record: Woken up 41872 times to write data ]
[ perf record: Woken up 41791 times to write data ]
[ perf record: Woken up 41734 times to write data ]
[ perf record: Woken up 41981 times to write data ]
[ perf record: Woken up 41645 times to write data ]
[ perf record: Woken up 41878 times to write data ]
[ perf record: Woken up 41776 times to write data ]
[ perf record: Woken up 41667 times to write data ]
[ perf record: Woken up 41767 times to write data ]
[ perf record: Woken up 41771 times to write data ]
[ perf record: Woken up 41701 times to write data ]
[ perf record: Woken up 41721 times to write data ]
[ perf record: Woken up 41907 times to write data ]
[ perf record: Woken up 41620 times to write data ]
[ perf record: Woken up 41918 times to write data ]
[ perf record: Woken up 41825 times to write data ]
[ perf record: Woken up 41632 times to write data ]
[ perf record: Woken up 41438 times to write data ]
[ perf record: Woken up 41778 times to write data ]
[ perf record: Woken up 41952 times to write data ]
[ perf record: Woken up 41573 times to write data ]
[ perf record: Woken up 41729 times to write data ]
[ perf record: Woken up 41775 times to write data ]
[ perf record: Woken up 41797 times to write data ]
[ perf record: Woken up 41574 times to write data ]
[ perf record: Woken up 41686 times to write data ]
[ perf record: Woken up 41718 times to write data ]
[ perf record: Woken up 41838 times to write data ]
[ perf record: Woken up 41702 times to write data ]
[ perf record: Woken up 41650 times to write data ]
[ perf record: Woken up 41753 times to write data ]
[ perf record: Woken up 41804 times to write data ]
[ perf record: Woken up 41794 times to write data ]
[ perf record: Woken up 41887 times to write data ]
[ perf record: Woken up 41855 times to write data ]
[ perf record: Woken up 41880 times to write data ]
[ perf record: Woken up 41913 times to write data ]
[ perf record: Woken up 41790 times to write data ]
[ perf record: Woken up 41699 times to write data ]
[ perf record: Woken up 41944 times to write data ]
[ perf record: Woken up 41983 times to write data ]
[ perf record: Woken up 41719 times to write data ]
[ perf record: Woken up 41990 times to write data ]
[ perf record: Woken up 41773 times to write data ]
[ perf record: Woken up 41814 times to write data ]
[ perf record: Woken up 41770 times to write data ]
[ perf record: Woken up 41829 times to write data ]
[ perf record: Woken up 41776 times to write data ]
[ perf record: Woken up 41767 times to write data ]
[ perf record: Woken up 41756 times to write data ]
[ perf record: Woken up 41686 times to write data ]
[ perf record: Woken up 41687 times to write data ]
[ perf record: Woken up 41752 times to write data ]
[ perf record: Woken up 41772 times to write data ]
[ perf record: Woken up 41696 times to write data ]
[ perf record: Woken up 41561 times to write data ]
[ perf record: Woken up 41802 times to write data ]
[ perf record: Woken up 41712 times to write data ]
[ perf record: Woken up 41717 times to write data ]
[ perf record: Woken up 41820 times to write data ]
[ perf record: Woken up 41773 times to write data ]
[ perf record: Woken up 41885 times to write data ]
[ perf record: Woken up 41707 times to write data ]
[ perf record: Woken up 41881 times to write data ]
[ perf record: Woken up 41709 times to write data ]
[ perf record: Woken up 41754 times to write data ]
[ perf record: Woken up 41825 times to write data ]
[ perf record: Woken up 41873 times to write data ]
[ perf record: Woken up 41742 times to write data ]
[ perf record: Woken up 41856 times to write data ]
[ perf record: Woken up 41740 times to write data ]
[ perf record: Woken up 41730 times to write data ]
[ perf record: Woken up 41840 times to write data ]
[ perf record: Woken up 41803 times to write data ]
[ perf record: Woken up 41691 times to write data ]
[ perf record: Woken up 41498 times to write data ]
[ perf record: Woken up 41793 times to write data ]
[ perf record: Woken up 41765 times to write data ]
[ perf record: Woken up 41686 times to write data ]
[ perf record: Woken up 41794 times to write data ]
[ perf record: Woken up 41774 times to write data ]
[ perf record: Woken up 41607 times to write data ]
[ perf record: Woken up 41781 times to write data ]
[ perf record: Woken up 41755 times to write data ]
[ perf record: Woken up 41784 times to write data ]
[ perf record: Woken up 41628 times to write data ]
[ perf record: Woken up 41803 times to write data ]
[ perf record: Woken up 41786 times to write data ]
[ perf record: Woken up 41574 times to write data ]
[ perf record: Woken up 41808 times to write data ]
[ perf record: Woken up 41615 times to write data ]
[ perf record: Woken up 41667 times to write data ]
[ perf record: Woken up 41770 times to write data ]
[ perf record: Woken up 41901 times to write data ]
[ perf record: Woken up 41830 times to write data ]
[ perf record: Woken up 41610 times to write data ]
[ perf record: Woken up 41892 times to write data ]
[ perf record: Woken up 41727 times to write data ]
[ perf record: Woken up 41787 times to write data ]
[ perf record: Woken up 41905 times to write data ]
[ perf record: Woken up 41689 times to write data ]
[ perf record: Woken up 41829 times to write data ]
[ perf record: Woken up 41654 times to write data ]
[ perf record: Woken up 41822 times to write data ]
[ perf record: Woken up 41799 times to write data ]
[ perf record: Woken up 41824 times to write data ]
[ perf record: Woken up 41599 times to write data ]
[ perf record: Woken up 41731 times to write data ]
[ perf record: Woken up 41868 times to write data ]
[ perf record: Woken up 41657 times to write data ]
[ perf record: Woken up 41725 times to write data ]
[ perf record: Woken up 41782 times to write data ]
[ perf record: Woken up 41638 times to write data ]
[ perf record: Woken up 41780 times to write data ]
[ perf record: Woken up 41843 times to write data ]
[ perf record: Woken up 41756 times to write data ]
[ perf record: Woken up 41799 times to write data ]
[ perf record: Woken up 41742 times to write data ]
[ perf record: Woken up 41803 times to write data ]
[ perf record: Woken up 41766 times to write data ]
[ perf record: Woken up 41846 times to write data ]
[ perf record: Woken up 41681 times to write data ]
[ perf record: Woken up 41727 times to write data ]
[ perf record: Woken up 41882 times to write data ]
[ perf record: Woken up 41852 times to write data ]
[ perf record: Woken up 41707 times to write data ]
[ perf record: Woken up 41750 times to write data ]
[ perf record: Woken up 41825 times to write data ]
[ perf record: Woken up 41750 times to write data ]
[ perf record: Woken up 41833 times to write data ]
[ perf record: Woken up 41793 times to write data ]
[ perf record: Woken up 41911 times to write data ]
[ perf record: Woken up 41802 times to write data ]
[ perf record: Woken up 41788 times to write data ]
[ perf record: Woken up 41851 times to write data ]
[ perf record: Woken up 41729 times to write data ]
[ perf record: Woken up 41778 times to write data ]
[ perf record: Woken up 41672 times to write data ]
[ perf record: Woken up 41712 times to write data ]
[ perf record: Woken up 41661 times to write data ]
[ perf record: Woken up 41680 times to write data ]
[ perf record: Woken up 41737 times to write data ]
[ perf record: Woken up 41621 times to write data ]
[ perf record: Woken up 41777 times to write data ]
[ perf record: Woken up 41798 times to write data ]
[ perf record: Woken up 41895 times to write data ]
[ perf record: Woken up 41623 times to write data ]
[ perf record: Woken up 41511 times to write data ]
[ perf record: Woken up 41795 times to write data ]
[ perf record: Woken up 41594 times to write data ]
[ perf record: Woken up 41481 times to write data ]
[ perf record: Woken up 41492 times to write data ]
[ perf record: Woken up 41570 times to write data ]
[ perf record: Woken up 41282 times to write data ]
[ perf record: Woken up 41471 times to write data ]
[ perf record: Woken up 41439 times to write data ]
[ perf record: Woken up 41655 times to write data ]
[ perf record: Woken up 41369 times to write data ]
[ perf record: Woken up 41493 times to write data ]
[ perf record: Woken up 41405 times to write data ]
[ perf record: Woken up 41448 times to write data ]
[ perf record: Woken up 41651 times to write data ]
[ perf record: Woken up 41519 times to write data ]
[ perf record: Woken up 41448 times to write data ]
[ perf record: Woken up 41432 times to write data ]
[ perf record: Woken up 41603 times to write data ]
[ perf record: Woken up 41563 times to write data ]
[ perf record: Woken up 41459 times to write data ]
[ perf record: Woken up 41705 times to write data ]
[ perf record: Woken up 41506 times to write data ]
[ perf record: Woken up 41587 times to write data ]
[ perf record: Woken up 41476 times to write data ]
[ perf record: Woken up 41654 times to write data ]
[ perf record: Woken up 41512 times to write data ]
[ perf record: Woken up 41519 times to write data ]
[ perf record: Woken up 41568 times to write data ]
[ perf record: Woken up 41581 times to write data ]
[ perf record: Woken up 41646 times to write data ]
[ perf record: Woken up 41510 times to write data ]
[ perf record: Woken up 41529 times to write data ]
[ perf record: Woken up 41351 times to write data ]
[ perf record: Woken up 41582 times to write data ]
[ perf record: Woken up 41570 times to write data ]
[ perf record: Woken up 41616 times to write data ]
[ perf record: Woken up 41605 times to write data ]
[ perf record: Woken up 41451 times to write data ]
[ perf record: Woken up 41367 times to write data ]
[ perf record: Woken up 41518 times to write data ]
[ perf record: Woken up 41546 times to write data ]
[ perf record: Woken up 41522 times to write data ]
[ perf record: Woken up 41425 times to write data ]
[ perf record: Woken up 41351 times to write data ]
[ perf record: Woken up 41462 times to write data ]
[ perf record: Woken up 41671 times to write data ]
[ perf record: Woken up 41494 times to write data ]
[ perf record: Woken up 41523 times to write data ]
[ perf record: Woken up 41318 times to write data ]
[ perf record: Woken up 41525 times to write data ]
[ perf record: Woken up 41460 times to write data ]
[ perf record: Woken up 41501 times to write data ]
[ perf record: Woken up 41572 times to write data ]
[ perf record: Woken up 41459 times to write data ]
[ perf record: Woken up 41535 times to write data ]
[ perf record: Woken up 41573 times to write data ]
[ perf record: Woken up 41561 times to write data ]
[ perf record: Woken up 41584 times to write data ]
[ perf record: Woken up 41486 times to write data ]
[ perf record: Woken up 41444 times to write data ]
[ perf record: Woken up 41463 times to write data ]
[ perf record: Woken up 41551 times to write data ]
[ perf record: Woken up 41688 times to write data ]
[ perf record: Woken up 41433 times to write data ]
[ perf record: Woken up 41603 times to write data ]
[ perf record: Woken up 41398 times to write data ]
[ perf record: Woken up 41502 times to write data ]
[ perf record: Woken up 41274 times to write data ]
[ perf record: Woken up 41526 times to write data ]
[ perf record: Woken up 41647 times to write data ]
[ perf record: Woken up 41544 times to write data ]
[ perf record: Woken up 41345 times to write data ]
[ perf record: Woken up 41509 times to write data ]
[ perf record: Woken up 41511 times to write data ]
[ perf record: Woken up 41503 times to write data ]
[ perf record: Woken up 41382 times to write data ]
[ perf record: Woken up 41465 times to write data ]
[ perf record: Woken up 41460 times to write data ]
[ perf record: Woken up 41478 times to write data ]
[ perf record: Woken up 41489 times to write data ]
[ perf record: Woken up 41532 times to write data ]
[ perf record: Woken up 41430 times to write data ]
[ perf record: Woken up 41390 times to write data ]
[ perf record: Woken up 41499 times to write data ]
[ perf record: Woken up 41569 times to write data ]
[ perf record: Woken up 41596 times to write data ]
[ perf record: Woken up 41398 times to write data ]
[ perf record: Woken up 41451 times to write data ]
[ perf record: Woken up 41577 times to write data ]
[ perf record: Woken up 41554 times to write data ]
[ perf record: Woken up 41617 times to write data ]
[ perf record: Woken up 41560 times to write data ]
[ perf record: Woken up 41513 times to write data ]
[ perf record: Woken up 41452 times to write data ]
[ perf record: Woken up 41526 times to write data ]
[ perf record: Woken up 41481 times to write data ]
[ perf record: Woken up 41671 times to write data ]
[ perf record: Woken up 39998 times to write data ]
Warning:
Processed 1351421 events and lost 2 chunks!

Check IO/CPU overload!

[ perf record: Captured and wrote 10490.956 MB /leonardo_scratch/large/userexternal/ctica000/perf/with_IO/DCGP/800proc/perf_21271733/perf.data.rank460 (1302005 samples) ]
Warning:
Processed 1344642 events and lost 3 chunks!

Check IO/CPU overload!

[ perf record: Captured and wrote 10435.780 MB /leonardo_scratch/large/userexternal/ctica000/perf/with_IO/DCGP/800proc/perf_21271733/perf.data.rank64 (1295153 samples) ]
Warning:
Processed 1346557 events and lost 6 chunks!

Check IO/CPU overload!

[ perf record: Captured and wrote 10454.024 MB /leonardo_scratch/large/userexternal/ctica000/perf/with_IO/DCGP/800proc/perf_21271733/perf.data.rank440 (1297422 samples) ]
Warning:
Processed 1347467 events and lost 3 chunks!

Check IO/CPU overload!

[ perf record: Captured and wrote 10458.857 MB /leonardo_scratch/large/userexternal/ctica000/perf/with_IO/DCGP/800proc/perf_21271733/perf.data.rank173 (1298019 samples) ]
Warning:
Processed 1346348 events and lost 6 chunks!

Check IO/CPU overload!

[ perf record: Captured and wrote 10450.447 MB /leonardo_scratch/large/userexternal/ctica000/perf/with_IO/DCGP/800proc/perf_21271733/perf.data.rank296 (1296976 samples) ]
Warning:
Processed 1345521 events and lost 1 chunks!

Check IO/CPU overload!

[ perf record: Captured and wrote 10445.182 MB /leonardo_scratch/large/userexternal/ctica000/perf/with_IO/DCGP/800proc/perf_21271733/perf.data.rank101 (1296324 samples) ]
Warning:
Processed 1344873 events and lost 6 chunks!

Check IO/CPU overload!

[ perf record: Captured and wrote 10440.503 MB /leonardo_scratch/large/userexternal/ctica000/perf/with_IO/DCGP/800proc/perf_21271733/perf.data.rank621 (1295744 samples) ]
Warning:
Processed 1354594 events and lost 3 chunks!

Check IO/CPU overload!

[ perf record: Captured and wrote 10515.468 MB /leonardo_scratch/large/userexternal/ctica000/perf/with_IO/DCGP/800proc/perf_21271733/perf.data.rank542 (1305047 samples) ]
Warning:
Processed 1340270 events and lost 2 chunks!

Check IO/CPU overload!

[ perf record: Captured and wrote 10402.351 MB /leonardo_scratch/large/userexternal/ctica000/perf/with_IO/DCGP/800proc/perf_21271733/perf.data.rank10 (1291005 samples) ]
Warning:
Processed 1352702 events and lost 1 chunks!

Check IO/CPU overload!

[ perf record: Captured and wrote 10500.139 MB /leonardo_scratch/large/userexternal/ctica000/perf/with_IO/DCGP/800proc/perf_21271733/perf.data.rank545 (1303144 samples) ]
Warning:
Processed 1344399 events and lost 3 chunks!

Check IO/CPU overload!

[ perf record: Captured and wrote 10436.918 MB /leonardo_scratch/large/userexternal/ctica000/perf/with_IO/DCGP/800proc/perf_21271733/perf.data.rank517 (1295299 samples) ]
Warning:
Processed 1352313 events and lost 3 chunks!

Check IO/CPU overload!

[ perf record: Captured and wrote 10504.094 MB /leonardo_scratch/large/userexternal/ctica000/perf/with_IO/DCGP/800proc/perf_21271733/perf.data.rank796 (1303645 samples) ]
Warning:
Processed 1349056 events and lost 5 chunks!

Check IO/CPU overload!

[ perf record: Captured and wrote 10472.959 MB /leonardo_scratch/large/userexternal/ctica000/perf/with_IO/DCGP/800proc/perf_21271733/perf.data.rank514 (1299772 samples) ]
Warning:
Processed 1344728 events and lost 4 chunks!

Check IO/CPU overload!

[ perf record: Captured and wrote 10439.284 MB /leonardo_scratch/large/userexternal/ctica000/perf/with_IO/DCGP/800proc/perf_21271733/perf.data.rank716 (1295592 samples) ]
Warning:
Processed 1343830 events and lost 2 chunks!

Check IO/CPU overload!

[ perf record: Captured and wrote 10430.412 MB /leonardo_scratch/large/userexternal/ctica000/perf/with_IO/DCGP/800proc/perf_21271733/perf.data.rank153 (1294488 samples) ]
Warning:
Processed 1347329 events and lost 3 chunks!

Check IO/CPU overload!

[ perf record: Captured and wrote 10459.689 MB /leonardo_scratch/large/userexternal/ctica000/perf/with_IO/DCGP/800proc/perf_21271733/perf.data.rank513 (1298125 samples) ]
Warning:
Processed 1342796 events and lost 2 chunks!

Check IO/CPU overload!

[ perf record: Captured and wrote 10422.420 MB /leonardo_scratch/large/userexternal/ctica000/perf/with_IO/DCGP/800proc/perf_21271733/perf.data.rank36 (1293496 samples) ]
Warning:
Processed 1345157 events and lost 3 chunks!

Check IO/CPU overload!

[ perf record: Captured and wrote 10443.277 MB /leonardo_scratch/large/userexternal/ctica000/perf/with_IO/DCGP/800proc/perf_21271733/perf.data.rank485 (1296089 samples) ]
Warning:
Processed 1347277 events and lost 1 chunks!

Check IO/CPU overload!

[ perf record: Captured and wrote 10458.229 MB /leonardo_scratch/large/userexternal/ctica000/perf/with_IO/DCGP/800proc/perf_21271733/perf.data.rank196 (1297942 samples) ]
Warning:
Processed 1347798 events and lost 2 chunks!

Check IO/CPU overload!

[ perf record: Captured and wrote 10463.979 MB /leonardo_scratch/large/userexternal/ctica000/perf/with_IO/DCGP/800proc/perf_21271733/perf.data.rank717 (1298658 samples) ]
Warning:
Processed 1348073 events and lost 3 chunks!

Check IO/CPU overload!

[ perf record: Captured and wrote 10464.479 MB /leonardo_scratch/large/userexternal/ctica000/perf/with_IO/DCGP/800proc/perf_21271733/perf.data.rank198 (1298718 samples) ]
Warning:
Processed 1346750 events and lost 2 chunks!

Check IO/CPU overload!

[ perf record: Captured and wrote 10453.100 MB /leonardo_scratch/large/userexternal/ctica000/perf/with_IO/DCGP/800proc/perf_21271733/perf.data.rank151 (1297304 samples) ]
Warning:
Processed 1344279 events and lost 3 chunks!

Check IO/CPU overload!

[ perf record: Captured and wrote 10435.158 MB /leonardo_scratch/large/userexternal/ctica000/perf/with_IO/DCGP/800proc/perf_21271733/perf.data.rank192 (1295079 samples) ]
Warning:
Processed 1348463 events and lost 4 chunks!

Check IO/CPU overload!

[ perf record: Captured and wrote 10467.055 MB /leonardo_scratch/large/userexternal/ctica000/perf/with_IO/DCGP/800proc/perf_21271733/perf.data.rank114 (1299037 samples) ]
Warning:
Processed 1348161 events and lost 3 chunks!

Check IO/CPU overload!

[ perf record: Captured and wrote 10466.602 MB /leonardo_scratch/large/userexternal/ctica000/perf/with_IO/DCGP/800proc/perf_21271733/perf.data.rank406 (1298984 samples) ]
Warning:
Processed 1337821 events and lost 1 chunks!

Check IO/CPU overload!

[ perf record: Captured and wrote 10384.115 MB /leonardo_scratch/large/userexternal/ctica000/perf/with_IO/DCGP/800proc/perf_21271733/perf.data.rank90 (1288743 samples) ]
Warning:
Processed 1347061 events and lost 3 chunks!

Check IO/CPU overload!

Warning:
Processed 1345274 events and lost 4 chunks!

Check IO/CPU overload!

[ perf record: Captured and wrote 10456.587 MB /leonardo_scratch/large/userexternal/ctica000/perf/with_IO/DCGP/800proc/perf_21271733/perf.data.rank96 (1297738 samples) ]
[ perf record: Captured and wrote 10442.125 MB /leonardo_scratch/large/userexternal/ctica000/perf/with_IO/DCGP/800proc/perf_21271733/perf.data.rank143 (1295942 samples) ]
Warning:
Processed 1353219 events and lost 3 chunks!

Check IO/CPU overload!

Warning:
Processed 1344321 events and lost 4 chunks!

Check IO/CPU overload!

[ perf record: Captured and wrote 10435.174 MB /leonardo_scratch/large/userexternal/ctica000/perf/with_IO/DCGP/800proc/perf_21271733/perf.data.rank639 (1295081 samples) ]
[ perf record: Captured and wrote 10504.743 MB /leonardo_scratch/large/userexternal/ctica000/perf/with_IO/DCGP/800proc/perf_21271733/perf.data.rank349 (1303716 samples) ]
Warning:
Processed 1347664 events and lost 3 chunks!

Check IO/CPU overload!

[ perf record: Captured and wrote 10460.093 MB /leonardo_scratch/large/userexternal/ctica000/perf/with_IO/DCGP/800proc/perf_21271733/perf.data.rank149 (1298172 samples) ]
Warning:
Processed 1352254 events and lost 1 chunks!

Check IO/CPU overload!

[ perf record: Captured and wrote 10497.568 MB /leonardo_scratch/large/userexternal/ctica000/perf/with_IO/DCGP/800proc/perf_21271733/perf.data.rank415 (1302826 samples) ]
Warning:
Processed 1340476 events and lost 6 chunks!

Check IO/CPU overload!

[ perf record: Captured and wrote 10404.743 MB /leonardo_scratch/large/userexternal/ctica000/perf/with_IO/DCGP/800proc/perf_21271733/perf.data.rank83 (1291303 samples) ]
Warning:
Processed 1353272 events and lost 4 chunks!

Check IO/CPU overload!

[ perf record: Captured and wrote 10506.748 MB /leonardo_scratch/large/userexternal/ctica000/perf/with_IO/DCGP/800proc/perf_21271733/perf.data.rank399 (1303967 samples) ]
Warning:
Processed 1347614 events and lost 9 chunks!

Check IO/CPU overload!

[ perf record: Captured and wrote 10461.284 MB /leonardo_scratch/large/userexternal/ctica000/perf/with_IO/DCGP/800proc/perf_21271733/perf.data.rank506 (1298322 samples) ]
Warning:
Processed 1337425 events and lost 6 chunks!

Check IO/CPU overload!

[ perf record: Captured and wrote 10382.465 MB /leonardo_scratch/large/userexternal/ctica000/perf/with_IO/DCGP/800proc/perf_21271733/perf.data.rank314 (1288540 samples) ]
Warning:
Processed 1338669 events and lost 1 chunks!

Check IO/CPU overload!

[ perf record: Captured and wrote 10390.826 MB /leonardo_scratch/large/userexternal/ctica000/perf/with_IO/DCGP/800proc/perf_21271733/perf.data.rank84 (1289576 samples) ]
Warning:
Processed 1344932 events and lost 3 chunks!

Check IO/CPU overload!

Warning:
Processed 1340524 events and lost 6 chunks!

Check IO/CPU overload!

[ perf record: Captured and wrote 10441.244 MB /leonardo_scratch/large/userexternal/ctica000/perf/with_IO/DCGP/800proc/perf_21271733/perf.data.rank589 (1295836 samples) ]
[ perf record: Captured and wrote 10404.119 MB /leonardo_scratch/large/userexternal/ctica000/perf/with_IO/DCGP/800proc/perf_21271733/perf.data.rank29 (1291224 samples) ]
Warning:
Processed 1346042 events and lost 2 chunks!

Check IO/CPU overload!

[ perf record: Captured and wrote 10449.181 MB /leonardo_scratch/large/userexternal/ctica000/perf/with_IO/DCGP/800proc/perf_21271733/perf.data.rank670 (1296820 samples) ]
Warning:
Processed 1346673 events and lost 3 chunks!

Check IO/CPU overload!

[ perf record: Captured and wrote 10453.725 MB /leonardo_scratch/large/userexternal/ctica000/perf/with_IO/DCGP/800proc/perf_21271733/perf.data.rank181 (1297383 samples) ]
Warning:
Processed 1349953 events and lost 3 chunks!

Check IO/CPU overload!

[ perf record: Captured and wrote 10480.166 MB /leonardo_scratch/large/userexternal/ctica000/perf/with_IO/DCGP/800proc/perf_21271733/perf.data.rank680 (1300667 samples) ]
Warning:
Processed 1341082 events and lost 3 chunks!

Check IO/CPU overload!

[ perf record: Captured and wrote 10410.902 MB /leonardo_scratch/large/userexternal/ctica000/perf/with_IO/DCGP/800proc/perf_21271733/perf.data.rank601 (1292070 samples) ]
Warning:
Processed 1345748 events and lost 2 chunks!

Check IO/CPU overload!

[ perf record: Captured and wrote 10446.870 MB /leonardo_scratch/large/userexternal/ctica000/perf/with_IO/DCGP/800proc/perf_21271733/perf.data.rank339 (1296533 samples) ]
Warning:
Processed 1337228 events and lost 4 chunks!

Check IO/CPU overload!

[ perf record: Captured and wrote 10379.185 MB /leonardo_scratch/large/userexternal/ctica000/perf/with_IO/DCGP/800proc/perf_21271733/perf.data.rank18 (1288130 samples) ]
Warning:
Processed 1345820 events and lost 2 chunks!

Check IO/CPU overload!

Warning:
Processed 1347017 events and lost 1 chunks!

Check IO/CPU overload!

[ perf record: Captured and wrote 10446.930 MB /leonardo_scratch/large/userexternal/ctica000/perf/with_IO/DCGP/800proc/perf_21271733/perf.data.rank197 (1296540 samples) ]
[ perf record: Captured and wrote 10457.080 MB /leonardo_scratch/large/userexternal/ctica000/perf/with_IO/DCGP/800proc/perf_21271733/perf.data.rank591 (1297801 samples) ]
Warning:
Processed 1341398 events and lost 8 chunks!

Check IO/CPU overload!

[ perf record: Captured and wrote 10410.498 MB /leonardo_scratch/large/userexternal/ctica000/perf/with_IO/DCGP/800proc/perf_21271733/perf.data.rank54 (1292015 samples) ]
Warning:
Processed 1354265 events and lost 6 chunks!

Check IO/CPU overload!

[ perf record: Captured and wrote 10513.677 MB /leonardo_scratch/large/userexternal/ctica000/perf/with_IO/DCGP/800proc/perf_21271733/perf.data.rank488 (1304826 samples) ]
Warning:
Processed 1344223 events and lost 3 chunks!

Check IO/CPU overload!

[ perf record: Captured and wrote 10435.692 MB /leonardo_scratch/large/userexternal/ctica000/perf/with_IO/DCGP/800proc/perf_21271733/perf.data.rank389 (1295147 samples) ]
Warning:
Processed 1346024 events and lost 2 chunks!

Check IO/CPU overload!

[ perf record: Captured and wrote 10449.601 MB /leonardo_scratch/large/userexternal/ctica000/perf/with_IO/DCGP/800proc/perf_21271733/perf.data.rank419 (1296873 samples) ]
Warning:
Processed 1343613 events and lost 2 chunks!

Check IO/CPU overload!

Warning:
Processed 1350049 events and lost 1 chunks!

Check IO/CPU overload!

[ perf record: Captured and wrote 10428.745 MB /leonardo_scratch/large/userexternal/ctica000/perf/with_IO/DCGP/800proc/perf_21271733/perf.data.rank142 (1294281 samples) ]
[ perf record: Captured and wrote 10479.673 MB /leonardo_scratch/large/userexternal/ctica000/perf/with_IO/DCGP/800proc/perf_21271733/perf.data.rank731 (1300604 samples) ]
Warning:
Processed 1343920 events and lost 7 chunks!

Check IO/CPU overload!

Warning:
Processed 1344794 events and lost 7 chunks!

Check IO/CPU overload!

[ perf record: Captured and wrote 10439.560 MB /leonardo_scratch/large/userexternal/ctica000/perf/with_IO/DCGP/800proc/perf_21271733/perf.data.rank432 (1295626 samples) ]
[ perf record: Captured and wrote 10431.185 MB /leonardo_scratch/large/userexternal/ctica000/perf/with_IO/DCGP/800proc/perf_21271733/perf.data.rank159 (1294584 samples) ]
Warning:
Processed 1350011 events and lost 8 chunks!

Check IO/CPU overload!

[ perf record: Captured and wrote 10481.069 MB /leonardo_scratch/large/userexternal/ctica000/perf/with_IO/DCGP/800proc/perf_21271733/perf.data.rank749 (1300780 samples) ]
Warning:
Processed 1346659 events and lost 1 chunks!

Check IO/CPU overload!

[ perf record: Captured and wrote 10454.606 MB /leonardo_scratch/large/userexternal/ctica000/perf/with_IO/DCGP/800proc/perf_21271733/perf.data.rank489 (1297495 samples) ]
Warning:
Processed 1347855 events and lost 2 chunks!

Check IO/CPU overload!

Warning:
Processed 1348789 events and lost 4 chunks!

Check IO/CPU overload!

[ perf record: Captured and wrote 10469.021 MB /leonardo_scratch/large/userexternal/ctica000/perf/with_IO/DCGP/800proc/perf_21271733/perf.data.rank787 (1299292 samples) ]
Warning:
Processed 1352476 events and lost 1 chunks!

Check IO/CPU overload!

[ perf record: Captured and wrote 10471.160 MB /leonardo_scratch/large/userexternal/ctica000/perf/with_IO/DCGP/800proc/perf_21271733/perf.data.rank519 (1299549 samples) ]
[ perf record: Captured and wrote 10505.606 MB /leonardo_scratch/large/userexternal/ctica000/perf/with_IO/DCGP/800proc/perf_21271733/perf.data.rank797 (1303833 samples) ]
Warning:
Processed 1343205 events and lost 2 chunks!

Check IO/CPU overload!

[ perf record: Captured and wrote 10426.176 MB /leonardo_scratch/large/userexternal/ctica000/perf/with_IO/DCGP/800proc/perf_21271733/perf.data.rank148 (1293963 samples) ]
Warning:
Processed 1348789 events and lost 3 chunks!

Check IO/CPU overload!

[ perf record: Captured and wrote 10470.600 MB /leonardo_scratch/large/userexternal/ctica000/perf/with_IO/DCGP/800proc/perf_21271733/perf.data.rank707 (1299479 samples) ]
Warning:
Processed 1349289 events and lost 3 chunks!

Check IO/CPU overload!

[ perf record: Captured and wrote 10475.220 MB /leonardo_scratch/large/userexternal/ctica000/perf/with_IO/DCGP/800proc/perf_21271733/perf.data.rank396 (1300053 samples) ]
Warning:
Processed 1348485 events and lost 3 chunks!

Check IO/CPU overload!

[ perf record: Captured and wrote 10468.688 MB /leonardo_scratch/large/userexternal/ctica000/perf/with_IO/DCGP/800proc/perf_21271733/perf.data.rank700 (1299242 samples) ]
Warning:
Processed 1347975 events and lost 2 chunks!

Check IO/CPU overload!

[ perf record: Captured and wrote 10464.297 MB /leonardo_scratch/large/userexternal/ctica000/perf/with_IO/DCGP/800proc/perf_21271733/perf.data.rank453 (1298696 samples) ]
Warning:
Processed 1349251 events and lost 2 chunks!

Check IO/CPU overload!

[ perf record: Captured and wrote 10474.792 MB /leonardo_scratch/large/userexternal/ctica000/perf/with_IO/DCGP/800proc/perf_21271733/perf.data.rank703 (1300000 samples) ]
Warning:
Processed 1345753 events and lost 6 chunks!

Check IO/CPU overload!

[ perf record: Captured and wrote 10447.404 MB /leonardo_scratch/large/userexternal/ctica000/perf/with_IO/DCGP/800proc/perf_21271733/perf.data.rank590 (1296600 samples) ]
Warning:
Processed 1351188 events and lost 3 chunks!

Check IO/CPU overload!

[ perf record: Captured and wrote 10489.200 MB /leonardo_scratch/large/userexternal/ctica000/perf/with_IO/DCGP/800proc/perf_21271733/perf.data.rank738 (1301787 samples) ]
Warning:
Processed 1349302 events and lost 3 chunks!

Check IO/CPU overload!

Warning:
Processed 1348628 events and lost 2 chunks!

Check IO/CPU overload!

[ perf record: Captured and wrote 10475.039 MB /leonardo_scratch/large/userexternal/ctica000/perf/with_IO/DCGP/800proc/perf_21271733/perf.data.rank773 (1300030 samples) ]
[ perf record: Captured and wrote 10469.389 MB /leonardo_scratch/large/userexternal/ctica000/perf/with_IO/DCGP/800proc/perf_21271733/perf.data.rank635 (1299328 samples) ]
[ perf record: Captured and wrote 10452.944 MB /leonardo_scratch/large/userexternal/ctica000/perf/with_IO/DCGP/800proc/perf_21271733/perf.data.rank606 (1297288 samples) ]
Warning:
Processed 1348342 events and lost 2 chunks!

Check IO/CPU overload!

[ perf record: Captured and wrote 10467.106 MB /leonardo_scratch/large/userexternal/ctica000/perf/with_IO/DCGP/800proc/perf_21271733/perf.data.rank603 (1299045 samples) ]
Warning:
Processed 1347637 events and lost 2 chunks!

Check IO/CPU overload!

Warning:
Processed 1350655 events and lost 3 chunks!

Check IO/CPU overload!

[ perf record: Captured and wrote 10483.422 MB /leonardo_scratch/large/userexternal/ctica000/perf/with_IO/DCGP/800proc/perf_21271733/perf.data.rank170 (1301067 samples) ]
[ perf record: Captured and wrote 10461.923 MB /leonardo_scratch/large/userexternal/ctica000/perf/with_IO/DCGP/800proc/perf_21271733/perf.data.rank581 (1298402 samples) ]
Warning:
Processed 1348253 events and lost 1 chunks!

Check IO/CPU overload!

[ perf record: Captured and wrote 10465.062 MB /leonardo_scratch/large/userexternal/ctica000/perf/with_IO/DCGP/800proc/perf_21271733/perf.data.rank139 (1298789 samples) ]
Warning:
Processed 1341852 events and lost 2 chunks!

Check IO/CPU overload!

[ perf record: Captured and wrote 10415.992 MB /leonardo_scratch/large/userexternal/ctica000/perf/with_IO/DCGP/800proc/perf_21271733/perf.data.rank367 (1292700 samples) ]
Warning:
Processed 1347334 events and lost 3 chunks!

Check IO/CPU overload!

[ perf record: Captured and wrote 10460.438 MB /leonardo_scratch/large/userexternal/ctica000/perf/with_IO/DCGP/800proc/perf_21271733/perf.data.rank685 (1298219 samples) ]
Warning:
Processed 1346795 events and lost 6 chunks!

Check IO/CPU overload!

[ perf record: Captured and wrote 10455.485 MB /leonardo_scratch/large/userexternal/ctica000/perf/with_IO/DCGP/800proc/perf_21271733/perf.data.rank100 (1297603 samples) ]
Warning:
Processed 1348395 events and lost 3 chunks!

Check IO/CPU overload!

Warning:
Processed 1350222 events and lost 1 chunks!

Check IO/CPU overload!

Warning:
Processed 1345877 events and lost 6 chunks!

Check IO/CPU overload!

[ perf record: Captured and wrote 10482.847 MB /leonardo_scratch/large/userexternal/ctica000/perf/with_IO/DCGP/800proc/perf_21271733/perf.data.rank689 (1301000 samples) ]
[ perf record: Captured and wrote 10468.849 MB /leonardo_scratch/large/userexternal/ctica000/perf/with_IO/DCGP/800proc/perf_21271733/perf.data.rank504 (1299263 samples) ]
[ perf record: Captured and wrote 10447.650 MB /leonardo_scratch/large/userexternal/ctica000/perf/with_IO/DCGP/800proc/perf_21271733/perf.data.rank644 (1296630 samples) ]
Warning:
Processed 1333656 events and lost 3 chunks!

Check IO/CPU overload!

[ perf record: Captured and wrote 10350.126 MB /leonardo_scratch/large/userexternal/ctica000/perf/with_IO/DCGP/800proc/perf_21271733/perf.data.rank68 (1284522 samples) ]
Warning:
Processed 1354777 events and lost 1 chunks!

Check IO/CPU overload!

[ perf record: Captured and wrote 10517.641 MB /leonardo_scratch/large/userexternal/ctica000/perf/with_IO/DCGP/800proc/perf_21271733/perf.data.rank610 (1305318 samples) ]
Warning:
Processed 1346914 events and lost 3 chunks!

Check IO/CPU overload!

[ perf record: Captured and wrote 10455.204 MB /leonardo_scratch/large/userexternal/ctica000/perf/with_IO/DCGP/800proc/perf_21271733/perf.data.rank360 (1297567 samples) ]
Warning:
Processed 1347883 events and lost 2 chunks!

Check IO/CPU overload!

[ perf record: Captured and wrote 10464.832 MB /leonardo_scratch/large/userexternal/ctica000/perf/with_IO/DCGP/800proc/perf_21271733/perf.data.rank375 (1298764 samples) ]
Warning:
Processed 1347676 events and lost 3 chunks!

Check IO/CPU overload!

[ perf record: Captured and wrote 10462.012 MB /leonardo_scratch/large/userexternal/ctica000/perf/with_IO/DCGP/800proc/perf_21271733/perf.data.rank355 (1298412 samples) ]
Warning:
Processed 1339435 events and lost 4 chunks!

Check IO/CPU overload!

[ perf record: Captured and wrote 10396.979 MB /leonardo_scratch/large/userexternal/ctica000/perf/with_IO/DCGP/800proc/perf_21271733/perf.data.rank331 (1290340 samples) ]
Warning:
Processed 1350506 events and lost 3 chunks!

Check IO/CPU overload!

[ perf record: Captured and wrote 10489.284 MB /leonardo_scratch/large/userexternal/ctica000/perf/with_IO/DCGP/800proc/perf_21271733/perf.data.rank792 (1301806 samples) ]
Warning:
Processed 1345449 events and lost 1 chunks!

Check IO/CPU overload!

[ perf record: Captured and wrote 10444.027 MB /leonardo_scratch/large/userexternal/ctica000/perf/with_IO/DCGP/800proc/perf_21271733/perf.data.rank191 (1296180 samples) ]
Warning:
Processed 1340492 events and lost 7 chunks!

Check IO/CPU overload!

[ perf record: Captured and wrote 10405.962 MB /leonardo_scratch/large/userexternal/ctica000/perf/with_IO/DCGP/800proc/perf_21271733/perf.data.rank394 (1291456 samples) ]
Warning:
Processed 1343936 events and lost 3 chunks!

Check IO/CPU overload!

[ perf record: Captured and wrote 10432.215 MB /leonardo_scratch/large/userexternal/ctica000/perf/with_IO/DCGP/800proc/perf_21271733/perf.data.rank429 (1294714 samples) ]
Warning:
Processed 1349457 events and lost 4 chunks!

Check IO/CPU overload!

[ perf record: Captured and wrote 10477.117 MB /leonardo_scratch/large/userexternal/ctica000/perf/with_IO/DCGP/800proc/perf_21271733/perf.data.rank393 (1300289 samples) ]
Warning:
Processed 1341774 events and lost 5 chunks!

Check IO/CPU overload!

Warning:
Processed 1350803 events and lost 5 chunks!

Check IO/CPU overload!

[ perf record: Captured and wrote 10416.883 MB /leonardo_scratch/large/userexternal/ctica000/perf/with_IO/DCGP/800proc/perf_21271733/perf.data.rank479 (1292813 samples) ]
[ perf record: Captured and wrote 10487.113 MB /leonardo_scratch/large/userexternal/ctica000/perf/with_IO/DCGP/800proc/perf_21271733/perf.data.rank609 (1301529 samples) ]
Warning:
Processed 1343374 events and lost 5 chunks!

Check IO/CPU overload!

[ perf record: Captured and wrote 10427.439 MB /leonardo_scratch/large/userexternal/ctica000/perf/with_IO/DCGP/800proc/perf_21271733/perf.data.rank81 (1294120 samples) ]
Warning:
Processed 1350178 events and lost 3 chunks!

Check IO/CPU overload!

Warning:
Processed 1349288 events and lost 7 chunks!

Check IO/CPU overload!

[ perf record: Captured and wrote 10481.738 MB /leonardo_scratch/large/userexternal/ctica000/perf/with_IO/DCGP/800proc/perf_21271733/perf.data.rank115 (1300861 samples) ]
[ perf record: Captured and wrote 10473.908 MB /leonardo_scratch/large/userexternal/ctica000/perf/with_IO/DCGP/800proc/perf_21271733/perf.data.rank536 (1299888 samples) ]
Warning:
Processed 1333557 events and lost 3 chunks!

Check IO/CPU overload!

[ perf record: Captured and wrote 10349.364 MB /leonardo_scratch/large/userexternal/ctica000/perf/with_IO/DCGP/800proc/perf_21271733/perf.data.rank52 (1284427 samples) ]
Warning:
Processed 1344010 events and lost 2 chunks!

Check IO/CPU overload!

[ perf record: Captured and wrote 10431.796 MB /leonardo_scratch/large/userexternal/ctica000/perf/with_IO/DCGP/800proc/perf_21271733/perf.data.rank164 (1294660 samples) ]
Warning:
Processed 1349001 events and lost 3 chunks!

Check IO/CPU overload!

Warning:
Processed 1343673 events and lost 3 chunks!

Check IO/CPU overload!

[ perf record: Captured and wrote 10471.616 MB /leonardo_scratch/large/userexternal/ctica000/perf/with_IO/DCGP/800proc/perf_21271733/perf.data.rank162 (1299603 samples) ]
Warning:
Processed 1351874 events and lost 3 chunks!

Check IO/CPU overload!

[ perf record: Captured and wrote 10430.851 MB /leonardo_scratch/large/userexternal/ctica000/perf/with_IO/DCGP/800proc/perf_21271733/perf.data.rank640 (1294545 samples) ]
[ perf record: Captured and wrote 10494.435 MB /leonardo_scratch/large/userexternal/ctica000/perf/with_IO/DCGP/800proc/perf_21271733/perf.data.rank750 (1302437 samples) ]
Warning:
Processed 1346050 events and lost 3 chunks!

Check IO/CPU overload!

[ perf record: Captured and wrote 10448.988 MB /leonardo_scratch/large/userexternal/ctica000/perf/with_IO/DCGP/800proc/perf_21271733/perf.data.rank767 (1296796 samples) ]
Warning:
Processed 1349431 events and lost 2 chunks!

Check IO/CPU overload!

[ perf record: Captured and wrote 10476.255 MB /leonardo_scratch/large/userexternal/ctica000/perf/with_IO/DCGP/800proc/perf_21271733/perf.data.rank377 (1300181 samples) ]
Warning:
Processed 1346709 events and lost 7 chunks!

Check IO/CPU overload!

Warning:
Processed 1341795 events and lost 2 chunks!

Check IO/CPU overload!

[ perf record: Captured and wrote 10454.318 MB /leonardo_scratch/large/userexternal/ctica000/perf/with_IO/DCGP/800proc/perf_21271733/perf.data.rank525 (1297458 samples) ]
[ perf record: Captured and wrote 10415.942 MB /leonardo_scratch/large/userexternal/ctica000/perf/with_IO/DCGP/800proc/perf_21271733/perf.data.rank183 (1292694 samples) ]
Warning:
Processed 1348509 events and lost 4 chunks!

Check IO/CPU overload!

[ perf record: Captured and wrote 10468.462 MB /leonardo_scratch/large/userexternal/ctica000/perf/with_IO/DCGP/800proc/perf_21271733/perf.data.rank338 (1299213 samples) ]
Warning:
Processed 1350348 events and lost 2 chunks!

Check IO/CPU overload!

[ perf record: Captured and wrote 10483.053 MB /leonardo_scratch/large/userexternal/ctica000/perf/with_IO/DCGP/800proc/perf_21271733/perf.data.rank696 (1301025 samples) ]
Warning:
Processed 1347975 events and lost 3 chunks!

Check IO/CPU overload!

Warning:
Processed 1346693 events and lost 4 chunks!

Check IO/CPU overload!

[ perf record: Captured and wrote 10464.313 MB /leonardo_scratch/large/userexternal/ctica000/perf/with_IO/DCGP/800proc/perf_21271733/perf.data.rank467 (1298699 samples) ]
[ perf record: Captured and wrote 10453.697 MB /leonardo_scratch/large/userexternal/ctica000/perf/with_IO/DCGP/800proc/perf_21271733/perf.data.rank566 (1297380 samples) ]
Warning:
Processed 1346379 events and lost 8 chunks!

Check IO/CPU overload!

[ perf record: Captured and wrote 10451.159 MB /leonardo_scratch/large/userexternal/ctica000/perf/with_IO/DCGP/800proc/perf_21271733/perf.data.rank562 (1297065 samples) ]
Warning:
Processed 1347428 events and lost 4 chunks!

Check IO/CPU overload!

[ perf record: Captured and wrote 10459.746 MB /leonardo_scratch/large/userexternal/ctica000/perf/with_IO/DCGP/800proc/perf_21271733/perf.data.rank530 (1298131 samples) ]
Warning:
Processed 1346467 events and lost 2 chunks!

Check IO/CPU overload!

[ perf record: Captured and wrote 10458.362 MB /leonardo_scratch/large/userexternal/ctica000/perf/with_IO/DCGP/800proc/perf_21271733/perf.data.rank798 (1297969 samples) ]
Warning:
Processed 1341576 events and lost 6 chunks!

Check IO/CPU overload!

[ perf record: Captured and wrote 10413.648 MB /leonardo_scratch/large/userexternal/ctica000/perf/with_IO/DCGP/800proc/perf_21271733/perf.data.rank213 (1292409 samples) ]
Warning:
Processed 1345198 events and lost 3 chunks!

Check IO/CPU overload!

Warning:
Processed 1347989 events and lost 5 chunks!

Check IO/CPU overload!

[ perf record: Captured and wrote 10443.868 MB /leonardo_scratch/large/userexternal/ctica000/perf/with_IO/DCGP/800proc/perf_21271733/perf.data.rank498 (1296163 samples) ]
[ perf record: Captured and wrote 10463.499 MB /leonardo_scratch/large/userexternal/ctica000/perf/with_IO/DCGP/800proc/perf_21271733/perf.data.rank737 (1298596 samples) ]
Warning:
Processed 1350811 events and lost 5 chunks!

Check IO/CPU overload!

Warning:
Processed 1351532 events and lost 3 chunks!

Check IO/CPU overload!

[ perf record: Captured and wrote 10485.840 MB /leonardo_scratch/large/userexternal/ctica000/perf/with_IO/DCGP/800proc/perf_21271733/perf.data.rank770 (1301369 samples) ]
[ perf record: Captured and wrote 10492.376 MB /leonardo_scratch/large/userexternal/ctica000/perf/with_IO/DCGP/800proc/perf_21271733/perf.data.rank312 (1302182 samples) ]
Warning:
Processed 1345527 events and lost 2 chunks!

Check IO/CPU overload!

[ perf record: Captured and wrote 10444.462 MB /leonardo_scratch/large/userexternal/ctica000/perf/with_IO/DCGP/800proc/perf_21271733/perf.data.rank401 (1296234 samples) ]
Warning:
Processed 1342741 events and lost 5 chunks!

Check IO/CPU overload!

[ perf record: Captured and wrote 10423.755 MB /leonardo_scratch/large/userexternal/ctica000/perf/with_IO/DCGP/800proc/perf_21271733/perf.data.rank437 (1293665 samples) ]
Warning:
Processed 1348380 events and lost 7 chunks!

Check IO/CPU overload!

[ perf record: Captured and wrote 10467.334 MB /leonardo_scratch/large/userexternal/ctica000/perf/with_IO/DCGP/800proc/perf_21271733/perf.data.rank742 (1299073 samples) ]
Warning:
Processed 1338187 events and lost 6 chunks!

Check IO/CPU overload!

[ perf record: Captured and wrote 10385.555 MB /leonardo_scratch/large/userexternal/ctica000/perf/with_IO/DCGP/800proc/perf_21271733/perf.data.rank40 (1288919 samples) ]
Warning:
Processed 1346779 events and lost 2 chunks!

Check IO/CPU overload!

Warning:
Processed 1344332 events and lost 6 chunks!

Check IO/CPU overload!

Warning:
Processed 1346402 events and lost 2 chunks!

Check IO/CPU overload!

Warning:
Processed 1341570 events and lost 2 chunks!

Check IO/CPU overload!

[ perf record: Captured and wrote 10454.776 MB /leonardo_scratch/large/userexternal/ctica000/perf/with_IO/DCGP/800proc/perf_21271733/perf.data.rank632 (1297514 samples) ]
Warning:
Processed 1347403 events and lost 4 chunks!

Check IO/CPU overload!

[ perf record: Captured and wrote 10436.220 MB /leonardo_scratch/large/userexternal/ctica000/perf/with_IO/DCGP/800proc/perf_21271733/perf.data.rank465 (1295212 samples) ]
[ perf record: Captured and wrote 10451.337 MB /leonardo_scratch/large/userexternal/ctica000/perf/with_IO/DCGP/800proc/perf_21271733/perf.data.rank645 (1297087 samples) ]
[ perf record: Captured and wrote 10411.862 MB /leonardo_scratch/large/userexternal/ctica000/perf/with_IO/DCGP/800proc/perf_21271733/perf.data.rank55 (1292184 samples) ]
[ perf record: Captured and wrote 10459.645 MB /leonardo_scratch/large/userexternal/ctica000/perf/with_IO/DCGP/800proc/perf_21271733/perf.data.rank204 (1298119 samples) ]
Warning:
Processed 1344780 events and lost 4 chunks!

Check IO/CPU overload!

[ perf record: Captured and wrote 10441.230 MB /leonardo_scratch/large/userexternal/ctica000/perf/with_IO/DCGP/800proc/perf_21271733/perf.data.rank699 (1295836 samples) ]
Warning:
Processed 1343037 events and lost 9 chunks!

Check IO/CPU overload!

Warning:
Processed 1354767 events and lost 3 chunks!

Check IO/CPU overload!

[ perf record: Captured and wrote 10426.549 MB /leonardo_scratch/large/userexternal/ctica000/perf/with_IO/DCGP/800proc/perf_21271733/perf.data.rank321 (1294012 samples) ]
[ perf record: Captured and wrote 10517.542 MB /leonardo_scratch/large/userexternal/ctica000/perf/with_IO/DCGP/800proc/perf_21271733/perf.data.rank608 (1305306 samples) ]
Warning:
Processed 1350716 events and lost 3 chunks!

Check IO/CPU overload!

[ perf record: Captured and wrote 10485.884 MB /leonardo_scratch/large/userexternal/ctica000/perf/with_IO/DCGP/800proc/perf_21271733/perf.data.rank319 (1301376 samples) ]
Warning:
Processed 1347729 events and lost 5 chunks!

Check IO/CPU overload!

Warning:
Processed 1341784 events and lost 6 chunks!

Check IO/CPU overload!

[ perf record: Captured and wrote 10461.987 MB /leonardo_scratch/large/userexternal/ctica000/perf/with_IO/DCGP/800proc/perf_21271733/perf.data.rank356 (1298409 samples) ]
Warning:
Processed 1347799 events and lost 6 chunks!

Check IO/CPU overload!

[ perf record: Captured and wrote 10416.390 MB /leonardo_scratch/large/userexternal/ctica000/perf/with_IO/DCGP/800proc/perf_21271733/perf.data.rank595 (1292751 samples) ]
Warning:
Processed 1336095 events and lost 2 chunks!

Check IO/CPU overload!

[ perf record: Captured and wrote 10462.823 MB /leonardo_scratch/large/userexternal/ctica000/perf/with_IO/DCGP/800proc/perf_21271733/perf.data.rank630 (1298513 samples) ]
Warning:
Processed 1356222 events and lost 3 chunks!

Check IO/CPU overload!

[ perf record: Captured and wrote 10370.941 MB /leonardo_scratch/large/userexternal/ctica000/perf/with_IO/DCGP/800proc/perf_21271733/perf.data.rank94 (1287108 samples) ]
Warning:
Processed 1343782 events and lost 5 chunks!

Check IO/CPU overload!

Warning:
Processed 1348896 events and lost 1 chunks!

Check IO/CPU overload!

[ perf record: Captured and wrote 10529.193 MB /leonardo_scratch/large/userexternal/ctica000/perf/with_IO/DCGP/800proc/perf_21271733/perf.data.rank704 (1306752 samples) ]
Warning:
Processed 1350485 events and lost 3 chunks!

Check IO/CPU overload!

[ perf record: Captured and wrote 10431.555 MB /leonardo_scratch/large/userexternal/ctica000/perf/with_IO/DCGP/800proc/perf_21271733/perf.data.rank469 (1294633 samples) ]
[ perf record: Captured and wrote 10471.362 MB /leonardo_scratch/large/userexternal/ctica000/perf/with_IO/DCGP/800proc/perf_21271733/perf.data.rank729 (1299573 samples) ]
Warning:
Processed 1344585 events and lost 4 chunks!

Check IO/CPU overload!

[ perf record: Captured and wrote 10483.920 MB /leonardo_scratch/large/userexternal/ctica000/perf/with_IO/DCGP/800proc/perf_21271733/perf.data.rank760 (1301132 samples) ]
Warning:
Processed 1344567 events and lost 4 chunks!

Check IO/CPU overload!

[ perf record: Captured and wrote 10438.025 MB /leonardo_scratch/large/userexternal/ctica000/perf/with_IO/DCGP/800proc/perf_21271733/perf.data.rank417 (1295436 samples) ]
[ perf record: Captured and wrote 10438.387 MB /leonardo_scratch/large/userexternal/ctica000/perf/with_IO/DCGP/800proc/perf_21271733/perf.data.rank582 (1295481 samples) ]
Warning:
Processed 1347644 events and lost 1 chunks!

Check IO/CPU overload!

[ perf record: Captured and wrote 10462.571 MB /leonardo_scratch/large/userexternal/ctica000/perf/with_IO/DCGP/800proc/perf_21271733/perf.data.rank491 (1298484 samples) ]
Warning:
Processed 1342426 events and lost 4 chunks!

Check IO/CPU overload!

[ perf record: Captured and wrote 10419.963 MB /leonardo_scratch/large/userexternal/ctica000/perf/with_IO/DCGP/800proc/perf_21271733/perf.data.rank37 (1293192 samples) ]
Warning:
Processed 1354111 events and lost 2 chunks!

Check IO/CPU overload!

[ perf record: Captured and wrote 10513.030 MB /leonardo_scratch/large/userexternal/ctica000/perf/with_IO/DCGP/800proc/perf_21271733/perf.data.rank679 (1304746 samples) ]
Warning:
Processed 1345488 events and lost 1 chunks!

Check IO/CPU overload!

Warning:
Processed 1350067 events and lost 4 chunks!

Check IO/CPU overload!

[ perf record: Captured and wrote 10445.944 MB /leonardo_scratch/large/userexternal/ctica000/perf/with_IO/DCGP/800proc/perf_21271733/perf.data.rank474 (1296420 samples) ]
Warning:
Processed 1354051 events and lost 4 chunks!

Check IO/CPU overload!

Warning:
Processed 1343095 events and lost 4 chunks!

Check IO/CPU overload!

[ perf record: Captured and wrote 10478.919 MB /leonardo_scratch/large/userexternal/ctica000/perf/with_IO/DCGP/800proc/perf_21271733/perf.data.rank427 (1300509 samples) ]
[ perf record: Captured and wrote 10511.464 MB /leonardo_scratch/large/userexternal/ctica000/perf/with_IO/DCGP/800proc/perf_21271733/perf.data.rank736 (1304550 samples) ]
[ perf record: Captured and wrote 10426.235 MB /leonardo_scratch/large/userexternal/ctica000/perf/with_IO/DCGP/800proc/perf_21271733/perf.data.rank104 (1293972 samples) ]
Warning:
Processed 1351868 events and lost 3 chunks!

Check IO/CPU overload!

Warning:
Processed 1348964 events and lost 5 chunks!

Check IO/CPU overload!

Warning:
Processed 1341663 events and lost 2 chunks!

Check IO/CPU overload!

[ perf record: Captured and wrote 10494.183 MB /leonardo_scratch/large/userexternal/ctica000/perf/with_IO/DCGP/800proc/perf_21271733/perf.data.rank628 (1302405 samples) ]
[ perf record: Captured and wrote 10472.230 MB /leonardo_scratch/large/userexternal/ctica000/perf/with_IO/DCGP/800proc/perf_21271733/perf.data.rank634 (1299681 samples) ]
[ perf record: Captured and wrote 10415.056 MB /leonardo_scratch/large/userexternal/ctica000/perf/with_IO/DCGP/800proc/perf_21271733/perf.data.rank284 (1292585 samples) ]
Warning:
Processed 1345909 events and lost 4 chunks!

Check IO/CPU overload!

[ perf record: Captured and wrote 10447.799 MB /leonardo_scratch/large/userexternal/ctica000/perf/with_IO/DCGP/800proc/perf_21271733/perf.data.rank452 (1296648 samples) ]
Warning:
Processed 1351291 events and lost 4 chunks!

Check IO/CPU overload!

[ perf record: Captured and wrote 10489.857 MB /leonardo_scratch/large/userexternal/ctica000/perf/with_IO/DCGP/800proc/perf_21271733/perf.data.rank768 (1301868 samples) ]
Warning:
Processed 1348658 events and lost 3 chunks!

Check IO/CPU overload!

[ perf record: Captured and wrote 10469.961 MB /leonardo_scratch/large/userexternal/ctica000/perf/with_IO/DCGP/800proc/perf_21271733/perf.data.rank305 (1299400 samples) ]
Warning:
Processed 1349149 events and lost 7 chunks!

Check IO/CPU overload!

[ perf record: Captured and wrote 10473.340 MB /leonardo_scratch/large/userexternal/ctica000/perf/with_IO/DCGP/800proc/perf_21271733/perf.data.rank663 (1299818 samples) ]
Warning:
Processed 1337409 events and lost 4 chunks!

Check IO/CPU overload!

[ perf record: Captured and wrote 10378.858 MB /leonardo_scratch/large/userexternal/ctica000/perf/with_IO/DCGP/800proc/perf_21271733/perf.data.rank47 (1288087 samples) ]
Warning:
Processed 1334556 events and lost 5 chunks!

Check IO/CPU overload!

[ perf record: Captured and wrote 10357.073 MB /leonardo_scratch/large/userexternal/ctica000/perf/with_IO/DCGP/800proc/perf_21271733/perf.data.rank59 (1285384 samples) ]
Warning:
Processed 1349798 events and lost 4 chunks!

Check IO/CPU overload!

[ perf record: Captured and wrote 10478.881 MB /leonardo_scratch/large/userexternal/ctica000/perf/with_IO/DCGP/800proc/perf_21271733/perf.data.rank403 (1300507 samples) ]
Warning:
Processed 1343957 events and lost 3 chunks!

Check IO/CPU overload!

Warning:
Processed 1351076 events and lost 3 chunks!

Check IO/CPU overload!

[ perf record: Captured and wrote 10433.100 MB /leonardo_scratch/large/userexternal/ctica000/perf/with_IO/DCGP/800proc/perf_21271733/perf.data.rank106 (1294824 samples) ]
Warning:
Processed 1350819 events and lost 5 chunks!

Check IO/CPU overload!

[ perf record: Captured and wrote 10489.078 MB /leonardo_scratch/large/userexternal/ctica000/perf/with_IO/DCGP/800proc/perf_21271733/perf.data.rank313 (1301773 samples) ]
Warning:
Processed 1339669 events and lost 4 chunks!

Check IO/CPU overload!

[ perf record: Captured and wrote 10485.044 MB /leonardo_scratch/large/userexternal/ctica000/perf/with_IO/DCGP/800proc/perf_21271733/perf.data.rank271 (1301269 samples) ]
[ perf record: Captured and wrote 10397.652 MB /leonardo_scratch/large/userexternal/ctica000/perf/with_IO/DCGP/800proc/perf_21271733/perf.data.rank141 (1290422 samples) ]
Warning:
Processed 1334361 events and lost 4 chunks!

Check IO/CPU overload!

[ perf record: Captured and wrote 10356.323 MB /leonardo_scratch/large/userexternal/ctica000/perf/with_IO/DCGP/800proc/perf_21271733/perf.data.rank98 (1285293 samples) ]
Warning:
Processed 1348313 events and lost 4 chunks!

Check IO/CPU overload!

Warning:
Processed 1352175 events and lost 3 chunks!

Check IO/CPU overload!

[ perf record: Captured and wrote 10466.270 MB /leonardo_scratch/large/userexternal/ctica000/perf/with_IO/DCGP/800proc/perf_21271733/perf.data.rank730 (1298940 samples) ]
Warning:
Processed 1337859 events and lost 2 chunks!

Check IO/CPU overload!

[ perf record: Captured and wrote 10460.513 MB /leonardo_scratch/large/userexternal/ctica000/perf/with_IO/DCGP/800proc/perf_21271733/perf.data.rank230 (1298224 samples) ]
[ perf record: Captured and wrote 10497.365 MB /leonardo_scratch/large/userexternal/ctica000/perf/with_IO/DCGP/800proc/perf_21271733/perf.data.rank293 (1302801 samples) ]
[ perf record: Captured and wrote 10382.722 MB /leonardo_scratch/large/userexternal/ctica000/perf/with_IO/DCGP/800proc/perf_21271733/perf.data.rank44 (1288567 samples) ]
Warning:
Processed 1338719 events and lost 4 chunks!

Check IO/CPU overload!

[ perf record: Captured and wrote 10389.701 MB /leonardo_scratch/large/userexternal/ctica000/perf/with_IO/DCGP/800proc/perf_21271733/perf.data.rank57 (1289434 samples) ]
Warning:
Processed 1336496 events and lost 2 chunks!

Check IO/CPU overload!

[ perf record: Captured and wrote 10372.113 MB /leonardo_scratch/large/userexternal/ctica000/perf/with_IO/DCGP/800proc/perf_21271733/perf.data.rank46 (1287250 samples) ]
Warning:
Processed 1349156 events and lost 2 chunks!

Check IO/CPU overload!

[ perf record: Captured and wrote 10480.041 MB /leonardo_scratch/large/userexternal/ctica000/perf/with_IO/DCGP/800proc/perf_21271733/perf.data.rank775 (1300661 samples) ]
Warning:
Processed 1352961 events and lost 3 chunks!

Check IO/CPU overload!

[ perf record: Captured and wrote 10502.358 MB /leonardo_scratch/large/userexternal/ctica000/perf/with_IO/DCGP/800proc/perf_21271733/perf.data.rank614 (1303419 samples) ]
Warning:
Processed 1348736 events and lost 3 chunks!

Check IO/CPU overload!

Warning:
Processed 1347136 events and lost 4 chunks!

Check IO/CPU overload!

Warning:
Processed 1346409 events and lost 5 chunks!

Check IO/CPU overload!

[ perf record: Captured and wrote 10469.892 MB /leonardo_scratch/large/userexternal/ctica000/perf/with_IO/DCGP/800proc/perf_21271733/perf.data.rank342 (1299390 samples) ]
Warning:
Processed 1347479 events and lost 9 chunks!

Check IO/CPU overload!

[ perf record: Captured and wrote 10457.586 MB /leonardo_scratch/large/userexternal/ctica000/perf/with_IO/DCGP/800proc/perf_21271733/perf.data.rank771 (1297863 samples) ]
[ perf record: Captured and wrote 10451.683 MB /leonardo_scratch/large/userexternal/ctica000/perf/with_IO/DCGP/800proc/perf_21271733/perf.data.rank754 (1297130 samples) ]
[ perf record: Captured and wrote 10459.135 MB /leonardo_scratch/large/userexternal/ctica000/perf/with_IO/DCGP/800proc/perf_21271733/perf.data.rank741 (1298054 samples) ]
Warning:
Processed 1341179 events and lost 4 chunks!

Check IO/CPU overload!

[ perf record: Captured and wrote 10409.674 MB /leonardo_scratch/large/userexternal/ctica000/perf/with_IO/DCGP/800proc/perf_21271733/perf.data.rank19 (1291914 samples) ]
Warning:
Processed 1351644 events and lost 4 chunks!

Check IO/CPU overload!

[ perf record: Captured and wrote 10493.759 MB /leonardo_scratch/large/userexternal/ctica000/perf/with_IO/DCGP/800proc/perf_21271733/perf.data.rank324 (1302354 samples) ]
Warning:
Processed 1339995 events and lost 4 chunks!

Check IO/CPU overload!

Warning:
Processed 1340165 events and lost 3 chunks!

Check IO/CPU overload!

[ perf record: Captured and wrote 10399.230 MB /leonardo_scratch/large/userexternal/ctica000/perf/with_IO/DCGP/800proc/perf_21271733/perf.data.rank72 (1290616 samples) ]
Warning:
Processed 1345761 events and lost 8 chunks!

Check IO/CPU overload!

Warning:
Processed 1347740 events and lost 3 chunks!

Check IO/CPU overload!

[ perf record: Captured and wrote 10401.477 MB /leonardo_scratch/large/userexternal/ctica000/perf/with_IO/DCGP/800proc/perf_21271733/perf.data.rank60 (1290896 samples) ]
[ perf record: Captured and wrote 10462.227 MB /leonardo_scratch/large/userexternal/ctica000/perf/with_IO/DCGP/800proc/perf_21271733/perf.data.rank359 (1298439 samples) ]
[ perf record: Captured and wrote 10445.405 MB /leonardo_scratch/large/userexternal/ctica000/perf/with_IO/DCGP/800proc/perf_21271733/perf.data.rank267 (1296349 samples) ]
Warning:
Processed 1341196 events and lost 2 chunks!

Check IO/CPU overload!

Warning:
Processed 1343551 events and lost 9 chunks!

Check IO/CPU overload!

[ perf record: Captured and wrote 10409.643 MB /leonardo_scratch/large/userexternal/ctica000/perf/with_IO/DCGP/800proc/perf_21271733/perf.data.rank239 (1291910 samples) ]
[ perf record: Captured and wrote 10430.120 MB /leonardo_scratch/large/userexternal/ctica000/perf/with_IO/DCGP/800proc/perf_21271733/perf.data.rank24 (1294455 samples) ]
Warning:
Processed 1341782 events and lost 3 chunks!

Check IO/CPU overload!

Warning:
Processed 1340183 events and lost 4 chunks!

Check IO/CPU overload!

[ perf record: Captured and wrote 10401.014 MB /leonardo_scratch/large/userexternal/ctica000/perf/with_IO/DCGP/800proc/perf_21271733/perf.data.rank61 (1290838 samples) ]
[ perf record: Captured and wrote 10415.776 MB /leonardo_scratch/large/userexternal/ctica000/perf/with_IO/DCGP/800proc/perf_21271733/perf.data.rank289 (1292674 samples) ]
Warning:
Processed 1347370 events and lost 5 chunks!

Check IO/CPU overload!

[ perf record: Captured and wrote 10460.280 MB /leonardo_scratch/large/userexternal/ctica000/perf/with_IO/DCGP/800proc/perf_21271733/perf.data.rank421 (1298199 samples) ]
Warning:
Processed 1352093 events and lost 6 chunks!

Check IO/CPU overload!

[ perf record: Captured and wrote 10497.227 MB /leonardo_scratch/large/userexternal/ctica000/perf/with_IO/DCGP/800proc/perf_21271733/perf.data.rank383 (1302785 samples) ]
Warning:
Processed 1346105 events and lost 4 chunks!

Check IO/CPU overload!

[ perf record: Captured and wrote 10450.513 MB /leonardo_scratch/large/userexternal/ctica000/perf/with_IO/DCGP/800proc/perf_21271733/perf.data.rank390 (1296987 samples) ]
Warning:
Processed 1350816 events and lost 1 chunks!

Check IO/CPU overload!

Warning:
Processed 1343313 events and lost 2 chunks!

Check IO/CPU overload!

[ perf record: Captured and wrote 10485.812 MB /leonardo_scratch/large/userexternal/ctica000/perf/with_IO/DCGP/800proc/perf_21271733/perf.data.rank556 (1301366 samples) ]
[ perf record: Captured and wrote 10427.592 MB /leonardo_scratch/large/userexternal/ctica000/perf/with_IO/DCGP/800proc/perf_21271733/perf.data.rank249 (1294140 samples) ]
Warning:
Processed 1352296 events and lost 6 chunks!

Check IO/CPU overload!

[ perf record: Captured and wrote 10498.737 MB /leonardo_scratch/large/userexternal/ctica000/perf/with_IO/DCGP/800proc/perf_21271733/perf.data.rank674 (1302973 samples) ]
Warning:
Processed 1350394 events and lost 4 chunks!

Check IO/CPU overload!

[ perf record: Captured and wrote 10483.202 MB /leonardo_scratch/large/userexternal/ctica000/perf/with_IO/DCGP/800proc/perf_21271733/perf.data.rank765 (1301043 samples) ]
Warning:
Processed 1351766 events and lost 6 chunks!

Check IO/CPU overload!

Warning:
Processed 1347302 events and lost 1 chunks!

Check IO/CPU overload!

[ perf record: Captured and wrote 10493.516 MB /leonardo_scratch/large/userexternal/ctica000/perf/with_IO/DCGP/800proc/perf_21271733/perf.data.rank577 (1302323 samples) ]
[ perf record: Captured and wrote 10459.026 MB /leonardo_scratch/large/userexternal/ctica000/perf/with_IO/DCGP/800proc/perf_21271733/perf.data.rank408 (1298042 samples) ]
[ perf record: Captured and wrote 10407.964 MB /leonardo_scratch/large/userexternal/ctica000/perf/with_IO/DCGP/800proc/perf_21271733/perf.data.rank8 (1291702 samples) ]
Warning:
Processed 1344978 events and lost 6 chunks!

Check IO/CPU overload!

[ perf record: Captured and wrote 10440.822 MB /leonardo_scratch/large/userexternal/ctica000/perf/with_IO/DCGP/800proc/perf_21271733/perf.data.rank276 (1295783 samples) ]
Warning:
Processed 1346078 events and lost 7 chunks!

Check IO/CPU overload!

[ perf record: Captured and wrote 10447.937 MB /leonardo_scratch/large/userexternal/ctica000/perf/with_IO/DCGP/800proc/perf_21271733/perf.data.rank234 (1296663 samples) ]
Warning:
Processed 1344506 events and lost 5 chunks!

Check IO/CPU overload!

[ perf record: Captured and wrote 10437.249 MB /leonardo_scratch/large/userexternal/ctica000/perf/with_IO/DCGP/800proc/perf_21271733/perf.data.rank207 (1295339 samples) ]
Warning:
Processed 1349160 events and lost 3 chunks!

Check IO/CPU overload!

[ perf record: Captured and wrote 10474.464 MB /leonardo_scratch/large/userexternal/ctica000/perf/with_IO/DCGP/800proc/perf_21271733/perf.data.rank481 (1299960 samples) ]
Warning:
Processed 1350652 events and lost 4 chunks!

Check IO/CPU overload!

Warning:
Processed 1346136 events and lost 5 chunks!

Check IO/CPU overload!

[ perf record: Captured and wrote 10483.424 MB /leonardo_scratch/large/userexternal/ctica000/perf/with_IO/DCGP/800proc/perf_21271733/perf.data.rank261 (1301068 samples) ]
[ perf record: Captured and wrote 10449.769 MB /leonardo_scratch/large/userexternal/ctica000/perf/with_IO/DCGP/800proc/perf_21271733/perf.data.rank626 (1296893 samples) ]
Warning:
Processed 1337908 events and lost 4 chunks!

Check IO/CPU overload!

[ perf record: Captured and wrote 10383.449 MB /leonardo_scratch/large/userexternal/ctica000/perf/with_IO/DCGP/800proc/perf_21271733/perf.data.rank58 (1288658 samples) ]
Warning:
Processed 1345572 events and lost 2 chunks!

Check IO/CPU overload!

[ perf record: Captured and wrote 10444.798 MB /leonardo_scratch/large/userexternal/ctica000/perf/with_IO/DCGP/800proc/perf_21271733/perf.data.rank224 (1296275 samples) ]
Warning:
Processed 1343592 events and lost 3 chunks!

Check IO/CPU overload!

[ perf record: Captured and wrote 10429.026 MB /leonardo_scratch/large/userexternal/ctica000/perf/with_IO/DCGP/800proc/perf_21271733/perf.data.rank202 (1294317 samples) ]
Warning:
Processed 1341672 events and lost 3 chunks!

Check IO/CPU overload!

[ perf record: Captured and wrote 10413.429 MB /leonardo_scratch/large/userexternal/ctica000/perf/with_IO/DCGP/800proc/perf_21271733/perf.data.rank243 (1292380 samples) ]
Warning:
Processed 1351873 events and lost 2 chunks!

Check IO/CPU overload!

[ perf record: Captured and wrote 10495.152 MB /leonardo_scratch/large/userexternal/ctica000/perf/with_IO/DCGP/800proc/perf_21271733/perf.data.rank604 (1302527 samples) ]
Warning:
Processed 1346037 events and lost 5 chunks!

Check IO/CPU overload!

[ perf record: Captured and wrote 10449.194 MB /leonardo_scratch/large/userexternal/ctica000/perf/with_IO/DCGP/800proc/perf_21271733/perf.data.rank288 (1296822 samples) ]
Warning:
Processed 1345865 events and lost 7 chunks!

Check IO/CPU overload!

[ perf record: Captured and wrote 10445.964 MB /leonardo_scratch/large/userexternal/ctica000/perf/with_IO/DCGP/800proc/perf_21271733/perf.data.rank165 (1296418 samples) ]
Warning:
Processed 1346162 events and lost 7 chunks!

Check IO/CPU overload!

Warning:
Processed 1338842 events and lost 3 chunks!

Check IO/CPU overload!

[ perf record: Captured and wrote 10449.706 MB /leonardo_scratch/large/userexternal/ctica000/perf/with_IO/DCGP/800proc/perf_21271733/perf.data.rank763 (1296885 samples) ]
[ perf record: Captured and wrote 10390.630 MB /leonardo_scratch/large/userexternal/ctica000/perf/with_IO/DCGP/800proc/perf_21271733/perf.data.rank51 (1289549 samples) ]
Warning:
Processed 1339369 events and lost 3 chunks!

Check IO/CPU overload!

[ perf record: Captured and wrote 10395.505 MB /leonardo_scratch/large/userexternal/ctica000/perf/with_IO/DCGP/800proc/perf_21271733/perf.data.rank26 (1290155 samples) ]
Warning:
Processed 1348061 events and lost 5 chunks!

Check IO/CPU overload!

[ perf record: Captured and wrote 10465.744 MB /leonardo_scratch/large/userexternal/ctica000/perf/with_IO/DCGP/800proc/perf_21271733/perf.data.rank398 (1298877 samples) ]
Warning:
Processed 1337359 events and lost 13 chunks!

Check IO/CPU overload!

[ perf record: Captured and wrote 10379.957 MB /leonardo_scratch/large/userexternal/ctica000/perf/with_IO/DCGP/800proc/perf_21271733/perf.data.rank14 (1288226 samples) ]
Warning:
Processed 1349339 events and lost 3 chunks!

Check IO/CPU overload!

[ perf record: Captured and wrote 10475.599 MB /leonardo_scratch/large/userexternal/ctica000/perf/with_IO/DCGP/800proc/perf_21271733/perf.data.rank384 (1300100 samples) ]
Warning:
Processed 1341390 events and lost 2 chunks!

Check IO/CPU overload!

[ perf record: Captured and wrote 10412.868 MB /leonardo_scratch/large/userexternal/ctica000/perf/with_IO/DCGP/800proc/perf_21271733/perf.data.rank325 (1292313 samples) ]
Warning:
Processed 1346507 events and lost 7 chunks!

Check IO/CPU overload!

[ perf record: Captured and wrote 10453.546 MB /leonardo_scratch/large/userexternal/ctica000/perf/with_IO/DCGP/800proc/perf_21271733/perf.data.rank695 (1297363 samples) ]
Warning:
Processed 1346525 events and lost 7 chunks!

Check IO/CPU overload!

[ perf record: Captured and wrote 10451.937 MB /leonardo_scratch/large/userexternal/ctica000/perf/with_IO/DCGP/800proc/perf_21271733/perf.data.rank225 (1297161 samples) ]
Warning:
Processed 1351142 events and lost 2 chunks!

Check IO/CPU overload!

[ perf record: Captured and wrote 10489.490 MB /leonardo_scratch/large/userexternal/ctica000/perf/with_IO/DCGP/800proc/perf_21271733/perf.data.rank410 (1301824 samples) ]
Warning:
Processed 1345518 events and lost 3 chunks!

Check IO/CPU overload!

[ perf record: Captured and wrote 10445.002 MB /leonardo_scratch/large/userexternal/ctica000/perf/with_IO/DCGP/800proc/perf_21271733/perf.data.rank598 (1296302 samples) ]
Warning:
Processed 1344283 events and lost 5 chunks!

Check IO/CPU overload!

[ perf record: Captured and wrote 10433.777 MB /leonardo_scratch/large/userexternal/ctica000/perf/with_IO/DCGP/800proc/perf_21271733/perf.data.rank254 (1294906 samples) ]
Warning:
Processed 1345091 events and lost 5 chunks!

Check IO/CPU overload!

[ perf record: Captured and wrote 10441.412 MB /leonardo_scratch/large/userexternal/ctica000/perf/with_IO/DCGP/800proc/perf_21271733/perf.data.rank538 (1295855 samples) ]
Warning:
Processed 1345983 events and lost 4 chunks!

Check IO/CPU overload!

[ perf record: Captured and wrote 10449.046 MB /leonardo_scratch/large/userexternal/ctica000/perf/with_IO/DCGP/800proc/perf_21271733/perf.data.rank521 (1296804 samples) ]
Warning:
Processed 1348908 events and lost 2 chunks!

Check IO/CPU overload!

[ perf record: Captured and wrote 10477.097 MB /leonardo_scratch/large/userexternal/ctica000/perf/with_IO/DCGP/800proc/perf_21271733/perf.data.rank795 (1300294 samples) ]
Warning:
Processed 1351661 events and lost 2 chunks!

Check IO/CPU overload!

[ perf record: Captured and wrote 10492.796 MB /leonardo_scratch/large/userexternal/ctica000/perf/with_IO/DCGP/800proc/perf_21271733/perf.data.rank733 (1302233 samples) ]
Warning:
Processed 1350615 events and lost 5 chunks!

Check IO/CPU overload!

[ perf record: Captured and wrote 10485.705 MB /leonardo_scratch/large/userexternal/ctica000/perf/with_IO/DCGP/800proc/perf_21271733/perf.data.rank449 (1301355 samples) ]
Warning:
Processed 1345793 events and lost 2 chunks!

Check IO/CPU overload!

[ perf record: Captured and wrote 10447.765 MB /leonardo_scratch/large/userexternal/ctica000/perf/with_IO/DCGP/800proc/perf_21271733/perf.data.rank416 (1296645 samples) ]
Warning:
Processed 1354668 events and lost 2 chunks!

Check IO/CPU overload!

[ perf record: Captured and wrote 10515.642 MB /leonardo_scratch/large/userexternal/ctica000/perf/with_IO/DCGP/800proc/perf_21271733/perf.data.rank570 (1305068 samples) ]
Warning:
Processed 1346283 events and lost 4 chunks!

Check IO/CPU overload!

[ perf record: Captured and wrote 10451.442 MB /leonardo_scratch/large/userexternal/ctica000/perf/with_IO/DCGP/800proc/perf_21271733/perf.data.rank117 (1297101 samples) ]
Warning:
Processed 1342754 events and lost 3 chunks!

Check IO/CPU overload!

[ perf record: Captured and wrote 10423.506 MB /leonardo_scratch/large/userexternal/ctica000/perf/with_IO/DCGP/800proc/perf_21271733/perf.data.rank343 (1293633 samples) ]
Warning:
Processed 1343631 events and lost 1 chunks!

Check IO/CPU overload!

[ perf record: Captured and wrote 10430.670 MB /leonardo_scratch/large/userexternal/ctica000/perf/with_IO/DCGP/800proc/perf_21271733/perf.data.rank307 (1294523 samples) ]
Warning:
Processed 1352796 events and lost 4 chunks!

Check IO/CPU overload!

[ perf record: Captured and wrote 10501.435 MB /leonardo_scratch/large/userexternal/ctica000/perf/with_IO/DCGP/800proc/perf_21271733/perf.data.rank548 (1303305 samples) ]
Warning:
Processed 1349949 events and lost 4 chunks!

Check IO/CPU overload!

Warning:
Processed 1348979 events and lost 2 chunks!

Check IO/CPU overload!

[ perf record: Captured and wrote 10479.414 MB /leonardo_scratch/large/userexternal/ctica000/perf/with_IO/DCGP/800proc/perf_21271733/perf.data.rank744 (1300572 samples) ]
[ perf record: Captured and wrote 10471.986 MB /leonardo_scratch/large/userexternal/ctica000/perf/with_IO/DCGP/800proc/perf_21271733/perf.data.rank108 (1299650 samples) ]
Warning:
Processed 1349632 events and lost 4 chunks!

Check IO/CPU overload!

Warning:
Processed 1346489 events and lost 5 chunks!

Check IO/CPU overload!

[ perf record: Captured and wrote 10475.877 MB /leonardo_scratch/large/userexternal/ctica000/perf/with_IO/DCGP/800proc/perf_21271733/perf.data.rank136 (1300131 samples) ]
[ perf record: Captured and wrote 10450.857 MB /leonardo_scratch/large/userexternal/ctica000/perf/with_IO/DCGP/800proc/perf_21271733/perf.data.rank720 (1297028 samples) ]
Warning:
Processed 1345139 events and lost 3 chunks!

Check IO/CPU overload!

Warning:
Processed 1349766 events and lost 5 chunks!

Check IO/CPU overload!

[ perf record: Captured and wrote 10443.250 MB /leonardo_scratch/large/userexternal/ctica000/perf/with_IO/DCGP/800proc/perf_21271733/perf.data.rank482 (1296086 samples) ]
[ perf record: Captured and wrote 10478.345 MB /leonardo_scratch/large/userexternal/ctica000/perf/with_IO/DCGP/800proc/perf_21271733/perf.data.rank762 (1300440 samples) ]
Warning:
Processed 1351481 events and lost 4 chunks!

Check IO/CPU overload!

Warning:
Processed 1345586 events and lost 9 chunks!

Check IO/CPU overload!

[ perf record: Captured and wrote 10492.135 MB /leonardo_scratch/large/userexternal/ctica000/perf/with_IO/DCGP/800proc/perf_21271733/perf.data.rank320 (1302152 samples) ]
[ perf record: Captured and wrote 10445.342 MB /leonardo_scratch/large/userexternal/ctica000/perf/with_IO/DCGP/800proc/perf_21271733/perf.data.rank371 (1296343 samples) ]
Warning:
Processed 1347733 events and lost 4 chunks!

Check IO/CPU overload!

[ perf record: Captured and wrote 10462.252 MB /leonardo_scratch/large/userexternal/ctica000/perf/with_IO/DCGP/800proc/perf_21271733/perf.data.rank579 (1298443 samples) ]
Warning:
Processed 1351443 events and lost 1 chunks!

Check IO/CPU overload!

Warning:
Processed 1349586 events and lost 4 chunks!

Check IO/CPU overload!

[ perf record: Captured and wrote 10490.486 MB /leonardo_scratch/large/userexternal/ctica000/perf/with_IO/DCGP/800proc/perf_21271733/perf.data.rank378 (1301946 samples) ]
[ perf record: Captured and wrote 10482.099 MB /leonardo_scratch/large/userexternal/ctica000/perf/with_IO/DCGP/800proc/perf_21271733/perf.data.rank779 (1300915 samples) ]
Warning:
Processed 1347412 events and lost 3 chunks!

Check IO/CPU overload!

[ perf record: Captured and wrote 10460.054 MB /leonardo_scratch/large/userexternal/ctica000/perf/with_IO/DCGP/800proc/perf_21271733/perf.data.rank448 (1298170 samples) ]
Warning:
Processed 1350914 events and lost 6 chunks!

Check IO/CPU overload!

Warning:
Processed 1346211 events and lost 5 chunks!

Check IO/CPU overload!

[ perf record: Captured and wrote 10487.201 MB /leonardo_scratch/large/userexternal/ctica000/perf/with_IO/DCGP/800proc/perf_21271733/perf.data.rank656 (1301539 samples) ]
[ perf record: Captured and wrote 10451.138 MB /leonardo_scratch/large/userexternal/ctica000/perf/with_IO/DCGP/800proc/perf_21271733/perf.data.rank418 (1297064 samples) ]
Warning:
Processed 1345679 events and lost 2 chunks!

Check IO/CPU overload!

[ perf record: Captured and wrote 10446.662 MB /leonardo_scratch/large/userexternal/ctica000/perf/with_IO/DCGP/800proc/perf_21271733/perf.data.rank496 (1296508 samples) ]
Warning:
Processed 1342359 events and lost 4 chunks!

Check IO/CPU overload!

[ perf record: Captured and wrote 10421.161 MB /leonardo_scratch/large/userexternal/ctica000/perf/with_IO/DCGP/800proc/perf_21271733/perf.data.rank316 (1293343 samples) ]
Warning:
Processed 1344229 events and lost 3 chunks!

Check IO/CPU overload!

[ perf record: Captured and wrote 10435.176 MB /leonardo_scratch/large/userexternal/ctica000/perf/with_IO/DCGP/800proc/perf_21271733/perf.data.rank758 (1295082 samples) ]
Warning:
Processed 1349429 events and lost 3 chunks!

Check IO/CPU overload!

[ perf record: Captured and wrote 10476.182 MB /leonardo_scratch/large/userexternal/ctica000/perf/with_IO/DCGP/800proc/perf_21271733/perf.data.rank431 (1300172 samples) ]
Warning:
Processed 1343771 events and lost 4 chunks!

Check IO/CPU overload!

Warning:
Processed 1348672 events and lost 4 chunks!

Check IO/CPU overload!

[ perf record: Captured and wrote 10431.215 MB /leonardo_scratch/large/userexternal/ctica000/perf/with_IO/DCGP/800proc/perf_21271733/perf.data.rank672 (1294590 samples) ]
Warning:
Processed 1348259 events and lost 5 chunks!

Check IO/CPU overload!

[ perf record: Captured and wrote 10469.439 MB /leonardo_scratch/large/userexternal/ctica000/perf/with_IO/DCGP/800proc/perf_21271733/perf.data.rank459 (1299334 samples) ]
[ perf record: Captured and wrote 10466.538 MB /leonardo_scratch/large/userexternal/ctica000/perf/with_IO/DCGP/800proc/perf_21271733/perf.data.rank472 (1298975 samples) ]
Warning:
Processed 1346623 events and lost 2 chunks!

Check IO/CPU overload!

[ perf record: Captured and wrote 10452.086 MB /leonardo_scratch/large/userexternal/ctica000/perf/with_IO/DCGP/800proc/perf_21271733/perf.data.rank166 (1297178 samples) ]
Warning:
Processed 1346175 events and lost 3 chunks!

Check IO/CPU overload!

[ perf record: Captured and wrote 10450.634 MB /leonardo_scratch/large/userexternal/ctica000/perf/with_IO/DCGP/800proc/perf_21271733/perf.data.rank443 (1297001 samples) ]
Warning:
Processed 1347474 events and lost 3 chunks!

Check IO/CPU overload!

[ perf record: Captured and wrote 10460.771 MB /leonardo_scratch/large/userexternal/ctica000/perf/with_IO/DCGP/800proc/perf_21271733/perf.data.rank318 (1298259 samples) ]
Warning:
Processed 1345844 events and lost 6 chunks!

Check IO/CPU overload!

[ perf record: Captured and wrote 10453.328 MB /leonardo_scratch/large/userexternal/ctica000/perf/with_IO/DCGP/800proc/perf_21271733/perf.data.rank782 (1297344 samples) ]
Warning:
Processed 1344908 events and lost 3 chunks!

Check IO/CPU overload!

Warning:
Processed 1350567 events and lost 1 chunks!

Check IO/CPU overload!

[ perf record: Captured and wrote 10440.048 MB /leonardo_scratch/large/userexternal/ctica000/perf/with_IO/DCGP/800proc/perf_21271733/perf.data.rank182 (1295686 samples) ]
[ perf record: Captured and wrote 10484.311 MB /leonardo_scratch/large/userexternal/ctica000/perf/with_IO/DCGP/800proc/perf_21271733/perf.data.rank534 (1301180 samples) ]
Warning:
Processed 1346761 events and lost 2 chunks!

Check IO/CPU overload!

Warning:
Processed 1351827 events and lost 4 chunks!

Check IO/CPU overload!

[ perf record: Captured and wrote 10453.791 MB /leonardo_scratch/large/userexternal/ctica000/perf/with_IO/DCGP/800proc/perf_21271733/perf.data.rank146 (1297390 samples) ]
[ perf record: Captured and wrote 10494.037 MB /leonardo_scratch/large/userexternal/ctica000/perf/with_IO/DCGP/800proc/perf_21271733/perf.data.rank335 (1302387 samples) ]
Warning:
Processed 1350933 events and lost 10 chunks!

Check IO/CPU overload!

[ perf record: Captured and wrote 10487.208 MB /leonardo_scratch/large/userexternal/ctica000/perf/with_IO/DCGP/800proc/perf_21271733/perf.data.rank329 (1301539 samples) ]
[ perf record: Captured and wrote 10497.566 MB /leonardo_scratch/large/userexternal/ctica000/perf/with_IO/DCGP/800proc/perf_21271733/perf.data.rank596 (1302826 samples) ]
Warning:
Processed 1349451 events and lost 2 chunks!

Check IO/CPU overload!

[ perf record: Captured and wrote 10481.511 MB /leonardo_scratch/large/userexternal/ctica000/perf/with_IO/DCGP/800proc/perf_21271733/perf.data.rank783 (1300842 samples) ]
Warning:
Processed 1345286 events and lost 9 chunks!

Check IO/CPU overload!

[ perf record: Captured and wrote 10443.890 MB /leonardo_scratch/large/userexternal/ctica000/perf/with_IO/DCGP/800proc/perf_21271733/perf.data.rank323 (1296164 samples) ]
Warning:
Processed 1346959 events and lost 6 chunks!

Check IO/CPU overload!

[ perf record: Captured and wrote 10456.673 MB /leonardo_scratch/large/userexternal/ctica000/perf/with_IO/DCGP/800proc/perf_21271733/perf.data.rank592 (1297751 samples) ]
Warning:
Processed 1351000 events and lost 1 chunks!

Check IO/CPU overload!

Warning:
Processed 1345945 events and lost 5 chunks!

Check IO/CPU overload!

[ perf record: Captured and wrote 10488.161 MB /leonardo_scratch/large/userexternal/ctica000/perf/with_IO/DCGP/800proc/perf_21271733/perf.data.rank466 (1301659 samples) ]
[ perf record: Captured and wrote 10448.525 MB /leonardo_scratch/large/userexternal/ctica000/perf/with_IO/DCGP/800proc/perf_21271733/perf.data.rank456 (1296739 samples) ]
Warning:
Processed 1343890 events and lost 1 chunks!

Check IO/CPU overload!

[ perf record: Captured and wrote 10430.704 MB /leonardo_scratch/large/userexternal/ctica000/perf/with_IO/DCGP/800proc/perf_21271733/perf.data.rank133 (1294524 samples) ]
Warning:
Processed 1346945 events and lost 3 chunks!

Check IO/CPU overload!

Warning:
Processed 1346574 events and lost 5 chunks!

Check IO/CPU overload!

Warning:
Processed 1350342 events and lost 2 chunks!

Check IO/CPU overload!

[ perf record: Captured and wrote 10456.033 MB /leonardo_scratch/large/userexternal/ctica000/perf/with_IO/DCGP/800proc/perf_21271733/perf.data.rank110 (1297670 samples) ]
[ perf record: Captured and wrote 10454.156 MB /leonardo_scratch/large/userexternal/ctica000/perf/with_IO/DCGP/800proc/perf_21271733/perf.data.rank405 (1297439 samples) ]
[ perf record: Captured and wrote 10482.808 MB /leonardo_scratch/large/userexternal/ctica000/perf/with_IO/DCGP/800proc/perf_21271733/perf.data.rank755 (1300994 samples) ]
Warning:
Processed 1344361 events and lost 4 chunks!

Check IO/CPU overload!

[ perf record: Captured and wrote 10436.935 MB /leonardo_scratch/large/userexternal/ctica000/perf/with_IO/DCGP/800proc/perf_21271733/perf.data.rank495 (1295302 samples) ]
Warning:
Processed 1351134 events and lost 7 chunks!

Check IO/CPU overload!

Warning:
Processed 1344369 events and lost 5 chunks!

Check IO/CPU overload!

[ perf record: Captured and wrote 10489.402 MB /leonardo_scratch/large/userexternal/ctica000/perf/with_IO/DCGP/800proc/perf_21271733/perf.data.rank607 (1301813 samples) ]
Warning:
Processed 1346753 events and lost 8 chunks!

Check IO/CPU overload!

Warning:
Processed 1347497 events and lost 2 chunks!

Check IO/CPU overload!

[ perf record: Captured and wrote 10436.228 MB /leonardo_scratch/large/userexternal/ctica000/perf/with_IO/DCGP/800proc/perf_21271733/perf.data.rank116 (1295212 samples) ]
[ perf record: Captured and wrote 10455.147 MB /leonardo_scratch/large/userexternal/ctica000/perf/with_IO/DCGP/800proc/perf_21271733/perf.data.rank550 (1297561 samples) ]
Warning:
Processed 1350910 events and lost 4 chunks!

Check IO/CPU overload!

[ perf record: Captured and wrote 10460.475 MB /leonardo_scratch/large/userexternal/ctica000/perf/with_IO/DCGP/800proc/perf_21271733/perf.data.rank560 (1298222 samples) ]
Warning:
Processed 1350087 events and lost 4 chunks!

Check IO/CPU overload!

[ perf record: Captured and wrote 10487.841 MB /leonardo_scratch/large/userexternal/ctica000/perf/with_IO/DCGP/800proc/perf_21271733/perf.data.rank483 (1301620 samples) ]
[ perf record: Captured and wrote 10480.312 MB /leonardo_scratch/large/userexternal/ctica000/perf/with_IO/DCGP/800proc/perf_21271733/perf.data.rank668 (1300684 samples) ]
Warning:
Processed 1347684 events and lost 5 chunks!

Check IO/CPU overload!

[ perf record: Captured and wrote 10462.508 MB /leonardo_scratch/large/userexternal/ctica000/perf/with_IO/DCGP/800proc/perf_21271733/perf.data.rank520 (1298475 samples) ]
Warning:
Processed 1351419 events and lost 5 chunks!

Check IO/CPU overload!

[ perf record: Captured and wrote 10490.307 MB /leonardo_scratch/large/userexternal/ctica000/perf/with_IO/DCGP/800proc/perf_21271733/perf.data.rank757 (1301924 samples) ]
Warning:
Processed 1345301 events and lost 7 chunks!

Check IO/CPU overload!

[ perf record: Captured and wrote 10443.889 MB /leonardo_scratch/large/userexternal/ctica000/perf/with_IO/DCGP/800proc/perf_21271733/perf.data.rank511 (1296164 samples) ]
Warning:
Processed 1352848 events and lost 3 chunks!

Check IO/CPU overload!

[ perf record: Captured and wrote 10508.112 MB /leonardo_scratch/large/userexternal/ctica000/perf/with_IO/DCGP/800proc/perf_21271733/perf.data.rank799 (1304144 samples) ]
Warning:
Processed 1343871 events and lost 6 chunks!

Check IO/CPU overload!

Warning:
Processed 1344726 events and lost 1 chunks!

Check IO/CPU overload!

[ perf record: Captured and wrote 10430.514 MB /leonardo_scratch/large/userexternal/ctica000/perf/with_IO/DCGP/800proc/perf_21271733/perf.data.rank526 (1294501 samples) ]
[ perf record: Captured and wrote 10438.821 MB /leonardo_scratch/large/userexternal/ctica000/perf/with_IO/DCGP/800proc/perf_21271733/perf.data.rank121 (1295534 samples) ]
Warning:
Processed 1342493 events and lost 6 chunks!

Check IO/CPU overload!

[ perf record: Captured and wrote 10420.521 MB /leonardo_scratch/large/userexternal/ctica000/perf/with_IO/DCGP/800proc/perf_21271733/perf.data.rank241 (1293261 samples) ]
Warning:
Processed 1347325 events and lost 4 chunks!

Check IO/CPU overload!

[ perf record: Captured and wrote 10458.996 MB /leonardo_scratch/large/userexternal/ctica000/perf/with_IO/DCGP/800proc/perf_21271733/perf.data.rank735 (1298038 samples) ]
Warning:
Processed 1346058 events and lost 2 chunks!

Check IO/CPU overload!

[ perf record: Captured and wrote 10449.013 MB /leonardo_scratch/large/userexternal/ctica000/perf/with_IO/DCGP/800proc/perf_21271733/perf.data.rank772 (1296799 samples) ]
Warning:
Processed 1346119 events and lost 2 chunks!

Check IO/CPU overload!

[ perf record: Captured and wrote 10448.109 MB /leonardo_scratch/large/userexternal/ctica000/perf/with_IO/DCGP/800proc/perf_21271733/perf.data.rank185 (1296684 samples) ]
Warning:
Processed 1342752 events and lost 3 chunks!

Check IO/CPU overload!

[ perf record: Captured and wrote 10423.106 MB /leonardo_scratch/large/userexternal/ctica000/perf/with_IO/DCGP/800proc/perf_21271733/perf.data.rank565 (1293583 samples) ]
Warning:
Processed 1352139 events and lost 3 chunks!

Check IO/CPU overload!

Warning:
Processed 1345001 events and lost 2 chunks!

Check IO/CPU overload!

Warning:
Processed 1347465 events and lost 4 chunks!

Check IO/CPU overload!

[ perf record: Captured and wrote 10497.190 MB /leonardo_scratch/large/userexternal/ctica000/perf/with_IO/DCGP/800proc/perf_21271733/perf.data.rank777 (1302780 samples) ]
Warning:
Processed 1347801 events and lost 3 chunks!

Check IO/CPU overload!

[ perf record: Captured and wrote 10440.619 MB /leonardo_scratch/large/userexternal/ctica000/perf/with_IO/DCGP/800proc/perf_21271733/perf.data.rank664 (1295757 samples) ]
[ perf record: Captured and wrote 10460.673 MB /leonardo_scratch/large/userexternal/ctica000/perf/with_IO/DCGP/800proc/perf_21271733/perf.data.rank594 (1298247 samples) ]
[ perf record: Captured and wrote 10462.614 MB /leonardo_scratch/large/userexternal/ctica000/perf/with_IO/DCGP/800proc/perf_21271733/perf.data.rank553 (1298487 samples) ]
Warning:
Processed 1346584 events and lost 10 chunks!

Check IO/CPU overload!

[ perf record: Captured and wrote 10453.218 MB /leonardo_scratch/large/userexternal/ctica000/perf/with_IO/DCGP/800proc/perf_21271733/perf.data.rank209 (1297321 samples) ]
Warning:
Processed 1348702 events and lost 4 chunks!

Check IO/CPU overload!

Warning:
Processed 1344178 events and lost 10 chunks!

Check IO/CPU overload!

[ perf record: Captured and wrote 10470.777 MB /leonardo_scratch/large/userexternal/ctica000/perf/with_IO/DCGP/800proc/perf_21271733/perf.data.rank381 (1299502 samples) ]
[ perf record: Captured and wrote 10435.274 MB /leonardo_scratch/large/userexternal/ctica000/perf/with_IO/DCGP/800proc/perf_21271733/perf.data.rank409 (1295095 samples) ]
Warning:
Processed 1347538 events and lost 4 chunks!

Check IO/CPU overload!

Warning:
Processed 1351980 events and lost 3 chunks!

Check IO/CPU overload!

Warning:
Processed 1345375 events and lost 1 chunks!

Check IO/CPU overload!

[ perf record: Captured and wrote 10461.738 MB /leonardo_scratch/large/userexternal/ctica000/perf/with_IO/DCGP/800proc/perf_21271733/perf.data.rank388 (1298380 samples) ]
[ perf record: Captured and wrote 10495.895 MB /leonardo_scratch/large/userexternal/ctica000/perf/with_IO/DCGP/800proc/perf_21271733/perf.data.rank304 (1302619 samples) ]
[ perf record: Captured and wrote 10443.392 MB /leonardo_scratch/large/userexternal/ctica000/perf/with_IO/DCGP/800proc/perf_21271733/perf.data.rank726 (1296101 samples) ]
Warning:
Processed 1347494 events and lost 5 chunks!

Check IO/CPU overload!

[ perf record: Captured and wrote 10459.808 MB /leonardo_scratch/large/userexternal/ctica000/perf/with_IO/DCGP/800proc/perf_21271733/perf.data.rank351 (1298138 samples) ]
Warning:
Processed 1336525 events and lost 2 chunks!

Check IO/CPU overload!

[ perf record: Captured and wrote 10374.841 MB /leonardo_scratch/large/userexternal/ctica000/perf/with_IO/DCGP/800proc/perf_21271733/perf.data.rank39 (1287593 samples) ]
Warning:
Processed 1346308 events and lost 2 chunks!

Check IO/CPU overload!

Warning:
Processed 1348046 events and lost 5 chunks!

Check IO/CPU overload!

[ perf record: Captured and wrote 10465.892 MB /leonardo_scratch/large/userexternal/ctica000/perf/with_IO/DCGP/800proc/perf_21271733/perf.data.rank505 (1298896 samples) ]
[ perf record: Captured and wrote 10452.008 MB /leonardo_scratch/large/userexternal/ctica000/perf/with_IO/DCGP/800proc/perf_21271733/perf.data.rank484 (1297172 samples) ]
Warning:
Processed 1350750 events and lost 6 chunks!

Check IO/CPU overload!

[ perf record: Captured and wrote 10485.567 MB /leonardo_scratch/large/userexternal/ctica000/perf/with_IO/DCGP/800proc/perf_21271733/perf.data.rank529 (1301336 samples) ]
Warning:
Processed 1345474 events and lost 1 chunks!

Check IO/CPU overload!

[ perf record: Captured and wrote 10445.552 MB /leonardo_scratch/large/userexternal/ctica000/perf/with_IO/DCGP/800proc/perf_21271733/perf.data.rank681 (1296371 samples) ]
Warning:
Processed 1349971 events and lost 6 chunks!

Check IO/CPU overload!

Warning:
Processed 1341761 events and lost 6 chunks!

Check IO/CPU overload!

[ perf record: Captured and wrote 10481.070 MB /leonardo_scratch/large/userexternal/ctica000/perf/with_IO/DCGP/800proc/perf_21271733/perf.data.rank493 (1300780 samples) ]
Warning:
Processed 1353526 events and lost 3 chunks!

Check IO/CPU overload!

[ perf record: Captured and wrote 10416.200 MB /leonardo_scratch/large/userexternal/ctica000/perf/with_IO/DCGP/800proc/perf_21271733/perf.data.rank309 (1292727 samples) ]
[ perf record: Captured and wrote 10507.338 MB /leonardo_scratch/large/userexternal/ctica000/perf/with_IO/DCGP/800proc/perf_21271733/perf.data.rank354 (1304038 samples) ]
Warning:
Processed 1339640 events and lost 2 chunks!

Check IO/CPU overload!

[ perf record: Captured and wrote 10399.558 MB /leonardo_scratch/large/userexternal/ctica000/perf/with_IO/DCGP/800proc/perf_21271733/perf.data.rank711 (1290662 samples) ]
Warning:
Processed 1347520 events and lost 6 chunks!

Check IO/CPU overload!

[ perf record: Captured and wrote 10460.486 MB /leonardo_scratch/large/userexternal/ctica000/perf/with_IO/DCGP/800proc/perf_21271733/perf.data.rank353 (1298223 samples) ]
Warning:
Processed 1346350 events and lost 3 chunks!

Check IO/CPU overload!

Warning:
Processed 1350011 events and lost 1 chunks!

Check IO/CPU overload!

Warning:
Processed 1345833 events and lost 1 chunks!

Check IO/CPU overload!

[ perf record: Captured and wrote 10451.350 MB /leonardo_scratch/large/userexternal/ctica000/perf/with_IO/DCGP/800proc/perf_21271733/perf.data.rank559 (1297089 samples) ]
[ perf record: Captured and wrote 10479.117 MB /leonardo_scratch/large/userexternal/ctica000/perf/with_IO/DCGP/800proc/perf_21271733/perf.data.rank654 (1300534 samples) ]
[ perf record: Captured and wrote 10448.387 MB /leonardo_scratch/large/userexternal/ctica000/perf/with_IO/DCGP/800proc/perf_21271733/perf.data.rank690 (1296723 samples) ]
Warning:
Processed 1346004 events and lost 4 chunks!

Check IO/CPU overload!

[ perf record: Captured and wrote 10448.691 MB /leonardo_scratch/large/userexternal/ctica000/perf/with_IO/DCGP/800proc/perf_21271733/perf.data.rank334 (1296759 samples) ]
Warning:
Processed 1350458 events and lost 2 chunks!

Check IO/CPU overload!

[ perf record: Captured and wrote 10483.504 MB /leonardo_scratch/large/userexternal/ctica000/perf/with_IO/DCGP/800proc/perf_21271733/perf.data.rank633 (1301080 samples) ]
Warning:
Processed 1348937 events and lost 4 chunks!

Check IO/CPU overload!

Warning:
Processed 1350329 events and lost 6 chunks!

Check IO/CPU overload!

[ perf record: Captured and wrote 10471.850 MB /leonardo_scratch/large/userexternal/ctica000/perf/with_IO/DCGP/800proc/perf_21271733/perf.data.rank363 (1299634 samples) ]
[ perf record: Captured and wrote 10483.355 MB /leonardo_scratch/large/userexternal/ctica000/perf/with_IO/DCGP/800proc/perf_21271733/perf.data.rank623 (1301063 samples) ]
Warning:
Processed 1341755 events and lost 3 chunks!

Check IO/CPU overload!

Warning:
Processed 1348102 events and lost 8 chunks!

Check IO/CPU overload!

[ perf record: Captured and wrote 10416.187 MB /leonardo_scratch/large/userexternal/ctica000/perf/with_IO/DCGP/800proc/perf_21271733/perf.data.rank516 (1292726 samples) ]
[ perf record: Captured and wrote 10464.776 MB /leonardo_scratch/large/userexternal/ctica000/perf/with_IO/DCGP/800proc/perf_21271733/perf.data.rank218 (1298755 samples) ]
Warning:
Processed 1350120 events and lost 2 chunks!

Check IO/CPU overload!

[ perf record: Captured and wrote 10481.491 MB /leonardo_scratch/large/userexternal/ctica000/perf/with_IO/DCGP/800proc/perf_21271733/perf.data.rank718 (1300831 samples) ]
Warning:
Processed 1340340 events and lost 5 chunks!

Check IO/CPU overload!

[ perf record: Captured and wrote 10404.466 MB /leonardo_scratch/large/userexternal/ctica000/perf/with_IO/DCGP/800proc/perf_21271733/perf.data.rank576 (1291270 samples) ]
Warning:
Processed 1344722 events and lost 5 chunks!

Check IO/CPU overload!

[ perf record: Captured and wrote 10440.600 MB /leonardo_scratch/large/userexternal/ctica000/perf/with_IO/DCGP/800proc/perf_21271733/perf.data.rank499 (1295758 samples) ]
Warning:
Processed 1346156 events and lost 6 chunks!

Check IO/CPU overload!

[ perf record: Captured and wrote 10448.148 MB /leonardo_scratch/large/userexternal/ctica000/perf/with_IO/DCGP/800proc/perf_21271733/perf.data.rank237 (1296689 samples) ]
Warning:
Processed 1349175 events and lost 5 chunks!

Check IO/CPU overload!

[ perf record: Captured and wrote 10473.917 MB /leonardo_scratch/large/userexternal/ctica000/perf/with_IO/DCGP/800proc/perf_21271733/perf.data.rank473 (1299891 samples) ]
[ perf record: Captured and wrote 10446.785 MB /leonardo_scratch/large/userexternal/ctica000/perf/with_IO/DCGP/800proc/perf_21271733/perf.data.rank788 (1296532 samples) ]
Warning:
Processed 1344405 events and lost 4 chunks!

Check IO/CPU overload!

Warning:
Processed 1348307 events and lost 5 chunks!

Check IO/CPU overload!

[ perf record: Captured and wrote 10437.016 MB /leonardo_scratch/large/userexternal/ctica000/perf/with_IO/DCGP/800proc/perf_21271733/perf.data.rank522 (1295311 samples) ]
Warning:
Processed 1351354 events and lost 3 chunks!

Check IO/CPU overload!

Warning:
Processed 1347390 events and lost 2 chunks!

Check IO/CPU overload!

Warning:
Processed 1346233 events and lost 3 chunks!

Check IO/CPU overload!

[ perf record: Captured and wrote 10472.560 MB /leonardo_scratch/large/userexternal/ctica000/perf/with_IO/DCGP/800proc/perf_21271733/perf.data.rank781 (1299731 samples) ]
[ perf record: Captured and wrote 10491.091 MB /leonardo_scratch/large/userexternal/ctica000/perf/with_IO/DCGP/800proc/perf_21271733/perf.data.rank424 (1302023 samples) ]
[ perf record: Captured and wrote 10459.261 MB /leonardo_scratch/large/userexternal/ctica000/perf/with_IO/DCGP/800proc/perf_21271733/perf.data.rank701 (1298072 samples) ]
[ perf record: Captured and wrote 10450.138 MB /leonardo_scratch/large/userexternal/ctica000/perf/with_IO/DCGP/800proc/perf_21271733/perf.data.rank352 (1296938 samples) ]
Warning:
Processed 1346570 events and lost 3 chunks!

Check IO/CPU overload!

[ perf record: Captured and wrote 10453.875 MB /leonardo_scratch/large/userexternal/ctica000/perf/with_IO/DCGP/800proc/perf_21271733/perf.data.rank317 (1297403 samples) ]
Warning:
Processed 1344043 events and lost 4 chunks!

Check IO/CPU overload!

[ perf record: Captured and wrote 10433.868 MB /leonardo_scratch/large/userexternal/ctica000/perf/with_IO/DCGP/800proc/perf_21271733/perf.data.rank457 (1294920 samples) ]
Warning:
Processed 1341843 events and lost 2 chunks!

Check IO/CPU overload!

[ perf record: Captured and wrote 10415.655 MB /leonardo_scratch/large/userexternal/ctica000/perf/with_IO/DCGP/800proc/perf_21271733/perf.data.rank347 (1292658 samples) ]
Warning:
Processed 1346827 events and lost 3 chunks!

Check IO/CPU overload!

[ perf record: Captured and wrote 10455.221 MB /leonardo_scratch/large/userexternal/ctica000/perf/with_IO/DCGP/800proc/perf_21271733/perf.data.rank751 (1297570 samples) ]
Warning:
Processed 1347522 events and lost 3 chunks!

Check IO/CPU overload!

[ perf record: Captured and wrote 10460.567 MB /leonardo_scratch/large/userexternal/ctica000/perf/with_IO/DCGP/800proc/perf_21271733/perf.data.rank533 (1298233 samples) ]
Warning:
Processed 1348271 events and lost 3 chunks!

Check IO/CPU overload!

Warning:
Processed 1345815 events and lost 2 chunks!

Check IO/CPU overload!

[ perf record: Captured and wrote 10466.850 MB /leonardo_scratch/large/userexternal/ctica000/perf/with_IO/DCGP/800proc/perf_21271733/perf.data.rank407 (1299014 samples) ]
Warning:
Processed 1348756 events and lost 2 chunks!

Check IO/CPU overload!

[ perf record: Captured and wrote 10447.187 MB /leonardo_scratch/large/userexternal/ctica000/perf/with_IO/DCGP/800proc/perf_21271733/perf.data.rank212 (1296572 samples) ]
[ perf record: Captured and wrote 10470.465 MB /leonardo_scratch/large/userexternal/ctica000/perf/with_IO/DCGP/800proc/perf_21271733/perf.data.rank362 (1299462 samples) ]
Warning:
Processed 1348498 events and lost 5 chunks!

Check IO/CPU overload!

Warning:
Processed 1342460 events and lost 7 chunks!

Check IO/CPU overload!

[ perf record: Captured and wrote 10469.515 MB /leonardo_scratch/large/userexternal/ctica000/perf/with_IO/DCGP/800proc/perf_21271733/perf.data.rank501 (1299346 samples) ]
Warning:
Processed 1346884 events and lost 3 chunks!

Check IO/CPU overload!

[ perf record: Captured and wrote 10421.175 MB /leonardo_scratch/large/userexternal/ctica000/perf/with_IO/DCGP/800proc/perf_21271733/perf.data.rank535 (1293344 samples) ]
Warning:
Processed 1343985 events and lost 4 chunks!

Check IO/CPU overload!

[ perf record: Captured and wrote 10456.223 MB /leonardo_scratch/large/userexternal/ctica000/perf/with_IO/DCGP/800proc/perf_21271733/perf.data.rank713 (1297695 samples) ]
[ perf record: Captured and wrote 10433.761 MB /leonardo_scratch/large/userexternal/ctica000/perf/with_IO/DCGP/800proc/perf_21271733/perf.data.rank311 (1294907 samples) ]
Warning:
Processed 1348237 events and lost 4 chunks!

Check IO/CPU overload!

[ perf record: Captured and wrote 10466.106 MB /leonardo_scratch/large/userexternal/ctica000/perf/with_IO/DCGP/800proc/perf_21271733/perf.data.rank361 (1298920 samples) ]
Warning:
Processed 1352913 events and lost 4 chunks!

Check IO/CPU overload!

[ perf record: Captured and wrote 10503.213 MB /leonardo_scratch/large/userexternal/ctica000/perf/with_IO/DCGP/800proc/perf_21271733/perf.data.rank678 (1303527 samples) ]
Warning:
Processed 1343047 events and lost 3 chunks!

Check IO/CPU overload!

[ perf record: Captured and wrote 10426.458 MB /leonardo_scratch/large/userexternal/ctica000/perf/with_IO/DCGP/800proc/perf_21271733/perf.data.rank523 (1294001 samples) ]
Warning:
Processed 1340086 events and lost 2 chunks!

Check IO/CPU overload!

Warning:
Processed 1341456 events and lost 3 chunks!

Check IO/CPU overload!

[ perf record: Captured and wrote 10401.479 MB /leonardo_scratch/large/userexternal/ctica000/perf/with_IO/DCGP/800proc/perf_21271733/perf.data.rank144 (1290897 samples) ]
[ perf record: Captured and wrote 10413.289 MB /leonardo_scratch/large/userexternal/ctica000/perf/with_IO/DCGP/800proc/perf_21271733/perf.data.rank186 (1292365 samples) ]
Warning:
Processed 1354580 events and lost 4 chunks!

Check IO/CPU overload!

Warning:
Processed 1352059 events and lost 5 chunks!

Check IO/CPU overload!

[ perf record: Captured and wrote 10517.088 MB /leonardo_scratch/large/userexternal/ctica000/perf/with_IO/DCGP/800proc/perf_21271733/perf.data.rank392 (1305250 samples) ]
[ perf record: Captured and wrote 10496.596 MB /leonardo_scratch/large/userexternal/ctica000/perf/with_IO/DCGP/800proc/perf_21271733/perf.data.rank374 (1302706 samples) ]
Warning:
Processed 1347642 events and lost 2 chunks!

Check IO/CPU overload!

[ perf record: Captured and wrote 10461.285 MB /leonardo_scratch/large/userexternal/ctica000/perf/with_IO/DCGP/800proc/perf_21271733/perf.data.rank743 (1298322 samples) ]
Warning:
Processed 1351911 events and lost 4 chunks!

Check IO/CPU overload!

Warning:
Processed 1347743 events and lost 5 chunks!

Check IO/CPU overload!

[ perf record: Captured and wrote 10494.536 MB /leonardo_scratch/large/userexternal/ctica000/perf/with_IO/DCGP/800proc/perf_21271733/perf.data.rank341 (1302449 samples) ]
[ perf record: Captured and wrote 10462.989 MB /leonardo_scratch/large/userexternal/ctica000/perf/with_IO/DCGP/800proc/perf_21271733/perf.data.rank387 (1298535 samples) ]
Warning:
Processed 1352557 events and lost 7 chunks!

Check IO/CPU overload!

[ perf record: Captured and wrote 10500.487 MB /leonardo_scratch/large/userexternal/ctica000/perf/with_IO/DCGP/800proc/perf_21271733/perf.data.rank468 (1303189 samples) ]
Warning:
Processed 1344277 events and lost 3 chunks!

Check IO/CPU overload!

[ perf record: Captured and wrote 10435.862 MB /leonardo_scratch/large/userexternal/ctica000/perf/with_IO/DCGP/800proc/perf_21271733/perf.data.rank420 (1295168 samples) ]
Warning:
Processed 1351985 events and lost 5 chunks!

Check IO/CPU overload!

[ perf record: Captured and wrote 10495.165 MB /leonardo_scratch/large/userexternal/ctica000/perf/with_IO/DCGP/800proc/perf_21271733/perf.data.rank558 (1302527 samples) ]
Warning:
Processed 1338975 events and lost 4 chunks!

Check IO/CPU overload!

[ perf record: Captured and wrote 10392.503 MB /leonardo_scratch/large/userexternal/ctica000/perf/with_IO/DCGP/800proc/perf_21271733/perf.data.rank15 (1289783 samples) ]
Warning:
Processed 1349121 events and lost 2 chunks!

Check IO/CPU overload!

[ perf record: Captured and wrote 10472.777 MB /leonardo_scratch/large/userexternal/ctica000/perf/with_IO/DCGP/800proc/perf_21271733/perf.data.rank547 (1299748 samples) ]
Warning:
Processed 1352829 events and lost 4 chunks!

Check IO/CPU overload!

[ perf record: Captured and wrote 10503.175 MB /leonardo_scratch/large/userexternal/ctica000/perf/with_IO/DCGP/800proc/perf_21271733/perf.data.rank500 (1303524 samples) ]
Warning:
Processed 1347253 events and lost 6 chunks!

Check IO/CPU overload!

[ perf record: Captured and wrote 10457.536 MB /leonardo_scratch/large/userexternal/ctica000/perf/with_IO/DCGP/800proc/perf_21271733/perf.data.rank647 (1297856 samples) ]
Warning:
Processed 1337824 events and lost 2 chunks!

Check IO/CPU overload!

[ perf record: Captured and wrote 10384.703 MB /leonardo_scratch/large/userexternal/ctica000/perf/with_IO/DCGP/800proc/perf_21271733/perf.data.rank82 (1288816 samples) ]
Warning:
Processed 1336636 events and lost 4 chunks!

Check IO/CPU overload!

Warning:
Processed 1341640 events and lost 4 chunks!

Check IO/CPU overload!

[ perf record: Captured and wrote 10373.938 MB /leonardo_scratch/large/userexternal/ctica000/perf/with_IO/DCGP/800proc/perf_21271733/perf.data.rank62 (1287478 samples) ]
[ perf record: Captured and wrote 10413.212 MB /leonardo_scratch/large/userexternal/ctica000/perf/with_IO/DCGP/800proc/perf_21271733/perf.data.rank4 (1292353 samples) ]
Warning:
Processed 1347036 events and lost 4 chunks!

Check IO/CPU overload!

Warning:
Processed 1346170 events and lost 5 chunks!

Check IO/CPU overload!

[ perf record: Captured and wrote 10457.089 MB /leonardo_scratch/large/userexternal/ctica000/perf/with_IO/DCGP/800proc/perf_21271733/perf.data.rank433 (1297802 samples) ]
Warning:
Processed 1353488 events and lost 3 chunks!

Check IO/CPU overload!

[ perf record: Captured and wrote 10450.366 MB /leonardo_scratch/large/userexternal/ctica000/perf/with_IO/DCGP/800proc/perf_21271733/perf.data.rank423 (1296968 samples) ]
[ perf record: Captured and wrote 10508.661 MB /leonardo_scratch/large/userexternal/ctica000/perf/with_IO/DCGP/800proc/perf_21271733/perf.data.rank774 (1304205 samples) ]
Warning:
Processed 1349116 events and lost 6 chunks!

Check IO/CPU overload!

[ perf record: Captured and wrote 10471.950 MB /leonardo_scratch/large/userexternal/ctica000/perf/with_IO/DCGP/800proc/perf_21271733/perf.data.rank256 (1299644 samples) ]
Warning:
Processed 1339375 events and lost 12 chunks!

Check IO/CPU overload!

[ perf record: Captured and wrote 10397.252 MB /leonardo_scratch/large/userexternal/ctica000/perf/with_IO/DCGP/800proc/perf_21271733/perf.data.rank463 (1290375 samples) ]
Warning:
Processed 1348193 events and lost 8 chunks!

Check IO/CPU overload!

[ perf record: Captured and wrote 10466.278 MB /leonardo_scratch/large/userexternal/ctica000/perf/with_IO/DCGP/800proc/perf_21271733/perf.data.rank458 (1298943 samples) ]
Warning:
Processed 1351192 events and lost 10 chunks!

Check IO/CPU overload!

[ perf record: Captured and wrote 10489.955 MB /leonardo_scratch/large/userexternal/ctica000/perf/with_IO/DCGP/800proc/perf_21271733/perf.data.rank411 (1301882 samples) ]
Warning:
Processed 1347295 events and lost 14 chunks!

Check IO/CPU overload!

[ perf record: Captured and wrote 10459.960 MB /leonardo_scratch/large/userexternal/ctica000/perf/with_IO/DCGP/800proc/perf_21271733/perf.data.rank386 (1298159 samples) ]
Warning:
Processed 1338470 events and lost 3 chunks!

Check IO/CPU overload!

[ perf record: Captured and wrote 10387.425 MB /leonardo_scratch/large/userexternal/ctica000/perf/with_IO/DCGP/800proc/perf_21271733/perf.data.rank42 (1289151 samples) ]
Warning:
Processed 1347147 events and lost 7 chunks!

Check IO/CPU overload!

[ perf record: Captured and wrote 10456.392 MB /leonardo_scratch/large/userexternal/ctica000/perf/with_IO/DCGP/800proc/perf_21271733/perf.data.rank269 (1297713 samples) ]
Warning:
Processed 1347918 events and lost 3 chunks!

Check IO/CPU overload!

[ perf record: Captured and wrote 10464.291 MB /leonardo_scratch/large/userexternal/ctica000/perf/with_IO/DCGP/800proc/perf_21271733/perf.data.rank322 (1298696 samples) ]
Warning:
Processed 1344711 events and lost 6 chunks!

Check IO/CPU overload!

[ perf record: Captured and wrote 10439.031 MB /leonardo_scratch/large/userexternal/ctica000/perf/with_IO/DCGP/800proc/perf_21271733/perf.data.rank515 (1295561 samples) ]
Warning:
Processed 1347462 events and lost 7 chunks!

Check IO/CPU overload!

[ perf record: Captured and wrote 10459.719 MB /leonardo_scratch/large/userexternal/ctica000/perf/with_IO/DCGP/800proc/perf_21271733/perf.data.rank333 (1298127 samples) ]
Warning:
Processed 1343574 events and lost 2 chunks!

Check IO/CPU overload!

Warning:
Processed 1350872 events and lost 4 chunks!

Check IO/CPU overload!

[ perf record: Captured and wrote 10430.065 MB /leonardo_scratch/large/userexternal/ctica000/perf/with_IO/DCGP/800proc/perf_21271733/perf.data.rank616 (1294448 samples) ]
[ perf record: Captured and wrote 10485.823 MB /leonardo_scratch/large/userexternal/ctica000/perf/with_IO/DCGP/800proc/perf_21271733/perf.data.rank571 (1301367 samples) ]
Warning:
Processed 1340164 events and lost 1 chunks!

Check IO/CPU overload!

[ perf record: Captured and wrote 10401.867 MB /leonardo_scratch/large/userexternal/ctica000/perf/with_IO/DCGP/800proc/perf_21271733/perf.data.rank235 (1290945 samples) ]
Warning:
Processed 1349428 events and lost 5 chunks!

Check IO/CPU overload!

Warning:
Processed 1345061 events and lost 6 chunks!

Check IO/CPU overload!

[ perf record: Captured and wrote 10476.037 MB /leonardo_scratch/large/userexternal/ctica000/perf/with_IO/DCGP/800proc/perf_21271733/perf.data.rank278 (1300154 samples) ]
[ perf record: Captured and wrote 10442.241 MB /leonardo_scratch/large/userexternal/ctica000/perf/with_IO/DCGP/800proc/perf_21271733/perf.data.rank397 (1295960 samples) ]
Warning:
Processed 1346203 events and lost 10 chunks!

Check IO/CPU overload!

[ perf record: Captured and wrote 10450.673 MB /leonardo_scratch/large/userexternal/ctica000/perf/with_IO/DCGP/800proc/perf_21271733/perf.data.rank509 (1297006 samples) ]
Warning:
Processed 1346563 events and lost 8 chunks!

Check IO/CPU overload!

Warning:
Processed 1345899 events and lost 2 chunks!

Check IO/CPU overload!

[ perf record: Captured and wrote 10459.214 MB /leonardo_scratch/large/userexternal/ctica000/perf/with_IO/DCGP/800proc/perf_21271733/perf.data.rank785 (1298075 samples) ]
Warning:
Processed 1350157 events and lost 2 chunks!

Check IO/CPU overload!

[ perf record: Captured and wrote 10448.137 MB /leonardo_scratch/large/userexternal/ctica000/perf/with_IO/DCGP/800proc/perf_21271733/perf.data.rank682 (1296691 samples) ]
[ perf record: Captured and wrote 10486.733 MB /leonardo_scratch/large/userexternal/ctica000/perf/with_IO/DCGP/800proc/perf_21271733/perf.data.rank786 (1301490 samples) ]
Warning:
Processed 1346861 events and lost 9 chunks!

Check IO/CPU overload!

[ perf record: Captured and wrote 10456.561 MB /leonardo_scratch/large/userexternal/ctica000/perf/with_IO/DCGP/800proc/perf_21271733/perf.data.rank300 (1297737 samples) ]
Warning:
Processed 1353284 events and lost 9 chunks!

Check IO/CPU overload!

[ perf record: Captured and wrote 10506.706 MB /leonardo_scratch/large/userexternal/ctica000/perf/with_IO/DCGP/800proc/perf_21271733/perf.data.rank395 (1303961 samples) ]
Warning:
Processed 1344871 events and lost 8 chunks!

Check IO/CPU overload!

[ perf record: Captured and wrote 10440.062 MB /leonardo_scratch/large/userexternal/ctica000/perf/with_IO/DCGP/800proc/perf_21271733/perf.data.rank586 (1295689 samples) ]
Warning:
Processed 1344032 events and lost 3 chunks!

Check IO/CPU overload!

[ perf record: Captured and wrote 10433.182 MB /leonardo_scratch/large/userexternal/ctica000/perf/with_IO/DCGP/800proc/perf_21271733/perf.data.rank629 (1294834 samples) ]
Warning:
Processed 1338104 events and lost 3 chunks!

Check IO/CPU overload!

Warning:
Processed 1345529 events and lost 7 chunks!

Check IO/CPU overload!

[ perf record: Captured and wrote 10384.410 MB /leonardo_scratch/large/userexternal/ctica000/perf/with_IO/DCGP/800proc/perf_21271733/perf.data.rank70 (1288776 samples) ]
[ perf record: Captured and wrote 10444.099 MB /leonardo_scratch/large/userexternal/ctica000/perf/with_IO/DCGP/800proc/perf_21271733/perf.data.rank662 (1296188 samples) ]
Warning:
Processed 1352359 events and lost 3 chunks!

Check IO/CPU overload!

[ perf record: Captured and wrote 10497.842 MB /leonardo_scratch/large/userexternal/ctica000/perf/with_IO/DCGP/800proc/perf_21271733/perf.data.rank358 (1302859 samples) ]
Warning:
Processed 1346485 events and lost 3 chunks!

Check IO/CPU overload!

[ perf record: Captured and wrote 10452.799 MB /leonardo_scratch/large/userexternal/ctica000/perf/with_IO/DCGP/800proc/perf_21271733/perf.data.rank326 (1297269 samples) ]
Warning:
Processed 1342695 events and lost 5 chunks!

Check IO/CPU overload!

[ perf record: Captured and wrote 10421.657 MB /leonardo_scratch/large/userexternal/ctica000/perf/with_IO/DCGP/800proc/perf_21271733/perf.data.rank17 (1293402 samples) ]
Warning:
Processed 1337946 events and lost 2 chunks!

Check IO/CPU overload!

Warning:
Processed 1349057 events and lost 6 chunks!

Check IO/CPU overload!

Warning:
Processed 1347711 events and lost 2 chunks!

Check IO/CPU overload!

[ perf record: Captured and wrote 10386.676 MB /leonardo_scratch/large/userexternal/ctica000/perf/with_IO/DCGP/800proc/perf_21271733/perf.data.rank38 (1289063 samples) ]
[ perf record: Captured and wrote 10473.164 MB /leonardo_scratch/large/userexternal/ctica000/perf/with_IO/DCGP/800proc/perf_21271733/perf.data.rank612 (1299798 samples) ]
[ perf record: Captured and wrote 10462.398 MB /leonardo_scratch/large/userexternal/ctica000/perf/with_IO/DCGP/800proc/perf_21271733/perf.data.rank302 (1298461 samples) ]
Warning:
Processed 1336713 events and lost 3 chunks!

Check IO/CPU overload!

[ perf record: Captured and wrote 10374.548 MB /leonardo_scratch/large/userexternal/ctica000/perf/with_IO/DCGP/800proc/perf_21271733/perf.data.rank78 (1287554 samples) ]
Warning:
Processed 1344007 events and lost 3 chunks!

Check IO/CPU overload!

[ perf record: Captured and wrote 10432.687 MB /leonardo_scratch/large/userexternal/ctica000/perf/with_IO/DCGP/800proc/perf_21271733/perf.data.rank332 (1294772 samples) ]
Warning:
Processed 1349486 events and lost 7 chunks!

Check IO/CPU overload!

[ perf record: Captured and wrote 10476.350 MB /leonardo_scratch/large/userexternal/ctica000/perf/with_IO/DCGP/800proc/perf_21271733/perf.data.rank618 (1300193 samples) ]
Warning:
Processed 1340192 events and lost 6 chunks!

Check IO/CPU overload!

[ perf record: Captured and wrote 10403.162 MB /leonardo_scratch/large/userexternal/ctica000/perf/with_IO/DCGP/800proc/perf_21271733/perf.data.rank573 (1291108 samples) ]
Warning:
Processed 1345789 events and lost 8 chunks!

Check IO/CPU overload!

[ perf record: Captured and wrote 10446.899 MB /leonardo_scratch/large/userexternal/ctica000/perf/with_IO/DCGP/800proc/perf_21271733/perf.data.rank619 (1296537 samples) ]
Warning:
Processed 1345604 events and lost 1 chunks!

Check IO/CPU overload!

[ perf record: Captured and wrote 10446.142 MB /leonardo_scratch/large/userexternal/ctica000/perf/with_IO/DCGP/800proc/perf_21271733/perf.data.rank111 (1296443 samples) ]
Warning:
Processed 1341478 events and lost 5 chunks!

Check IO/CPU overload!

[ perf record: Captured and wrote 10414.550 MB /leonardo_scratch/large/userexternal/ctica000/perf/with_IO/DCGP/800proc/perf_21271733/perf.data.rank691 (1292523 samples) ]
Warning:
Processed 1337516 events and lost 2 chunks!

Check IO/CPU overload!

[ perf record: Captured and wrote 10380.641 MB /leonardo_scratch/large/userexternal/ctica000/perf/with_IO/DCGP/800proc/perf_21271733/perf.data.rank33 (1288310 samples) ]
Warning:
Processed 1347471 events and lost 1 chunks!

Check IO/CPU overload!

[ perf record: Captured and wrote 10461.304 MB /leonardo_scratch/large/userexternal/ctica000/perf/with_IO/DCGP/800proc/perf_21271733/perf.data.rank687 (1298326 samples) ]
Warning:
Processed 1348028 events and lost 2 chunks!

Check IO/CPU overload!

[ perf record: Captured and wrote 10464.594 MB /leonardo_scratch/large/userexternal/ctica000/perf/with_IO/DCGP/800proc/perf_21271733/perf.data.rank740 (1298733 samples) ]
Warning:
Processed 1344115 events and lost 2 chunks!

Check IO/CPU overload!

[ perf record: Captured and wrote 10434.429 MB /leonardo_scratch/large/userexternal/ctica000/perf/with_IO/DCGP/800proc/perf_21271733/perf.data.rank714 (1294990 samples) ]
Warning:
Processed 1348425 events and lost 1 chunks!

Check IO/CPU overload!

[ perf record: Captured and wrote 10468.461 MB /leonardo_scratch/large/userexternal/ctica000/perf/with_IO/DCGP/800proc/perf_21271733/perf.data.rank379 (1299214 samples) ]
Warning:
Processed 1347964 events and lost 4 chunks!

Check IO/CPU overload!

[ perf record: Captured and wrote 10463.586 MB /leonardo_scratch/large/userexternal/ctica000/perf/with_IO/DCGP/800proc/perf_21271733/perf.data.rank667 (1298607 samples) ]
Warning:
Processed 1344768 events and lost 4 chunks!

Check IO/CPU overload!

[ perf record: Captured and wrote 10438.537 MB /leonardo_scratch/large/userexternal/ctica000/perf/with_IO/DCGP/800proc/perf_21271733/perf.data.rank759 (1295498 samples) ]
Warning:
Processed 1349772 events and lost 6 chunks!

Check IO/CPU overload!

[ perf record: Captured and wrote 10478.235 MB /leonardo_scratch/large/userexternal/ctica000/perf/with_IO/DCGP/800proc/perf_21271733/perf.data.rank344 (1300426 samples) ]
Warning:
Processed 1346333 events and lost 7 chunks!

Check IO/CPU overload!

[ perf record: Captured and wrote 10451.349 MB /leonardo_scratch/large/userexternal/ctica000/perf/with_IO/DCGP/800proc/perf_21271733/perf.data.rank217 (1297089 samples) ]
Warning:
Processed 1345956 events and lost 1 chunks!

Check IO/CPU overload!

[ perf record: Captured and wrote 10447.053 MB /leonardo_scratch/large/userexternal/ctica000/perf/with_IO/DCGP/800proc/perf_21271733/perf.data.rank126 (1296553 samples) ]
Warning:
Processed 1346423 events and lost 4 chunks!

Check IO/CPU overload!

[ perf record: Captured and wrote 10450.432 MB /leonardo_scratch/large/userexternal/ctica000/perf/with_IO/DCGP/800proc/perf_21271733/perf.data.rank272 (1296973 samples) ]
Warning:
Processed 1345746 events and lost 3 chunks!

Check IO/CPU overload!

[ perf record: Captured and wrote 10446.672 MB /leonardo_scratch/large/userexternal/ctica000/perf/with_IO/DCGP/800proc/perf_21271733/perf.data.rank337 (1296508 samples) ]
Warning:
Processed 1347809 events and lost 3 chunks!

Check IO/CPU overload!

[ perf record: Captured and wrote 10462.567 MB /leonardo_scratch/large/userexternal/ctica000/perf/with_IO/DCGP/800proc/perf_21271733/perf.data.rank756 (1298481 samples) ]
Warning:
Processed 1350366 events and lost 4 chunks!

Check IO/CPU overload!

[ perf record: Captured and wrote 10483.598 MB /leonardo_scratch/large/userexternal/ctica000/perf/with_IO/DCGP/800proc/perf_21271733/perf.data.rank605 (1301093 samples) ]
Warning:
Processed 1349578 events and lost 2 chunks!

Check IO/CPU overload!

[ perf record: Captured and wrote 10476.528 MB /leonardo_scratch/large/userexternal/ctica000/perf/with_IO/DCGP/800proc/perf_21271733/perf.data.rank652 (1300214 samples) ]
Warning:
Processed 1352620 events and lost 2 chunks!

Check IO/CPU overload!

[ perf record: Captured and wrote 10500.754 MB /leonardo_scratch/large/userexternal/ctica000/perf/with_IO/DCGP/800proc/perf_21271733/perf.data.rank446 (1303222 samples) ]
Warning:
Processed 1345011 events and lost 3 chunks!

Check IO/CPU overload!

Warning:
Processed 1346841 events and lost 4 chunks!

Check IO/CPU overload!

[ perf record: Captured and wrote 10441.075 MB /leonardo_scratch/large/userexternal/ctica000/perf/with_IO/DCGP/800proc/perf_21271733/perf.data.rank642 (1295814 samples) ]
[ perf record: Captured and wrote 10453.865 MB /leonardo_scratch/large/userexternal/ctica000/perf/with_IO/DCGP/800proc/perf_21271733/perf.data.rank154 (1297399 samples) ]
Warning:
Processed 1350549 events and lost 2 chunks!

Check IO/CPU overload!

Warning:
Processed 1350652 events and lost 9 chunks!

Check IO/CPU overload!

[ perf record: Captured and wrote 10489.825 MB /leonardo_scratch/large/userexternal/ctica000/perf/with_IO/DCGP/800proc/perf_21271733/perf.data.rank784 (1301874 samples) ]
[ perf record: Captured and wrote 10485.002 MB /leonardo_scratch/large/userexternal/ctica000/perf/with_IO/DCGP/800proc/perf_21271733/perf.data.rank567 (1301266 samples) ]
Warning:
Processed 1345576 events and lost 3 chunks!

Check IO/CPU overload!

[ perf record: Captured and wrote 10445.119 MB /leonardo_scratch/large/userexternal/ctica000/perf/with_IO/DCGP/800proc/perf_21271733/perf.data.rank124 (1296315 samples) ]
[ perf record: Captured and wrote 10475.338 MB /leonardo_scratch/large/userexternal/ctica000/perf/with_IO/DCGP/800proc/perf_21271733/perf.data.rank739 (1300066 samples) ]
Warning:
Processed 1350008 events and lost 5 chunks!

Check IO/CPU overload!

[ perf record: Captured and wrote 10479.643 MB /leonardo_scratch/large/userexternal/ctica000/perf/with_IO/DCGP/800proc/perf_21271733/perf.data.rank659 (1300600 samples) ]
Warning:
Processed 1344905 events and lost 3 chunks!

Check IO/CPU overload!

[ perf record: Captured and wrote 10449.932 MB /leonardo_scratch/large/userexternal/ctica000/perf/with_IO/DCGP/800proc/perf_21271733/perf.data.rank161 (1296911 samples) ]
[ perf record: Captured and wrote 10440.983 MB /leonardo_scratch/large/userexternal/ctica000/perf/with_IO/DCGP/800proc/perf_21271733/perf.data.rank686 (1295804 samples) ]
Warning:
Processed 1345645 events and lost 4 chunks!

Check IO/CPU overload!

Warning:
Processed 1349004 events and lost 3 chunks!

Check IO/CPU overload!

[ perf record: Captured and wrote 10472.038 MB /leonardo_scratch/large/userexternal/ctica000/perf/with_IO/DCGP/800proc/perf_21271733/perf.data.rank653 (1299657 samples) ]
Warning:
Processed 1344848 events and lost 5 chunks!

Check IO/CPU overload!

Warning:
Processed 1344523 events and lost 6 chunks!

Check IO/CPU overload!

[ perf record: Captured and wrote 10446.208 MB /leonardo_scratch/large/userexternal/ctica000/perf/with_IO/DCGP/800proc/perf_21271733/perf.data.rank746 (1296451 samples) ]
[ perf record: Captured and wrote 10439.873 MB /leonardo_scratch/large/userexternal/ctica000/perf/with_IO/DCGP/800proc/perf_21271733/perf.data.rank470 (1295665 samples) ]
[ perf record: Captured and wrote 10437.184 MB /leonardo_scratch/large/userexternal/ctica000/perf/with_IO/DCGP/800proc/perf_21271733/perf.data.rank761 (1295331 samples) ]
Warning:
Processed 1349166 events and lost 3 chunks!

Check IO/CPU overload!

Warning:
Processed 1346975 events and lost 3 chunks!

Check IO/CPU overload!

[ perf record: Captured and wrote 10473.573 MB /leonardo_scratch/large/userexternal/ctica000/perf/with_IO/DCGP/800proc/perf_21271733/perf.data.rank436 (1299848 samples) ]
Warning:
Processed 1346865 events and lost 2 chunks!

Check IO/CPU overload!

[ perf record: Captured and wrote 10455.117 MB /leonardo_scratch/large/userexternal/ctica000/perf/with_IO/DCGP/800proc/perf_21271733/perf.data.rank248 (1297555 samples) ]
[ perf record: Captured and wrote 10478.787 MB /leonardo_scratch/large/userexternal/ctica000/perf/with_IO/DCGP/800proc/perf_21271733/perf.data.rank132 (1300492 samples) ]
[ perf record: Captured and wrote 10455.742 MB /leonardo_scratch/large/userexternal/ctica000/perf/with_IO/DCGP/800proc/perf_21271733/perf.data.rank303 (1297635 samples) ]
Warning:
Processed 1348040 events and lost 3 chunks!

Check IO/CPU overload!

[ perf record: Captured and wrote 10464.648 MB /leonardo_scratch/large/userexternal/ctica000/perf/with_IO/DCGP/800proc/perf_21271733/perf.data.rank657 (1298740 samples) ]
Warning:
Processed 1351020 events and lost 1 chunks!

Check IO/CPU overload!

Warning:
Processed 1345906 events and lost 6 chunks!

Check IO/CPU overload!

[ perf record: Captured and wrote 10448.612 MB /leonardo_scratch/large/userexternal/ctica000/perf/with_IO/DCGP/800proc/perf_21271733/perf.data.rank306 (1296750 samples) ]
[ perf record: Captured and wrote 10486.452 MB /leonardo_scratch/large/userexternal/ctica000/perf/with_IO/DCGP/800proc/perf_21271733/perf.data.rank168 (1301443 samples) ]
Warning:
Processed 1349062 events and lost 3 chunks!

Check IO/CPU overload!

[ perf record: Captured and wrote 10473.027 MB /leonardo_scratch/large/userexternal/ctica000/perf/with_IO/DCGP/800proc/perf_21271733/perf.data.rank412 (1299781 samples) ]
Warning:
Processed 1343865 events and lost 1 chunks!

Check IO/CPU overload!

Warning:
Processed 1348115 events and lost 2 chunks!

Check IO/CPU overload!

[ perf record: Captured and wrote 10430.174 MB /leonardo_scratch/large/userexternal/ctica000/perf/with_IO/DCGP/800proc/perf_21271733/perf.data.rank232 (1294458 samples) ]
[ perf record: Captured and wrote 10465.353 MB /leonardo_scratch/large/userexternal/ctica000/perf/with_IO/DCGP/800proc/perf_21271733/perf.data.rank222 (1298827 samples) ]
Warning:
Processed 1347508 events and lost 3 chunks!

Check IO/CPU overload!

Warning:
Processed 1351544 events and lost 3 chunks!

Check IO/CPU overload!

Warning:
Processed 1345752 events and lost 2 chunks!

Check IO/CPU overload!

[ perf record: Captured and wrote 10459.194 MB /leonardo_scratch/large/userexternal/ctica000/perf/with_IO/DCGP/800proc/perf_21271733/perf.data.rank169 (1298060 samples) ]
[ perf record: Captured and wrote 10491.943 MB /leonardo_scratch/large/userexternal/ctica000/perf/with_IO/DCGP/800proc/perf_21271733/perf.data.rank648 (1302127 samples) ]
[ perf record: Captured and wrote 10447.065 MB /leonardo_scratch/large/userexternal/ctica000/perf/with_IO/DCGP/800proc/perf_21271733/perf.data.rank190 (1296557 samples) ]
Warning:
Processed 1346787 events and lost 4 chunks!

Check IO/CPU overload!

[ perf record: Captured and wrote 10454.552 MB /leonardo_scratch/large/userexternal/ctica000/perf/with_IO/DCGP/800proc/perf_21271733/perf.data.rank336 (1297486 samples) ]
Warning:
Processed 1346676 events and lost 2 chunks!

Check IO/CPU overload!

[ perf record: Captured and wrote 10454.103 MB /leonardo_scratch/large/userexternal/ctica000/perf/with_IO/DCGP/800proc/perf_21271733/perf.data.rank112 (1297431 samples) ]
Warning:
Processed 1342641 events and lost 3 chunks!

Check IO/CPU overload!

[ perf record: Captured and wrote 10422.181 MB /leonardo_scratch/large/userexternal/ctica000/perf/with_IO/DCGP/800proc/perf_21271733/perf.data.rank195 (1293468 samples) ]
Warning:
Processed 1351079 events and lost 5 chunks!

Check IO/CPU overload!

[ perf record: Captured and wrote 10488.829 MB /leonardo_scratch/large/userexternal/ctica000/perf/with_IO/DCGP/800proc/perf_21271733/perf.data.rank710 (1301742 samples) ]
Warning:
Processed 1344748 events and lost 3 chunks!

Check IO/CPU overload!

[ perf record: Captured and wrote 10439.473 MB /leonardo_scratch/large/userexternal/ctica000/perf/with_IO/DCGP/800proc/perf_21271733/perf.data.rank444 (1295616 samples) ]
Warning:
Processed 1349166 events and lost 10 chunks!

Check IO/CPU overload!

[ perf record: Captured and wrote 10473.407 MB /leonardo_scratch/large/userexternal/ctica000/perf/with_IO/DCGP/800proc/perf_21271733/perf.data.rank462 (1299827 samples) ]
Warning:
Processed 1338312 events and lost 3 chunks!

Check IO/CPU overload!

[ perf record: Captured and wrote 10386.414 MB /leonardo_scratch/large/userexternal/ctica000/perf/with_IO/DCGP/800proc/perf_21271733/perf.data.rank25 (1289026 samples) ]
Warning:
Processed 1346520 events and lost 4 chunks!

Check IO/CPU overload!

Warning:
Processed 1333311 events and lost 3 chunks!

Check IO/CPU overload!

[ perf record: Captured and wrote 10451.189 MB /leonardo_scratch/large/userexternal/ctica000/perf/with_IO/DCGP/800proc/perf_21271733/perf.data.rank127 (1297066 samples) ]
[ perf record: Captured and wrote 10348.224 MB /leonardo_scratch/large/userexternal/ctica000/perf/with_IO/DCGP/800proc/perf_21271733/perf.data.rank9 (1284287 samples) ]
Warning:
Processed 1350638 events and lost 6 chunks!

Check IO/CPU overload!

[ perf record: Captured and wrote 10485.280 MB /leonardo_scratch/large/userexternal/ctica000/perf/with_IO/DCGP/800proc/perf_21271733/perf.data.rank315 (1301301 samples) ]
Warning:
Processed 1348997 events and lost 2 chunks!

Check IO/CPU overload!

[ perf record: Captured and wrote 10472.122 MB /leonardo_scratch/large/userexternal/ctica000/perf/with_IO/DCGP/800proc/perf_21271733/perf.data.rank650 (1299667 samples) ]
Warning:
Processed 1348521 events and lost 5 chunks!

Check IO/CPU overload!

[ perf record: Captured and wrote 10468.970 MB /leonardo_scratch/large/userexternal/ctica000/perf/with_IO/DCGP/800proc/perf_21271733/perf.data.rank622 (1299277 samples) ]
Warning:
Processed 1341560 events and lost 5 chunks!

Check IO/CPU overload!

Warning:
Processed 1345017 events and lost 5 chunks!

Check IO/CPU overload!

[ perf record: Captured and wrote 10412.477 MB /leonardo_scratch/large/userexternal/ctica000/perf/with_IO/DCGP/800proc/perf_21271733/perf.data.rank259 (1292262 samples) ]
[ perf record: Captured and wrote 10439.476 MB /leonardo_scratch/large/userexternal/ctica000/perf/with_IO/DCGP/800proc/perf_21271733/perf.data.rank253 (1295613 samples) ]
Warning:
Processed 1345916 events and lost 6 chunks!

Check IO/CPU overload!

[ perf record: Captured and wrote 10448.069 MB /leonardo_scratch/large/userexternal/ctica000/perf/with_IO/DCGP/800proc/perf_21271733/perf.data.rank651 (1296682 samples) ]
Warning:
Processed 1348026 events and lost 4 chunks!

Check IO/CPU overload!

[ perf record: Captured and wrote 10463.959 MB /leonardo_scratch/large/userexternal/ctica000/perf/with_IO/DCGP/800proc/perf_21271733/perf.data.rank658 (1298654 samples) ]
Warning:
Processed 1347142 events and lost 2 chunks!

Check IO/CPU overload!

[ perf record: Captured and wrote 10458.171 MB /leonardo_scratch/large/userexternal/ctica000/perf/with_IO/DCGP/800proc/perf_21271733/perf.data.rank712 (1297937 samples) ]
Warning:
Processed 1338917 events and lost 6 chunks!

Check IO/CPU overload!

[ perf record: Captured and wrote 10390.707 MB /leonardo_scratch/large/userexternal/ctica000/perf/with_IO/DCGP/800proc/perf_21271733/perf.data.rank45 (1289558 samples) ]
Warning:
Processed 1340452 events and lost 4 chunks!

Check IO/CPU overload!

[ perf record: Captured and wrote 10406.370 MB /leonardo_scratch/large/userexternal/ctica000/perf/with_IO/DCGP/800proc/perf_21271733/perf.data.rank677 (1291508 samples) ]
Warning:
Processed 1336633 events and lost 4 chunks!

Check IO/CPU overload!

[ perf record: Captured and wrote 10374.740 MB /leonardo_scratch/large/userexternal/ctica000/perf/with_IO/DCGP/800proc/perf_21271733/perf.data.rank95 (1287579 samples) ]
Warning:
Processed 1339365 events and lost 2 chunks!

Check IO/CPU overload!

[ perf record: Captured and wrote 10396.174 MB /leonardo_scratch/large/userexternal/ctica000/perf/with_IO/DCGP/800proc/perf_21271733/perf.data.rank76 (1290239 samples) ]
Warning:
Processed 1347545 events and lost 5 chunks!

Check IO/CPU overload!

[ perf record: Captured and wrote 10459.287 MB /leonardo_scratch/large/userexternal/ctica000/perf/with_IO/DCGP/800proc/perf_21271733/perf.data.rank262 (1298072 samples) ]
Warning:
Processed 1346355 events and lost 5 chunks!

Check IO/CPU overload!

[ perf record: Captured and wrote 10451.890 MB /leonardo_scratch/large/userexternal/ctica000/perf/with_IO/DCGP/800proc/perf_21271733/perf.data.rank684 (1297157 samples) ]
Warning:
Processed 1349708 events and lost 4 chunks!

Check IO/CPU overload!

Warning:
Processed 1339190 events and lost 6 chunks!

Check IO/CPU overload!

[ perf record: Captured and wrote 10477.598 MB /leonardo_scratch/large/userexternal/ctica000/perf/with_IO/DCGP/800proc/perf_21271733/perf.data.rank537 (1300347 samples) ]
[ perf record: Captured and wrote 10395.890 MB /leonardo_scratch/large/userexternal/ctica000/perf/with_IO/DCGP/800proc/perf_21271733/perf.data.rank301 (1290206 samples) ]
Warning:
Processed 1332287 events and lost 2 chunks!

Check IO/CPU overload!

Warning:
Processed 1343989 events and lost 1 chunks!

Check IO/CPU overload!

[ perf record: Captured and wrote 10340.007 MB /leonardo_scratch/large/userexternal/ctica000/perf/with_IO/DCGP/800proc/perf_21271733/perf.data.rank99 (1283268 samples) ]
[ perf record: Captured and wrote 10433.800 MB /leonardo_scratch/large/userexternal/ctica000/perf/with_IO/DCGP/800proc/perf_21271733/perf.data.rank706 (1294912 samples) ]
Warning:
Processed 1351614 events and lost 4 chunks!

Check IO/CPU overload!

[ perf record: Captured and wrote 10492.663 MB /leonardo_scratch/large/userexternal/ctica000/perf/with_IO/DCGP/800proc/perf_21271733/perf.data.rank646 (1302217 samples) ]
Warning:
Processed 1344103 events and lost 4 chunks!

Check IO/CPU overload!

Warning:
Processed 1349358 events and lost 4 chunks!

Check IO/CPU overload!

[ perf record: Captured and wrote 10443.713 MB /leonardo_scratch/large/userexternal/ctica000/perf/with_IO/DCGP/800proc/perf_21271733/perf.data.rank694 (1296157 samples) ]
[ perf record: Captured and wrote 10475.340 MB /leonardo_scratch/large/userexternal/ctica000/perf/with_IO/DCGP/800proc/perf_21271733/perf.data.rank613 (1300067 samples) ]
Warning:
Processed 1344572 events and lost 6 chunks!

Check IO/CPU overload!

[ perf record: Captured and wrote 10437.618 MB /leonardo_scratch/large/userexternal/ctica000/perf/with_IO/DCGP/800proc/perf_21271733/perf.data.rank290 (1295385 samples) ]
Warning:
Processed 1345438 events and lost 3 chunks!

Check IO/CPU overload!

[ perf record: Captured and wrote 10444.011 MB /leonardo_scratch/large/userexternal/ctica000/perf/with_IO/DCGP/800proc/perf_21271733/perf.data.rank274 (1296178 samples) ]
Warning:
Processed 1341363 events and lost 2 chunks!

Check IO/CPU overload!

[ perf record: Captured and wrote 10412.387 MB /leonardo_scratch/large/userexternal/ctica000/perf/with_IO/DCGP/800proc/perf_21271733/perf.data.rank673 (1292253 samples) ]
Warning:
Processed 1351617 events and lost 2 chunks!

Check IO/CPU overload!

[ perf record: Captured and wrote 10492.345 MB /leonardo_scratch/large/userexternal/ctica000/perf/with_IO/DCGP/800proc/perf_21271733/perf.data.rank753 (1302177 samples) ]
Warning:
Processed 1350118 events and lost 2 chunks!

Check IO/CPU overload!

[ perf record: Captured and wrote 10481.488 MB /leonardo_scratch/large/userexternal/ctica000/perf/with_IO/DCGP/800proc/perf_21271733/perf.data.rank693 (1300831 samples) ]
Warning:
Processed 1351221 events and lost 6 chunks!

Check IO/CPU overload!

[ perf record: Captured and wrote 10489.282 MB /leonardo_scratch/large/userexternal/ctica000/perf/with_IO/DCGP/800proc/perf_21271733/perf.data.rank732 (1301797 samples) ]
Warning:
Processed 1340638 events and lost 1 chunks!

Check IO/CPU overload!

[ perf record: Captured and wrote 10404.577 MB /leonardo_scratch/large/userexternal/ctica000/perf/with_IO/DCGP/800proc/perf_21271733/perf.data.rank27 (1291280 samples) ]
[ perf record: Captured and wrote 10458.140 MB /leonardo_scratch/large/userexternal/ctica000/perf/with_IO/DCGP/800proc/perf_21271733/perf.data.rank624 (1297932 samples) ]
Warning:
Processed 1351941 events and lost 5 chunks!

Check IO/CPU overload!

Warning:
Processed 1350378 events and lost 2 chunks!

Check IO/CPU overload!

[ perf record: Captured and wrote 10495.031 MB /leonardo_scratch/large/userexternal/ctica000/perf/with_IO/DCGP/800proc/perf_21271733/perf.data.rank724 (1302511 samples) ]
[ perf record: Captured and wrote 10483.328 MB /leonardo_scratch/large/userexternal/ctica000/perf/with_IO/DCGP/800proc/perf_21271733/perf.data.rank776 (1301059 samples) ]
Warning:
Processed 1348795 events and lost 5 chunks!

Check IO/CPU overload!

[ perf record: Captured and wrote 10470.148 MB /leonardo_scratch/large/userexternal/ctica000/perf/with_IO/DCGP/800proc/perf_21271733/perf.data.rank661 (1299422 samples) ]
Warning:
Processed 1348901 events and lost 1 chunks!

Check IO/CPU overload!

Warning:
Processed 1352738 events and lost 3 chunks!

Check IO/CPU overload!

[ perf record: Captured and wrote 10501.092 MB /leonardo_scratch/large/userexternal/ctica000/perf/with_IO/DCGP/800proc/perf_21271733/perf.data.rank748 (1303263 samples) ]
[ perf record: Captured and wrote 10471.055 MB /leonardo_scratch/large/userexternal/ctica000/perf/with_IO/DCGP/800proc/perf_21271733/perf.data.rank665 (1299535 samples) ]
Warning:
Processed 1348489 events and lost 3 chunks!

Check IO/CPU overload!

[ perf record: Captured and wrote 10468.841 MB /leonardo_scratch/large/userexternal/ctica000/perf/with_IO/DCGP/800proc/perf_21271733/perf.data.rank380 (1299261 samples) ]
Warning:
Processed 1352074 events and lost 3 chunks!

Check IO/CPU overload!

[ perf record: Captured and wrote 10495.981 MB /leonardo_scratch/large/userexternal/ctica000/perf/with_IO/DCGP/800proc/perf_21271733/perf.data.rank660 (1302628 samples) ]
Warning:
Processed 1345077 events and lost 5 chunks!

Check IO/CPU overload!

[ perf record: Captured and wrote 10441.783 MB /leonardo_scratch/large/userexternal/ctica000/perf/with_IO/DCGP/800proc/perf_21271733/perf.data.rank373 (1295902 samples) ]
Warning:
Processed 1347521 events and lost 3 chunks!

Check IO/CPU overload!

[ perf record: Captured and wrote 10459.568 MB /leonardo_scratch/large/userexternal/ctica000/perf/with_IO/DCGP/800proc/perf_21271733/perf.data.rank163 (1298107 samples) ]
Warning:
Processed 1350116 events and lost 4 chunks!

Check IO/CPU overload!

[ perf record: Captured and wrote 10480.467 MB /leonardo_scratch/large/userexternal/ctica000/perf/with_IO/DCGP/800proc/perf_21271733/perf.data.rank671 (1300703 samples) ]
Warning:
Processed 1347226 events and lost 5 chunks!

Check IO/CPU overload!

[ perf record: Captured and wrote 10457.569 MB /leonardo_scratch/large/userexternal/ctica000/perf/with_IO/DCGP/800proc/perf_21271733/perf.data.rank527 (1297860 samples) ]
Warning:
Processed 1339845 events and lost 4 chunks!

Check IO/CPU overload!

[ perf record: Captured and wrote 10401.354 MB /leonardo_scratch/large/userexternal/ctica000/perf/with_IO/DCGP/800proc/perf_21271733/perf.data.rank391 (1290885 samples) ]
Warning:
Processed 1340083 events and lost 1 chunks!

Check IO/CPU overload!

[ perf record: Captured and wrote 10401.010 MB /leonardo_scratch/large/userexternal/ctica000/perf/with_IO/DCGP/800proc/perf_21271733/perf.data.rank35 (1290838 samples) ]
Warning:
Processed 1348907 events and lost 5 chunks!

Check IO/CPU overload!

[ perf record: Captured and wrote 10470.248 MB /leonardo_scratch/large/userexternal/ctica000/perf/with_IO/DCGP/800proc/perf_21271733/perf.data.rank273 (1299433 samples) ]
Warning:
Processed 1349387 events and lost 1 chunks!

Check IO/CPU overload!

[ perf record: Captured and wrote 10475.173 MB /leonardo_scratch/large/userexternal/ctica000/perf/with_IO/DCGP/800proc/perf_21271733/perf.data.rank643 (1300046 samples) ]
Warning:
Processed 1346380 events and lost 4 chunks!

Check IO/CPU overload!

[ perf record: Captured and wrote 10451.689 MB /leonardo_scratch/large/userexternal/ctica000/perf/with_IO/DCGP/800proc/perf_21271733/perf.data.rank370 (1297131 samples) ]
Warning:
Processed 1346863 events and lost 5 chunks!

Check IO/CPU overload!

Warning:
Processed 1337572 events and lost 3 chunks!

Check IO/CPU overload!

[ perf record: Captured and wrote 10462.473 MB /leonardo_scratch/large/userexternal/ctica000/perf/with_IO/DCGP/800proc/perf_21271733/perf.data.rank794 (1298481 samples) ]
[ perf record: Captured and wrote 10382.695 MB /leonardo_scratch/large/userexternal/ctica000/perf/with_IO/DCGP/800proc/perf_21271733/perf.data.rank86 (1288567 samples) ]
Warning:
Processed 1339440 events and lost 3 chunks!

Check IO/CPU overload!

[ perf record: Captured and wrote 10397.719 MB /leonardo_scratch/large/userexternal/ctica000/perf/with_IO/DCGP/800proc/perf_21271733/perf.data.rank752 (1290433 samples) ]
Warning:
Processed 1345688 events and lost 4 chunks!

Check IO/CPU overload!

Warning:
Processed 1344785 events and lost 5 chunks!

Check IO/CPU overload!

[ perf record: Captured and wrote 10446.844 MB /leonardo_scratch/large/userexternal/ctica000/perf/with_IO/DCGP/800proc/perf_21271733/perf.data.rank675 (1296531 samples) ]
[ perf record: Captured and wrote 10439.560 MB /leonardo_scratch/large/userexternal/ctica000/perf/with_IO/DCGP/800proc/perf_21271733/perf.data.rank357 (1295626 samples) ]
Warning:
Processed 1350766 events and lost 4 chunks!

Check IO/CPU overload!

[ perf record: Captured and wrote 10491.470 MB /leonardo_scratch/large/userexternal/ctica000/perf/with_IO/DCGP/800proc/perf_21271733/perf.data.rank780 (1302078 samples) ]
Warning:
Processed 1348940 events and lost 7 chunks!

Check IO/CPU overload!

[ perf record: Captured and wrote 10471.620 MB /leonardo_scratch/large/userexternal/ctica000/perf/with_IO/DCGP/800proc/perf_21271733/perf.data.rank364 (1299605 samples) ]
Warning:
Processed 1344976 events and lost 5 chunks!

Check IO/CPU overload!

Warning:
Processed 1349541 events and lost 4 chunks!

Check IO/CPU overload!

[ perf record: Captured and wrote 10440.525 MB /leonardo_scratch/large/userexternal/ctica000/perf/with_IO/DCGP/800proc/perf_21271733/perf.data.rank649 (1295745 samples) ]
[ perf record: Captured and wrote 10476.682 MB /leonardo_scratch/large/userexternal/ctica000/perf/with_IO/DCGP/800proc/perf_21271733/perf.data.rank721 (1300234 samples) ]
Warning:
Processed 1349291 events and lost 2 chunks!

Check IO/CPU overload!

Warning:
Processed 1350542 events and lost 4 chunks!

Check IO/CPU overload!

[ perf record: Captured and wrote 10474.526 MB /leonardo_scratch/large/userexternal/ctica000/perf/with_IO/DCGP/800proc/perf_21271733/perf.data.rank708 (1299966 samples) ]
[ perf record: Captured and wrote 10484.959 MB /leonardo_scratch/large/userexternal/ctica000/perf/with_IO/DCGP/800proc/perf_21271733/perf.data.rank524 (1301262 samples) ]
Warning:
Processed 1351502 events and lost 4 chunks!

Check IO/CPU overload!

[ perf record: Captured and wrote 10492.220 MB /leonardo_scratch/large/userexternal/ctica000/perf/with_IO/DCGP/800proc/perf_21271733/perf.data.rank709 (1302163 samples) ]
Warning:
Processed 1335440 events and lost 2 chunks!

Check IO/CPU overload!

[ perf record: Captured and wrote 10367.263 MB /leonardo_scratch/large/userexternal/ctica000/perf/with_IO/DCGP/800proc/perf_21271733/perf.data.rank376 (1286654 samples) ]
Warning:
Processed 1343288 events and lost 1 chunks!

Check IO/CPU overload!

Warning:
Processed 1340287 events and lost 2 chunks!

Check IO/CPU overload!

[ perf record: Captured and wrote 10427.189 MB /leonardo_scratch/large/userexternal/ctica000/perf/with_IO/DCGP/800proc/perf_21271733/perf.data.rank747 (1294090 samples) ]
Warning:
Processed 1342137 events and lost 1 chunks!

Check IO/CPU overload!

[ perf record: Captured and wrote 10402.404 MB /leonardo_scratch/large/userexternal/ctica000/perf/with_IO/DCGP/800proc/perf_21271733/perf.data.rank74 (1291011 samples) ]
[ perf record: Captured and wrote 10419.363 MB /leonardo_scratch/large/userexternal/ctica000/perf/with_IO/DCGP/800proc/perf_21271733/perf.data.rank719 (1293120 samples) ]
Warning:
Processed 1347836 events and lost 4 chunks!

Check IO/CPU overload!

[ perf record: Captured and wrote 10479.133 MB /leonardo_scratch/large/userexternal/ctica000/perf/with_IO/DCGP/800proc/perf_21271733/perf.data.rank518 (1300539 samples) ]
[ perf record: Captured and wrote 10462.719 MB /leonardo_scratch/large/userexternal/ctica000/perf/with_IO/DCGP/800proc/perf_21271733/perf.data.rank655 (1298500 samples) ]
Warning:
Processed 1354270 events and lost 4 chunks!

Check IO/CPU overload!

[ perf record: Captured and wrote 10513.269 MB /leonardo_scratch/large/userexternal/ctica000/perf/with_IO/DCGP/800proc/perf_21271733/perf.data.rank346 (1304774 samples) ]
Warning:
Processed 1348026 events and lost 2 chunks!

Check IO/CPU overload!

Warning:
Processed 1352968 events and lost 5 chunks!

Check IO/CPU overload!

Warning:
Processed 1348075 events and lost 6 chunks!

Check IO/CPU overload!

[ perf record: Captured and wrote 10464.688 MB /leonardo_scratch/large/userexternal/ctica000/perf/with_IO/DCGP/800proc/perf_21271733/perf.data.rank615 (1298745 samples) ]
[ perf record: Captured and wrote 10503.245 MB /leonardo_scratch/large/userexternal/ctica000/perf/with_IO/DCGP/800proc/perf_21271733/perf.data.rank348 (1303530 samples) ]
[ perf record: Captured and wrote 10465.042 MB /leonardo_scratch/large/userexternal/ctica000/perf/with_IO/DCGP/800proc/perf_21271733/perf.data.rank310 (1298789 samples) ]
Warning:
Processed 1343060 events and lost 2 chunks!

Check IO/CPU overload!

Warning:
Processed 1341538 events and lost 3 chunks!

Check IO/CPU overload!

[ perf record: Captured and wrote 10425.421 MB /leonardo_scratch/large/userexternal/ctica000/perf/with_IO/DCGP/800proc/perf_21271733/perf.data.rank611 (1293871 samples) ]
[ perf record: Captured and wrote 10414.058 MB /leonardo_scratch/large/userexternal/ctica000/perf/with_IO/DCGP/800proc/perf_21271733/perf.data.rank766 (1292461 samples) ]
Warning:
Processed 1347508 events and lost 6 chunks!

Check IO/CPU overload!

[ perf record: Captured and wrote 10459.024 MB /leonardo_scratch/large/userexternal/ctica000/perf/with_IO/DCGP/800proc/perf_21271733/perf.data.rank227 (1298039 samples) ]
Warning:
Processed 1350251 events and lost 7 chunks!

Check IO/CPU overload!

[ perf record: Captured and wrote 10487.506 MB /leonardo_scratch/large/userexternal/ctica000/perf/with_IO/DCGP/800proc/perf_21271733/perf.data.rank789 (1301586 samples) ]
Warning:
Processed 1349181 events and lost 6 chunks!

Check IO/CPU overload!

[ perf record: Captured and wrote 10474.420 MB /leonardo_scratch/large/userexternal/ctica000/perf/with_IO/DCGP/800proc/perf_21271733/perf.data.rank600 (1299954 samples) ]
Warning:
Processed 1351585 events and lost 7 chunks!

Check IO/CPU overload!

[ perf record: Captured and wrote 10493.400 MB /leonardo_scratch/large/userexternal/ctica000/perf/with_IO/DCGP/800proc/perf_21271733/perf.data.rank698 (1302310 samples) ]
Warning:
Processed 1344356 events and lost 4 chunks!

Check IO/CPU overload!

[ perf record: Captured and wrote 10436.245 MB /leonardo_scratch/large/userexternal/ctica000/perf/with_IO/DCGP/800proc/perf_21271733/perf.data.rank297 (1295215 samples) ]
Warning:
Processed 1347365 events and lost 2 chunks!

Check IO/CPU overload!

[ perf record: Captured and wrote 10459.455 MB /leonardo_scratch/large/userexternal/ctica000/perf/with_IO/DCGP/800proc/perf_21271733/perf.data.rank563 (1298095 samples) ]
Warning:
Processed 1330808 events and lost 3 chunks!

Check IO/CPU overload!

Warning:
Processed 1340193 events and lost 6 chunks!

Check IO/CPU overload!

[ perf record: Captured and wrote 10328.698 MB /leonardo_scratch/large/userexternal/ctica000/perf/with_IO/DCGP/800proc/perf_21271733/perf.data.rank2 (1281864 samples) ]
[ perf record: Captured and wrote 10402.163 MB /leonardo_scratch/large/userexternal/ctica000/perf/with_IO/DCGP/800proc/perf_21271733/perf.data.rank12 (1290982 samples) ]
Warning:
Processed 1346692 events and lost 5 chunks!

Check IO/CPU overload!

[ perf record: Captured and wrote 10454.177 MB /leonardo_scratch/large/userexternal/ctica000/perf/with_IO/DCGP/800proc/perf_21271733/perf.data.rank216 (1297440 samples) ]
Warning:
Processed 1350922 events and lost 3 chunks!

Check IO/CPU overload!

[ perf record: Captured and wrote 10487.573 MB /leonardo_scratch/large/userexternal/ctica000/perf/with_IO/DCGP/800proc/perf_21271733/perf.data.rank617 (1301586 samples) ]
Warning:
Processed 1345234 events and lost 5 chunks!

Check IO/CPU overload!

Warning:
Processed 1341119 events and lost 8 chunks!

Check IO/CPU overload!

[ perf record: Captured and wrote 10442.892 MB /leonardo_scratch/large/userexternal/ctica000/perf/with_IO/DCGP/800proc/perf_21271733/perf.data.rank715 (1296040 samples) ]
[ perf record: Captured and wrote 10408.594 MB /leonardo_scratch/large/userexternal/ctica000/perf/with_IO/DCGP/800proc/perf_21271733/perf.data.rank71 (1291779 samples) ]
Warning:
Processed 1346510 events and lost 5 chunks!

Check IO/CPU overload!

[ perf record: Captured and wrote 10453.283 MB /leonardo_scratch/large/userexternal/ctica000/perf/with_IO/DCGP/800proc/perf_21271733/perf.data.rank442 (1297330 samples) ]
Warning:
Processed 1345527 events and lost 2 chunks!

Check IO/CPU overload!

Warning:
Processed 1344377 events and lost 8 chunks!

Check IO/CPU overload!

[ perf record: Captured and wrote 10443.980 MB /leonardo_scratch/large/userexternal/ctica000/perf/with_IO/DCGP/800proc/perf_21271733/perf.data.rank160 (1296172 samples) ]
Warning:
Processed 1341517 events and lost 3 chunks!

Check IO/CPU overload!

[ perf record: Captured and wrote 10434.167 MB /leonardo_scratch/large/userexternal/ctica000/perf/with_IO/DCGP/800proc/perf_21271733/perf.data.rank236 (1294954 samples) ]
[ perf record: Captured and wrote 10414.974 MB /leonardo_scratch/large/userexternal/ctica000/perf/with_IO/DCGP/800proc/perf_21271733/perf.data.rank385 (1292576 samples) ]
Warning:
Processed 1348818 events and lost 3 chunks!

Check IO/CPU overload!

Warning:
Processed 1348846 events and lost 3 chunks!

Check IO/CPU overload!

[ perf record: Captured and wrote 10469.908 MB /leonardo_scratch/large/userexternal/ctica000/perf/with_IO/DCGP/800proc/perf_21271733/perf.data.rank745 (1299391 samples) ]
[ perf record: Captured and wrote 10470.195 MB /leonardo_scratch/large/userexternal/ctica000/perf/with_IO/DCGP/800proc/perf_21271733/perf.data.rank157 (1299426 samples) ]
Warning:
Processed 1350765 events and lost 3 chunks!

Check IO/CPU overload!

[ perf record: Captured and wrote 10486.152 MB /leonardo_scratch/large/userexternal/ctica000/perf/with_IO/DCGP/800proc/perf_21271733/perf.data.rank725 (1301409 samples) ]
Warning:
Processed 1349642 events and lost 5 chunks!

Check IO/CPU overload!

Warning:
Processed 1346215 events and lost 4 chunks!

Check IO/CPU overload!

[ perf record: Captured and wrote 10476.770 MB /leonardo_scratch/large/userexternal/ctica000/perf/with_IO/DCGP/800proc/perf_21271733/perf.data.rank727 (1300244 samples) ]
[ perf record: Captured and wrote 10450.132 MB /leonardo_scratch/large/userexternal/ctica000/perf/with_IO/DCGP/800proc/perf_21271733/perf.data.rank208 (1296938 samples) ]
Warning:
Processed 1351310 events and lost 3 chunks!

Check IO/CPU overload!

Warning:
Processed 1347599 events and lost 6 chunks!

Check IO/CPU overload!

[ perf record: Captured and wrote 10490.742 MB /leonardo_scratch/large/userexternal/ctica000/perf/with_IO/DCGP/800proc/perf_21271733/perf.data.rank722 (1301979 samples) ]
[ perf record: Captured and wrote 10461.041 MB /leonardo_scratch/large/userexternal/ctica000/perf/with_IO/DCGP/800proc/perf_21271733/perf.data.rank637 (1298292 samples) ]
Warning:
Processed 1344115 events and lost 5 chunks!

Check IO/CPU overload!

[ perf record: Captured and wrote 10431.983 MB /leonardo_scratch/large/userexternal/ctica000/perf/with_IO/DCGP/800proc/perf_21271733/perf.data.rank266 (1294683 samples) ]
Warning:
Processed 1350315 events and lost 3 chunks!

Check IO/CPU overload!

[ perf record: Captured and wrote 10481.690 MB /leonardo_scratch/large/userexternal/ctica000/perf/with_IO/DCGP/800proc/perf_21271733/perf.data.rank638 (1300854 samples) ]
Warning:
Processed 1356225 events and lost 4 chunks!

Check IO/CPU overload!

Warning:
Processed 1341514 events and lost 6 chunks!

Check IO/CPU overload!

[ perf record: Captured and wrote 10528.150 MB /leonardo_scratch/large/userexternal/ctica000/perf/with_IO/DCGP/800proc/perf_21271733/perf.data.rank631 (1306621 samples) ]
Warning:
Processed 1352909 events and lost 3 chunks!

Check IO/CPU overload!

[ perf record: Captured and wrote 10412.500 MB /leonardo_scratch/large/userexternal/ctica000/perf/with_IO/DCGP/800proc/perf_21271733/perf.data.rank461 (1292265 samples) ]
[ perf record: Captured and wrote 10503.145 MB /leonardo_scratch/large/userexternal/ctica000/perf/with_IO/DCGP/800proc/perf_21271733/perf.data.rank697 (1303519 samples) ]
Warning:
Processed 1348652 events and lost 4 chunks!

Check IO/CPU overload!

[ perf record: Captured and wrote 10469.277 MB /leonardo_scratch/large/userexternal/ctica000/perf/with_IO/DCGP/800proc/perf_21271733/perf.data.rank666 (1299314 samples) ]
Warning:
Processed 1343960 events and lost 4 chunks!

Check IO/CPU overload!

[ perf record: Captured and wrote 10442.124 MB /leonardo_scratch/large/userexternal/ctica000/perf/with_IO/DCGP/800proc/perf_21271733/perf.data.rank636 (1295959 samples) ]
Warning:
Processed 1345912 events and lost 2 chunks!

Check IO/CPU overload!

Warning:
Processed 1351522 events and lost 7 chunks!

Check IO/CPU overload!

[ perf record: Captured and wrote 10446.676 MB /leonardo_scratch/large/userexternal/ctica000/perf/with_IO/DCGP/800proc/perf_21271733/perf.data.rank156 (1296507 samples) ]
[ perf record: Captured and wrote 10497.445 MB /leonardo_scratch/large/userexternal/ctica000/perf/with_IO/DCGP/800proc/perf_21271733/perf.data.rank793 (1302820 samples) ]
Warning:
Processed 1349727 events and lost 5 chunks!

Check IO/CPU overload!

[ perf record: Captured and wrote 10477.684 MB /leonardo_scratch/large/userexternal/ctica000/perf/with_IO/DCGP/800proc/perf_21271733/perf.data.rank283 (1300358 samples) ]
Warning:
Processed 1342574 events and lost 3 chunks!

Check IO/CPU overload!

[ perf record: Captured and wrote 10422.233 MB /leonardo_scratch/large/userexternal/ctica000/perf/with_IO/DCGP/800proc/perf_21271733/perf.data.rank277 (1293476 samples) ]
Warning:
Processed 1347991 events and lost 3 chunks!

Check IO/CPU overload!

Warning:
Processed 1346479 events and lost 4 chunks!

Check IO/CPU overload!

[ perf record: Captured and wrote 10464.064 MB /leonardo_scratch/large/userexternal/ctica000/perf/with_IO/DCGP/800proc/perf_21271733/perf.data.rank103 (1298667 samples) ]
[ perf record: Captured and wrote 10452.799 MB /leonardo_scratch/large/userexternal/ctica000/perf/with_IO/DCGP/800proc/perf_21271733/perf.data.rank602 (1297270 samples) ]
Warning:
Processed 1350768 events and lost 5 chunks!

Check IO/CPU overload!

[ perf record: Captured and wrote 10485.123 MB /leonardo_scratch/large/userexternal/ctica000/perf/with_IO/DCGP/800proc/perf_21271733/perf.data.rank769 (1301280 samples) ]
Warning:
Processed 1347887 events and lost 3 chunks!

Check IO/CPU overload!

[ perf record: Captured and wrote 10463.601 MB /leonardo_scratch/large/userexternal/ctica000/perf/with_IO/DCGP/800proc/perf_21271733/perf.data.rank291 (1298610 samples) ]
Warning:
Processed 1352411 events and lost 2 chunks!

Check IO/CPU overload!

[ perf record: Captured and wrote 10498.742 MB /leonardo_scratch/large/userexternal/ctica000/perf/with_IO/DCGP/800proc/perf_21271733/perf.data.rank552 (1302971 samples) ]
Warning:
Processed 1342051 events and lost 2 chunks!

Check IO/CPU overload!

[ perf record: Captured and wrote 10417.667 MB /leonardo_scratch/large/userexternal/ctica000/perf/with_IO/DCGP/800proc/perf_21271733/perf.data.rank102 (1292908 samples) ]
Warning:
Processed 1342945 events and lost 5 chunks!

Check IO/CPU overload!

[ perf record: Captured and wrote 10423.925 MB /leonardo_scratch/large/userexternal/ctica000/perf/with_IO/DCGP/800proc/perf_21271733/perf.data.rank219 (1293684 samples) ]
Warning:
Processed 1351199 events and lost 1 chunks!

Check IO/CPU overload!

Warning:
Processed 1348146 events and lost 5 chunks!

Check IO/CPU overload!

[ perf record: Captured and wrote 10495.166 MB /leonardo_scratch/large/userexternal/ctica000/perf/with_IO/DCGP/800proc/perf_21271733/perf.data.rank790 (1302537 samples) ]
[ perf record: Captured and wrote 10463.594 MB /leonardo_scratch/large/userexternal/ctica000/perf/with_IO/DCGP/800proc/perf_21271733/perf.data.rank135 (1298606 samples) ]
Warning:
Processed 1346627 events and lost 4 chunks!

Check IO/CPU overload!

[ perf record: Captured and wrote 10454.357 MB /leonardo_scratch/large/userexternal/ctica000/perf/with_IO/DCGP/800proc/perf_21271733/perf.data.rank676 (1297464 samples) ]
Warning:
Processed 1345275 events and lost 3 chunks!

Check IO/CPU overload!

[ perf record: Captured and wrote 10442.304 MB /leonardo_scratch/large/userexternal/ctica000/perf/with_IO/DCGP/800proc/perf_21271733/perf.data.rank125 (1295965 samples) ]
Warning:
Processed 1349882 events and lost 5 chunks!

Check IO/CPU overload!

[ perf record: Captured and wrote 10479.761 MB /leonardo_scratch/large/userexternal/ctica000/perf/with_IO/DCGP/800proc/perf_21271733/perf.data.rank404 (1300617 samples) ]
Warning:
Processed 1345439 events and lost 3 chunks!

Check IO/CPU overload!

[ perf record: Captured and wrote 10444.750 MB /leonardo_scratch/large/userexternal/ctica000/perf/with_IO/DCGP/800proc/perf_21271733/perf.data.rank445 (1296271 samples) ]
Warning:
Processed 1345203 events and lost 5 chunks!

Check IO/CPU overload!

Warning:
Processed 1351115 events and lost 6 chunks!

Check IO/CPU overload!

[ perf record: Captured and wrote 10443.462 MB /leonardo_scratch/large/userexternal/ctica000/perf/with_IO/DCGP/800proc/perf_21271733/perf.data.rank502 (1296112 samples) ]
[ perf record: Captured and wrote 10489.017 MB /leonardo_scratch/large/userexternal/ctica000/perf/with_IO/DCGP/800proc/perf_21271733/perf.data.rank285 (1301765 samples) ]
Warning:
Processed 1349829 events and lost 6 chunks!

Check IO/CPU overload!

[ perf record: Captured and wrote 10479.113 MB /leonardo_scratch/large/userexternal/ctica000/perf/with_IO/DCGP/800proc/perf_21271733/perf.data.rank439 (1300536 samples) ]
Warning:
Processed 1347952 events and lost 2 chunks!

Check IO/CPU overload!

[ perf record: Captured and wrote 10463.705 MB /leonardo_scratch/large/userexternal/ctica000/perf/with_IO/DCGP/800proc/perf_21271733/perf.data.rank532 (1298622 samples) ]
Warning:
Processed 1349400 events and lost 2 chunks!

Check IO/CPU overload!

[ perf record: Captured and wrote 10474.773 MB /leonardo_scratch/large/userexternal/ctica000/perf/with_IO/DCGP/800proc/perf_21271733/perf.data.rank187 (1299996 samples) ]
Warning:
Processed 1346657 events and lost 8 chunks!

Check IO/CPU overload!

Warning:
Processed 1351633 events and lost 4 chunks!

Check IO/CPU overload!

[ perf record: Captured and wrote 10452.379 MB /leonardo_scratch/large/userexternal/ctica000/perf/with_IO/DCGP/800proc/perf_21271733/perf.data.rank246 (1297215 samples) ]
[ perf record: Captured and wrote 10492.703 MB /leonardo_scratch/large/userexternal/ctica000/perf/with_IO/DCGP/800proc/perf_21271733/perf.data.rank734 (1302222 samples) ]
Warning:
Processed 1350508 events and lost 2 chunks!

Check IO/CPU overload!

[ perf record: Captured and wrote 10483.272 MB /leonardo_scratch/large/userexternal/ctica000/perf/with_IO/DCGP/800proc/perf_21271733/perf.data.rank150 (1301050 samples) ]
Warning:
Processed 1347953 events and lost 3 chunks!

Check IO/CPU overload!

[ perf record: Captured and wrote 10463.317 MB /leonardo_scratch/large/userexternal/ctica000/perf/with_IO/DCGP/800proc/perf_21271733/perf.data.rank180 (1298574 samples) ]
Warning:
Processed 1339011 events and lost 4 chunks!

Check IO/CPU overload!

Warning:
Processed 1344413 events and lost 6 chunks!

Check IO/CPU overload!

[ perf record: Captured and wrote 10393.630 MB /leonardo_scratch/large/userexternal/ctica000/perf/with_IO/DCGP/800proc/perf_21271733/perf.data.rank93 (1289924 samples) ]
[ perf record: Captured and wrote 10435.899 MB /leonardo_scratch/large/userexternal/ctica000/perf/with_IO/DCGP/800proc/perf_21271733/perf.data.rank641 (1295171 samples) ]
Warning:
Processed 1348212 events and lost 2 chunks!

Check IO/CPU overload!

[ perf record: Captured and wrote 10465.566 MB /leonardo_scratch/large/userexternal/ctica000/perf/with_IO/DCGP/800proc/perf_21271733/perf.data.rank105 (1298853 samples) ]
Warning:
Processed 1349155 events and lost 2 chunks!

Check IO/CPU overload!

[ perf record: Captured and wrote 10474.225 MB /leonardo_scratch/large/userexternal/ctica000/perf/with_IO/DCGP/800proc/perf_21271733/perf.data.rank688 (1299930 samples) ]
Warning:
Processed 1332869 events and lost 1 chunks!

Check IO/CPU overload!

Warning:
Processed 1342983 events and lost 1 chunks!

Check IO/CPU overload!

[ perf record: Captured and wrote 10344.780 MB /leonardo_scratch/large/userexternal/ctica000/perf/with_IO/DCGP/800proc/perf_21271733/perf.data.rank49 (1283859 samples) ]
[ perf record: Captured and wrote 10425.507 MB /leonardo_scratch/large/userexternal/ctica000/perf/with_IO/DCGP/800proc/perf_21271733/perf.data.rank583 (1293882 samples) ]
Warning:
Processed 1344220 events and lost 4 chunks!

Check IO/CPU overload!

[ perf record: Captured and wrote 10435.093 MB /leonardo_scratch/large/userexternal/ctica000/perf/with_IO/DCGP/800proc/perf_21271733/perf.data.rank471 (1295072 samples) ]
Warning:
Processed 1350788 events and lost 6 chunks!

Check IO/CPU overload!

[ perf record: Captured and wrote 10486.748 MB /leonardo_scratch/large/userexternal/ctica000/perf/with_IO/DCGP/800proc/perf_21271733/perf.data.rank299 (1301484 samples) ]
Warning:
Processed 1334866 events and lost 5 chunks!

Check IO/CPU overload!

[ perf record: Captured and wrote 10359.939 MB /leonardo_scratch/large/userexternal/ctica000/perf/with_IO/DCGP/800proc/perf_21271733/perf.data.rank65 (1285740 samples) ]
Warning:
Processed 1346515 events and lost 4 chunks!

Check IO/CPU overload!

Warning:
Processed 1340832 events and lost 2 chunks!

Check IO/CPU overload!

[ perf record: Captured and wrote 10453.256 MB /leonardo_scratch/large/userexternal/ctica000/perf/with_IO/DCGP/800proc/perf_21271733/perf.data.rank683 (1297327 samples) ]
[ perf record: Captured and wrote 10408.120 MB /leonardo_scratch/large/userexternal/ctica000/perf/with_IO/DCGP/800proc/perf_21271733/perf.data.rank199 (1291723 samples) ]
Warning:
Processed 1344753 events and lost 8 chunks!

Check IO/CPU overload!

[ perf record: Captured and wrote 10439.965 MB /leonardo_scratch/large/userexternal/ctica000/perf/with_IO/DCGP/800proc/perf_21271733/perf.data.rank477 (1295678 samples) ]
Warning:
Processed 1349127 events and lost 4 chunks!

Check IO/CPU overload!

[ perf record: Captured and wrote 10472.775 MB /leonardo_scratch/large/userexternal/ctica000/perf/with_IO/DCGP/800proc/perf_21271733/perf.data.rank176 (1299748 samples) ]
Warning:
Processed 1337894 events and lost 5 chunks!

Check IO/CPU overload!

[ perf record: Captured and wrote 10384.784 MB /leonardo_scratch/large/userexternal/ctica000/perf/with_IO/DCGP/800proc/perf_21271733/perf.data.rank75 (1288826 samples) ]
Warning:
Processed 1353718 events and lost 9 chunks!

Check IO/CPU overload!

[ perf record: Captured and wrote 10510.436 MB /leonardo_scratch/large/userexternal/ctica000/perf/with_IO/DCGP/800proc/perf_21271733/perf.data.rank480 (1304425 samples) ]
Warning:
Processed 1346885 events and lost 11 chunks!

Check IO/CPU overload!

[ perf record: Captured and wrote 10454.710 MB /leonardo_scratch/large/userexternal/ctica000/perf/with_IO/DCGP/800proc/perf_21271733/perf.data.rank250 (1297505 samples) ]
Warning:
Processed 1348309 events and lost 5 chunks!

Check IO/CPU overload!

[ perf record: Captured and wrote 10464.816 MB /leonardo_scratch/large/userexternal/ctica000/perf/with_IO/DCGP/800proc/perf_21271733/perf.data.rank257 (1298757 samples) ]
Warning:
Processed 1343876 events and lost 1 chunks!

Check IO/CPU overload!

[ perf record: Captured and wrote 10430.788 MB /leonardo_scratch/large/userexternal/ctica000/perf/with_IO/DCGP/800proc/perf_21271733/perf.data.rank158 (1294535 samples) ]
Warning:
Processed 1339467 events and lost 3 chunks!

Check IO/CPU overload!

Warning:
Processed 1337521 events and lost 4 chunks!

Check IO/CPU overload!

[ perf record: Captured and wrote 10396.666 MB /leonardo_scratch/large/userexternal/ctica000/perf/with_IO/DCGP/800proc/perf_21271733/perf.data.rank6 (1290300 samples) ]
[ perf record: Captured and wrote 10381.387 MB /leonardo_scratch/large/userexternal/ctica000/perf/with_IO/DCGP/800proc/perf_21271733/perf.data.rank3 (1288404 samples) ]
Warning:
Processed 1338287 events and lost 6 chunks!

Check IO/CPU overload!

[ perf record: Captured and wrote 10387.424 MB /leonardo_scratch/large/userexternal/ctica000/perf/with_IO/DCGP/800proc/perf_21271733/perf.data.rank7 (1289153 samples) ]
Warning:
Processed 1350945 events and lost 4 chunks!

Check IO/CPU overload!

[ perf record: Captured and wrote 10487.504 MB /leonardo_scratch/large/userexternal/ctica000/perf/with_IO/DCGP/800proc/perf_21271733/perf.data.rank434 (1301577 samples) ]
Warning:
Processed 1342154 events and lost 2 chunks!

Check IO/CPU overload!

[ perf record: Captured and wrote 10418.881 MB /leonardo_scratch/large/userexternal/ctica000/perf/with_IO/DCGP/800proc/perf_21271733/perf.data.rank539 (1293059 samples) ]
Warning:
Processed 1348381 events and lost 2 chunks!

Check IO/CPU overload!

[ perf record: Captured and wrote 10465.229 MB /leonardo_scratch/large/userexternal/ctica000/perf/with_IO/DCGP/800proc/perf_21271733/perf.data.rank130 (1298809 samples) ]
Warning:
Processed 1348879 events and lost 4 chunks!

Check IO/CPU overload!

[ perf record: Captured and wrote 10471.630 MB /leonardo_scratch/large/userexternal/ctica000/perf/with_IO/DCGP/800proc/perf_21271733/perf.data.rank447 (1299607 samples) ]
Warning:
Processed 1348694 events and lost 8 chunks!

Check IO/CPU overload!

Warning:
Processed 1355057 events and lost 3 chunks!

Check IO/CPU overload!

[ perf record: Captured and wrote 10469.670 MB /leonardo_scratch/large/userexternal/ctica000/perf/with_IO/DCGP/800proc/perf_21271733/perf.data.rank555 (1299363 samples) ]
[ perf record: Captured and wrote 10519.730 MB /leonardo_scratch/large/userexternal/ctica000/perf/with_IO/DCGP/800proc/perf_21271733/perf.data.rank295 (1305577 samples) ]
Warning:
Processed 1340428 events and lost 2 chunks!

Check IO/CPU overload!

[ perf record: Captured and wrote 10404.875 MB /leonardo_scratch/large/userexternal/ctica000/perf/with_IO/DCGP/800proc/perf_21271733/perf.data.rank92 (1291320 samples) ]
Warning:
Processed 1344719 events and lost 3 chunks!

Check IO/CPU overload!

[ perf record: Captured and wrote 10439.099 MB /leonardo_scratch/large/userexternal/ctica000/perf/with_IO/DCGP/800proc/perf_21271733/perf.data.rank287 (1295569 samples) ]
Warning:
Processed 1344764 events and lost 3 chunks!

Check IO/CPU overload!

[ perf record: Captured and wrote 10439.334 MB /leonardo_scratch/large/userexternal/ctica000/perf/with_IO/DCGP/800proc/perf_21271733/perf.data.rank368 (1295598 samples) ]
[ perf record: Captured and wrote 10456.061 MB /leonardo_scratch/large/userexternal/ctica000/perf/with_IO/DCGP/800proc/perf_21271733/perf.data.rank137 (1297672 samples) ]
Warning:
Processed 1344620 events and lost 3 chunks!

Check IO/CPU overload!

[ perf record: Captured and wrote 10438.987 MB /leonardo_scratch/large/userexternal/ctica000/perf/with_IO/DCGP/800proc/perf_21271733/perf.data.rank475 (1295557 samples) ]
Warning:
Processed 1344647 events and lost 10 chunks!

Check IO/CPU overload!

[ perf record: Captured and wrote 10438.614 MB /leonardo_scratch/large/userexternal/ctica000/perf/with_IO/DCGP/800proc/perf_21271733/perf.data.rank584 (1295509 samples) ]
Warning:
Processed 1335545 events and lost 1 chunks!

Check IO/CPU overload!

[ perf record: Captured and wrote 10365.240 MB /leonardo_scratch/large/userexternal/ctica000/perf/with_IO/DCGP/800proc/perf_21271733/perf.data.rank48 (1286398 samples) ]
Warning:
Processed 1346090 events and lost 7 chunks!

Check IO/CPU overload!

[ perf record: Captured and wrote 10449.605 MB /leonardo_scratch/large/userexternal/ctica000/perf/with_IO/DCGP/800proc/perf_21271733/perf.data.rank286 (1296873 samples) ]
Warning:
Processed 1338379 events and lost 3 chunks!

Check IO/CPU overload!

[ perf record: Captured and wrote 10388.646 MB /leonardo_scratch/large/userexternal/ctica000/perf/with_IO/DCGP/800proc/perf_21271733/perf.data.rank87 (1289305 samples) ]
Warning:
Processed 1348772 events and lost 4 chunks!

Check IO/CPU overload!

[ perf record: Captured and wrote 10471.557 MB /leonardo_scratch/large/userexternal/ctica000/perf/with_IO/DCGP/800proc/perf_21271733/perf.data.rank503 (1299599 samples) ]
Warning:
Processed 1335216 events and lost 2 chunks!

Check IO/CPU overload!

[ perf record: Captured and wrote 10363.829 MB /leonardo_scratch/large/userexternal/ctica000/perf/with_IO/DCGP/800proc/perf_21271733/perf.data.rank88 (1286225 samples) ]
Warning:
Processed 1345097 events and lost 3 chunks!

Check IO/CPU overload!

[ perf record: Captured and wrote 10442.597 MB /leonardo_scratch/large/userexternal/ctica000/perf/with_IO/DCGP/800proc/perf_21271733/perf.data.rank575 (1296004 samples) ]
Warning:
Processed 1354094 events and lost 4 chunks!

Check IO/CPU overload!

[ perf record: Captured and wrote 10512.854 MB /leonardo_scratch/large/userexternal/ctica000/perf/with_IO/DCGP/800proc/perf_21271733/perf.data.rank512 (1304724 samples) ]
Warning:
Processed 1348963 events and lost 8 chunks!

Check IO/CPU overload!

[ perf record: Captured and wrote 10471.781 MB /leonardo_scratch/large/userexternal/ctica000/perf/with_IO/DCGP/800proc/perf_21271733/perf.data.rank541 (1299625 samples) ]
Warning:
Processed 1348488 events and lost 2 chunks!

Check IO/CPU overload!

[ perf record: Captured and wrote 10467.440 MB /leonardo_scratch/large/userexternal/ctica000/perf/with_IO/DCGP/800proc/perf_21271733/perf.data.rank345 (1299085 samples) ]
Warning:
Processed 1336630 events and lost 2 chunks!

Check IO/CPU overload!

[ perf record: Captured and wrote 10374.483 MB /leonardo_scratch/large/userexternal/ctica000/perf/with_IO/DCGP/800proc/perf_21271733/perf.data.rank97 (1287547 samples) ]
Warning:
Processed 1338077 events and lost 1 chunks!

Check IO/CPU overload!

[ perf record: Captured and wrote 10385.466 MB /leonardo_scratch/large/userexternal/ctica000/perf/with_IO/DCGP/800proc/perf_21271733/perf.data.rank34 (1288909 samples) ]
Warning:
Processed 1349831 events and lost 7 chunks!

Check IO/CPU overload!

[ perf record: Captured and wrote 10478.135 MB /leonardo_scratch/large/userexternal/ctica000/perf/with_IO/DCGP/800proc/perf_21271733/perf.data.rank365 (1300413 samples) ]
Warning:
Processed 1342814 events and lost 4 chunks!

Check IO/CPU overload!

[ perf record: Captured and wrote 10423.403 MB /leonardo_scratch/large/userexternal/ctica000/perf/with_IO/DCGP/800proc/perf_21271733/perf.data.rank119 (1293620 samples) ]
Warning:
Processed 1343084 events and lost 4 chunks!

Check IO/CPU overload!

[ perf record: Captured and wrote 10427.336 MB /leonardo_scratch/large/userexternal/ctica000/perf/with_IO/DCGP/800proc/perf_21271733/perf.data.rank510 (1294110 samples) ]
Warning:
Processed 1350965 events and lost 5 chunks!

Check IO/CPU overload!

[ perf record: Captured and wrote 10486.934 MB /leonardo_scratch/large/userexternal/ctica000/perf/with_IO/DCGP/800proc/perf_21271733/perf.data.rank549 (1301505 samples) ]
Warning:
Processed 1338777 events and lost 1 chunks!

Check IO/CPU overload!

Warning:
Processed 1338768 events and lost 2 chunks!

Check IO/CPU overload!

[ perf record: Captured and wrote 10391.414 MB /leonardo_scratch/large/userexternal/ctica000/perf/with_IO/DCGP/800proc/perf_21271733/perf.data.rank23 (1289649 samples) ]
[ perf record: Captured and wrote 10390.829 MB /leonardo_scratch/large/userexternal/ctica000/perf/with_IO/DCGP/800proc/perf_21271733/perf.data.rank50 (1289575 samples) ]
Warning:
Processed 1340447 events and lost 3 chunks!

Check IO/CPU overload!

Warning:
Processed 1346309 events and lost 5 chunks!

Check IO/CPU overload!

Warning:
Processed 1348114 events and lost 2 chunks!

Check IO/CPU overload!

[ perf record: Captured and wrote 10404.344 MB /leonardo_scratch/large/userexternal/ctica000/perf/with_IO/DCGP/800proc/perf_21271733/perf.data.rank80 (1291253 samples) ]
[ perf record: Captured and wrote 10451.789 MB /leonardo_scratch/large/userexternal/ctica000/perf/with_IO/DCGP/800proc/perf_21271733/perf.data.rank692 (1297145 samples) ]
Warning:
Processed 1340971 events and lost 3 chunks!

Check IO/CPU overload!

[ perf record: Captured and wrote 10465.479 MB /leonardo_scratch/large/userexternal/ctica000/perf/with_IO/DCGP/800proc/perf_21271733/perf.data.rank211 (1298843 samples) ]
Warning:
Processed 1353238 events and lost 4 chunks!

Check IO/CPU overload!

[ perf record: Captured and wrote 10410.263 MB /leonardo_scratch/large/userexternal/ctica000/perf/with_IO/DCGP/800proc/perf_21271733/perf.data.rank593 (1291991 samples) ]
[ perf record: Captured and wrote 10505.931 MB /leonardo_scratch/large/userexternal/ctica000/perf/with_IO/DCGP/800proc/perf_21271733/perf.data.rank588 (1303865 samples) ]
Warning:
Processed 1337398 events and lost 2 chunks!

Check IO/CPU overload!

Warning:
Processed 1344676 events and lost 1 chunks!

Check IO/CPU overload!

[ perf record: Captured and wrote 10438.928 MB /leonardo_scratch/large/userexternal/ctica000/perf/with_IO/DCGP/800proc/perf_21271733/perf.data.rank369 (1295548 samples) ]
[ perf record: Captured and wrote 10379.519 MB /leonardo_scratch/large/userexternal/ctica000/perf/with_IO/DCGP/800proc/perf_21271733/perf.data.rank30 (1288170 samples) ]
Warning:
Processed 1342128 events and lost 1 chunks!

Check IO/CPU overload!

Warning:
Processed 1349170 events and lost 4 chunks!

Check IO/CPU overload!

[ perf record: Captured and wrote 10416.892 MB /leonardo_scratch/large/userexternal/ctica000/perf/with_IO/DCGP/800proc/perf_21271733/perf.data.rank85 (1292810 samples) ]
Warning:
Processed 1349006 events and lost 4 chunks!

Check IO/CPU overload!

[ perf record: Captured and wrote 10474.585 MB /leonardo_scratch/large/userexternal/ctica000/perf/with_IO/DCGP/800proc/perf_21271733/perf.data.rank490 (1299975 samples) ]
Warning:
Processed 1340872 events and lost 3 chunks!

Check IO/CPU overload!

Warning:
Processed 1347877 events and lost 6 chunks!

Check IO/CPU overload!

[ perf record: Captured and wrote 10472.108 MB /leonardo_scratch/large/userexternal/ctica000/perf/with_IO/DCGP/800proc/perf_21271733/perf.data.rank372 (1299665 samples) ]
[ perf record: Captured and wrote 10407.699 MB /leonardo_scratch/large/userexternal/ctica000/perf/with_IO/DCGP/800proc/perf_21271733/perf.data.rank91 (1291670 samples) ]
[ perf record: Captured and wrote 10463.147 MB /leonardo_scratch/large/userexternal/ctica000/perf/with_IO/DCGP/800proc/perf_21271733/perf.data.rank627 (1298553 samples) ]
Warning:
Processed 1343636 events and lost 3 chunks!

Check IO/CPU overload!

[ perf record: Captured and wrote 10431.027 MB /leonardo_scratch/large/userexternal/ctica000/perf/with_IO/DCGP/800proc/perf_21271733/perf.data.rank620 (1294568 samples) ]
Warning:
Processed 1353272 events and lost 4 chunks!

Check IO/CPU overload!

Warning:
Processed 1347312 events and lost 4 chunks!

Check IO/CPU overload!

Warning:
Processed 1348709 events and lost 3 chunks!

Check IO/CPU overload!

Warning:
Processed 1345284 events and lost 4 chunks!

Check IO/CPU overload!

[ perf record: Captured and wrote 10505.938 MB /leonardo_scratch/large/userexternal/ctica000/perf/with_IO/DCGP/800proc/perf_21271733/perf.data.rank279 (1303865 samples) ]
[ perf record: Captured and wrote 10458.220 MB /leonardo_scratch/large/userexternal/ctica000/perf/with_IO/DCGP/800proc/perf_21271733/perf.data.rank426 (1297941 samples) ]
[ perf record: Captured and wrote 10470.405 MB /leonardo_scratch/large/userexternal/ctica000/perf/with_IO/DCGP/800proc/perf_21271733/perf.data.rank414 (1299455 samples) ]
[ perf record: Captured and wrote 10444.300 MB /leonardo_scratch/large/userexternal/ctica000/perf/with_IO/DCGP/800proc/perf_21271733/perf.data.rank487 (1296216 samples) ]
Warning:
Processed 1344579 events and lost 4 chunks!

Check IO/CPU overload!

Warning:
Processed 1349105 events and lost 8 chunks!

Check IO/CPU overload!

[ perf record: Captured and wrote 10473.603 MB /leonardo_scratch/large/userexternal/ctica000/perf/with_IO/DCGP/800proc/perf_21271733/perf.data.rank508 (1299852 samples) ]
[ perf record: Captured and wrote 10437.496 MB /leonardo_scratch/large/userexternal/ctica000/perf/with_IO/DCGP/800proc/perf_21271733/perf.data.rank625 (1295370 samples) ]
Warning:
Processed 1346302 events and lost 6 chunks!

Check IO/CPU overload!

Warning:
Processed 1347379 events and lost 6 chunks!

Check IO/CPU overload!

Warning:
Processed 1342681 events and lost 3 chunks!

Check IO/CPU overload!

[ perf record: Captured and wrote 10450.614 MB /leonardo_scratch/large/userexternal/ctica000/perf/with_IO/DCGP/800proc/perf_21271733/perf.data.rank572 (1296997 samples) ]
[ perf record: Captured and wrote 10460.870 MB /leonardo_scratch/large/userexternal/ctica000/perf/with_IO/DCGP/800proc/perf_21271733/perf.data.rank497 (1298273 samples) ]
Warning:
Processed 1348137 events and lost 4 chunks!

Check IO/CPU overload!

Warning:
Processed 1341360 events and lost 2 chunks!

Check IO/CPU overload!

[ perf record: Captured and wrote 10421.680 MB /leonardo_scratch/large/userexternal/ctica000/perf/with_IO/DCGP/800proc/perf_21271733/perf.data.rank21 (1293405 samples) ]
[ perf record: Captured and wrote 10466.363 MB /leonardo_scratch/large/userexternal/ctica000/perf/with_IO/DCGP/800proc/perf_21271733/perf.data.rank382 (1298954 samples) ]
[ perf record: Captured and wrote 10410.755 MB /leonardo_scratch/large/userexternal/ctica000/perf/with_IO/DCGP/800proc/perf_21271733/perf.data.rank167 (1292048 samples) ]
Warning:
Processed 1343697 events and lost 3 chunks!

Check IO/CPU overload!

Warning:
Processed 1348412 events and lost 3 chunks!

Check IO/CPU overload!

[ perf record: Captured and wrote 10431.699 MB /leonardo_scratch/large/userexternal/ctica000/perf/with_IO/DCGP/800proc/perf_21271733/perf.data.rank438 (1294651 samples) ]
Warning:
Processed 1351942 events and lost 9 chunks!

Check IO/CPU overload!

[ perf record: Captured and wrote 10467.805 MB /leonardo_scratch/large/userexternal/ctica000/perf/with_IO/DCGP/800proc/perf_21271733/perf.data.rank454 (1299132 samples) ]
[ perf record: Captured and wrote 10494.732 MB /leonardo_scratch/large/userexternal/ctica000/perf/with_IO/DCGP/800proc/perf_21271733/perf.data.rank554 (1302473 samples) ]
Warning:
Processed 1346912 events and lost 3 chunks!

Check IO/CPU overload!

Warning:
Processed 1353533 events and lost 4 chunks!

Check IO/CPU overload!

[ perf record: Captured and wrote 10455.499 MB /leonardo_scratch/large/userexternal/ctica000/perf/with_IO/DCGP/800proc/perf_21271733/perf.data.rank214 (1297604 samples) ]
[ perf record: Captured and wrote 10507.823 MB /leonardo_scratch/large/userexternal/ctica000/perf/with_IO/DCGP/800proc/perf_21271733/perf.data.rank578 (1304099 samples) ]
Warning:
Processed 1344209 events and lost 2 chunks!

Check IO/CPU overload!

[ perf record: Captured and wrote 10435.538 MB /leonardo_scratch/large/userexternal/ctica000/perf/with_IO/DCGP/800proc/perf_21271733/perf.data.rank580 (1295128 samples) ]
Warning:
Processed 1343496 events and lost 5 chunks!

Check IO/CPU overload!

[ perf record: Captured and wrote 10426.943 MB /leonardo_scratch/large/userexternal/ctica000/perf/with_IO/DCGP/800proc/perf_21271733/perf.data.rank32 (1294056 samples) ]
Warning:
Processed 1345788 events and lost 5 chunks!

Check IO/CPU overload!

[ perf record: Captured and wrote 10447.051 MB /leonardo_scratch/large/userexternal/ctica000/perf/with_IO/DCGP/800proc/perf_21271733/perf.data.rank308 (1296556 samples) ]
Warning:
Processed 1349876 events and lost 6 chunks!

Check IO/CPU overload!

[ perf record: Captured and wrote 10479.221 MB /leonardo_scratch/large/userexternal/ctica000/perf/with_IO/DCGP/800proc/perf_21271733/perf.data.rank430 (1300549 samples) ]
Warning:
Processed 1344657 events and lost 5 chunks!

Check IO/CPU overload!

Warning:
Processed 1346624 events and lost 3 chunks!

Check IO/CPU overload!

[ perf record: Captured and wrote 10438.196 MB /leonardo_scratch/large/userexternal/ctica000/perf/with_IO/DCGP/800proc/perf_21271733/perf.data.rank328 (1295456 samples) ]
[ perf record: Captured and wrote 10453.278 MB /leonardo_scratch/large/userexternal/ctica000/perf/with_IO/DCGP/800proc/perf_21271733/perf.data.rank184 (1297328 samples) ]
Warning:
Processed 1341255 events and lost 3 chunks!

Check IO/CPU overload!

[ perf record: Captured and wrote 10411.229 MB /leonardo_scratch/large/userexternal/ctica000/perf/with_IO/DCGP/800proc/perf_21271733/perf.data.rank193 (1292109 samples) ]
Warning:
Processed 1352397 events and lost 2 chunks!

Check IO/CPU overload!

[ perf record: Captured and wrote 10496.954 MB /leonardo_scratch/large/userexternal/ctica000/perf/with_IO/DCGP/800proc/perf_21271733/perf.data.rank229 (1302747 samples) ]
Warning:
Processed 1346995 events and lost 3 chunks!

Check IO/CPU overload!

Warning:
Processed 1346307 events and lost 4 chunks!

Check IO/CPU overload!

[ perf record: Captured and wrote 10454.826 MB /leonardo_scratch/large/userexternal/ctica000/perf/with_IO/DCGP/800proc/perf_21271733/perf.data.rank172 (1297518 samples) ]
[ perf record: Captured and wrote 10449.907 MB /leonardo_scratch/large/userexternal/ctica000/perf/with_IO/DCGP/800proc/perf_21271733/perf.data.rank147 (1296908 samples) ]
Warning:
Processed 1346831 events and lost 7 chunks!

Check IO/CPU overload!

[ perf record: Captured and wrote 10455.040 MB /leonardo_scratch/large/userexternal/ctica000/perf/with_IO/DCGP/800proc/perf_21271733/perf.data.rank350 (1297547 samples) ]
Warning:
Processed 1344610 events and lost 7 chunks!

Check IO/CPU overload!

Warning:
Processed 1347430 events and lost 6 chunks!

Check IO/CPU overload!

[ perf record: Captured and wrote 10439.070 MB /leonardo_scratch/large/userexternal/ctica000/perf/with_IO/DCGP/800proc/perf_21271733/perf.data.rank476 (1295567 samples) ]
[ perf record: Captured and wrote 10458.623 MB /leonardo_scratch/large/userexternal/ctica000/perf/with_IO/DCGP/800proc/perf_21271733/perf.data.rank145 (1297990 samples) ]
Warning:
Processed 1346771 events and lost 3 chunks!

Check IO/CPU overload!

[ perf record: Captured and wrote 10452.783 MB /leonardo_scratch/large/userexternal/ctica000/perf/with_IO/DCGP/800proc/perf_21271733/perf.data.rank131 (1297264 samples) ]
Warning:
Processed 1348061 events and lost 4 chunks!

Check IO/CPU overload!

[ perf record: Captured and wrote 10466.037 MB /leonardo_scratch/large/userexternal/ctica000/perf/with_IO/DCGP/800proc/perf_21271733/perf.data.rank494 (1298914 samples) ]
Warning:
Processed 1344551 events and lost 5 chunks!

Check IO/CPU overload!

Warning:
Processed 1343740 events and lost 1 chunks!

Check IO/CPU overload!

[ perf record: Captured and wrote 10435.569 MB /leonardo_scratch/large/userexternal/ctica000/perf/with_IO/DCGP/800proc/perf_21271733/perf.data.rank226 (1295128 samples) ]
[ perf record: Captured and wrote 10430.817 MB /leonardo_scratch/large/userexternal/ctica000/perf/with_IO/DCGP/800proc/perf_21271733/perf.data.rank200 (1294540 samples) ]
Warning:
Processed 1337343 events and lost 6 chunks!

Check IO/CPU overload!

[ perf record: Captured and wrote 10381.070 MB /leonardo_scratch/large/userexternal/ctica000/perf/with_IO/DCGP/800proc/perf_21271733/perf.data.rank109 (1288366 samples) ]
Warning:
Processed 1347241 events and lost 5 chunks!

Check IO/CPU overload!

[ perf record: Captured and wrote 10457.158 MB /leonardo_scratch/large/userexternal/ctica000/perf/with_IO/DCGP/800proc/perf_21271733/perf.data.rank268 (1297808 samples) ]
Warning:
Processed 1352376 events and lost 1 chunks!

Check IO/CPU overload!

[ perf record: Captured and wrote 10497.972 MB /leonardo_scratch/large/userexternal/ctica000/perf/with_IO/DCGP/800proc/perf_21271733/perf.data.rank528 (1302875 samples) ]
Warning:
Processed 1351366 events and lost 4 chunks!

Check IO/CPU overload!

[ perf record: Captured and wrote 10490.034 MB /leonardo_scratch/large/userexternal/ctica000/perf/with_IO/DCGP/800proc/perf_21271733/perf.data.rank366 (1301890 samples) ]
Warning:
Processed 1339700 events and lost 8 chunks!

Check IO/CPU overload!

Warning:
Processed 1345210 events and lost 3 chunks!

Check IO/CPU overload!

[ perf record: Captured and wrote 10398.185 MB /leonardo_scratch/large/userexternal/ctica000/perf/with_IO/DCGP/800proc/perf_21271733/perf.data.rank233 (1290488 samples) ]
[ perf record: Captured and wrote 10442.152 MB /leonardo_scratch/large/userexternal/ctica000/perf/with_IO/DCGP/800proc/perf_21271733/perf.data.rank221 (1295947 samples) ]
Warning:
Processed 1346935 events and lost 2 chunks!

Check IO/CPU overload!

[ perf record: Captured and wrote 10455.443 MB /leonardo_scratch/large/userexternal/ctica000/perf/with_IO/DCGP/800proc/perf_21271733/perf.data.rank568 (1297596 samples) ]
Warning:
Processed 1351760 events and lost 10 chunks!

Check IO/CPU overload!

[ perf record: Captured and wrote 10494.246 MB /leonardo_scratch/large/userexternal/ctica000/perf/with_IO/DCGP/800proc/perf_21271733/perf.data.rank280 (1302414 samples) ]
Warning:
Processed 1342678 events and lost 3 chunks!

Check IO/CPU overload!

[ perf record: Captured and wrote 10422.582 MB /leonardo_scratch/large/userexternal/ctica000/perf/with_IO/DCGP/800proc/perf_21271733/perf.data.rank177 (1293518 samples) ]
Warning:
Processed 1344764 events and lost 8 chunks!

Check IO/CPU overload!

Warning:
Processed 1353839 events and lost 3 chunks!

Check IO/CPU overload!

[ perf record: Captured and wrote 10438.848 MB /leonardo_scratch/large/userexternal/ctica000/perf/with_IO/DCGP/800proc/perf_21271733/perf.data.rank551 (1295537 samples) ]
[ perf record: Captured and wrote 10509.880 MB /leonardo_scratch/large/userexternal/ctica000/perf/with_IO/DCGP/800proc/perf_21271733/perf.data.rank435 (1304354 samples) ]
Warning:
Processed 1347323 events and lost 6 chunks!

Check IO/CPU overload!

[ perf record: Captured and wrote 10458.484 MB /leonardo_scratch/large/userexternal/ctica000/perf/with_IO/DCGP/800proc/perf_21271733/perf.data.rank120 (1297974 samples) ]
Warning:
Processed 1350469 events and lost 4 chunks!

Check IO/CPU overload!

[ perf record: Captured and wrote 10483.756 MB /leonardo_scratch/large/userexternal/ctica000/perf/with_IO/DCGP/800proc/perf_21271733/perf.data.rank564 (1301111 samples) ]
Warning:
Processed 1350327 events and lost 4 chunks!

Check IO/CPU overload!

[ perf record: Captured and wrote 10480.930 MB /leonardo_scratch/large/userexternal/ctica000/perf/with_IO/DCGP/800proc/perf_21271733/perf.data.rank128 (1300758 samples) ]
Warning:
Processed 1352163 events and lost 4 chunks!

Check IO/CPU overload!

[ perf record: Captured and wrote 10496.314 MB /leonardo_scratch/large/userexternal/ctica000/perf/with_IO/DCGP/800proc/perf_21271733/perf.data.rank728 (1302669 samples) ]
Warning:
Processed 1345090 events and lost 3 chunks!

Check IO/CPU overload!

[ perf record: Captured and wrote 10442.404 MB /leonardo_scratch/large/userexternal/ctica000/perf/with_IO/DCGP/800proc/perf_21271733/perf.data.rank705 (1295980 samples) ]
Warning:
Processed 1347162 events and lost 2 chunks!

Check IO/CPU overload!

[ perf record: Captured and wrote 10457.705 MB /leonardo_scratch/large/userexternal/ctica000/perf/with_IO/DCGP/800proc/perf_21271733/perf.data.rank175 (1297878 samples) ]
Warning:
Processed 1338038 events and lost 3 chunks!

Check IO/CPU overload!

[ perf record: Captured and wrote 10385.098 MB /leonardo_scratch/large/userexternal/ctica000/perf/with_IO/DCGP/800proc/perf_21271733/perf.data.rank73 (1288863 samples) ]
Warning:
Processed 1345435 events and lost 5 chunks!

Check IO/CPU overload!

[ perf record: Captured and wrote 10443.997 MB /leonardo_scratch/large/userexternal/ctica000/perf/with_IO/DCGP/800proc/perf_21271733/perf.data.rank203 (1296176 samples) ]
Warning:
Processed 1351138 events and lost 10 chunks!

Check IO/CPU overload!

[ perf record: Captured and wrote 10487.916 MB /leonardo_scratch/large/userexternal/ctica000/perf/with_IO/DCGP/800proc/perf_21271733/perf.data.rank330 (1301627 samples) ]
Warning:
Processed 1349107 events and lost 7 chunks!

Check IO/CPU overload!

[ perf record: Captured and wrote 10472.667 MB /leonardo_scratch/large/userexternal/ctica000/perf/with_IO/DCGP/800proc/perf_21271733/perf.data.rank574 (1299734 samples) ]
[ perf record: Captured and wrote 10471.631 MB /leonardo_scratch/large/userexternal/ctica000/perf/with_IO/DCGP/800proc/perf_21271733/perf.data.rank764 (1299606 samples) ]
Warning:
Processed 1344144 events and lost 6 chunks!

Check IO/CPU overload!

[ perf record: Captured and wrote 10440.067 MB /leonardo_scratch/large/userexternal/ctica000/perf/with_IO/DCGP/800proc/perf_21271733/perf.data.rank791 (1295698 samples) ]
Warning:
Processed 1347857 events and lost 3 chunks!

Check IO/CPU overload!

Warning:
Processed 1348694 events and lost 4 chunks!

Check IO/CPU overload!

[ perf record: Captured and wrote 10463.820 MB /leonardo_scratch/large/userexternal/ctica000/perf/with_IO/DCGP/800proc/perf_21271733/perf.data.rank464 (1298638 samples) ]
[ perf record: Captured and wrote 10468.343 MB /leonardo_scratch/large/userexternal/ctica000/perf/with_IO/DCGP/800proc/perf_21271733/perf.data.rank155 (1299196 samples) ]
Warning:
Processed 1344637 events and lost 2 chunks!

Check IO/CPU overload!

[ perf record: Captured and wrote 10438.720 MB /leonardo_scratch/large/userexternal/ctica000/perf/with_IO/DCGP/800proc/perf_21271733/perf.data.rank402 (1295523 samples) ]
Warning:
Processed 1351494 events and lost 5 chunks!

Check IO/CPU overload!

[ perf record: Captured and wrote 10491.739 MB /leonardo_scratch/large/userexternal/ctica000/perf/with_IO/DCGP/800proc/perf_21271733/perf.data.rank282 (1302103 samples) ]
Warning:
Processed 1347428 events and lost 3 chunks!

Check IO/CPU overload!

[ perf record: Captured and wrote 10458.963 MB /leonardo_scratch/large/userexternal/ctica000/perf/with_IO/DCGP/800proc/perf_21271733/perf.data.rank428 (1298033 samples) ]
Warning:
Processed 1352993 events and lost 6 chunks!

Check IO/CPU overload!

[ perf record: Captured and wrote 10503.993 MB /leonardo_scratch/large/userexternal/ctica000/perf/with_IO/DCGP/800proc/perf_21271733/perf.data.rank702 (1303624 samples) ]
Warning:
Processed 1346095 events and lost 5 chunks!

Check IO/CPU overload!

[ perf record: Captured and wrote 10449.405 MB /leonardo_scratch/large/userexternal/ctica000/perf/with_IO/DCGP/800proc/perf_21271733/perf.data.rank455 (1296848 samples) ]
Warning:
Processed 1336208 events and lost 6 chunks!

Check IO/CPU overload!

[ perf record: Captured and wrote 10370.596 MB /leonardo_scratch/large/userexternal/ctica000/perf/with_IO/DCGP/800proc/perf_21271733/perf.data.rank13 (1287064 samples) ]
Warning:
Processed 1336056 events and lost 2 chunks!

Check IO/CPU overload!

Warning:
Processed 1350732 events and lost 6 chunks!

Check IO/CPU overload!

[ perf record: Captured and wrote 10369.734 MB /leonardo_scratch/large/userexternal/ctica000/perf/with_IO/DCGP/800proc/perf_21271733/perf.data.rank31 (1286957 samples) ]
[ perf record: Captured and wrote 10485.333 MB /leonardo_scratch/large/userexternal/ctica000/perf/with_IO/DCGP/800proc/perf_21271733/perf.data.rank544 (1301306 samples) ]
Warning:
Processed 1340186 events and lost 2 chunks!

Check IO/CPU overload!

[ perf record: Captured and wrote 10402.178 MB /leonardo_scratch/large/userexternal/ctica000/perf/with_IO/DCGP/800proc/perf_21271733/perf.data.rank22 (1290984 samples) ]
Warning:
Processed 1342974 events and lost 5 chunks!

Check IO/CPU overload!

[ perf record: Captured and wrote 10423.930 MB /leonardo_scratch/large/userexternal/ctica000/perf/with_IO/DCGP/800proc/perf_21271733/perf.data.rank16 (1293684 samples) ]
Warning:
Processed 1335917 events and lost 4 chunks!

Check IO/CPU overload!

[ perf record: Captured and wrote 10367.775 MB /leonardo_scratch/large/userexternal/ctica000/perf/with_IO/DCGP/800proc/perf_21271733/perf.data.rank5 (1286713 samples) ]
Warning:
Processed 1346507 events and lost 2 chunks!

Check IO/CPU overload!

[ perf record: Captured and wrote 10452.352 MB /leonardo_scratch/large/userexternal/ctica000/perf/with_IO/DCGP/800proc/perf_21271733/perf.data.rank122 (1297213 samples) ]
Warning:
Processed 1338607 events and lost 4 chunks!

Check IO/CPU overload!

Warning:
Processed 1342428 events and lost 1 chunks!

Check IO/CPU overload!

[ perf record: Captured and wrote 10389.938 MB /leonardo_scratch/large/userexternal/ctica000/perf/with_IO/DCGP/800proc/perf_21271733/perf.data.rank77 (1289465 samples) ]
[ perf record: Captured and wrote 10418.759 MB /leonardo_scratch/large/userexternal/ctica000/perf/with_IO/DCGP/800proc/perf_21271733/perf.data.rank228 (1293041 samples) ]
Warning:
Processed 1334754 events and lost 1 chunks!

Check IO/CPU overload!

[ perf record: Captured and wrote 10358.978 MB /leonardo_scratch/large/userexternal/ctica000/perf/with_IO/DCGP/800proc/perf_21271733/perf.data.rank66 (1285621 samples) ]
Warning:
Processed 1347175 events and lost 9 chunks!

Check IO/CPU overload!

[ perf record: Captured and wrote 10457.475 MB /leonardo_scratch/large/userexternal/ctica000/perf/with_IO/DCGP/800proc/perf_21271733/perf.data.rank557 (1297849 samples) ]
Warning:
Processed 1344670 events and lost 2 chunks!

Check IO/CPU overload!

[ perf record: Captured and wrote 10439.538 MB /leonardo_scratch/large/userexternal/ctica000/perf/with_IO/DCGP/800proc/perf_21271733/perf.data.rank486 (1295625 samples) ]
Warning:
Processed 1349283 events and lost 5 chunks!

Check IO/CPU overload!

[ perf record: Captured and wrote 10473.066 MB /leonardo_scratch/large/userexternal/ctica000/perf/with_IO/DCGP/800proc/perf_21271733/perf.data.rank546 (1299783 samples) ]
Warning:
Processed 1336899 events and lost 7 chunks!

Check IO/CPU overload!

[ perf record: Captured and wrote 10375.643 MB /leonardo_scratch/large/userexternal/ctica000/perf/with_IO/DCGP/800proc/perf_21271733/perf.data.rank56 (1287689 samples) ]
Warning:
Processed 1346371 events and lost 3 chunks!

Check IO/CPU overload!

[ perf record: Captured and wrote 10451.021 MB /leonardo_scratch/large/userexternal/ctica000/perf/with_IO/DCGP/800proc/perf_21271733/perf.data.rank223 (1297048 samples) ]
Warning:
Processed 1344955 events and lost 6 chunks!

Check IO/CPU overload!

[ perf record: Captured and wrote 10438.938 MB /leonardo_scratch/large/userexternal/ctica000/perf/with_IO/DCGP/800proc/perf_21271733/perf.data.rank238 (1295546 samples) ]
Warning:
Processed 1344601 events and lost 7 chunks!

Check IO/CPU overload!

[ perf record: Captured and wrote 10437.987 MB /leonardo_scratch/large/userexternal/ctica000/perf/with_IO/DCGP/800proc/perf_21271733/perf.data.rank599 (1295431 samples) ]
Warning:
Processed 1344634 events and lost 4 chunks!

Check IO/CPU overload!

[ perf record: Captured and wrote 10437.737 MB /leonardo_scratch/large/userexternal/ctica000/perf/with_IO/DCGP/800proc/perf_21271733/perf.data.rank113 (1295399 samples) ]
Warning:
Processed 1350281 events and lost 6 chunks!

Check IO/CPU overload!

[ perf record: Captured and wrote 10483.389 MB /leonardo_scratch/large/userexternal/ctica000/perf/with_IO/DCGP/800proc/perf_21271733/perf.data.rank478 (1301068 samples) ]
Warning:
Processed 1349776 events and lost 6 chunks!

Check IO/CPU overload!

[ perf record: Captured and wrote 10478.885 MB /leonardo_scratch/large/userexternal/ctica000/perf/with_IO/DCGP/800proc/perf_21271733/perf.data.rank597 (1300508 samples) ]
Warning:
Processed 1345211 events and lost 8 chunks!

Check IO/CPU overload!

[ perf record: Captured and wrote 10441.156 MB /leonardo_scratch/large/userexternal/ctica000/perf/with_IO/DCGP/800proc/perf_21271733/perf.data.rank543 (1295822 samples) ]
Warning:
Processed 1343246 events and lost 10 chunks!

Check IO/CPU overload!

Warning:
Processed 1344810 events and lost 10 chunks!

Check IO/CPU overload!

[ perf record: Captured and wrote 10425.530 MB /leonardo_scratch/large/userexternal/ctica000/perf/with_IO/DCGP/800proc/perf_21271733/perf.data.rank255 (1293882 samples) ]
[ perf record: Captured and wrote 10438.932 MB /leonardo_scratch/large/userexternal/ctica000/perf/with_IO/DCGP/800proc/perf_21271733/perf.data.rank205 (1295548 samples) ]
Warning:
Processed 1330793 events and lost 5 chunks!

Check IO/CPU overload!

[ perf record: Captured and wrote 10328.892 MB /leonardo_scratch/large/userexternal/ctica000/perf/with_IO/DCGP/800proc/perf_21271733/perf.data.rank11 (1281888 samples) ]
Warning:
Processed 1349649 events and lost 9 chunks!

Check IO/CPU overload!

[ perf record: Captured and wrote 10477.132 MB /leonardo_scratch/large/userexternal/ctica000/perf/with_IO/DCGP/800proc/perf_21271733/perf.data.rank340 (1300289 samples) ]
Warning:
Processed 1344818 events and lost 4 chunks!

Check IO/CPU overload!

[ perf record: Captured and wrote 10437.490 MB /leonardo_scratch/large/userexternal/ctica000/perf/with_IO/DCGP/800proc/perf_21271733/perf.data.rank171 (1295366 samples) ]
Warning:
Processed 1341465 events and lost 5 chunks!

Check IO/CPU overload!

[ perf record: Captured and wrote 10411.272 MB /leonardo_scratch/large/userexternal/ctica000/perf/with_IO/DCGP/800proc/perf_21271733/perf.data.rank152 (1292112 samples) ]
Warning:
Processed 1347409 events and lost 2 chunks!

Check IO/CPU overload!

[ perf record: Captured and wrote 10459.679 MB /leonardo_scratch/large/userexternal/ctica000/perf/with_IO/DCGP/800proc/perf_21271733/perf.data.rank118 (1298123 samples) ]
Warning:
Processed 1344529 events and lost 2 chunks!

Check IO/CPU overload!

Warning:
Processed 1341587 events and lost 5 chunks!

Check IO/CPU overload!

[ perf record: Captured and wrote 10437.975 MB /leonardo_scratch/large/userexternal/ctica000/perf/with_IO/DCGP/800proc/perf_21271733/perf.data.rank441 (1295430 samples) ]
[ perf record: Captured and wrote 10414.356 MB /leonardo_scratch/large/userexternal/ctica000/perf/with_IO/DCGP/800proc/perf_21271733/perf.data.rank275 (1292498 samples) ]
Warning:
Processed 1349484 events and lost 6 chunks!

Check IO/CPU overload!

[ perf record: Captured and wrote 10477.054 MB /leonardo_scratch/large/userexternal/ctica000/perf/with_IO/DCGP/800proc/perf_21271733/perf.data.rank422 (1300281 samples) ]
Warning:
Processed 1347299 events and lost 3 chunks!

Check IO/CPU overload!

[ perf record: Captured and wrote 10458.590 MB /leonardo_scratch/large/userexternal/ctica000/perf/with_IO/DCGP/800proc/perf_21271733/perf.data.rank189 (1297988 samples) ]
Warning:
Processed 1348738 events and lost 1 chunks!

Check IO/CPU overload!

Warning:
Processed 1336700 events and lost 4 chunks!

Check IO/CPU overload!

[ perf record: Captured and wrote 10469.648 MB /leonardo_scratch/large/userexternal/ctica000/perf/with_IO/DCGP/800proc/perf_21271733/perf.data.rank179 (1299360 samples) ]
[ perf record: Captured and wrote 10375.025 MB /leonardo_scratch/large/userexternal/ctica000/perf/with_IO/DCGP/800proc/perf_21271733/perf.data.rank79 (1287614 samples) ]
Warning:
Processed 1336324 events and lost 6 chunks!

Check IO/CPU overload!

Warning:
Processed 1345290 events and lost 4 chunks!

Check IO/CPU overload!

[ perf record: Captured and wrote 10371.025 MB /leonardo_scratch/large/userexternal/ctica000/perf/with_IO/DCGP/800proc/perf_21271733/perf.data.rank41 (1287116 samples) ]
[ perf record: Captured and wrote 10441.029 MB /leonardo_scratch/large/userexternal/ctica000/perf/with_IO/DCGP/800proc/perf_21271733/perf.data.rank134 (1295805 samples) ]
Warning:
Processed 1347201 events and lost 5 chunks!

Check IO/CPU overload!

[ perf record: Captured and wrote 10456.705 MB /leonardo_scratch/large/userexternal/ctica000/perf/with_IO/DCGP/800proc/perf_21271733/perf.data.rank174 (1297752 samples) ]
Warning:
Processed 1345747 events and lost 4 chunks!

Check IO/CPU overload!

[ perf record: Captured and wrote 10447.411 MB /leonardo_scratch/large/userexternal/ctica000/perf/with_IO/DCGP/800proc/perf_21271733/perf.data.rank450 (1296601 samples) ]
Warning:
Processed 1348666 events and lost 9 chunks!

Check IO/CPU overload!

[ perf record: Captured and wrote 10467.747 MB /leonardo_scratch/large/userexternal/ctica000/perf/with_IO/DCGP/800proc/perf_21271733/perf.data.rank260 (1299122 samples) ]
Warning:
Processed 1338788 events and lost 4 chunks!

Check IO/CPU overload!

[ perf record: Captured and wrote 10389.922 MB /leonardo_scratch/large/userexternal/ctica000/perf/with_IO/DCGP/800proc/perf_21271733/perf.data.rank63 (1289461 samples) ]
Warning:
Processed 1340023 events and lost 3 chunks!

Check IO/CPU overload!

[ perf record: Captured and wrote 10399.999 MB /leonardo_scratch/large/userexternal/ctica000/perf/with_IO/DCGP/800proc/perf_21271733/perf.data.rank28 (1290712 samples) ]
Warning:
Processed 1335058 events and lost 3 chunks!

Check IO/CPU overload!

[ perf record: Captured and wrote 10360.761 MB /leonardo_scratch/large/userexternal/ctica000/perf/with_IO/DCGP/800proc/perf_21271733/perf.data.rank1 (1285842 samples) ]
Warning:
Processed 1346412 events and lost 2 chunks!

Check IO/CPU overload!

[ perf record: Captured and wrote 10452.485 MB /leonardo_scratch/large/userexternal/ctica000/perf/with_IO/DCGP/800proc/perf_21271733/perf.data.rank413 (1297231 samples) ]
Warning:
Processed 1348387 events and lost 4 chunks!

Check IO/CPU overload!

[ perf record: Captured and wrote 10466.839 MB /leonardo_scratch/large/userexternal/ctica000/perf/with_IO/DCGP/800proc/perf_21271733/perf.data.rank220 (1299011 samples) ]
Warning:
Processed 1349842 events and lost 2 chunks!

Check IO/CPU overload!

[ perf record: Captured and wrote 10478.663 MB /leonardo_scratch/large/userexternal/ctica000/perf/with_IO/DCGP/800proc/perf_21271733/perf.data.rank123 (1300479 samples) ]
Warning:
Processed 1336593 events and lost 6 chunks!

Check IO/CPU overload!

[ perf record: Captured and wrote 10373.307 MB /leonardo_scratch/large/userexternal/ctica000/perf/with_IO/DCGP/800proc/perf_21271733/perf.data.rank67 (1287399 samples) ]
Warning:
Processed 1350296 events and lost 5 chunks!

Check IO/CPU overload!

[ perf record: Captured and wrote 10482.566 MB /leonardo_scratch/large/userexternal/ctica000/perf/with_IO/DCGP/800proc/perf_21271733/perf.data.rank188 (1300964 samples) ]
Warning:
Processed 1344500 events and lost 7 chunks!

Check IO/CPU overload!

[ perf record: Captured and wrote 10436.076 MB /leonardo_scratch/large/userexternal/ctica000/perf/with_IO/DCGP/800proc/perf_21271733/perf.data.rank194 (1295193 samples) ]
Warning:
Processed 1348348 events and lost 6 chunks!

Check IO/CPU overload!

[ perf record: Captured and wrote 10466.629 MB /leonardo_scratch/large/userexternal/ctica000/perf/with_IO/DCGP/800proc/perf_21271733/perf.data.rank178 (1298985 samples) ]
Warning:
Processed 1346228 events and lost 2 chunks!

Check IO/CPU overload!

[ perf record: Captured and wrote 10450.016 MB /leonardo_scratch/large/userexternal/ctica000/perf/with_IO/DCGP/800proc/perf_21271733/perf.data.rank107 (1296923 samples) ]
Warning:
Processed 1333137 events and lost 5 chunks!

Check IO/CPU overload!

[ perf record: Captured and wrote 10346.258 MB /leonardo_scratch/large/userexternal/ctica000/perf/with_IO/DCGP/800proc/perf_21271733/perf.data.rank69 (1284042 samples) ]
Warning:
Processed 1289768 events and lost 7 chunks!

Check IO/CPU overload!

Warning:
Processed 1346205 events and lost 3 chunks!

Check IO/CPU overload!

[ perf record: Captured and wrote 10012.537 MB /leonardo_scratch/large/userexternal/ctica000/perf/with_IO/DCGP/800proc/perf_21271733/perf.data.rank0 (1242616 samples) ]
[ perf record: Captured and wrote 10448.670 MB /leonardo_scratch/large/userexternal/ctica000/perf/with_IO/DCGP/800proc/perf_21271733/perf.data.rank270 (1296754 samples) ]
Warning:
Processed 1355265 events and lost 5 chunks!

Check IO/CPU overload!

[ perf record: Captured and wrote 10437.300 MB /leonardo_scratch/large/userexternal/ctica000/perf/with_IO/DCGP/800proc/perf_21271733/perf.data.rank140 (1295343 samples) ]
[ perf record: Captured and wrote 10521.032 MB /leonardo_scratch/large/userexternal/ctica000/perf/with_IO/DCGP/800proc/perf_21271733/perf.data.rank400 (1305739 samples) ]
Warning:
Processed 1344440 events and lost 7 chunks!

Check IO/CPU overload!

[ perf record: Captured and wrote 10435.068 MB /leonardo_scratch/large/userexternal/ctica000/perf/with_IO/DCGP/800proc/perf_21271733/perf.data.rank258 (1295066 samples) ]
Warning:
Processed 1348746 events and lost 8 chunks!

Check IO/CPU overload!

[ perf record: Captured and wrote 10471.104 MB /leonardo_scratch/large/userexternal/ctica000/perf/with_IO/DCGP/800proc/perf_21271733/perf.data.rank492 (1299543 samples) ]
Warning:
Processed 1345631 events and lost 5 chunks!

Check IO/CPU overload!

[ perf record: Captured and wrote 10446.249 MB /leonardo_scratch/large/userexternal/ctica000/perf/with_IO/DCGP/800proc/perf_21271733/perf.data.rank587 (1296457 samples) ]
Warning:
Processed 1348377 events and lost 1 chunks!

Check IO/CPU overload!

[ perf record: Captured and wrote 10467.203 MB /leonardo_scratch/large/userexternal/ctica000/perf/with_IO/DCGP/800proc/perf_21271733/perf.data.rank281 (1299057 samples) ]
Warning:
Processed 1350315 events and lost 2 chunks!

Check IO/CPU overload!

[ perf record: Captured and wrote 10481.024 MB /leonardo_scratch/large/userexternal/ctica000/perf/with_IO/DCGP/800proc/perf_21271733/perf.data.rank264 (1300770 samples) ]
Warning:
Processed 1346164 events and lost 7 chunks!

Check IO/CPU overload!

[ perf record: Captured and wrote 10449.714 MB /leonardo_scratch/large/userexternal/ctica000/perf/with_IO/DCGP/800proc/perf_21271733/perf.data.rank425 (1296886 samples) ]
Warning:
Processed 1347624 events and lost 5 chunks!

Check IO/CPU overload!

[ perf record: Captured and wrote 10460.782 MB /leonardo_scratch/large/userexternal/ctica000/perf/with_IO/DCGP/800proc/perf_21271733/perf.data.rank201 (1298259 samples) ]
Warning:
Processed 1344496 events and lost 5 chunks!

Check IO/CPU overload!

[ perf record: Captured and wrote 10435.589 MB /leonardo_scratch/large/userexternal/ctica000/perf/with_IO/DCGP/800proc/perf_21271733/perf.data.rank240 (1295131 samples) ]
Warning:
Processed 1347459 events and lost 4 chunks!

Check IO/CPU overload!

[ perf record: Captured and wrote 10458.301 MB /leonardo_scratch/large/userexternal/ctica000/perf/with_IO/DCGP/800proc/perf_21271733/perf.data.rank247 (1297949 samples) ]
Warning:
Processed 1351112 events and lost 12 chunks!

Check IO/CPU overload!

[ perf record: Captured and wrote 10488.412 MB /leonardo_scratch/large/userexternal/ctica000/perf/with_IO/DCGP/800proc/perf_21271733/perf.data.rank669 (1301689 samples) ]
Warning:
Processed 1351758 events and lost 6 chunks!

Check IO/CPU overload!

[ perf record: Captured and wrote 10493.837 MB /leonardo_scratch/large/userexternal/ctica000/perf/with_IO/DCGP/800proc/perf_21271733/perf.data.rank298 (1302363 samples) ]
Warning:
Processed 1341222 events and lost 14 chunks!

Check IO/CPU overload!

[ perf record: Captured and wrote 10410.719 MB /leonardo_scratch/large/userexternal/ctica000/perf/with_IO/DCGP/800proc/perf_21271733/perf.data.rank327 (1292045 samples) ]
Warning:
Processed 1347108 events and lost 7 chunks!

Check IO/CPU overload!

[ perf record: Captured and wrote 10457.184 MB /leonardo_scratch/large/userexternal/ctica000/perf/with_IO/DCGP/800proc/perf_21271733/perf.data.rank561 (1297813 samples) ]
Warning:
Processed 1335838 events and lost 5 chunks!

Check IO/CPU overload!

[ perf record: Captured and wrote 10368.846 MB /leonardo_scratch/large/userexternal/ctica000/perf/with_IO/DCGP/800proc/perf_21271733/perf.data.rank89 (1286848 samples) ]
Warning:
Processed 1336365 events and lost 6 chunks!

Check IO/CPU overload!

[ perf record: Captured and wrote 10370.454 MB /leonardo_scratch/large/userexternal/ctica000/perf/with_IO/DCGP/800proc/perf_21271733/perf.data.rank43 (1287044 samples) ]
Warning:
Processed 1339523 events and lost 5 chunks!

Check IO/CPU overload!

[ perf record: Captured and wrote 10396.637 MB /leonardo_scratch/large/userexternal/ctica000/perf/with_IO/DCGP/800proc/perf_21271733/perf.data.rank20 (1290296 samples) ]
Warning:
Processed 1336867 events and lost 9 chunks!

Check IO/CPU overload!

[ perf record: Captured and wrote 10375.391 MB /leonardo_scratch/large/userexternal/ctica000/perf/with_IO/DCGP/800proc/perf_21271733/perf.data.rank53 (1287658 samples) ]
Warning:
Processed 1345220 events and lost 6 chunks!

Check IO/CPU overload!

[ perf record: Captured and wrote 10442.232 MB /leonardo_scratch/large/userexternal/ctica000/perf/with_IO/DCGP/800proc/perf_21271733/perf.data.rank569 (1295957 samples) ]
Warning:
Processed 1344283 events and lost 9 chunks!

Check IO/CPU overload!

[ perf record: Captured and wrote 10433.597 MB /leonardo_scratch/large/userexternal/ctica000/perf/with_IO/DCGP/800proc/perf_21271733/perf.data.rank244 (1294883 samples) ]
Warning:
Processed 1351882 events and lost 2 chunks!

Check IO/CPU overload!

[ perf record: Captured and wrote 10494.557 MB /leonardo_scratch/large/userexternal/ctica000/perf/with_IO/DCGP/800proc/perf_21271733/perf.data.rank294 (1302452 samples) ]
Warning:
Processed 1343954 events and lost 4 chunks!

Check IO/CPU overload!

[ perf record: Captured and wrote 10432.335 MB /leonardo_scratch/large/userexternal/ctica000/perf/with_IO/DCGP/800proc/perf_21271733/perf.data.rank210 (1294729 samples) ]
Warning:
Processed 1347858 events and lost 5 chunks!

Check IO/CPU overload!

[ perf record: Captured and wrote 10461.901 MB /leonardo_scratch/large/userexternal/ctica000/perf/with_IO/DCGP/800proc/perf_21271733/perf.data.rank242 (1298397 samples) ]
Warning:
Processed 1347191 events and lost 5 chunks!

Check IO/CPU overload!

[ perf record: Captured and wrote 10458.624 MB /leonardo_scratch/large/userexternal/ctica000/perf/with_IO/DCGP/800proc/perf_21271733/perf.data.rank585 (1297993 samples) ]
Warning:
Processed 1349886 events and lost 6 chunks!

Check IO/CPU overload!

[ perf record: Captured and wrote 10479.181 MB /leonardo_scratch/large/userexternal/ctica000/perf/with_IO/DCGP/800proc/perf_21271733/perf.data.rank292 (1300544 samples) ]
Warning:
Processed 1338801 events and lost 8 chunks!

Check IO/CPU overload!

[ perf record: Captured and wrote 10392.556 MB /leonardo_scratch/large/userexternal/ctica000/perf/with_IO/DCGP/800proc/perf_21271733/perf.data.rank451 (1289792 samples) ]
Warning:
Processed 1346431 events and lost 4 chunks!

Check IO/CPU overload!

[ perf record: Captured and wrote 10450.872 MB /leonardo_scratch/large/userexternal/ctica000/perf/with_IO/DCGP/800proc/perf_21271733/perf.data.rank245 (1297028 samples) ]
Warning:
Processed 1346950 events and lost 4 chunks!

Check IO/CPU overload!

[ perf record: Captured and wrote 10456.174 MB /leonardo_scratch/large/userexternal/ctica000/perf/with_IO/DCGP/800proc/perf_21271733/perf.data.rank206 (1297688 samples) ]
Warning:
Processed 1343596 events and lost 1 chunks!

Check IO/CPU overload!

[ perf record: Captured and wrote 10429.519 MB /leonardo_scratch/large/userexternal/ctica000/perf/with_IO/DCGP/800proc/perf_21271733/perf.data.rank215 (1294379 samples) ]
Warning:
Processed 1345126 events and lost 6 chunks!

Check IO/CPU overload!

[ perf record: Captured and wrote 10440.353 MB /leonardo_scratch/large/userexternal/ctica000/perf/with_IO/DCGP/800proc/perf_21271733/perf.data.rank138 (1295722 samples) ]
Warning:
Processed 1345519 events and lost 7 chunks!

Check IO/CPU overload!

[ perf record: Captured and wrote 10442.787 MB /leonardo_scratch/large/userexternal/ctica000/perf/with_IO/DCGP/800proc/perf_21271733/perf.data.rank251 (1296023 samples) ]
Warning:
Processed 1343077 events and lost 7 chunks!

Check IO/CPU overload!

[ perf record: Captured and wrote 10424.737 MB /leonardo_scratch/large/userexternal/ctica000/perf/with_IO/DCGP/800proc/perf_21271733/perf.data.rank265 (1293784 samples) ]
Warning:
Processed 1342529 events and lost 7 chunks!

Check IO/CPU overload!

[ perf record: Captured and wrote 10429.010 MB /leonardo_scratch/large/userexternal/ctica000/perf/with_IO/DCGP/800proc/perf_21271733/perf.data.rank129 (1294328 samples) ]
Warning:
Processed 1345876 events and lost 5 chunks!

Check IO/CPU overload!

[ perf record: Captured and wrote 10446.381 MB /leonardo_scratch/large/userexternal/ctica000/perf/with_IO/DCGP/800proc/perf_21271733/perf.data.rank252 (1296470 samples) ]
Warning:
Processed 1343824 events and lost 5 chunks!

Check IO/CPU overload!

[ perf record: Captured and wrote 10431.405 MB /leonardo_scratch/large/userexternal/ctica000/perf/with_IO/DCGP/800proc/perf_21271733/perf.data.rank531 (1294613 samples) ]
Warning:
Processed 1347932 events and lost 7 chunks!

Check IO/CPU overload!

[ perf record: Captured and wrote 10463.896 MB /leonardo_scratch/large/userexternal/ctica000/perf/with_IO/DCGP/800proc/perf_21271733/perf.data.rank540 (1298646 samples) ]
Warning:
Processed 1348774 events and lost 9 chunks!

Check IO/CPU overload!

[ perf record: Captured and wrote 10470.878 MB /leonardo_scratch/large/userexternal/ctica000/perf/with_IO/DCGP/800proc/perf_21271733/perf.data.rank507 (1299514 samples) ]
Warning:
Processed 1347821 events and lost 7 chunks!

Check IO/CPU overload!

[ perf record: Captured and wrote 10463.365 MB /leonardo_scratch/large/userexternal/ctica000/perf/with_IO/DCGP/800proc/perf_21271733/perf.data.rank723 (1298581 samples) ]
Warning:
Processed 1348362 events and lost 8 chunks!

Check IO/CPU overload!

[ perf record: Captured and wrote 10473.269 MB /leonardo_scratch/large/userexternal/ctica000/perf/with_IO/DCGP/800proc/perf_21271733/perf.data.rank778 (1299819 samples) ]
Warning:
Processed 1342522 events and lost 1 chunks!

Check IO/CPU overload!

[ perf record: Captured and wrote 10419.811 MB /leonardo_scratch/large/userexternal/ctica000/perf/with_IO/DCGP/800proc/perf_21271733/perf.data.rank263 (1293172 samples) ]
Warning:
Processed 1346898 events and lost 4 chunks!

Check IO/CPU overload!

[ perf record: Captured and wrote 10453.891 MB /leonardo_scratch/large/userexternal/ctica000/perf/with_IO/DCGP/800proc/perf_21271733/perf.data.rank231 (1297402 samples) ]
