 urban net longwave radiation error: no convergence
 Critical =                        NaN  > 0.001 !
 -------------- FATAL CALLED ---------------
 urban net longwave radiation error: no convergence
 Critical =                        NaN  > 0.001 !
 -------------- FATAL CALLED ---------------
  Fatal in file: mod_clm_urban.F90 at line:     2712
 clm now stopping
 -------------------------------------------
 Abort called by computing node             3 at 2026-07-22 00:27:32.574 +0200
 Execution terminated because of runtime error
 urban net longwave radiation error: no convergence
 urban net longwave radiation error: no convergence
 urban net longwave radiation error: no convergence
 urban net longwave radiation error: no convergence
 urban net longwave radiation error: no convergence
 urban net longwave radiation error: no convergence
 urban net longwave radiation error: no convergence
 urban net longwave radiation error: no convergence
 urban net longwave radiation error: no convergence
 Critical =                        NaN  > 0.001 !
 -------------- FATAL CALLED ---------------
  Fatal in file: mod_clm_urban.F90 at line:     2712
 clm now stopping
 -------------------------------------------
 urban net longwave radiation error: no convergence
 urban net longwave radiation error: no convergence
 urban net longwave radiation error: no convergence
 urban net longwave radiation error: no convergence
 urban net longwave radiation error: no convergence
 urban net longwave radiation error: no convergence
 urban net longwave radiation error: no convergence
 urban net longwave radiation error: no convergence
 urban net longwave radiation error: no convergence
 urban net longwave radiation error: no convergence
 urban net longwave radiation error: no convergence
 urban net longwave radiation error: no convergence
 Critical =                        NaN  > 0.001 !
 -------------- FATAL CALLED ---------------
  Fatal in file: mod_clm_urban.F90 at line:     2712
 clm now stopping
 -------------------------------------------
 Abort called by computing node             8 at 2026-07-22 00:27:32.574 +0200
 Execution terminated because of runtime error
 urban net longwave radiation error: no convergence
 urban net longwave radiation error: no convergence
 urban net longwave radiation error: no convergence
 urban net longwave radiation error: no convergence
 urban net longwave radiation error: no convergence
 urban net longwave radiation error: no convergence
 urban net longwave radiation error: no convergence
 urban net longwave radiation error: no convergence
 urban net longwave radiation error: no convergence
 urban net longwave radiation error: no convergence
 urban net longwave radiation error: no convergence
 urban net longwave radiation error: no convergence
 Critical =                        NaN  > 0.001 !
 -------------- FATAL CALLED ---------------
  Fatal in file: mod_clm_urban.F90 at line:     2712
 clm now stopping
 -------------------------------------------
 Abort called by computing node            28 at 2026-07-22 00:27:32.574 +0200
 Execution terminated because of runtime error
 urban net longwave radiation error: no convergence
 urban net longwave radiation error: no convergence
 urban net longwave radiation error: no convergence
 urban net longwave radiation error: no convergence
 urban net longwave radiation error: no convergence
 urban net longwave radiation error: no convergence
 urban net longwave radiation error: no convergence
 urban net longwave radiation error: no convergence
 urban net longwave radiation error: no convergence
 urban net longwave radiation error: no convergence
 urban net longwave radiation error: no convergence
 Abort called by computing node             7 at 2026-07-22 00:27:32.575 +0200
 Execution terminated because of runtime error
 urban net longwave radiation error: no convergence
 urban net longwave radiation error: no convergence
 urban net longwave radiation error: no convergence
 urban net longwave radiation error: no convergence
 urban net longwave radiation error: no convergence
 urban net longwave radiation error: no convergence
 urban net longwave radiation error: no convergence
 urban net longwave radiation error: no convergence
 urban net longwave radiation error: no convergence
 urban net longwave radiation error: no convergence
 urban net longwave radiation error: no convergence
 urban net longwave radiation error: no convergence
 Critical =                        NaN  > 0.001 !
 -------------- FATAL CALLED ---------------
  Fatal in file: mod_clm_urban.F90 at line:     2712
 clm now stopping
 -------------------------------------------
 Abort called by computing node            27 at 2026-07-22 00:27:32.575 +0200
 Execution terminated because of runtime error
 urban net longwave radiation error: no convergence
 urban net longwave radiation error: no convergence
 urban net longwave radiation error: no convergence
 urban net longwave radiation error: no convergence
 urban net longwave radiation error: no convergence
 urban net longwave radiation error: no convergence
 urban net longwave radiation error: no convergence
 urban net longwave radiation error: no convergence
 urban net longwave radiation error: no convergence
 urban net longwave radiation error: no convergence
 urban net longwave radiation error: no convergence
 urban net longwave radiation error: no convergence
 urban net longwave radiation error: no convergence
 urban net longwave radiation error: no convergence
 urban net longwave radiation error: no convergence
 urban net longwave radiation error: no convergence
 urban net longwave radiation error: no convergence
 urban net longwave radiation error: no convergence
 urban net longwave radiation error: no convergence
 urban net longwave radiation error: no convergence
 urban net longwave radiation error: no convergence
 urban net longwave radiation error: no convergence
 urban net longwave radiation error: no convergence
 Critical =                        NaN  > 0.001 !
 -------------- FATAL CALLED ---------------
 urban net longwave radiation error: no convergence
 urban net longwave radiation error: no convergence
 urban net longwave radiation error: no convergence
 urban net longwave radiation error: no convergence
 urban net longwave radiation error: no convergence
 urban net longwave radiation error: no convergence
 urban net longwave radiation error: no convergence
 urban net longwave radiation error: no convergence
 urban net longwave radiation error: no convergence
 urban net longwave radiation error: no convergence
 urban net longwave radiation error: no convergence
  Fatal in file: mod_clm_urban.F90 at line:     2712
 clm now stopping
 -------------------------------------------
 urban net longwave radiation error: no convergence
 urban net longwave radiation error: no convergence
 urban net longwave radiation error: no convergence
 urban net longwave radiation error: no convergence
 urban net longwave radiation error: no convergence
 urban net longwave radiation error: no convergence
 urban net longwave radiation error: no convergence
 urban net longwave radiation error: no convergence
 urban net longwave radiation error: no convergence
 urban net longwave radiation error: no convergence
 urban net longwave radiation error: no convergence
 urban net longwave radiation error: no convergence
 urban net longwave radiation error: no convergence
 urban net longwave radiation error: no convergence
 urban net longwave radiation error: no convergence
 urban net longwave radiation error: no convergence
 urban net longwave radiation error: no convergence
 urban net longwave radiation error: no convergence
 urban net longwave radiation error: no convergence
 urban net longwave radiation error: no convergence
 urban net longwave radiation error: no convergence
 urban net longwave radiation error: no convergence
 urban net longwave radiation error: no convergence
 urban net longwave radiation error: no convergence
 urban net longwave radiation error: no convergence
 urban net longwave radiation error: no convergence
 urban net longwave radiation error: no convergence
 urban net longwave radiation error: no convergence
 urban net longwave radiation error: no convergence
 urban net longwave radiation error: no convergence
 urban net longwave radiation error: no convergence
 urban net longwave radiation error: no convergence
 urban net longwave radiation error: no convergence
 urban net longwave radiation error: no convergence
 urban net longwave radiation error: no convergence
 Critical =                        NaN  > 0.001 !
 -------------- FATAL CALLED ---------------
 urban net longwave radiation error: no convergence
 urban net longwave radiation error: no convergence
 urban net longwave radiation error: no convergence
 urban net longwave radiation error: no convergence
 urban net longwave radiation error: no convergence
 urban net longwave radiation error: no convergence
 urban net longwave radiation error: no convergence
 urban net longwave radiation error: no convergence
 urban net longwave radiation error: no convergence
 urban net longwave radiation error: no convergence
 urban net longwave radiation error: no convergence
 Abort called by computing node            10 at 2026-07-22 00:27:32.575 +0200
 Execution terminated because of runtime error
 urban net longwave radiation error: no convergence
 urban net longwave radiation error: no convergence
 urban net longwave radiation error: no convergence
 urban net longwave radiation error: no convergence
 urban net longwave radiation error: no convergence
 urban net longwave radiation error: no convergence
 urban net longwave radiation error: no convergence
 urban net longwave radiation error: no convergence
 urban net longwave radiation error: no convergence
 urban net longwave radiation error: no convergence
 urban net longwave radiation error: no convergence
 urban net longwave radiation error: no convergence
 urban net longwave radiation error: no convergence
 urban net longwave radiation error: no convergence
 urban net longwave radiation error: no convergence
 urban net longwave radiation error: no convergence
 urban net longwave radiation error: no convergence
 urban net longwave radiation error: no convergence
 urban net longwave radiation error: no convergence
 urban net longwave radiation error: no convergence
 urban net longwave radiation error: no convergence
 urban net longwave radiation error: no convergence
 urban net longwave radiation error: no convergence
  Fatal in file: mod_clm_urban.F90 at line:     2712
 clm now stopping
 -------------------------------------------
 urban net longwave radiation error: no convergence
 urban net longwave radiation error: no convergence
 urban net longwave radiation error: no convergence
 urban net longwave radiation error: no convergence
 urban net longwave radiation error: no convergence
 urban net longwave radiation error: no convergence
 urban net longwave radiation error: no convergence
 urban net longwave radiation error: no convergence
 urban net longwave radiation error: no convergence
 urban net longwave radiation error: no convergence
 urban net longwave radiation error: no convergence
 Critical =                        NaN  > 0.001 !
 urban net longwave radiation error: no convergence
 urban net longwave radiation error: no convergence
 urban net longwave radiation error: no convergence
 urban net longwave radiation error: no convergence
 urban net longwave radiation error: no convergence
 urban net longwave radiation error: no convergence
 urban net longwave radiation error: no convergence
 urban net longwave radiation error: no convergence
 urban net longwave radiation error: no convergence
 urban net longwave radiation error: no convergence
 urban net longwave radiation error: no convergence
 Critical =                        NaN  > 0.001 !
 -------------- FATAL CALLED ---------------
  Fatal in file: mod_clm_urban.F90 at line:     2712
 urban net longwave radiation error: no convergence
 urban net longwave radiation error: no convergence
 urban net longwave radiation error: no convergence
 urban net longwave radiation error: no convergence
 urban net longwave radiation error: no convergence
 urban net longwave radiation error: no convergence
 urban net longwave radiation error: no convergence
 urban net longwave radiation error: no convergence
 urban net longwave radiation error: no convergence
 urban net longwave radiation error: no convergence
 urban net longwave radiation error: no convergence
 Abort called by computing node            51 at 2026-07-22 00:27:32.575 +0200
 Execution terminated because of runtime error
 urban net longwave radiation error: no convergence
 urban net longwave radiation error: no convergence
 urban net longwave radiation error: no convergence
 urban net longwave radiation error: no convergence
 urban net longwave radiation error: no convergence
 urban net longwave radiation error: no convergence
 urban net longwave radiation error: no convergence
 urban net longwave radiation error: no convergence
 urban net longwave radiation error: no convergence
 urban net longwave radiation error: no convergence
 urban net longwave radiation error: no convergence
 -------------- FATAL CALLED ---------------
  Fatal in file: mod_clm_urban.F90 at line:     2712
 clm now stopping
 -------------------------------------------
 urban net longwave radiation error: no convergence
 urban net longwave radiation error: no convergence
 urban net longwave radiation error: no convergence
 urban net longwave radiation error: no convergence
 urban net longwave radiation error: no convergence
 urban net longwave radiation error: no convergence
 urban net longwave radiation error: no convergence
 urban net longwave radiation error: no convergence
 urban net longwave radiation error: no convergence
 urban net longwave radiation error: no convergence
 urban net longwave radiation error: no convergence
 clm now stopping
 -------------------------------------------
 urban net longwave radiation error: no convergence
 urban net longwave radiation error: no convergence
 urban net longwave radiation error: no convergence
 urban net longwave radiation error: no convergence
 urban net longwave radiation error: no convergence
 urban net longwave radiation error: no convergence
 urban net longwave radiation error: no convergence
 urban net longwave radiation error: no convergence
 urban net longwave radiation error: no convergence
 urban net longwave radiation error: no convergence
 urban net longwave radiation error: no convergence
 urban net longwave radiation error: no convergence
 urban net longwave radiation error: no convergence
 urban net longwave radiation error: no convergence
 urban net longwave radiation error: no convergence
 urban net longwave radiation error: no convergence
 urban net longwave radiation error: no convergence
 urban net longwave radiation error: no convergence
 urban net longwave radiation error: no convergence
 urban net longwave radiation error: no convergence
 urban net longwave radiation error: no convergence
 urban net longwave radiation error: no convergence
 urban net longwave radiation error: no convergence
 urban net longwave radiation error: no convergence
 urban net longwave radiation error: no convergence
 urban net longwave radiation error: no convergence
 urban net longwave radiation error: no convergence
 urban net longwave radiation error: no convergence
 urban net longwave radiation error: no convergence
 urban net longwave radiation error: no convergence
 urban net longwave radiation error: no convergence
 urban net longwave radiation error: no convergence
 urban net longwave radiation error: no convergence
 urban net longwave radiation error: no convergence
 urban net longwave radiation error: no convergence
 urban net longwave radiation error: no convergence
 urban net longwave radiation error: no convergence
 urban net longwave radiation error: no convergence
 urban net longwave radiation error: no convergence
 urban net longwave radiation error: no convergence
 urban net longwave radiation error: no convergence
 urban net longwave radiation error: no convergence
 urban net longwave radiation error: no convergence
 urban net longwave radiation error: no convergence
 urban net longwave radiation error: no convergence
 urban net longwave radiation error: no convergence
 urban net longwave radiation error: no convergence
 Abort called by computing node            17 at 2026-07-22 00:27:32.576 +0200
 Execution terminated because of runtime error
 urban net longwave radiation error: no convergence
 urban net longwave radiation error: no convergence
 urban net longwave radiation error: no convergence
 urban net longwave radiation error: no convergence
 urban net longwave radiation error: no convergence
 urban net longwave radiation error: no convergence
 urban net longwave radiation error: no convergence
 urban net longwave radiation error: no convergence
 urban net longwave radiation error: no convergence
 urban net longwave radiation error: no convergence
 urban net longwave radiation error: no convergence
 Abort called by computing node            41 at 2026-07-22 00:27:32.576 +0200
 Execution terminated because of runtime error
 urban net longwave radiation error: no convergence
 urban net longwave radiation error: no convergence
 urban net longwave radiation error: no convergence
 urban net longwave radiation error: no convergence
 urban net longwave radiation error: no convergence
 urban net longwave radiation error: no convergence
 urban net longwave radiation error: no convergence
 urban net longwave radiation error: no convergence
 urban net longwave radiation error: no convergence
 urban net longwave radiation error: no convergence
 urban net longwave radiation error: no convergence
 urban net longwave radiation error: no convergence
 urban net longwave radiation error: no convergence
 urban net longwave radiation error: no convergence
 urban net longwave radiation error: no convergence
 urban net longwave radiation error: no convergence
 urban net longwave radiation error: no convergence
 urban net longwave radiation error: no convergence
 urban net longwave radiation error: no convergence
 urban net longwave radiation error: no convergence
 urban net longwave radiation error: no convergence
 urban net longwave radiation error: no convergence
 urban net longwave radiation error: no convergence
 Critical =                        NaN  > 0.001 !
 urban net longwave radiation error: no convergence
 urban net longwave radiation error: no convergence
 urban net longwave radiation error: no convergence
 urban net longwave radiation error: no convergence
 urban net longwave radiation error: no convergence
 urban net longwave radiation error: no convergence
 urban net longwave radiation error: no convergence
 urban net longwave radiation error: no convergence
 urban net longwave radiation error: no convergence
 urban net longwave radiation error: no convergence
 urban net longwave radiation error: no convergence
 urban net longwave radiation error: no convergence
 urban net longwave radiation error: no convergence
 urban net longwave radiation error: no convergence
 urban net longwave radiation error: no convergence
 urban net longwave radiation error: no convergence
 urban net longwave radiation error: no convergence
 urban net longwave radiation error: no convergence
 urban net longwave radiation error: no convergence
 urban net longwave radiation error: no convergence
 urban net longwave radiation error: no convergence
 urban net longwave radiation error: no convergence
 urban net longwave radiation error: no convergence
 -------------- FATAL CALLED ---------------
  Fatal in file: mod_clm_urban.F90 at line:     2712
 clm now stopping
 -------------------------------------------
 urban net longwave radiation error: no convergence
 urban net longwave radiation error: no convergence
 urban net longwave radiation error: no convergence
 urban net longwave radiation error: no convergence
 urban net longwave radiation error: no convergence
 urban net longwave radiation error: no convergence
 urban net longwave radiation error: no convergence
 urban net longwave radiation error: no convergence
 urban net longwave radiation error: no convergence
 urban net longwave radiation error: no convergence
 urban net longwave radiation error: no convergence
 Critical =                        NaN  > 0.001 !
 -------------- FATAL CALLED ---------------
 urban net longwave radiation error: no convergence
 urban net longwave radiation error: no convergence
 urban net longwave radiation error: no convergence
 urban net longwave radiation error: no convergence
 urban net longwave radiation error: no convergence
 urban net longwave radiation error: no convergence
 urban net longwave radiation error: no convergence
 urban net longwave radiation error: no convergence
 urban net longwave radiation error: no convergence
 urban net longwave radiation error: no convergence
 urban net longwave radiation error: no convergence
 Critical =                        NaN  > 0.001 !
 urban net longwave radiation error: no convergence
 urban net longwave radiation error: no convergence
 urban net longwave radiation error: no convergence
 urban net longwave radiation error: no convergence
 urban net longwave radiation error: no convergence
 urban net longwave radiation error: no convergence
 urban net longwave radiation error: no convergence
 urban net longwave radiation error: no convergence
 urban net longwave radiation error: no convergence
 urban net longwave radiation error: no convergence
 urban net longwave radiation error: no convergence
 urban net longwave radiation error: no convergence
 urban net longwave radiation error: no convergence
 urban net longwave radiation error: no convergence
 urban net longwave radiation error: no convergence
 urban net longwave radiation error: no convergence
 urban net longwave radiation error: no convergence
 urban net longwave radiation error: no convergence
 urban net longwave radiation error: no convergence
 urban net longwave radiation error: no convergence
 urban net longwave radiation error: no convergence
 urban net longwave radiation error: no convergence
 urban net longwave radiation error: no convergence
  Fatal in file: mod_clm_urban.F90 at line:     2712
 clm now stopping
 -------------------------------------------
 urban net longwave radiation error: no convergence
 urban net longwave radiation error: no convergence
 urban net longwave radiation error: no convergence
 urban net longwave radiation error: no convergence
 urban net longwave radiation error: no convergence
 urban net longwave radiation error: no convergence
 urban net longwave radiation error: no convergence
 urban net longwave radiation error: no convergence
 urban net longwave radiation error: no convergence
 urban net longwave radiation error: no convergence
 urban net longwave radiation error: no convergence
 Critical =                        NaN  > 0.001 !
 -------------- FATAL CALLED ---------------
 urban net longwave radiation error: no convergence
 urban net longwave radiation error: no convergence
 urban net longwave radiation error: no convergence
 urban net longwave radiation error: no convergence
 urban net longwave radiation error: no convergence
 urban net longwave radiation error: no convergence
 urban net longwave radiation error: no convergence
 urban net longwave radiation error: no convergence
 urban net longwave radiation error: no convergence
 urban net longwave radiation error: no convergence
 urban net longwave radiation error: no convergence
 Abort called by computing node            81 at 2026-07-22 00:27:32.576 +0200
 Execution terminated because of runtime error
 urban net longwave radiation error: no convergence
 urban net longwave radiation error: no convergence
 urban net longwave radiation error: no convergence
 urban net longwave radiation error: no convergence
 urban net longwave radiation error: no convergence
 urban net longwave radiation error: no convergence
 urban net longwave radiation error: no convergence
 urban net longwave radiation error: no convergence
 urban net longwave radiation error: no convergence
 urban net longwave radiation error: no convergence
 urban net longwave radiation error: no convergence
 -------------- FATAL CALLED ---------------
  Fatal in file: mod_clm_urban.F90 at line:     2712
 clm now stopping
 -------------------------------------------
 urban net longwave radiation error: no convergence
 urban net longwave radiation error: no convergence
 urban net longwave radiation error: no convergence
 urban net longwave radiation error: no convergence
 urban net longwave radiation error: no convergence
 urban net longwave radiation error: no convergence
 urban net longwave radiation error: no convergence
 urban net longwave radiation error: no convergence
 urban net longwave radiation error: no convergence
 urban net longwave radiation error: no convergence
 urban net longwave radiation error: no convergence
 Critical =                        NaN  > 0.001 !
 urban net longwave radiation error: no convergence
 urban net longwave radiation error: no convergence
 urban net longwave radiation error: no convergence
 urban net longwave radiation error: no convergence
 urban net longwave radiation error: no convergence
 urban net longwave radiation error: no convergence
 urban net longwave radiation error: no convergence
 urban net longwave radiation error: no convergence
 urban net longwave radiation error: no convergence
 urban net longwave radiation error: no convergence
 urban net longwave radiation error: no convergence
 Abort called by computing node            16 at 2026-07-22 00:27:32.576 +0200
 Execution terminated because of runtime error
 urban net longwave radiation error: no convergence
 urban net longwave radiation error: no convergence
 urban net longwave radiation error: no convergence
 urban net longwave radiation error: no convergence
 urban net longwave radiation error: no convergence
 urban net longwave radiation error: no convergence
 urban net longwave radiation error: no convergence
 urban net longwave radiation error: no convergence
 urban net longwave radiation error: no convergence
 urban net longwave radiation error: no convergence
 urban net longwave radiation error: no convergence
  Fatal in file: mod_clm_urban.F90 at line:     2712
 clm now stopping
 -------------------------------------------
 Abort called by computing node            25 at 2026-07-22 00:27:32.576 +0200
 Execution terminated because of runtime error
 urban net longwave radiation error: no convergence
 urban net longwave radiation error: no convergence
 urban net longwave radiation error: no convergence
 urban net longwave radiation error: no convergence
 urban net longwave radiation error: no convergence
 urban net longwave radiation error: no convergence
 urban net longwave radiation error: no convergence
 urban net longwave radiation error: no convergence
 urban net longwave radiation error: no convergence
 urban net longwave radiation error: no convergence
 urban net longwave radiation error: no convergence
 urban net longwave radiation error: no convergence
 Critical =                        NaN  > 0.001 !
 urban net longwave radiation error: no convergence
 urban net longwave radiation error: no convergence
 urban net longwave radiation error: no convergence
 urban net longwave radiation error: no convergence
 urban net longwave radiation error: no convergence
 urban net longwave radiation error: no convergence
 urban net longwave radiation error: no convergence
 urban net longwave radiation error: no convergence
 urban net longwave radiation error: no convergence
 urban net longwave radiation error: no convergence
 urban net longwave radiation error: no convergence
 Abort called by computing node            85 at 2026-07-22 00:27:32.576 +0200
 Execution terminated because of runtime error
 urban net longwave radiation error: no convergence
 urban net longwave radiation error: no convergence
 urban net longwave radiation error: no convergence
 urban net longwave radiation error: no convergence
 urban net longwave radiation error: no convergence
 urban net longwave radiation error: no convergence
 urban net longwave radiation error: no convergence
 urban net longwave radiation error: no convergence
 urban net longwave radiation error: no convergence
 urban net longwave radiation error: no convergence
 urban net longwave radiation error: no convergence
 urban net longwave radiation error: no convergence
 urban net longwave radiation error: no convergence
 urban net longwave radiation error: no convergence
 urban net longwave radiation error: no convergence
 urban net longwave radiation error: no convergence
 urban net longwave radiation error: no convergence
 urban net longwave radiation error: no convergence
 urban net longwave radiation error: no convergence
 urban net longwave radiation error: no convergence
 urban net longwave radiation error: no convergence
 urban net longwave radiation error: no convergence
 urban net longwave radiation error: no convergence
 -------------- FATAL CALLED ---------------
  Fatal in file: mod_clm_urban.F90 at line:     2712
 clm now stopping
 -------------------------------------------
 urban net longwave radiation error: no convergence
 urban net longwave radiation error: no convergence
 urban net longwave radiation error: no convergence
 urban net longwave radiation error: no convergence
 urban net longwave radiation error: no convergence
 urban net longwave radiation error: no convergence
 urban net longwave radiation error: no convergence
 urban net longwave radiation error: no convergence
 urban net longwave radiation error: no convergence
 urban net longwave radiation error: no convergence
 urban net longwave radiation error: no convergence
 urban net longwave radiation error: no convergence
 urban net longwave radiation error: no convergence
 urban net longwave radiation error: no convergence
 urban net longwave radiation error: no convergence
 urban net longwave radiation error: no convergence
 urban net longwave radiation error: no convergence
 urban net longwave radiation error: no convergence
 urban net longwave radiation error: no convergence
 urban net longwave radiation error: no convergence
 urban net longwave radiation error: no convergence
 urban net longwave radiation error: no convergence
 urban net longwave radiation error: no convergence
 -------------- FATAL CALLED ---------------
  Fatal in file: mod_clm_urban.F90 at line:     2712
 clm now stopping
 -------------------------------------------
 urban net longwave radiation error: no convergence
 urban net longwave radiation error: no convergence
 urban net longwave radiation error: no convergence
 urban net longwave radiation error: no convergence
 urban net longwave radiation error: no convergence
 urban net longwave radiation error: no convergence
 urban net longwave radiation error: no convergence
 urban net longwave radiation error: no convergence
 urban net longwave radiation error: no convergence
 urban net longwave radiation error: no convergence
 urban net longwave radiation error: no convergence
 Abort called by computing node            93 at 2026-07-22 00:27:32.576 +0200
 Execution terminated because of runtime error
 urban net longwave radiation error: no convergence
 urban net longwave radiation error: no convergence
 urban net longwave radiation error: no convergence
 urban net longwave radiation error: no convergence
 urban net longwave radiation error: no convergence
 urban net longwave radiation error: no convergence
 urban net longwave radiation error: no convergence
 urban net longwave radiation error: no convergence
 urban net longwave radiation error: no convergence
 urban net longwave radiation error: no convergence
 urban net longwave radiation error: no convergence
 Abort called by computing node            61 at 2026-07-22 00:27:32.576 +0200
 urban net longwave radiation error: no convergence
 urban net longwave radiation error: no convergence
 urban net longwave radiation error: no convergence
 urban net longwave radiation error: no convergence
 urban net longwave radiation error: no convergence
 urban net longwave radiation error: no convergence
 urban net longwave radiation error: no convergence
 urban net longwave radiation error: no convergence
 urban net longwave radiation error: no convergence
 urban net longwave radiation error: no convergence
 urban net longwave radiation error: no convergence
 Critical =                        NaN  > 0.001 !
 urban net longwave radiation error: no convergence
 urban net longwave radiation error: no convergence
 urban net longwave radiation error: no convergence
 urban net longwave radiation error: no convergence
 urban net longwave radiation error: no convergence
 urban net longwave radiation error: no convergence
 urban net longwave radiation error: no convergence
 urban net longwave radiation error: no convergence
 urban net longwave radiation error: no convergence
 urban net longwave radiation error: no convergence
 urban net longwave radiation error: no convergence
 Execution terminated because of runtime error
 urban net longwave radiation error: no convergence
 urban net longwave radiation error: no convergence
 urban net longwave radiation error: no convergence
 urban net longwave radiation error: no convergence
 urban net longwave radiation error: no convergence
 urban net longwave radiation error: no convergence
 urban net longwave radiation error: no convergence
 urban net longwave radiation error: no convergence
 urban net longwave radiation error: no convergence
 urban net longwave radiation error: no convergence
 urban net longwave radiation error: no convergence
 -------------- FATAL CALLED ---------------
 urban net longwave radiation error: no convergence
 urban net longwave radiation error: no convergence
 urban net longwave radiation error: no convergence
 urban net longwave radiation error: no convergence
 urban net longwave radiation error: no convergence
 urban net longwave radiation error: no convergence
 urban net longwave radiation error: no convergence
 urban net longwave radiation error: no convergence
 urban net longwave radiation error: no convergence
 urban net longwave radiation error: no convergence
 urban net longwave radiation error: no convergence
  Fatal in file: mod_clm_urban.F90 at line:     2712
 clm now stopping
 -------------------------------------------
 urban net longwave radiation error: no convergence
 urban net longwave radiation error: no convergence
 urban net longwave radiation error: no convergence
 urban net longwave radiation error: no convergence
 urban net longwave radiation error: no convergence
 urban net longwave radiation error: no convergence
 urban net longwave radiation error: no convergence
 urban net longwave radiation error: no convergence
 urban net longwave radiation error: no convergence
 urban net longwave radiation error: no convergence
 urban net longwave radiation error: no convergence
 urban net longwave radiation error: no convergence
 urban net longwave radiation error: no convergence
 urban net longwave radiation error: no convergence
 urban net longwave radiation error: no convergence
 urban net longwave radiation error: no convergence
 urban net longwave radiation error: no convergence
 urban net longwave radiation error: no convergence
 urban net longwave radiation error: no convergence
 urban net longwave radiation error: no convergence
 urban net longwave radiation error: no convergence
 urban net longwave radiation error: no convergence
 urban net longwave radiation error: no convergence
 Critical =                        NaN  > 0.001 !
 -------------- FATAL CALLED ---------------
 urban net longwave radiation error: no convergence
 urban net longwave radiation error: no convergence
 urban net longwave radiation error: no convergence
 urban net longwave radiation error: no convergence
 urban net longwave radiation error: no convergence
 urban net longwave radiation error: no convergence
 urban net longwave radiation error: no convergence
 urban net longwave radiation error: no convergence
 urban net longwave radiation error: no convergence
 urban net longwave radiation error: no convergence
 urban net longwave radiation error: no convergence
 urban net longwave radiation error: no convergence
 urban net longwave radiation error: no convergence
 urban net longwave radiation error: no convergence
 urban net longwave radiation error: no convergence
 urban net longwave radiation error: no convergence
 urban net longwave radiation error: no convergence
 urban net longwave radiation error: no convergence
 urban net longwave radiation error: no convergence
 urban net longwave radiation error: no convergence
 urban net longwave radiation error: no convergence
 urban net longwave radiation error: no convergence
 urban net longwave radiation error: no convergence
 Abort called by computing node             2 at 2026-07-22 00:27:32.576 +0200
 Execution terminated because of runtime error
 urban net longwave radiation error: no convergence
 urban net longwave radiation error: no convergence
 urban net longwave radiation error: no convergence
 urban net longwave radiation error: no convergence
 urban net longwave radiation error: no convergence
 urban net longwave radiation error: no convergence
 urban net longwave radiation error: no convergence
 urban net longwave radiation error: no convergence
 urban net longwave radiation error: no convergence
 urban net longwave radiation error: no convergence
 urban net longwave radiation error: no convergence
  Fatal in file: mod_clm_urban.F90 at line:     2712
 clm now stopping
 -------------------------------------------
 urban net longwave radiation error: no convergence
 urban net longwave radiation error: no convergence
 urban net longwave radiation error: no convergence
 urban net longwave radiation error: no convergence
 urban net longwave radiation error: no convergence
 urban net longwave radiation error: no convergence
 urban net longwave radiation error: no convergence
 urban net longwave radiation error: no convergence
 urban net longwave radiation error: no convergence
 urban net longwave radiation error: no convergence
 urban net longwave radiation error: no convergence
 Critical =                        NaN  > 0.001 !
 -------------- FATAL CALLED ---------------
 urban net longwave radiation error: no convergence
 urban net longwave radiation error: no convergence
 urban net longwave radiation error: no convergence
 urban net longwave radiation error: no convergence
 urban net longwave radiation error: no convergence
 urban net longwave radiation error: no convergence
 urban net longwave radiation error: no convergence
 urban net longwave radiation error: no convergence
 urban net longwave radiation error: no convergence
 urban net longwave radiation error: no convergence
 urban net longwave radiation error: no convergence
 urban net longwave radiation error: no convergence
 urban net longwave radiation error: no convergence
 urban net longwave radiation error: no convergence
 urban net longwave radiation error: no convergence
 urban net longwave radiation error: no convergence
 urban net longwave radiation error: no convergence
 urban net longwave radiation error: no convergence
 urban net longwave radiation error: no convergence
 urban net longwave radiation error: no convergence
 urban net longwave radiation error: no convergence
 urban net longwave radiation error: no convergence
 urban net longwave radiation error: no convergence
 Abort called by computing node            92 at 2026-07-22 00:27:32.576 +0200
 Execution terminated because of runtime error
 urban net longwave radiation error: no convergence
 urban net longwave radiation error: no convergence
 urban net longwave radiation error: no convergence
 urban net longwave radiation error: no convergence
 urban net longwave radiation error: no convergence
 urban net longwave radiation error: no convergence
 urban net longwave radiation error: no convergence
 urban net longwave radiation error: no convergence
 urban net longwave radiation error: no convergence
 urban net longwave radiation error: no convergence
 urban net longwave radiation error: no convergence
 urban net longwave radiation error: no convergence
 urban net longwave radiation error: no convergence
 urban net longwave radiation error: no convergence
 urban net longwave radiation error: no convergence
 urban net longwave radiation error: no convergence
 urban net longwave radiation error: no convergence
 urban net longwave radiation error: no convergence
 urban net longwave radiation error: no convergence
 urban net longwave radiation error: no convergence
 urban net longwave radiation error: no convergence
 urban net longwave radiation error: no convergence
 urban net longwave radiation error: no convergence
  Fatal in file: mod_clm_urban.F90 at line:     2712
 clm now stopping
 -------------------------------------------
 urban net longwave radiation error: no convergence
 urban net longwave radiation error: no convergence
 urban net longwave radiation error: no convergence
 urban net longwave radiation error: no convergence
 urban net longwave radiation error: no convergence
 urban net longwave radiation error: no convergence
 urban net longwave radiation error: no convergence
 urban net longwave radiation error: no convergence
 urban net longwave radiation error: no convergence
 urban net longwave radiation error: no convergence
 urban net longwave radiation error: no convergence
 urban net longwave radiation error: no convergence
 urban net longwave radiation error: no convergence
 urban net longwave radiation error: no convergence
 urban net longwave radiation error: no convergence
 urban net longwave radiation error: no convergence
 urban net longwave radiation error: no convergence
 urban net longwave radiation error: no convergence
 urban net longwave radiation error: no convergence
 urban net longwave radiation error: no convergence
 urban net longwave radiation error: no convergence
 urban net longwave radiation error: no convergence
 urban net longwave radiation error: no convergence
 Critical =                        NaN  > 0.001 !
 -------------- FATAL CALLED ---------------
 urban net longwave radiation error: no convergence
 urban net longwave radiation error: no convergence
 urban net longwave radiation error: no convergence
 urban net longwave radiation error: no convergence
 urban net longwave radiation error: no convergence
 urban net longwave radiation error: no convergence
 urban net longwave radiation error: no convergence
 urban net longwave radiation error: no convergence
 urban net longwave radiation error: no convergence
 urban net longwave radiation error: no convergence
 urban net longwave radiation error: no convergence
 Abort called by computing node            96 at 2026-07-22 00:27:32.576 +0200
 Execution terminated because of runtime error
 urban net longwave radiation error: no convergence
 urban net longwave radiation error: no convergence
 urban net longwave radiation error: no convergence
 urban net longwave radiation error: no convergence
 urban net longwave radiation error: no convergence
 urban net longwave radiation error: no convergence
 urban net longwave radiation error: no convergence
 urban net longwave radiation error: no convergence
 urban net longwave radiation error: no convergence
 urban net longwave radiation error: no convergence
 urban net longwave radiation error: no convergence
 urban net longwave radiation error: no convergence
 urban net longwave radiation error: no convergence
 urban net longwave radiation error: no convergence
 urban net longwave radiation error: no convergence
 urban net longwave radiation error: no convergence
 urban net longwave radiation error: no convergence
 urban net longwave radiation error: no convergence
 urban net longwave radiation error: no convergence
 urban net longwave radiation error: no convergence
 urban net longwave radiation error: no convergence
 urban net longwave radiation error: no convergence
 urban net longwave radiation error: no convergence
 urban net longwave radiation error: no convergence
 urban net longwave radiation error: no convergence
 urban net longwave radiation error: no convergence
 urban net longwave radiation error: no convergence
 urban net longwave radiation error: no convergence
 urban net longwave radiation error: no convergence
 urban net longwave radiation error: no convergence
 urban net longwave radiation error: no convergence
 urban net longwave radiation error: no convergence
 urban net longwave radiation error: no convergence
 urban net longwave radiation error: no convergence
 urban net longwave radiation error: no convergence
  Fatal in file: mod_clm_urban.F90 at line:     2712
 clm now stopping
 -------------------------------------------
 Abort called by computing node            74 at 2026-07-22 00:27:32.577 +0200
 Execution terminated because of runtime error
 urban net longwave radiation error: no convergence
 urban net longwave radiation error: no convergence
 urban net longwave radiation error: no convergence
 urban net longwave radiation error: no convergence
 urban net longwave radiation error: no convergence
 urban net longwave radiation error: no convergence
 urban net longwave radiation error: no convergence
 urban net longwave radiation error: no convergence
 urban net longwave radiation error: no convergence
 urban net longwave radiation error: no convergence
 urban net longwave radiation error: no convergence
 Critical =                        NaN  > 0.001 !
 urban net longwave radiation error: no convergence
 urban net longwave radiation error: no convergence
 urban net longwave radiation error: no convergence
 urban net longwave radiation error: no convergence
 urban net longwave radiation error: no convergence
 urban net longwave radiation error: no convergence
 urban net longwave radiation error: no convergence
 urban net longwave radiation error: no convergence
 urban net longwave radiation error: no convergence
 urban net longwave radiation error: no convergence
 urban net longwave radiation error: no convergence
 urban net longwave radiation error: no convergence
 urban net longwave radiation error: no convergence
 urban net longwave radiation error: no convergence
 urban net longwave radiation error: no convergence
 urban net longwave radiation error: no convergence
 urban net longwave radiation error: no convergence
 urban net longwave radiation error: no convergence
 urban net longwave radiation error: no convergence
 urban net longwave radiation error: no convergence
 urban net longwave radiation error: no convergence
 urban net longwave radiation error: no convergence
 urban net longwave radiation error: no convergence
 urban net longwave radiation error: no convergence
 urban net longwave radiation error: no convergence
 urban net longwave radiation error: no convergence
 urban net longwave radiation error: no convergence
 urban net longwave radiation error: no convergence
 urban net longwave radiation error: no convergence
 urban net longwave radiation error: no convergence
 urban net longwave radiation error: no convergence
 urban net longwave radiation error: no convergence
 urban net longwave radiation error: no convergence
 urban net longwave radiation error: no convergence
 urban net longwave radiation error: no convergence
 -------------- FATAL CALLED ---------------
  Fatal in file: mod_clm_urban.F90 at line:     2712
 clm now stopping
 -------------------------------------------
 urban net longwave radiation error: no convergence
 urban net longwave radiation error: no convergence
 urban net longwave radiation error: no convergence
 urban net longwave radiation error: no convergence
 urban net longwave radiation error: no convergence
 urban net longwave radiation error: no convergence
 urban net longwave radiation error: no convergence
 urban net longwave radiation error: no convergence
 urban net longwave radiation error: no convergence
 urban net longwave radiation error: no convergence
 urban net longwave radiation error: no convergence
 Abort called by computing node             9 at 2026-07-22 00:27:32.577 +0200
 Execution terminated because of runtime error
 urban net longwave radiation error: no convergence
 urban net longwave radiation error: no convergence
 urban net longwave radiation error: no convergence
 urban net longwave radiation error: no convergence
 urban net longwave radiation error: no convergence
 urban net longwave radiation error: no convergence
 urban net longwave radiation error: no convergence
 urban net longwave radiation error: no convergence
 urban net longwave radiation error: no convergence
 urban net longwave radiation error: no convergence
 urban net longwave radiation error: no convergence
 Critical =                        NaN  > 0.001 !
 -------------- FATAL CALLED ---------------
 urban net longwave radiation error: no convergence
 urban net longwave radiation error: no convergence
 urban net longwave radiation error: no convergence
 urban net longwave radiation error: no convergence
 urban net longwave radiation error: no convergence
 urban net longwave radiation error: no convergence
 urban net longwave radiation error: no convergence
 urban net longwave radiation error: no convergence
 urban net longwave radiation error: no convergence
 urban net longwave radiation error: no convergence
 urban net longwave radiation error: no convergence
 urban net longwave radiation error: no convergence
 urban net longwave radiation error: no convergence
 urban net longwave radiation error: no convergence
 urban net longwave radiation error: no convergence
 urban net longwave radiation error: no convergence
 urban net longwave radiation error: no convergence
 urban net longwave radiation error: no convergence
 urban net longwave radiation error: no convergence
 urban net longwave radiation error: no convergence
 urban net longwave radiation error: no convergence
 urban net longwave radiation error: no convergence
 urban net longwave radiation error: no convergence
 Critical =                        NaN  > 0.001 !
 -------------- FATAL CALLED ---------------
 urban net longwave radiation error: no convergence
 urban net longwave radiation error: no convergence
 urban net longwave radiation error: no convergence
 urban net longwave radiation error: no convergence
 urban net longwave radiation error: no convergence
 urban net longwave radiation error: no convergence
 urban net longwave radiation error: no convergence
 urban net longwave radiation error: no convergence
 urban net longwave radiation error: no convergence
 urban net longwave radiation error: no convergence
 urban net longwave radiation error: no convergence
 Critical =                        NaN  > 0.001 !
 -------------- FATAL CALLED ---------------
 urban net longwave radiation error: no convergence
 urban net longwave radiation error: no convergence
 urban net longwave radiation error: no convergence
 urban net longwave radiation error: no convergence
 urban net longwave radiation error: no convergence
 urban net longwave radiation error: no convergence
 urban net longwave radiation error: no convergence
 urban net longwave radiation error: no convergence
 urban net longwave radiation error: no convergence
 urban net longwave radiation error: no convergence
 urban net longwave radiation error: no convergence
  Fatal in file: mod_clm_urban.F90 at line:     2712
 clm now stopping
 -------------------------------------------
 urban net longwave radiation error: no convergence
 urban net longwave radiation error: no convergence
 urban net longwave radiation error: no convergence
 urban net longwave radiation error: no convergence
 urban net longwave radiation error: no convergence
 urban net longwave radiation error: no convergence
 urban net longwave radiation error: no convergence
 urban net longwave radiation error: no convergence
 urban net longwave radiation error: no convergence
 urban net longwave radiation error: no convergence
 urban net longwave radiation error: no convergence
 urban net longwave radiation error: no convergence
 urban net longwave radiation error: no convergence
 urban net longwave radiation error: no convergence
 urban net longwave radiation error: no convergence
 urban net longwave radiation error: no convergence
 urban net longwave radiation error: no convergence
 urban net longwave radiation error: no convergence
 urban net longwave radiation error: no convergence
 urban net longwave radiation error: no convergence
 urban net longwave radiation error: no convergence
 urban net longwave radiation error: no convergence
 urban net longwave radiation error: no convergence
 Abort called by computing node            95 at 2026-07-22 00:27:32.577 +0200
 Execution terminated because of runtime error
 urban net longwave radiation error: no convergence
 urban net longwave radiation error: no convergence
 urban net longwave radiation error: no convergence
 urban net longwave radiation error: no convergence
 urban net longwave radiation error: no convergence
 urban net longwave radiation error: no convergence
 urban net longwave radiation error: no convergence
 urban net longwave radiation error: no convergence
 urban net longwave radiation error: no convergence
 urban net longwave radiation error: no convergence
 urban net longwave radiation error: no convergence
 urban net longwave radiation error: no convergence
 urban net longwave radiation error: no convergence
 urban net longwave radiation error: no convergence
 urban net longwave radiation error: no convergence
 urban net longwave radiation error: no convergence
 urban net longwave radiation error: no convergence
 urban net longwave radiation error: no convergence
 urban net longwave radiation error: no convergence
 urban net longwave radiation error: no convergence
 urban net longwave radiation error: no convergence
 urban net longwave radiation error: no convergence
 urban net longwave radiation error: no convergence
  Fatal in file: mod_clm_urban.F90 at line:     2712
 clm now stopping
 -------------------------------------------
 urban net longwave radiation error: no convergence
 urban net longwave radiation error: no convergence
 urban net longwave radiation error: no convergence
 urban net longwave radiation error: no convergence
 urban net longwave radiation error: no convergence
 urban net longwave radiation error: no convergence
 urban net longwave radiation error: no convergence
 urban net longwave radiation error: no convergence
 urban net longwave radiation error: no convergence
 urban net longwave radiation error: no convergence
 urban net longwave radiation error: no convergence
 urban net longwave radiation error: no convergence
 urban net longwave radiation error: no convergence
 urban net longwave radiation error: no convergence
 urban net longwave radiation error: no convergence
 urban net longwave radiation error: no convergence
 urban net longwave radiation error: no convergence
 urban net longwave radiation error: no convergence
 urban net longwave radiation error: no convergence
 urban net longwave radiation error: no convergence
 urban net longwave radiation error: no convergence
 urban net longwave radiation error: no convergence
 urban net longwave radiation error: no convergence
 Critical =                        NaN  > 0.001 !
 -------------- FATAL CALLED ---------------
 urban net longwave radiation error: no convergence
 urban net longwave radiation error: no convergence
 urban net longwave radiation error: no convergence
 urban net longwave radiation error: no convergence
 urban net longwave radiation error: no convergence
 urban net longwave radiation error: no convergence
 urban net longwave radiation error: no convergence
 urban net longwave radiation error: no convergence
 urban net longwave radiation error: no convergence
 urban net longwave radiation error: no convergence
 urban net longwave radiation error: no convergence
 Abort called by computing node            36 at 2026-07-22 00:27:32.577 +0200
 Execution terminated because of runtime error
 urban net longwave radiation error: no convergence
 urban net longwave radiation error: no convergence
 urban net longwave radiation error: no convergence
 urban net longwave radiation error: no convergence
 urban net longwave radiation error: no convergence
 urban net longwave radiation error: no convergence
 urban net longwave radiation error: no convergence
 urban net longwave radiation error: no convergence
 urban net longwave radiation error: no convergence
 urban net longwave radiation error: no convergence
 urban net longwave radiation error: no convergence
  Fatal in file: mod_clm_urban.F90 at line:     2712
 clm now stopping
 -------------------------------------------
 urban net longwave radiation error: no convergence
 urban net longwave radiation error: no convergence
 urban net longwave radiation error: no convergence
 urban net longwave radiation error: no convergence
 urban net longwave radiation error: no convergence
 urban net longwave radiation error: no convergence
 urban net longwave radiation error: no convergence
 Critical =                        NaN  > 0.001 !
 -------------- FATAL CALLED ---------------
 urban net longwave radiation error: no convergence
 urban net longwave radiation error: no convergence
 urban net longwave radiation error: no convergence
 Critical =                        NaN  > 0.001 !
 -------------- FATAL CALLED ---------------
 urban net longwave radiation error: no convergence
 urban net longwave radiation error: no convergence
 urban net longwave radiation error: no convergence
 urban net longwave radiation error: no convergence
 urban net longwave radiation error: no convergence
 urban net longwave radiation error: no convergence
 urban net longwave radiation error: no convergence
 urban net longwave radiation error: no convergence
 urban net longwave radiation error: no convergence
 urban net longwave radiation error: no convergence
 urban net longwave radiation error: no convergence
 Abort called by computing node            89 at 2026-07-22 00:27:32.577 +0200
 Execution terminated because of runtime error
 urban net longwave radiation error: no convergence
 urban net longwave radiation error: no convergence
 urban net longwave radiation error: no convergence
 urban net longwave radiation error: no convergence
 urban net longwave radiation error: no convergence
 urban net longwave radiation error: no convergence
 urban net longwave radiation error: no convergence
 urban net longwave radiation error: no convergence
 urban net longwave radiation error: no convergence
 urban net longwave radiation error: no convergence
 urban net longwave radiation error: no convergence
  Fatal in file: mod_clm_urban.F90 at line:     2712
 clm now stopping
 -------------------------------------------
 urban net longwave radiation error: no convergence
 urban net longwave radiation error: no convergence
 urban net longwave radiation error: no convergence
 urban net longwave radiation error: no convergence
 urban net longwave radiation error: no convergence
 urban net longwave radiation error: no convergence
 urban net longwave radiation error: no convergence
 urban net longwave radiation error: no convergence
 urban net longwave radiation error: no convergence
 urban net longwave radiation error: no convergence
 urban net longwave radiation error: no convergence
 urban net longwave radiation error: no convergence
 urban net longwave radiation error: no convergence
 urban net longwave radiation error: no convergence
 urban net longwave radiation error: no convergence
 urban net longwave radiation error: no convergence
 urban net longwave radiation error: no convergence
 urban net longwave radiation error: no convergence
 urban net longwave radiation error: no convergence
 urban net longwave radiation error: no convergence
 urban net longwave radiation error: no convergence
 urban net longwave radiation error: no convergence
 urban net longwave radiation error: no convergence
 urban net longwave radiation error: no convergence
 urban net longwave radiation error: no convergence
 urban net longwave radiation error: no convergence
 urban net longwave radiation error: no convergence
 urban net longwave radiation error: no convergence
 urban net longwave radiation error: no convergence
 urban net longwave radiation error: no convergence
 urban net longwave radiation error: no convergence
 Critical =                        NaN  > 0.001 !
 -------------- FATAL CALLED ---------------
 urban net longwave radiation error: no convergence
 urban net longwave radiation error: no convergence
 urban net longwave radiation error: no convergence
  Fatal in file: mod_clm_urban.F90 at line:     2712
 clm now stopping
 -------------------------------------------
 urban net longwave radiation error: no convergence
 urban net longwave radiation error: no convergence
 urban net longwave radiation error: no convergence
 urban net longwave radiation error: no convergence
 urban net longwave radiation error: no convergence
 urban net longwave radiation error: no convergence
 urban net longwave radiation error: no convergence
 urban net longwave radiation error: no convergence
 urban net longwave radiation error: no convergence
 urban net longwave radiation error: no convergence
 urban net longwave radiation error: no convergence
 Abort called by computing node            29 at 2026-07-22 00:27:32.577 +0200
 Execution terminated because of runtime error
 urban net longwave radiation error: no convergence
 urban net longwave radiation error: no convergence
 urban net longwave radiation error: no convergence
 urban net longwave radiation error: no convergence
 urban net longwave radiation error: no convergence
 urban net longwave radiation error: no convergence
 urban net longwave radiation error: no convergence
  Fatal in file: mod_clm_urban.F90 at line:     2712
 clm now stopping
 -------------------------------------------
 urban net longwave radiation error: no convergence
 urban net longwave radiation error: no convergence
 urban net longwave radiation error: no convergence
 Critical =                        NaN  > 0.001 !
 -------------- FATAL CALLED ---------------
 urban net longwave radiation error: no convergence
 urban net longwave radiation error: no convergence
 urban net longwave radiation error: no convergence
 urban net longwave radiation error: no convergence
 urban net longwave radiation error: no convergence
 urban net longwave radiation error: no convergence
 urban net longwave radiation error: no convergence
  Fatal in file: mod_clm_urban.F90 at line:     2712
 clm now stopping
 -------------------------------------------
 urban net longwave radiation error: no convergence
 urban net longwave radiation error: no convergence
 urban net longwave radiation error: no convergence
 Critical =                        NaN  > 0.001 !
 -------------- FATAL CALLED ---------------
  Fatal in file: mod_clm_urban.F90 at line:     2712
 clm now stopping
 -------------------------------------------
 urban net longwave radiation error: no convergence
 urban net longwave radiation error: no convergence
 urban net longwave radiation error: no convergence
 urban net longwave radiation error: no convergence
 urban net longwave radiation error: no convergence
 urban net longwave radiation error: no convergence
 urban net longwave radiation error: no convergence
 Abort called by computing node           511 at 2026-07-22 00:27:32.581 +0200
 Execution terminated because of runtime error
 urban net longwave radiation error: no convergence
 urban net longwave radiation error: no convergence
 urban net longwave radiation error: no convergence
  Fatal in file: mod_clm_urban.F90 at line:     2712
 clm now stopping
 -------------------------------------------
 Abort called by computing node            84 at 2026-07-22 00:27:32.577 +0200
 Execution terminated because of runtime error
 urban net longwave radiation error: no convergence
 urban net longwave radiation error: no convergence
 urban net longwave radiation error: no convergence
 urban net longwave radiation error: no convergence
 urban net longwave radiation error: no convergence
 urban net longwave radiation error: no convergence
 urban net longwave radiation error: no convergence
 urban net longwave radiation error: no convergence
 urban net longwave radiation error: no convergence
 urban net longwave radiation error: no convergence
 urban net longwave radiation error: no convergence
 Critical =                        NaN  > 0.001 !
 urban net longwave radiation error: no convergence
 urban net longwave radiation error: no convergence
 urban net longwave radiation error: no convergence
 urban net longwave radiation error: no convergence
 urban net longwave radiation error: no convergence
 urban net longwave radiation error: no convergence
 urban net longwave radiation error: no convergence
 Abort called by computing node           590 at 2026-07-22 00:27:32.581 +0200
 Execution terminated because of runtime error
 urban net longwave radiation error: no convergence
 urban net longwave radiation error: no convergence
 urban net longwave radiation error: no convergence
 Abort called by computing node             6 at 2026-07-22 00:27:32.577 +0200
 Execution terminated because of runtime error
 urban net longwave radiation error: no convergence
 urban net longwave radiation error: no convergence
 urban net longwave radiation error: no convergence
 urban net longwave radiation error: no convergence
 urban net longwave radiation error: no convergence
 urban net longwave radiation error: no convergence
 urban net longwave radiation error: no convergence
 Critical =                        NaN  > 0.001 !
 -------------- FATAL CALLED ---------------
 urban net longwave radiation error: no convergence
 urban net longwave radiation error: no convergence
 urban net longwave radiation error: no convergence
 urban net longwave radiation error: no convergence
 urban net longwave radiation error: no convergence
 urban net longwave radiation error: no convergence
 urban net longwave radiation error: no convergence
 urban net longwave radiation error: no convergence
 urban net longwave radiation error: no convergence
 urban net longwave radiation error: no convergence
 urban net longwave radiation error: no convergence
 urban net longwave radiation error: no convergence
 urban net longwave radiation error: no convergence
 Critical =                        NaN  > 0.001 !
 -------------- FATAL CALLED ---------------
 urban net longwave radiation error: no convergence
  Fatal in file: mod_clm_urban.F90 at line:     2712
 clm now stopping
 -------------------------------------------
 Abort called by computing node            64 at 2026-07-22 00:27:32.577 +0200
 Execution terminated because of runtime error
 urban net longwave radiation error: no convergence
 urban net longwave radiation error: no convergence
 urban net longwave radiation error: no convergence
 urban net longwave radiation error: no convergence
 urban net longwave radiation error: no convergence
 urban net longwave radiation error: no convergence
 urban net longwave radiation error: no convergence
 urban net longwave radiation error: no convergence
 urban net longwave radiation error: no convergence
 Critical =                        NaN  > 0.001 !
 -------------- FATAL CALLED ---------------
 urban net longwave radiation error: no convergence
 urban net longwave radiation error: no convergence
 urban net longwave radiation error: no convergence
 urban net longwave radiation error: no convergence
 Critical =                        NaN  > 0.001 !
 -------------- FATAL CALLED ---------------
 urban net longwave radiation error: no convergence
 urban net longwave radiation error: no convergence
 urban net longwave radiation error: no convergence
 urban net longwave radiation error: no convergence
 Critical =                        NaN  > 0.001 !
 urban net longwave radiation error: no convergence
 Critical =                        NaN  > 0.001 !
 -------------- FATAL CALLED ---------------
 urban net longwave radiation error: no convergence
 Abort called by computing node            82 at 2026-07-22 00:27:32.577 +0200
 Execution terminated because of runtime error
 urban net longwave radiation error: no convergence
 urban net longwave radiation error: no convergence
 urban net longwave radiation error: no convergence
 Critical =                        NaN  > 0.001 !
 -------------- FATAL CALLED ---------------
 Critical =                        NaN  > 0.001 !
 -------------- FATAL CALLED ---------------
 Critical =                        NaN  > 0.001 !
 -------------- FATAL CALLED ---------------
 Critical =                        NaN  > 0.001 !
  Fatal in file: mod_clm_urban.F90 at line:     2712
 clm now stopping
 -------------------------------------------
 Critical =                        NaN  > 0.001 !
 -------------- FATAL CALLED ---------------
 Critical =                        NaN  > 0.001 !
 -------------- FATAL CALLED ---------------
 Critical =                        NaN  > 0.001 !
 -------------- FATAL CALLED ---------------
  Fatal in file: mod_clm_urban.F90 at line:     2712
 clm now stopping
 -------------------------------------------
 urban net longwave radiation error: no convergence
 Critical =                        NaN  > 0.001 !
 Critical =                        NaN  > 0.001 !
 -------------- FATAL CALLED ---------------
 Critical =                        NaN  > 0.001 !
 -------------- FATAL CALLED ---------------
 Critical =                        NaN  > 0.001 !
 Critical =                        NaN  > 0.001 !
 -------------- FATAL CALLED ---------------
 Critical =                        NaN  > 0.001 !
 -------------- FATAL CALLED ---------------
 Critical =                        NaN  > 0.001 !
 -------------- FATAL CALLED ---------------
 -------------- FATAL CALLED ---------------
 Critical =                        NaN  > 0.001 !
 -------------- FATAL CALLED ---------------
 Critical =                        NaN  > 0.001 !
 -------------- FATAL CALLED ---------------
 Critical =                        NaN  > 0.001 !
 -------------- FATAL CALLED ---------------
  Fatal in file: mod_clm_urban.F90 at line:     2712
 clm now stopping
 -------------------------------------------
 -------------- FATAL CALLED ---------------
  Fatal in file: mod_clm_urban.F90 at line:     2712
 clm now stopping
 -------------------------------------------
 Abort called by computing node             4 at 2026-07-22 00:27:32.577 +0200
 Execution terminated because of runtime error
 -------------- FATAL CALLED ---------------
 Critical =                        NaN  > 0.001 !
 -------------- FATAL CALLED ---------------
 urban net longwave radiation error: no convergence
 Critical =                        NaN  > 0.001 !
 Critical =                        NaN  > 0.001 !
 Critical =                        NaN  > 0.001 !
 -------------- FATAL CALLED ---------------
 -------------- FATAL CALLED ---------------
 Critical =                        NaN  > 0.001 !
 -------------- FATAL CALLED ---------------
 Critical =                        NaN  > 0.001 !
 -------------- FATAL CALLED ---------------
 Critical =                        NaN  > 0.001 !
 -------------- FATAL CALLED ---------------
 Critical =                        NaN  > 0.001 !
 -------------- FATAL CALLED ---------------
  Fatal in file: mod_clm_urban.F90 at line:     2712
 clm now stopping
 -------------------------------------------
 Abort called by computing node           443 at 2026-07-22 00:27:32.583 +0200
 Execution terminated because of runtime error
 urban net longwave radiation error: no convergence
 Critical =                        NaN  > 0.001 !
 Critical =                        NaN  > 0.001 !
 -------------- FATAL CALLED ---------------
 Critical =                        NaN  > 0.001 !
 -------------- FATAL CALLED ---------------
 -------------- FATAL CALLED ---------------
 Critical =                        NaN  > 0.001 !
 -------------- FATAL CALLED ---------------
 Critical =                        NaN  > 0.001 !
 -------------- FATAL CALLED ---------------
 Abort called by computing node           596 at 2026-07-22 00:27:32.581 +0200
 Execution terminated because of runtime error
 Critical =                        NaN  > 0.001 !
 -------------- FATAL CALLED ---------------
 Critical =                        NaN  > 0.001 !
 -------------- FATAL CALLED ---------------
 Abort called by computing node           401 at 2026-07-22 00:27:32.583 +0200
 Execution terminated because of runtime error
 urban net longwave radiation error: no convergence
 -------------- FATAL CALLED ---------------
 Critical =                        NaN  > 0.001 !
 -------------- FATAL CALLED ---------------
 Critical =                        NaN  > 0.001 !
 -------------- FATAL CALLED ---------------
 Critical =                        NaN  > 0.001 !
 -------------- FATAL CALLED ---------------
 Critical =                        NaN  > 0.001 !
 -------------- FATAL CALLED ---------------
 Critical =                        NaN  > 0.001 !
 Critical =                        NaN  > 0.001 !
 -------------- FATAL CALLED ---------------
 Critical =                        NaN  > 0.001 !
 -------------- FATAL CALLED ---------------
 Critical =                        NaN  > 0.001 !
 -------------- FATAL CALLED ---------------
 Critical =                        NaN  > 0.001 !
 -------------- FATAL CALLED ---------------
  Fatal in file: mod_clm_urban.F90 at line:     2712
 clm now stopping
 -------------------------------------------
 Abort called by computing node           417 at 2026-07-22 00:27:32.583 +0200
 Execution terminated because of runtime error
 urban net longwave radiation error: no convergence
 Critical =                        NaN  > 0.001 !
 Critical =                        NaN  > 0.001 !
 -------------- FATAL CALLED ---------------
 -------------- FATAL CALLED ---------------
 Critical =                        NaN  > 0.001 !
 -------------- FATAL CALLED ---------------
 Critical =                        NaN  > 0.001 !
 -------------- FATAL CALLED ---------------
 Critical =                        NaN  > 0.001 !
 -------------- FATAL CALLED ---------------
 Critical =                        NaN  > 0.001 !
 -------------- FATAL CALLED ---------------
  Fatal in file: mod_clm_urban.F90 at line:     2712
 clm now stopping
 -------------------------------------------
  Fatal in file: mod_clm_urban.F90 at line:     2712
 clm now stopping
 -------------------------------------------
 Critical =                        NaN  > 0.001 !
 -------------- FATAL CALLED ---------------
 Critical =                        NaN  > 0.001 !
 -------------- FATAL CALLED ---------------
 Abort called by computing node           430 at 2026-07-22 00:27:32.583 +0200
 Execution terminated because of runtime error
 Critical =                        NaN  > 0.001 !
 -------------- FATAL CALLED ---------------
  Fatal in file: mod_clm_urban.F90 at line:     2712
 clm now stopping
 -------------------------------------------
 Abort called by computing node            91 at 2026-07-22 00:27:32.578 +0200
 Execution terminated because of runtime error
 Critical =                        NaN  > 0.001 !
 -------------- FATAL CALLED ---------------
 Critical =                        NaN  > 0.001 !
 -------------- FATAL CALLED ---------------
 -------------- FATAL CALLED ---------------
 Critical =                        NaN  > 0.001 !
 -------------- FATAL CALLED ---------------
 Critical =                        NaN  > 0.001 !
 Critical =                        NaN  > 0.001 !
 -------------- FATAL CALLED ---------------
  Fatal in file: mod_clm_urban.F90 at line:     2712
 clm now stopping
 -------------------------------------------
 Abort called by computing node           684 at 2026-07-22 00:27:32.583 +0200
 Execution terminated because of runtime error
 Abort called by computing node           500 at 2026-07-22 00:27:32.581 +0200
 Execution terminated because of runtime error
 Critical =                        NaN  > 0.001 !
 -------------- FATAL CALLED ---------------
 Critical =                        NaN  > 0.001 !
 -------------- FATAL CALLED ---------------
 Critical =                        NaN  > 0.001 !
 -------------- FATAL CALLED ---------------
  Fatal in file: mod_clm_urban.F90 at line:     2712
 clm now stopping
 -------------------------------------------
 Critical =                        NaN  > 0.001 !
 -------------- FATAL CALLED ---------------
  Fatal in file: mod_clm_urban.F90 at line:     2712
 clm now stopping
 -------------------------------------------
 Abort called by computing node            99 at 2026-07-22 00:27:32.577 +0200
 Execution terminated because of runtime error
 Critical =                        NaN  > 0.001 !
 -------------- FATAL CALLED ---------------
 Critical =                        NaN  > 0.001 !
 -------------- FATAL CALLED ---------------
 Critical =                        NaN  > 0.001 !
 -------------- FATAL CALLED ---------------
 Critical =                        NaN  > 0.001 !
 -------------- FATAL CALLED ---------------
 Critical =                        NaN  > 0.001 !
 Critical =                        NaN  > 0.001 !
 -------------- FATAL CALLED ---------------
  Fatal in file: mod_clm_urban.F90 at line:     2712
 clm now stopping
 -------------------------------------------
 Abort called by computing node           685 at 2026-07-22 00:27:32.583 +0200
 Execution terminated because of runtime error
 urban net longwave radiation error: no convergence
 Critical =                        NaN  > 0.001 !
 -------------- FATAL CALLED ---------------
 Critical =                        NaN  > 0.001 !
 -------------- FATAL CALLED ---------------
 Critical =                        NaN  > 0.001 !
 -------------- FATAL CALLED ---------------
  Fatal in file: mod_clm_urban.F90 at line:     2712
 clm now stopping
 -------------------------------------------
 urban net longwave radiation error: no convergence
 Critical =                        NaN  > 0.001 !
 -------------- FATAL CALLED ---------------
 Critical =                        NaN  > 0.001 !
 -------------- FATAL CALLED ---------------
 Critical =                        NaN  > 0.001 !
 -------------- FATAL CALLED ---------------
 Critical =                        NaN  > 0.001 !
 -------------- FATAL CALLED ---------------
 Critical =                        NaN  > 0.001 !
 -------------- FATAL CALLED ---------------
 Critical =                        NaN  > 0.001 !
 -------------- FATAL CALLED ---------------
 Critical =                        NaN  > 0.001 !
 urban net longwave radiation error: no convergence
 Critical =                        NaN  > 0.001 !
 -------------- FATAL CALLED ---------------
 Critical =                        NaN  > 0.001 !
 -------------- FATAL CALLED ---------------
 Critical =                        NaN  > 0.001 !
 -------------- FATAL CALLED ---------------
  Fatal in file: mod_clm_urban.F90 at line:     2712
 clm now stopping
 -------------------------------------------
 Abort called by computing node           473 at 2026-07-22 00:27:32.583 +0200
 Execution terminated because of runtime error
 Critical =                        NaN  > 0.001 !
 -------------- FATAL CALLED ---------------
  Fatal in file: mod_clm_urban.F90 at line:     2712
 clm now stopping
 -------------------------------------------
 -------------- FATAL CALLED ---------------
 Critical =                        NaN  > 0.001 !
 -------------- FATAL CALLED ---------------
 Critical =                        NaN  > 0.001 !
 Critical =                        NaN  > 0.001 !
 Critical =                        NaN  > 0.001 !
 Critical =                        NaN  > 0.001 !
 -------------- FATAL CALLED ---------------
 -------------- FATAL CALLED ---------------
  Fatal in file: mod_clm_urban.F90 at line:     2712
 urban net longwave radiation error: no convergence
 Critical =                        NaN  > 0.001 !
 -------------- FATAL CALLED ---------------
 Critical =                        NaN  > 0.001 !
 -------------- FATAL CALLED ---------------
 Critical =                        NaN  > 0.001 !
 -------------- FATAL CALLED ---------------
  Fatal in file: mod_clm_urban.F90 at line:     2712
 clm now stopping
 -------------------------------------------
 Abort called by computing node           479 at 2026-07-22 00:27:32.583 +0200
 Execution terminated because of runtime error
 Critical =                        NaN  > 0.001 !
 -------------- FATAL CALLED ---------------
 Critical =                        NaN  > 0.001 !
 -------------- FATAL CALLED ---------------
 Critical =                        NaN  > 0.001 !
 -------------- FATAL CALLED ---------------
 -------------- FATAL CALLED ---------------
 Critical =                        NaN  > 0.001 !
 -------------- FATAL CALLED ---------------
 -------------- FATAL CALLED ---------------
 Critical =                        NaN  > 0.001 !
 -------------- FATAL CALLED ---------------
 Critical =                        NaN  > 0.001 !
 -------------- FATAL CALLED ---------------
 urban net longwave radiation error: no convergence
 Critical =                        NaN  > 0.001 !
 -------------- FATAL CALLED ---------------
 Critical =                        NaN  > 0.001 !
 -------------- FATAL CALLED ---------------
 Critical =                        NaN  > 0.001 !
 -------------- FATAL CALLED ---------------
  Fatal in file: mod_clm_urban.F90 at line:     2712
 clm now stopping
 -------------------------------------------
 Abort called by computing node           480 at 2026-07-22 00:27:32.583 +0200
 Execution terminated because of runtime error
 urban net longwave radiation error: no convergence
 Critical =                        NaN  > 0.001 !
 -------------- FATAL CALLED ---------------
 Critical =                        NaN  > 0.001 !
 Critical =                        NaN  > 0.001 !
 Critical =                        NaN  > 0.001 !
 -------------- FATAL CALLED ---------------
 Critical =                        NaN  > 0.001 !
 -------------- FATAL CALLED ---------------
 Critical =                        NaN  > 0.001 !
 -------------- FATAL CALLED ---------------
  Fatal in file: mod_clm_urban.F90 at line:     2712
 clm now stopping
 -------------------------------------------
 Abort called by computing node           676 at 2026-07-22 00:27:32.583 +0200
 Execution terminated because of runtime error
 urban net longwave radiation error: no convergence
 Critical =                        NaN  > 0.001 !
 -------------- FATAL CALLED ---------------
 Critical =                        NaN  > 0.001 !
 -------------- FATAL CALLED ---------------
 Critical =                        NaN  > 0.001 !
 -------------- FATAL CALLED ---------------
  Fatal in file: mod_clm_urban.F90 at line:     2712
 clm now stopping
 -------------------------------------------
 Critical =                        NaN  > 0.001 !
 -------------- FATAL CALLED ---------------
 Critical =                        NaN  > 0.001 !
 -------------- FATAL CALLED ---------------
 Critical =                        NaN  > 0.001 !
 -------------- FATAL CALLED ---------------
 -------------- FATAL CALLED ---------------
 -------------- FATAL CALLED ---------------
 -------------- FATAL CALLED ---------------
 Critical =                        NaN  > 0.001 !
 -------------- FATAL CALLED ---------------
 Abort called by computing node           677 at 2026-07-22 00:27:32.583 +0200
 Execution terminated because of runtime error
 Critical =                        NaN  > 0.001 !
 -------------- FATAL CALLED ---------------
 Critical =                        NaN  > 0.001 !
 -------------- FATAL CALLED ---------------
 Critical =                        NaN  > 0.001 !
 -------------- FATAL CALLED ---------------
 Abort called by computing node           435 at 2026-07-22 00:27:32.583 +0200
 Execution terminated because of runtime error
 Abort called by computing node            70 at 2026-07-22 00:27:32.578 +0200
 Execution terminated because of runtime error
 Critical =                        NaN  > 0.001 !
 -------------- FATAL CALLED ---------------
 -------------- FATAL CALLED ---------------
 Critical =                        NaN  > 0.001 !
 Critical =                        NaN  > 0.001 !
 Critical =                        NaN  > 0.001 !
 -------------- FATAL CALLED ---------------
 Critical =                        NaN  > 0.001 !
 -------------- FATAL CALLED ---------------
 -------------- FATAL CALLED ---------------
  Fatal in file: mod_clm_urban.F90 at line:     2712
 clm now stopping
 -------------------------------------------
 Abort called by computing node           535 at 2026-07-22 00:27:32.581 +0200
 Execution terminated because of runtime error
 Critical =                        NaN  > 0.001 !
 Critical =                        NaN  > 0.001 !
 -------------- FATAL CALLED ---------------
 Critical =                        NaN  > 0.001 !
 -------------- FATAL CALLED ---------------
 urban net longwave radiation error: no convergence
 Critical =                        NaN  > 0.001 !
 Critical =                        NaN  > 0.001 !
 -------------- FATAL CALLED ---------------
 -------------- FATAL CALLED ---------------
 -------------- FATAL CALLED ---------------
 Critical =                        NaN  > 0.001 !
 -------------- FATAL CALLED ---------------
 Critical =                        NaN  > 0.001 !
 -------------- FATAL CALLED ---------------
  Fatal in file: mod_clm_urban.F90 at line:     2712
 clm now stopping
 -------------------------------------------
 Critical =                        NaN  > 0.001 !
 -------------- FATAL CALLED ---------------
 Critical =                        NaN  > 0.001 !
 -------------- FATAL CALLED ---------------
 Abort called by computing node           456 at 2026-07-22 00:27:32.583 +0200
 Execution terminated because of runtime error
 Critical =                        NaN  > 0.001 !
 -------------- FATAL CALLED ---------------
 -------------- FATAL CALLED ---------------
 -------------- FATAL CALLED ---------------
 Critical =                        NaN  > 0.001 !
 -------------- FATAL CALLED ---------------
 Critical =                        NaN  > 0.001 !
 -------------- FATAL CALLED ---------------
 Critical =                        NaN  > 0.001 !
 Critical =                        NaN  > 0.001 !
 -------------- FATAL CALLED ---------------
 Critical =                        NaN  > 0.001 !
 Critical =                        NaN  > 0.001 !
 Critical =                        NaN  > 0.001 !
 -------------- FATAL CALLED ---------------
 Critical =                        NaN  > 0.001 !
 -------------- FATAL CALLED ---------------
 Critical =                        NaN  > 0.001 !
 -------------- FATAL CALLED ---------------
  Fatal in file: mod_clm_urban.F90 at line:     2712
 clm now stopping
 -------------------------------------------
 Critical =                        NaN  > 0.001 !
 -------------- FATAL CALLED ---------------
 Critical =                        NaN  > 0.001 !
 -------------- FATAL CALLED ---------------
 Critical =                        NaN  > 0.001 !
 -------------- FATAL CALLED ---------------
 Critical =                        NaN  > 0.001 !
 -------------- FATAL CALLED ---------------
 Critical =                        NaN  > 0.001 !
 -------------- FATAL CALLED ---------------
 Critical =                        NaN  > 0.001 !
 -------------- FATAL CALLED ---------------
 clm now stopping
 -------------------------------------------
 Abort called by computing node           658 at 2026-07-22 00:27:32.583 +0200
 Execution terminated because of runtime error
  Fatal in file: mod_clm_urban.F90 at line:     2712
 clm now stopping
 -------------------------------------------
 Critical =                        NaN  > 0.001 !
 -------------- FATAL CALLED ---------------
 Critical =                        NaN  > 0.001 !
 -------------- FATAL CALLED ---------------
 Critical =                        NaN  > 0.001 !
 -------------- FATAL CALLED ---------------
  Fatal in file: mod_clm_urban.F90 at line:     2712
 clm now stopping
 urban net longwave radiation error: no convergence
 Critical =                        NaN  > 0.001 !
 -------------- FATAL CALLED ---------------
 Critical =                        NaN  > 0.001 !
 -------------- FATAL CALLED ---------------
 Critical =                        NaN  > 0.001 !
 Critical =                        NaN  > 0.001 !
 -------------- FATAL CALLED ---------------
 Critical =                        NaN  > 0.001 !
 -------------- FATAL CALLED ---------------
  Fatal in file: mod_clm_urban.F90 at line:     2712
 clm now stopping
 -------------------------------------------
 -------------- FATAL CALLED ---------------
 Critical =                        NaN  > 0.001 !
 -------------- FATAL CALLED ---------------
 Critical =                        NaN  > 0.001 !
 -------------- FATAL CALLED ---------------
  Fatal in file: mod_clm_urban.F90 at line:     2712
 clm now stopping
 -------------------------------------------
 Critical =                        NaN  > 0.001 !
 -------------- FATAL CALLED ---------------
 Critical =                        NaN  > 0.001 !
 -------------- FATAL CALLED ---------------
 Critical =                        NaN  > 0.001 !
 -------------- FATAL CALLED ---------------
 Critical =                        NaN  > 0.001 !
 -------------- FATAL CALLED ---------------
 Critical =                        NaN  > 0.001 !
 -------------- FATAL CALLED ---------------
 -------------- FATAL CALLED ---------------
 Critical =                        NaN  > 0.001 !
 -------------- FATAL CALLED ---------------
 Critical =                        NaN  > 0.001 !
 -------------- FATAL CALLED ---------------
  Fatal in file: mod_clm_urban.F90 at line:     2712
 clm now stopping
 -------------------------------------------
 -------------- FATAL CALLED ---------------
 Critical =                        NaN  > 0.001 !
 -------------- FATAL CALLED ---------------
 Critical =                        NaN  > 0.001 !
 -------------- FATAL CALLED ---------------
  Fatal in file: mod_clm_urban.F90 at line:     2712
 clm now stopping
 -------------------------------------------
 Abort called by computing node           423 at 2026-07-22 00:27:32.583 +0200
 Execution terminated because of runtime error
 Abort called by computing node            13 at 2026-07-22 00:27:32.578 +0200
 Execution terminated because of runtime error
 Critical =                        NaN  > 0.001 !
 Critical =                        NaN  > 0.001 !
 -------------- FATAL CALLED ---------------
 Critical =                        NaN  > 0.001 !
 Critical =                        NaN  > 0.001 !
 Critical =                        NaN  > 0.001 !
 Critical =                        NaN  > 0.001 !
 Critical =                        NaN  > 0.001 !
 -------------- FATAL CALLED ---------------
 Critical =                        NaN  > 0.001 !
 Critical =                        NaN  > 0.001 !
 -------------- FATAL CALLED ---------------
 Critical =                        NaN  > 0.001 !
 -------------- FATAL CALLED ---------------
 Critical =                        NaN  > 0.001 !
 -------------- FATAL CALLED ---------------
  Fatal in file: mod_clm_urban.F90 at line:     2712
 clm now stopping
 -------------------------------------------
 Critical =                        NaN  > 0.001 !
 Critical =                        NaN  > 0.001 !
 -------------- FATAL CALLED ---------------
 Critical =                        NaN  > 0.001 !
 -------------- FATAL CALLED ---------------
 Critical =                        NaN  > 0.001 !
 Critical =                        NaN  > 0.001 !
 Critical =                        NaN  > 0.001 !
 -------------- FATAL CALLED ---------------
 Abort called by computing node           645 at 2026-07-22 00:27:32.583 +0200
 Execution terminated because of runtime error
 Abort called by computing node           514 at 2026-07-22 00:27:32.581 +0200
 Execution terminated because of runtime error
 Critical =                        NaN  > 0.001 !
 Critical =                        NaN  > 0.001 !
 -------------- FATAL CALLED ---------------
  Fatal in file: mod_clm_urban.F90 at line:     2712
 clm now stopping
 -------------------------------------------
  Fatal in file: mod_clm_urban.F90 at line:     2712
 clm now stopping
 -------------------------------------------
 urban net longwave radiation error: no convergence
 -------------- FATAL CALLED ---------------
 Critical =                        NaN  > 0.001 !
 Critical =                        NaN  > 0.001 !
 -------------- FATAL CALLED ---------------
 -------------- FATAL CALLED ---------------
 Critical =                        NaN  > 0.001 !
 Critical =                        NaN  > 0.001 !
 -------------- FATAL CALLED ---------------
 -------------- FATAL CALLED ---------------
  Fatal in file: mod_clm_urban.F90 at line:     2712
 clm now stopping
 -------------------------------------------
 -------------- FATAL CALLED ---------------
 Critical =                        NaN  > 0.001 !
 -------------- FATAL CALLED ---------------
 Critical =                        NaN  > 0.001 !
 -------------- FATAL CALLED ---------------
  Fatal in file: mod_clm_urban.F90 at line:     2712
 clm now stopping
 -------------------------------------------
 Critical =                        NaN  > 0.001 !
 -------------- FATAL CALLED ---------------
  Fatal in file: mod_clm_urban.F90 at line:     2712
 clm now stopping
 -------------------------------------------
 Abort called by computing node           486 at 2026-07-22 00:27:32.583 +0200
 Critical =                        NaN  > 0.001 !
 -------------- FATAL CALLED ---------------
 -------------- FATAL CALLED ---------------
 Critical =                        NaN  > 0.001 !
 -------------- FATAL CALLED ---------------
 -------------- FATAL CALLED ---------------
 -------------- FATAL CALLED ---------------
 -------------- FATAL CALLED ---------------
 Critical =                        NaN  > 0.001 !
 Abort called by computing node           662 at 2026-07-22 00:27:32.583 +0200
 Execution terminated because of runtime error
 Critical =                        NaN  > 0.001 !
 -------------- FATAL CALLED ---------------
 Critical =                        NaN  > 0.001 !
 -------------- FATAL CALLED ---------------
 Critical =                        NaN  > 0.001 !
 -------------- FATAL CALLED ---------------
  Fatal in file: mod_clm_urban.F90 at line:     2712
 clm now stopping
 -------------------------------------------
 Critical =                        NaN  > 0.001 !
 -------------- FATAL CALLED ---------------
 Abort called by computing node            97 at 2026-07-22 00:27:32.578 +0200
 Execution terminated because of runtime error
 Critical =                        NaN  > 0.001 !
 -------------- FATAL CALLED ---------------
 Critical =                        NaN  > 0.001 !
 -------------- FATAL CALLED ---------------
 -------------- FATAL CALLED ---------------
 Critical =                        NaN  > 0.001 !
 -------------- FATAL CALLED ---------------
 Critical =                        NaN  > 0.001 !
 Abort called by computing node           615 at 2026-07-22 00:27:32.584 +0200
 Execution terminated because of runtime error
  Fatal in file: mod_clm_urban.F90 at line:     2712
 clm now stopping
 -------------------------------------------
 Critical =                        NaN  > 0.001 !
 -------------- FATAL CALLED ---------------
  Fatal in file: mod_clm_urban.F90 at line:     2712
 clm now stopping
 -------------------------------------------
 Abort called by computing node          1167 at 2026-07-22 00:27:32.587 +0200
 Execution terminated because of runtime error
 -------------------------------------------
 Abort called by computing node           497 at 2026-07-22 00:27:32.583 +0200
 Execution terminated because of runtime error
 urban net longwave radiation error: no convergence
 Critical =                        NaN  > 0.001 !
 -------------- FATAL CALLED ---------------
 -------------- FATAL CALLED ---------------
 Critical =                        NaN  > 0.001 !
 -------------- FATAL CALLED ---------------
 Critical =                        NaN  > 0.001 !
 -------------- FATAL CALLED ---------------
 Critical =                        NaN  > 0.001 !
 -------------- FATAL CALLED ---------------
  Fatal in file: mod_clm_urban.F90 at line:     2712
 clm now stopping
 -------------------------------------------
 urban net longwave radiation error: no convergence
 -------------- FATAL CALLED ---------------
 Abort called by computing node          1180 at 2026-07-22 00:27:32.587 +0200
 Execution terminated because of runtime error
 Critical =                        NaN  > 0.001 !
 -------------- FATAL CALLED ---------------
 Critical =                        NaN  > 0.001 !
 -------------- FATAL CALLED ---------------
 Critical =                        NaN  > 0.001 !
 -------------- FATAL CALLED ---------------
 Critical =                        NaN  > 0.001 !
 -------------- FATAL CALLED ---------------
 Critical =                        NaN  > 0.001 !
 -------------- FATAL CALLED ---------------
 -------------- FATAL CALLED ---------------
 Critical =                        NaN  > 0.001 !
 -------------- FATAL CALLED ---------------
 -------------- FATAL CALLED ---------------
 Critical =                        NaN  > 0.001 !
 -------------- FATAL CALLED ---------------
 Abort called by computing node           570 at 2026-07-22 00:27:32.581 +0200
 Execution terminated because of runtime error
 Critical =                        NaN  > 0.001 !
 -------------- FATAL CALLED ---------------
  Fatal in file: mod_clm_urban.F90 at line:     2712
 clm now stopping
 -------------------------------------------
 Abort called by computing node          1102 at 2026-07-22 00:27:32.587 +0200
 Execution terminated because of runtime error
  Fatal in file: mod_clm_urban.F90 at line:     2712
 clm now stopping
 -------------------------------------------
 urban net longwave radiation error: no convergence
 Critical =                        NaN  > 0.001 !
 -------------- FATAL CALLED ---------------
 Critical =                        NaN  > 0.001 !
 -------------- FATAL CALLED ---------------
 Critical =                        NaN  > 0.001 !
 -------------- FATAL CALLED ---------------
 -------------- FATAL CALLED ---------------
 Critical =                        NaN  > 0.001 !
 -------------- FATAL CALLED ---------------
 Critical =                        NaN  > 0.001 !
 Critical =                        NaN  > 0.001 !
 Critical =                        NaN  > 0.001 !
 -------------- FATAL CALLED ---------------
 Abort called by computing node          1104 at 2026-07-22 00:27:32.587 +0200
 Execution terminated because of runtime error
 Abort called by computing node           463 at 2026-07-22 00:27:32.583 +0200
 Execution terminated because of runtime error
  Fatal in file: mod_clm_urban.F90 at line:     2712
 clm now stopping
 -------------------------------------------
 Abort called by computing node            79 at 2026-07-22 00:27:32.578 +0200
 Execution terminated because of runtime error
 Critical =                        NaN  > 0.001 !
 -------------- FATAL CALLED ---------------
 Critical =                        NaN  > 0.001 !
 Critical =                        NaN  > 0.001 !
 -------------- FATAL CALLED ---------------
 Critical =                        NaN  > 0.001 !
 Critical =                        NaN  > 0.001 !
 -------------- FATAL CALLED ---------------
 -------------- FATAL CALLED ---------------
 Critical =                        NaN  > 0.001 !
 -------------- FATAL CALLED ---------------
  Fatal in file: mod_clm_urban.F90 at line:     2712
 clm now stopping
 -------------------------------------------
  Fatal in file: mod_clm_urban.F90 at line:     2712
 clm now stopping
 -------------------------------------------
 Abort called by computing node           568 at 2026-07-22 00:27:32.582 +0200
 Execution terminated because of runtime error
 Critical =                        NaN  > 0.001 !
 -------------- FATAL CALLED ---------------
 Critical =                        NaN  > 0.001 !
 -------------- FATAL CALLED ---------------
  Fatal in file: mod_clm_urban.F90 at line:     2712
 clm now stopping
 -------------------------------------------
 Execution terminated because of runtime error
  Fatal in file: mod_clm_urban.F90 at line:     2712
 clm now stopping
 -------------------------------------------
 Abort called by computing node            98 at 2026-07-22 00:27:32.578 +0200
 Execution terminated because of runtime error
 Critical =                        NaN  > 0.001 !
 -------------- FATAL CALLED ---------------
 Critical =                        NaN  > 0.001 !
 -------------- FATAL CALLED ---------------
 Critical =                        NaN  > 0.001 !
 -------------- FATAL CALLED ---------------
 -------------- FATAL CALLED ---------------
 Critical =                        NaN  > 0.001 !
 Critical =                        NaN  > 0.001 !
 Abort called by computing node           636 at 2026-07-22 00:27:32.584 +0200
 Execution terminated because of runtime error
 Critical =                        NaN  > 0.001 !
 -------------- FATAL CALLED ---------------
 Critical =                        NaN  > 0.001 !
 -------------- FATAL CALLED ---------------
 Critical =                        NaN  > 0.001 !
 -------------- FATAL CALLED ---------------
  Fatal in file: mod_clm_urban.F90 at line:     2712
 clm now stopping
 -------------------------------------------
 urban net longwave radiation error: no convergence
 Critical =                        NaN  > 0.001 !
 -------------- FATAL CALLED ---------------
 Critical =                        NaN  > 0.001 !
 -------------- FATAL CALLED ---------------
 Critical =                        NaN  > 0.001 !
 Critical =                        NaN  > 0.001 !
 -------------- FATAL CALLED ---------------
 Critical =                        NaN  > 0.001 !
 -------------- FATAL CALLED ---------------
 Critical =                        NaN  > 0.001 !
 -------------- FATAL CALLED ---------------
 -------------- FATAL CALLED ---------------
  Fatal in file: mod_clm_urban.F90 at line:     2712
 clm now stopping
 -------------------------------------------
 Abort called by computing node           644 at 2026-07-22 00:27:32.584 +0200
 Execution terminated because of runtime error
 -------------- FATAL CALLED ---------------
 Critical =                        NaN  > 0.001 !
 -------------- FATAL CALLED ---------------
 Critical =                        NaN  > 0.001 !
 -------------- FATAL CALLED ---------------
  Fatal in file: mod_clm_urban.F90 at line:     2712
 clm now stopping
 -------------------------------------------
 Abort called by computing node          1118 at 2026-07-22 00:27:32.587 +0200
 Execution terminated because of runtime error
 Critical =                        NaN  > 0.001 !
 -------------- FATAL CALLED ---------------
  Fatal in file: mod_clm_urban.F90 at line:     2712
 clm now stopping
 -------------------------------------------
 Abort called by computing node            66 at 2026-07-22 00:27:32.578 +0200
 Execution terminated because of runtime error
 Critical =                        NaN  > 0.001 !
 -------------- FATAL CALLED ---------------
 Critical =                        NaN  > 0.001 !
 -------------- FATAL CALLED ---------------
 Critical =                        NaN  > 0.001 !
 -------------- FATAL CALLED ---------------
 Critical =                        NaN  > 0.001 !
 -------------- FATAL CALLED ---------------
 -------------- FATAL CALLED ---------------
 Critical =                        NaN  > 0.001 !
 -------------- FATAL CALLED ---------------
 Abort called by computing node           648 at 2026-07-22 00:27:32.584 +0200
 Execution terminated because of runtime error
  Fatal in file: mod_clm_urban.F90 at line:     2712
 clm now stopping
 -------------------------------------------
 Abort called by computing node           502 at 2026-07-22 00:27:32.582 +0200
 Execution terminated because of runtime error
 Critical =                        NaN  > 0.001 !
 -------------- FATAL CALLED ---------------
  Fatal in file: mod_clm_urban.F90 at line:     2712
 clm now stopping
 -------------------------------------------
 Abort called by computing node          1123 at 2026-07-22 00:27:32.587 +0200
 Execution terminated because of runtime error
 Abort called by computing node           428 at 2026-07-22 00:27:32.583 +0200
 Execution terminated because of runtime error
 Critical =                        NaN  > 0.001 !
 -------------- FATAL CALLED ---------------
 Critical =                        NaN  > 0.001 !
 -------------- FATAL CALLED ---------------
 -------------- FATAL CALLED ---------------
 Critical =                        NaN  > 0.001 !
 -------------- FATAL CALLED ---------------
 Critical =                        NaN  > 0.001 !
 -------------- FATAL CALLED ---------------
 -------------- FATAL CALLED ---------------
 Critical =                        NaN  > 0.001 !
 Critical =                        NaN  > 0.001 !
 -------------- FATAL CALLED ---------------
  Fatal in file: mod_clm_urban.F90 at line:     2712
 clm now stopping
 -------------------------------------------
 Abort called by computing node           654 at 2026-07-22 00:27:32.584 +0200
 Execution terminated because of runtime error
 Critical =                        NaN  > 0.001 !
 -------------- FATAL CALLED ---------------
 Critical =                        NaN  > 0.001 !
 -------------- FATAL CALLED ---------------
 Critical =                        NaN  > 0.001 !
 -------------- FATAL CALLED ---------------
  Fatal in file: mod_clm_urban.F90 at line:     2712
 clm now stopping
 -------------------------------------------
 Abort called by computing node          1125 at 2026-07-22 00:27:32.587 +0200
 Execution terminated because of runtime error
 Critical =                        NaN  > 0.001 !
 -------------- FATAL CALLED ---------------
  Fatal in file: mod_clm_urban.F90 at line:     2712
 clm now stopping
 -------------------------------------------
 Abort called by computing node           431 at 2026-07-22 00:27:32.584 +0200
 Execution terminated because of runtime error
 urban net longwave radiation error: no convergence
 Critical =                        NaN  > 0.001 !
 -------------- FATAL CALLED ---------------
 Critical =                        NaN  > 0.001 !
 -------------- FATAL CALLED ---------------
 Critical =                        NaN  > 0.001 !
 -------------- FATAL CALLED ---------------
 Critical =                        NaN  > 0.001 !
 -------------- FATAL CALLED ---------------
 Critical =                        NaN  > 0.001 !
 -------------- FATAL CALLED ---------------
 Critical =                        NaN  > 0.001 !
 -------------- FATAL CALLED ---------------
 Critical =                        NaN  > 0.001 !
 -------------- FATAL CALLED ---------------
  Fatal in file: mod_clm_urban.F90 at line:     2712
 clm now stopping
 -------------------------------------------
 Abort called by computing node           660 at 2026-07-22 00:27:32.584 +0200
 Execution terminated because of runtime error
 Critical =                        NaN  > 0.001 !
 -------------- FATAL CALLED ---------------
 Critical =                        NaN  > 0.001 !
 -------------- FATAL CALLED ---------------
 Critical =                        NaN  > 0.001 !
 -------------- FATAL CALLED ---------------
  Fatal in file: mod_clm_urban.F90 at line:     2712
 clm now stopping
 -------------------------------------------
 Abort called by computing node          1130 at 2026-07-22 00:27:32.587 +0200
 Execution terminated because of runtime error
 Critical =                        NaN  > 0.001 !
 -------------- FATAL CALLED ---------------
 urban net longwave radiation error: no convergence
 Critical =                        NaN  > 0.001 !
 -------------- FATAL CALLED ---------------
 Critical =                        NaN  > 0.001 !
 -------------- FATAL CALLED ---------------
 Critical =                        NaN  > 0.001 !
 -------------- FATAL CALLED ---------------
 Critical =                        NaN  > 0.001 !
 Critical =                        NaN  > 0.001 !
 Critical =                        NaN  > 0.001 !
 -------------- FATAL CALLED ---------------
 Critical =                        NaN  > 0.001 !
 -------------- FATAL CALLED ---------------
  Fatal in file: mod_clm_urban.F90 at line:     2712
 clm now stopping
 -------------------------------------------
 Critical =                        NaN  > 0.001 !
 -------------- FATAL CALLED ---------------
  Fatal in file: mod_clm_urban.F90 at line:     2712
 clm now stopping
 -------------------------------------------
 Abort called by computing node           561 at 2026-07-22 00:27:32.582 +0200
 Execution terminated because of runtime error
 Critical =                        NaN  > 0.001 !
 -------------- FATAL CALLED ---------------
 Abort called by computing node          1144 at 2026-07-22 00:27:32.587 +0200
 Execution terminated because of runtime error
 Abort called by computing node           411 at 2026-07-22 00:27:32.584 +0200
 Execution terminated because of runtime error
  Fatal in file: mod_clm_urban.F90 at line:     2712
 clm now stopping
 -------------------------------------------
 Abort called by computing node            69 at 2026-07-22 00:27:32.578 +0200
 Execution terminated because of runtime error
 Critical =                        NaN  > 0.001 !
 -------------- FATAL CALLED ---------------
 Critical =                        NaN  > 0.001 !
 -------------- FATAL CALLED ---------------
 Critical =                        NaN  > 0.001 !
 -------------- FATAL CALLED ---------------
 Critical =                        NaN  > 0.001 !
 -------------- FATAL CALLED ---------------
 -------------- FATAL CALLED ---------------
 Critical =                        NaN  > 0.001 !
 -------------- FATAL CALLED ---------------
 Critical =                        NaN  > 0.001 !
 -------------- FATAL CALLED ---------------
  Fatal in file: mod_clm_urban.F90 at line:     2712
 clm now stopping
 -------------------------------------------
  Fatal in file: mod_clm_urban.F90 at line:     2712
 clm now stopping
 -------------------------------------------
 Abort called by computing node           564 at 2026-07-22 00:27:32.582 +0200
 Execution terminated because of runtime error
 Critical =                        NaN  > 0.001 !
 -------------- FATAL CALLED ---------------
 Abort called by computing node          1153 at 2026-07-22 00:27:32.587 +0200
 Execution terminated because of runtime error
 Critical =                        NaN  > 0.001 !
 -------------- FATAL CALLED ---------------
  Fatal in file: mod_clm_urban.F90 at line:     2712
 clm now stopping
 -------------------------------------------
 Abort called by computing node           414 at 2026-07-22 00:27:32.584 +0200
 Execution terminated because of runtime error
  Fatal in file: mod_clm_urban.F90 at line:     2712
 clm now stopping
 -------------------------------------------
 Abort called by computing node            77 at 2026-07-22 00:27:32.578 +0200
 Execution terminated because of runtime error
 Critical =                        NaN  > 0.001 !
 -------------- FATAL CALLED ---------------
 Critical =                        NaN  > 0.001 !
 -------------- FATAL CALLED ---------------
 -------------- FATAL CALLED ---------------
 Critical =                        NaN  > 0.001 !
 -------------- FATAL CALLED ---------------
 Critical =                        NaN  > 0.001 !
 -------------- FATAL CALLED ---------------
 -------------- FATAL CALLED ---------------
  Fatal in file: mod_clm_urban.F90 at line:     2712
 clm now stopping
 -------------------------------------------
 Abort called by computing node           637 at 2026-07-22 00:27:32.584 +0200
 Execution terminated because of runtime error
 Critical =                        NaN  > 0.001 !
 -------------- FATAL CALLED ---------------
 Critical =                        NaN  > 0.001 !
 -------------- FATAL CALLED ---------------
 Critical =                        NaN  > 0.001 !
 -------------- FATAL CALLED ---------------
  Fatal in file: mod_clm_urban.F90 at line:     2712
 clm now stopping
 -------------------------------------------
 Abort called by computing node          1175 at 2026-07-22 00:27:32.587 +0200
 Execution terminated because of runtime error
  Fatal in file: mod_clm_urban.F90 at line:     2712
 clm now stopping
 -------------------------------------------
 Abort called by computing node           416 at 2026-07-22 00:27:32.584 +0200
 Execution terminated because of runtime error
 urban net longwave radiation error: no convergence
 Critical =                        NaN  > 0.001 !
 -------------- FATAL CALLED ---------------
 Critical =                        NaN  > 0.001 !
 -------------- FATAL CALLED ---------------
 Critical =                        NaN  > 0.001 !
 -------------- FATAL CALLED ---------------
 Critical =                        NaN  > 0.001 !
 -------------- FATAL CALLED ---------------
 Critical =                        NaN  > 0.001 !
 -------------- FATAL CALLED ---------------
 Critical =                        NaN  > 0.001 !
 -------------- FATAL CALLED ---------------
 Abort called by computing node           670 at 2026-07-22 00:27:32.584 +0200
 Execution terminated because of runtime error
 Critical =                        NaN  > 0.001 !
 -------------- FATAL CALLED ---------------
  Fatal in file: mod_clm_urban.F90 at line:     2712
 clm now stopping
 -------------------------------------------
 Abort called by computing node           577 at 2026-07-22 00:27:32.582 +0200
 Execution terminated because of runtime error
 Critical =                        NaN  > 0.001 !
 -------------- FATAL CALLED ---------------
 Critical =                        NaN  > 0.001 !
 -------------- FATAL CALLED ---------------
  Fatal in file: mod_clm_urban.F90 at line:     2712
 clm now stopping
 -------------------------------------------
 Abort called by computing node          1196 at 2026-07-22 00:27:32.587 +0200
 Execution terminated because of runtime error
 Critical =                        NaN  > 0.001 !
 -------------- FATAL CALLED ---------------
  Fatal in file: mod_clm_urban.F90 at line:     2712
 clm now stopping
 -------------------------------------------
 Abort called by computing node           418 at 2026-07-22 00:27:32.584 +0200
 Execution terminated because of runtime error
 Critical =                        NaN  > 0.001 !
 -------------- FATAL CALLED ---------------
 Critical =                        NaN  > 0.001 !
 -------------- FATAL CALLED ---------------
 Critical =                        NaN  > 0.001 !
 -------------- FATAL CALLED ---------------
  Fatal in file: mod_clm_urban.F90 at line:     2712
 clm now stopping
 -------------------------------------------
 Abort called by computing node           709 at 2026-07-22 00:27:32.582 +0200
 Execution terminated because of runtime error
 Critical =                        NaN  > 0.001 !
 -------------- FATAL CALLED ---------------
 -------------- FATAL CALLED ---------------
 Critical =                        NaN  > 0.001 !
 -------------- FATAL CALLED ---------------
 Critical =                        NaN  > 0.001 !
 -------------- FATAL CALLED ---------------
 Critical =                        NaN  > 0.001 !
 -------------- FATAL CALLED ---------------
  Fatal in file: mod_clm_urban.F90 at line:     2712
 clm now stopping
 -------------------------------------------
 Abort called by computing node           681 at 2026-07-22 00:27:32.584 +0200
 Execution terminated because of runtime error
 Critical =                        NaN  > 0.001 !
 -------------- FATAL CALLED ---------------
  Fatal in file: mod_clm_urban.F90 at line:     2712
 clm now stopping
 -------------------------------------------
 Abort called by computing node           594 at 2026-07-22 00:27:32.582 +0200
 Execution terminated because of runtime error
 Critical =                        NaN  > 0.001 !
 -------------- FATAL CALLED ---------------
 Critical =                        NaN  > 0.001 !
 -------------- FATAL CALLED ---------------
  Fatal in file: mod_clm_urban.F90 at line:     2712
 clm now stopping
 -------------------------------------------
 Abort called by computing node           424 at 2026-07-22 00:27:32.584 +0200
 Execution terminated because of runtime error
 Critical =                        NaN  > 0.001 !
 -------------- FATAL CALLED ---------------
 Critical =                        NaN  > 0.001 !
 -------------- FATAL CALLED ---------------
 Critical =                        NaN  > 0.001 !
 -------------- FATAL CALLED ---------------
  Fatal in file: mod_clm_urban.F90 at line:     2712
 clm now stopping
 -------------------------------------------
 Abort called by computing node           713 at 2026-07-22 00:27:32.582 +0200
 Execution terminated because of runtime error
 Critical =                        NaN  > 0.001 !
 -------------- FATAL CALLED ---------------
 Critical =                        NaN  > 0.001 !
 -------------- FATAL CALLED ---------------
 Critical =                        NaN  > 0.001 !
 -------------- FATAL CALLED ---------------
 Critical =                        NaN  > 0.001 !
 -------------- FATAL CALLED ---------------
 Critical =                        NaN  > 0.001 !
 -------------- FATAL CALLED ---------------
 Critical =                        NaN  > 0.001 !
 -------------- FATAL CALLED ---------------
 Critical =                        NaN  > 0.001 !
 -------------- FATAL CALLED ---------------
 Abort called by computing node          1110 at 2026-07-22 00:27:32.587 +0200
 Execution terminated because of runtime error
  Fatal in file: mod_clm_urban.F90 at line:     2712
 clm now stopping
 -------------------------------------------
 Abort called by computing node           438 at 2026-07-22 00:27:32.584 +0200
 Execution terminated because of runtime error
 urban net longwave radiation error: no convergence
 Critical =                        NaN  > 0.001 !
 -------------- FATAL CALLED ---------------
 Critical =                        NaN  > 0.001 !
 -------------- FATAL CALLED ---------------
 Critical =                        NaN  > 0.001 !
 -------------- FATAL CALLED ---------------
 Critical =                        NaN  > 0.001 !
 -------------- FATAL CALLED ---------------
 Critical =                        NaN  > 0.001 !
 -------------- FATAL CALLED ---------------
 -------------- FATAL CALLED ---------------
 Critical =                        NaN  > 0.001 !
 -------------- FATAL CALLED ---------------
  Fatal in file: mod_clm_urban.F90 at line:     2712
 clm now stopping
 -------------------------------------------
 Abort called by computing node           695 at 2026-07-22 00:27:32.584 +0200
 Execution terminated because of runtime error
 Critical =                        NaN  > 0.001 !
 -------------- FATAL CALLED ---------------
 Critical =                        NaN  > 0.001 !
 -------------- FATAL CALLED ---------------
 Critical =                        NaN  > 0.001 !
 -------------- FATAL CALLED ---------------
 Critical =                        NaN  > 0.001 !
 -------------- FATAL CALLED ---------------
  Fatal in file: mod_clm_urban.F90 at line:     2712
 clm now stopping
 -------------------------------------------
 Abort called by computing node           441 at 2026-07-22 00:27:32.584 +0200
 Execution terminated because of runtime error
  Fatal in file: mod_clm_urban.F90 at line:     2712
 clm now stopping
 -------------------------------------------
 Abort called by computing node            90 at 2026-07-22 00:27:32.578 +0200
 Execution terminated because of runtime error
 Critical =                        NaN  > 0.001 !
 -------------- FATAL CALLED ---------------
 Critical =                        NaN  > 0.001 !
 -------------- FATAL CALLED ---------------
 Critical =                        NaN  > 0.001 !
 -------------- FATAL CALLED ---------------
 Critical =                        NaN  > 0.001 !
 -------------- FATAL CALLED ---------------
 Critical =                        NaN  > 0.001 !
 -------------- FATAL CALLED ---------------
 Critical =                        NaN  > 0.001 !
 -------------- FATAL CALLED ---------------
  Fatal in file: mod_clm_urban.F90 at line:     2712
 clm now stopping
 -------------------------------------------
 Abort called by computing node           908 at 2026-07-22 00:27:32.586 +0200
 Execution terminated because of runtime error
 Critical =                        NaN  > 0.001 !
 -------------- FATAL CALLED ---------------
  Fatal in file: mod_clm_urban.F90 at line:     2712
 clm now stopping
 -------------------------------------------
 Abort called by computing node           699 at 2026-07-22 00:27:32.584 +0200
 Execution terminated because of runtime error
 Critical =                        NaN  > 0.001 !
 -------------- FATAL CALLED ---------------
  Fatal in file: mod_clm_urban.F90 at line:     2712
 clm now stopping
 -------------------------------------------
 Abort called by computing node           508 at 2026-07-22 00:27:32.582 +0200
 Execution terminated because of runtime error
 Critical =                        NaN  > 0.001 !
 -------------- FATAL CALLED ---------------
 Critical =                        NaN  > 0.001 !
 -------------- FATAL CALLED ---------------
  Fatal in file: mod_clm_urban.F90 at line:     2712
 clm now stopping
 -------------------------------------------
 Abort called by computing node          1121 at 2026-07-22 00:27:32.588 +0200
 Execution terminated because of runtime error
 Critical =                        NaN  > 0.001 !
 -------------- FATAL CALLED ---------------
  Fatal in file: mod_clm_urban.F90 at line:     2712
 clm now stopping
 -------------------------------------------
 Abort called by computing node           442 at 2026-07-22 00:27:32.584 +0200
 Execution terminated because of runtime error
 Critical =                        NaN  > 0.001 !
 -------------- FATAL CALLED ---------------
 Critical =                        NaN  > 0.001 !
 -------------- FATAL CALLED ---------------
 Critical =                        NaN  > 0.001 !
 -------------- FATAL CALLED ---------------
  Fatal in file: mod_clm_urban.F90 at line:     2712
 clm now stopping
 -------------------------------------------
 Abort called by computing node           737 at 2026-07-22 00:27:32.582 +0200
 Execution terminated because of runtime error
 Critical =                        NaN  > 0.001 !
 -------------- FATAL CALLED ---------------
 Critical =                        NaN  > 0.001 !
 -------------- FATAL CALLED ---------------
 Critical =                        NaN  > 0.001 !
 -------------- FATAL CALLED ---------------
 Critical =                        NaN  > 0.001 !
 -------------- FATAL CALLED ---------------
  Fatal in file: mod_clm_urban.F90 at line:     2712
 clm now stopping
 -------------------------------------------
 Abort called by computing node           927 at 2026-07-22 00:27:32.586 +0200
 Execution terminated because of runtime error
 Abort called by computing node           609 at 2026-07-22 00:27:32.584 +0200
 Execution terminated because of runtime error
 Critical =                        NaN  > 0.001 !
 -------------- FATAL CALLED ---------------
  Fatal in file: mod_clm_urban.F90 at line:     2712
 clm now stopping
 -------------------------------------------
 Abort called by computing node           515 at 2026-07-22 00:27:32.582 +0200
 Execution terminated because of runtime error
 Critical =                        NaN  > 0.001 !
 -------------- FATAL CALLED ---------------
 Critical =                        NaN  > 0.001 !
 -------------- FATAL CALLED ---------------
  Fatal in file: mod_clm_urban.F90 at line:     2712
 clm now stopping
 -------------------------------------------
 Abort called by computing node          1127 at 2026-07-22 00:27:32.588 +0200
 Execution terminated because of runtime error
 Critical =                        NaN  > 0.001 !
 -------------- FATAL CALLED ---------------
  Fatal in file: mod_clm_urban.F90 at line:     2712
 clm now stopping
 -------------------------------------------
 Abort called by computing node           446 at 2026-07-22 00:27:32.584 +0200
 Execution terminated because of runtime error
 urban net longwave radiation error: no convergence
 Critical =                        NaN  > 0.001 !
 -------------- FATAL CALLED ---------------
 Critical =                        NaN  > 0.001 !
 -------------- FATAL CALLED ---------------
 Critical =                        NaN  > 0.001 !
 -------------- FATAL CALLED ---------------
 Critical =                        NaN  > 0.001 !
 -------------- FATAL CALLED ---------------
 Critical =                        NaN  > 0.001 !
 -------------- FATAL CALLED ---------------
 Critical =                        NaN  > 0.001 !
 -------------- FATAL CALLED ---------------
 Abort called by computing node           619 at 2026-07-22 00:27:32.584 +0200
 Execution terminated because of runtime error
 Critical =                        NaN  > 0.001 !
 -------------- FATAL CALLED ---------------
  Fatal in file: mod_clm_urban.F90 at line:     2712
 clm now stopping
 -------------------------------------------
 Abort called by computing node           519 at 2026-07-22 00:27:32.582 +0200
 Execution terminated because of runtime error
 Critical =                        NaN  > 0.001 !
 -------------- FATAL CALLED ---------------
 Critical =                        NaN  > 0.001 !
 -------------- FATAL CALLED ---------------
  Fatal in file: mod_clm_urban.F90 at line:     2712
 clm now stopping
 -------------------------------------------
 Abort called by computing node          1131 at 2026-07-22 00:27:32.588 +0200
 Execution terminated because of runtime error
 Critical =                        NaN  > 0.001 !
 -------------- FATAL CALLED ---------------
  Fatal in file: mod_clm_urban.F90 at line:     2712
 clm now stopping
 -------------------------------------------
 Abort called by computing node           454 at 2026-07-22 00:27:32.584 +0200
 Execution terminated because of runtime error
 urban net longwave radiation error: no convergence
 Critical =                        NaN  > 0.001 !
 -------------- FATAL CALLED ---------------
 Critical =                        NaN  > 0.001 !
 -------------- FATAL CALLED ---------------
  Fatal in file: mod_clm_urban.F90 at line:     2712
 clm now stopping
 -------------------------------------------
 Abort called by computing node           742 at 2026-07-22 00:27:32.582 +0200
 Execution terminated because of runtime error
 Critical =                        NaN  > 0.001 !
 -------------- FATAL CALLED ---------------
  Fatal in file: mod_clm_urban.F90 at line:     2712
 clm now stopping
 -------------------------------------------
 Critical =                        NaN  > 0.001 !
 -------------- FATAL CALLED ---------------
 Critical =                        NaN  > 0.001 !
 -------------- FATAL CALLED ---------------
  Fatal in file: mod_clm_urban.F90 at line:     2712
 clm now stopping
 -------------------------------------------
 Abort called by computing node           943 at 2026-07-22 00:27:32.586 +0200
 Execution terminated because of runtime error
 Critical =                        NaN  > 0.001 !
 -------------- FATAL CALLED ---------------
  Fatal in file: mod_clm_urban.F90 at line:     2712
 clm now stopping
 -------------------------------------------
 Abort called by computing node           623 at 2026-07-22 00:27:32.584 +0200
 Execution terminated because of runtime error
 Critical =                        NaN  > 0.001 !
 -------------- FATAL CALLED ---------------
  Fatal in file: mod_clm_urban.F90 at line:     2712
 clm now stopping
 -------------------------------------------
 Abort called by computing node           524 at 2026-07-22 00:27:32.582 +0200
 Execution terminated because of runtime error
 Critical =                        NaN  > 0.001 !
 -------------- FATAL CALLED ---------------
 Critical =                        NaN  > 0.001 !
 -------------- FATAL CALLED ---------------
 Critical =                        NaN  > 0.001 !
 -------------- FATAL CALLED ---------------
  Fatal in file: mod_clm_urban.F90 at line:     2712
 clm now stopping
 -------------------------------------------
 Abort called by computing node           457 at 2026-07-22 00:27:32.584 +0200
 Execution terminated because of runtime error
 Critical =                        NaN  > 0.001 !
 -------------- FATAL CALLED ---------------
 Critical =                        NaN  > 0.001 !
 -------------- FATAL CALLED ---------------
 Critical =                        NaN  > 0.001 !
 -------------- FATAL CALLED ---------------
 Critical =                        NaN  > 0.001 !
 -------------- FATAL CALLED ---------------
 Critical =                        NaN  > 0.001 !
 -------------- FATAL CALLED ---------------
 Critical =                        NaN  > 0.001 !
 -------------- FATAL CALLED ---------------
 Critical =                        NaN  > 0.001 !
 -------------- FATAL CALLED ---------------
  Fatal in file: mod_clm_urban.F90 at line:     2712
 clm now stopping
 -------------------------------------------
 Abort called by computing node           948 at 2026-07-22 00:27:32.586 +0200
 Execution terminated because of runtime error
 Critical =                        NaN  > 0.001 !
 -------------- FATAL CALLED ---------------
  Fatal in file: mod_clm_urban.F90 at line:     2712
 clm now stopping
 -------------------------------------------
 Abort called by computing node           630 at 2026-07-22 00:27:32.584 +0200
 Execution terminated because of runtime error
 Critical =                        NaN  > 0.001 !
 -------------- FATAL CALLED ---------------
 Critical =                        NaN  > 0.001 !
 -------------- FATAL CALLED ---------------
 Critical =                        NaN  > 0.001 !
 -------------- FATAL CALLED ---------------
  Fatal in file: mod_clm_urban.F90 at line:     2712
 clm now stopping
 -------------------------------------------
 Abort called by computing node          1136 at 2026-07-22 00:27:32.588 +0200
 Execution terminated because of runtime error
 Critical =                        NaN  > 0.001 !
 -------------- FATAL CALLED ---------------
  Fatal in file: mod_clm_urban.F90 at line:     2712
 clm now stopping
 -------------------------------------------
 Abort called by computing node           477 at 2026-07-22 00:27:32.584 +0200
 Execution terminated because of runtime error
 Critical =                        NaN  > 0.001 !
 -------------- FATAL CALLED ---------------
 Critical =                        NaN  > 0.001 !
 -------------- FATAL CALLED ---------------
 Critical =                        NaN  > 0.001 !
 -------------- FATAL CALLED ---------------
  Fatal in file: mod_clm_urban.F90 at line:     2712
 clm now stopping
 -------------------------------------------
 Abort called by computing node           752 at 2026-07-22 00:27:32.582 +0200
 Execution terminated because of runtime error
 Critical =                        NaN  > 0.001 !
 -------------- FATAL CALLED ---------------
 Critical =                        NaN  > 0.001 !
 -------------- FATAL CALLED ---------------
  Fatal in file: mod_clm_urban.F90 at line:     2712
 clm now stopping
 -------------------------------------------
 Abort called by computing node          1054 at 2026-07-22 00:27:32.583 +0200
 Execution terminated because of runtime error
 Critical =                        NaN  > 0.001 !
 -------------- FATAL CALLED ---------------
  Fatal in file: mod_clm_urban.F90 at line:     2712
 clm now stopping
 -------------------------------------------
 Abort called by computing node           959 at 2026-07-22 00:27:32.586 +0200
 Execution terminated because of runtime error
 Critical =                        NaN  > 0.001 !
 -------------- FATAL CALLED ---------------
  Fatal in file: mod_clm_urban.F90 at line:     2712
 clm now stopping
 -------------------------------------------
 Abort called by computing node           642 at 2026-07-22 00:27:32.584 +0200
 Execution terminated because of runtime error
 urban net longwave radiation error: no convergence
 Critical =                        NaN  > 0.001 !
 -------------- FATAL CALLED ---------------
  Fatal in file: mod_clm_urban.F90 at line:     2712
 clm now stopping
 -------------------------------------------
 Abort called by computing node           531 at 2026-07-22 00:27:32.582 +0200
 Execution terminated because of runtime error
 Critical =                        NaN  > 0.001 !
 -------------- FATAL CALLED ---------------
 Abort called by computing node          1139 at 2026-07-22 00:27:32.587 +0200
 Execution terminated because of runtime error
 Critical =                        NaN  > 0.001 !
 -------------- FATAL CALLED ---------------
  Fatal in file: mod_clm_urban.F90 at line:     2712
 clm now stopping
 -------------------------------------------
 Abort called by computing node           483 at 2026-07-22 00:27:32.584 +0200
 Execution terminated because of runtime error
  Fatal in file: mod_clm_urban.F90 at line:     2712
 clm now stopping
 -------------------------------------------
 Critical =                        NaN  > 0.001 !
 -------------- FATAL CALLED ---------------
  Fatal in file: mod_clm_urban.F90 at line:     2712
 clm now stopping
 -------------------------------------------
 Abort called by computing node           103 at 2026-07-22 00:27:32.582 +0200
 Execution terminated because of runtime error
 Critical =                        NaN  > 0.001 !
 -------------- FATAL CALLED ---------------
  Fatal in file: mod_clm_urban.F90 at line:     2712
 clm now stopping
 Critical =                        NaN  > 0.001 !
 -------------- FATAL CALLED ---------------
 Critical =                        NaN  > 0.001 !
 -------------- FATAL CALLED ---------------
  Fatal in file: mod_clm_urban.F90 at line:     2712
 clm now stopping
 -------------------------------------------
 Abort called by computing node          1080 at 2026-07-22 00:27:32.583 +0200
 Execution terminated because of runtime error
 Critical =                        NaN  > 0.001 !
 -------------- FATAL CALLED ---------------
 Critical =                        NaN  > 0.001 !
 -------------- FATAL CALLED ---------------
  Fatal in file: mod_clm_urban.F90 at line:     2712
 clm now stopping
 -------------------------------------------
 Abort called by computing node           962 at 2026-07-22 00:27:32.586 +0200
 Execution terminated because of runtime error
 Critical =                        NaN  > 0.001 !
 -------------- FATAL CALLED ---------------
  Fatal in file: mod_clm_urban.F90 at line:     2712
 clm now stopping
 -------------------------------------------
 Abort called by computing node           646 at 2026-07-22 00:27:32.584 +0200
 Execution terminated because of runtime error
 Critical =                        NaN  > 0.001 !
 -------------- FATAL CALLED ---------------
  Fatal in file: mod_clm_urban.F90 at line:     2712
 clm now stopping
 -------------------------------------------
 Abort called by computing node           532 at 2026-07-22 00:27:32.582 +0200
 Execution terminated because of runtime error
 Critical =                        NaN  > 0.001 !
 -------------- FATAL CALLED ---------------
 Critical =                        NaN  > 0.001 !
 -------------- FATAL CALLED ---------------
  Fatal in file: mod_clm_urban.F90 at line:     2712
 clm now stopping
 -------------------------------------------
 Abort called by computing node          1146 at 2026-07-22 00:27:32.588 +0200
 Execution terminated because of runtime error
  Fatal in file: mod_clm_urban.F90 at line:     2712
 clm now stopping
 -------------------------------------------
 Abort called by computing node           487 at 2026-07-22 00:27:32.584 +0200
 Execution terminated because of runtime error
 Abort called by computing node            32 at 2026-07-22 00:27:32.579 +0200
 Execution terminated because of runtime error
  Fatal in file: mod_clm_urban.F90 at line:     2712
 clm now stopping
 -------------------------------------------
 Abort called by computing node           104 at 2026-07-22 00:27:32.582 +0200
 Execution terminated because of runtime error
 Critical =                        NaN  > 0.001 !
 -------------- FATAL CALLED ---------------
  Fatal in file: mod_clm_urban.F90 at line:     2712
 clm now stopping
 -------------------------------------------
 Abort called by computing node           763 at 2026-07-22 00:27:32.582 +0200
 Execution terminated because of runtime error
 Critical =                        NaN  > 0.001 !
 -------------- FATAL CALLED ---------------
 Critical =                        NaN  > 0.001 !
 -------------- FATAL CALLED ---------------
 Critical =                        NaN  > 0.001 !
 -------------- FATAL CALLED ---------------
 Critical =                        NaN  > 0.001 !
 -------------- FATAL CALLED ---------------
  Fatal in file: mod_clm_urban.F90 at line:     2712
 clm now stopping
 -------------------------------------------
 Abort called by computing node           965 at 2026-07-22 00:27:32.586 +0200
 Execution terminated because of runtime error
 Critical =                        NaN  > 0.001 !
 -------------- FATAL CALLED ---------------
  Fatal in file: mod_clm_urban.F90 at line:     2712
 clm now stopping
 -------------------------------------------
 Abort called by computing node           671 at 2026-07-22 00:27:32.584 +0200
 Execution terminated because of runtime error
 Critical =                        NaN  > 0.001 !
 -------------- FATAL CALLED ---------------
  Fatal in file: mod_clm_urban.F90 at line:     2712
 clm now stopping
 -------------------------------------------
 Abort called by computing node           538 at 2026-07-22 00:27:32.582 +0200
 Execution terminated because of runtime error
 Critical =                        NaN  > 0.001 !
 -------------- FATAL CALLED ---------------
 Critical =                        NaN  > 0.001 !
 -------------- FATAL CALLED ---------------
  Fatal in file: mod_clm_urban.F90 at line:     2712
 clm now stopping
 -------------------------------------------
 Critical =                        NaN  > 0.001 !
 -------------- FATAL CALLED ---------------
  Fatal in file: mod_clm_urban.F90 at line:     2712
 clm now stopping
 -------------------------------------------
 Abort called by computing node           494 at 2026-07-22 00:27:32.584 +0200
 Execution terminated because of runtime error
 urban net longwave radiation error: no convergence
 Critical =                        NaN  > 0.001 !
 -------------- FATAL CALLED ---------------
 Critical =                        NaN  > 0.001 !
 -------------- FATAL CALLED ---------------
  Fatal in file: mod_clm_urban.F90 at line:     2712
 clm now stopping
 -------------------------------------------
 Abort called by computing node           771 at 2026-07-22 00:27:32.582 +0200
 Execution terminated because of runtime error
 Critical =                        NaN  > 0.001 !
 -------------- FATAL CALLED ---------------
 Critical =                        NaN  > 0.001 !
 -------------- FATAL CALLED ---------------
  Fatal in file: mod_clm_urban.F90 at line:     2712
 clm now stopping
 -------------------------------------------
 Abort called by computing node          1000 at 2026-07-22 00:27:32.583 +0200
 Execution terminated because of runtime error
 Critical =                        NaN  > 0.001 !
 -------------- FATAL CALLED ---------------
  Fatal in file: mod_clm_urban.F90 at line:     2712
 clm now stopping
 -------------------------------------------
 Abort called by computing node           974 at 2026-07-22 00:27:32.586 +0200
 Execution terminated because of runtime error
 Critical =                        NaN  > 0.001 !
 -------------- FATAL CALLED ---------------
  Fatal in file: mod_clm_urban.F90 at line:     2712
 clm now stopping
 -------------------------------------------
 Abort called by computing node           674 at 2026-07-22 00:27:32.584 +0200
 Execution terminated because of runtime error
 Critical =                        NaN  > 0.001 !
 -------------- FATAL CALLED ---------------
  Fatal in file: mod_clm_urban.F90 at line:     2712
 clm now stopping
 -------------------------------------------
 Abort called by computing node           543 at 2026-07-22 00:27:32.582 +0200
 Execution terminated because of runtime error
 Critical =                        NaN  > 0.001 !
 -------------- FATAL CALLED ---------------
 Critical =                        NaN  > 0.001 !
 -------------- FATAL CALLED ---------------
  Fatal in file: mod_clm_urban.F90 at line:     2712
 clm now stopping
 -------------------------------------------
 Abort called by computing node          1151 at 2026-07-22 00:27:32.588 +0200
 Execution terminated because of runtime error
 Critical =                        NaN  > 0.001 !
 -------------- FATAL CALLED ---------------
 Critical =                        NaN  > 0.001 !
 -------------- FATAL CALLED ---------------
 Critical =                        NaN  > 0.001 !
 -------------- FATAL CALLED ---------------
 Critical =                        NaN  > 0.001 !
 -------------- FATAL CALLED ---------------
  Fatal in file: mod_clm_urban.F90 at line:     2712
 clm now stopping
 -------------------------------------------
 Abort called by computing node           779 at 2026-07-22 00:27:32.583 +0200
 Execution terminated because of runtime error
 Critical =                        NaN  > 0.001 !
 -------------- FATAL CALLED ---------------
 Abort called by computing node          1012 at 2026-07-22 00:27:32.583 +0200
 Execution terminated because of runtime error
 Critical =                        NaN  > 0.001 !
 -------------- FATAL CALLED ---------------
 Critical =                        NaN  > 0.001 !
 -------------- FATAL CALLED ---------------
  Fatal in file: mod_clm_urban.F90 at line:     2712
 clm now stopping
 -------------------------------------------
 Abort called by computing node           978 at 2026-07-22 00:27:32.586 +0200
 Execution terminated because of runtime error
  Fatal in file: mod_clm_urban.F90 at line:     2712
 clm now stopping
 -------------------------------------------
 Abort called by computing node           686 at 2026-07-22 00:27:32.584 +0200
 Execution terminated because of runtime error
 Critical =                        NaN  > 0.001 !
 -------------- FATAL CALLED ---------------
  Fatal in file: mod_clm_urban.F90 at line:     2712
 clm now stopping
 -------------------------------------------
 Abort called by computing node           548 at 2026-07-22 00:27:32.582 +0200
 Execution terminated because of runtime error
 Critical =                        NaN  > 0.001 !
 -------------- FATAL CALLED ---------------
  Fatal in file: mod_clm_urban.F90 at line:     2712
 clm now stopping
 -------------------------------------------
 Abort called by computing node          1152 at 2026-07-22 00:27:32.588 +0200
 Execution terminated because of runtime error
 Critical =                        NaN  > 0.001 !
 -------------- FATAL CALLED ---------------
  Fatal in file: mod_clm_urban.F90 at line:     2712
 clm now stopping
 -------------------------------------------
 Abort called by computing node           405 at 2026-07-22 00:27:32.584 +0200
 Execution terminated because of runtime error
  Fatal in file: mod_clm_urban.F90 at line:     2712
 clm now stopping
 -------------------------------------------
 Abort called by computing node            72 at 2026-07-22 00:27:32.579 +0200
 Execution terminated because of runtime error
 Critical =                        NaN  > 0.001 !
 -------------- FATAL CALLED ---------------
  Fatal in file: mod_clm_urban.F90 at line:     2712
 clm now stopping
 -------------------------------------------
 Abort called by computing node           119 at 2026-07-22 00:27:32.582 +0200
 Execution terminated because of runtime error
 Critical =                        NaN  > 0.001 !
 -------------- FATAL CALLED ---------------
  Fatal in file: mod_clm_urban.F90 at line:     2712
 clm now stopping
 -------------------------------------------
 Abort called by computing node           780 at 2026-07-22 00:27:32.582 +0200
 Execution terminated because of runtime error
 Critical =                        NaN  > 0.001 !
 -------------- FATAL CALLED ---------------
 Critical =                        NaN  > 0.001 !
 -------------- FATAL CALLED ---------------
  Fatal in file: mod_clm_urban.F90 at line:     2712
 clm now stopping
 -------------------------------------------
 Abort called by computing node          1030 at 2026-07-22 00:27:32.583 +0200
 Execution terminated because of runtime error
 Critical =                        NaN  > 0.001 !
 -------------- FATAL CALLED ---------------
 Critical =                        NaN  > 0.001 !
 -------------- FATAL CALLED ---------------
 Critical =                        NaN  > 0.001 !
 -------------- FATAL CALLED ---------------
  Fatal in file: mod_clm_urban.F90 at line:     2712
 clm now stopping
 -------------------------------------------
 Abort called by computing node           688 at 2026-07-22 00:27:32.584 +0200
 Execution terminated because of runtime error
  Fatal in file: mod_clm_urban.F90 at line:     2712
 clm now stopping
 -------------------------------------------
 Abort called by computing node           554 at 2026-07-22 00:27:32.582 +0200
 Execution terminated because of runtime error
 Critical =                        NaN  > 0.001 !
 -------------- FATAL CALLED ---------------
 Critical =                        NaN  > 0.001 !
 -------------- FATAL CALLED ---------------
  Fatal in file: mod_clm_urban.F90 at line:     2712
 clm now stopping
 -------------------------------------------
 Abort called by computing node          1154 at 2026-07-22 00:27:32.588 +0200
 Execution terminated because of runtime error
 Critical =                        NaN  > 0.001 !
 -------------- FATAL CALLED ---------------
  Fatal in file: mod_clm_urban.F90 at line:     2712
 clm now stopping
 -------------------------------------------
 Abort called by computing node           406 at 2026-07-22 00:27:32.584 +0200
 Execution terminated because of runtime error
 urban net longwave radiation error: no convergence
 Critical =                        NaN  > 0.001 !
 -------------- FATAL CALLED ---------------
 Critical =                        NaN  > 0.001 !
 -------------- FATAL CALLED ---------------
 Critical =                        NaN  > 0.001 !
 -------------- FATAL CALLED ---------------
  Fatal in file: mod_clm_urban.F90 at line:     2712
 clm now stopping
 -------------------------------------------
 Abort called by computing node           781 at 2026-07-22 00:27:32.582 +0200
 Execution terminated because of runtime error
 Critical =                        NaN  > 0.001 !
 -------------- FATAL CALLED ---------------
 Critical =                        NaN  > 0.001 !
 -------------- FATAL CALLED ---------------
  Fatal in file: mod_clm_urban.F90 at line:     2712
 clm now stopping
 -------------------------------------------
 Abort called by computing node          1034 at 2026-07-22 00:27:32.583 +0200
 Execution terminated because of runtime error
 Critical =                        NaN  > 0.001 !
 -------------- FATAL CALLED ---------------
 Critical =                        NaN  > 0.001 !
 -------------- FATAL CALLED ---------------
  Fatal in file: mod_clm_urban.F90 at line:     2712
 clm now stopping
 -------------------------------------------
 Critical =                        NaN  > 0.001 !
 -------------- FATAL CALLED ---------------
  Fatal in file: mod_clm_urban.F90 at line:     2712
 clm now stopping
 -------------------------------------------
 Abort called by computing node           691 at 2026-07-22 00:27:32.584 +0200
 Execution terminated because of runtime error
 Critical =                        NaN  > 0.001 !
 -------------- FATAL CALLED ---------------
  Fatal in file: mod_clm_urban.F90 at line:     2712
 clm now stopping
 -------------------------------------------
 Abort called by computing node           556 at 2026-07-22 00:27:32.582 +0200
 Execution terminated because of runtime error
 Critical =                        NaN  > 0.001 !
 -------------- FATAL CALLED ---------------
 Critical =                        NaN  > 0.001 !
 -------------- FATAL CALLED ---------------
  Fatal in file: mod_clm_urban.F90 at line:     2712
 clm now stopping
 -------------------------------------------
 Abort called by computing node          1157 at 2026-07-22 00:27:32.588 +0200
 Execution terminated because of runtime error
 Critical =                        NaN  > 0.001 !
 -------------- FATAL CALLED ---------------
  Fatal in file: mod_clm_urban.F90 at line:     2712
 clm now stopping
 -------------------------------------------
 Abort called by computing node           407 at 2026-07-22 00:27:32.584 +0200
 Execution terminated because of runtime error
 urban net longwave radiation error: no convergence
 Critical =                        NaN  > 0.001 !
 -------------- FATAL CALLED ---------------
 Critical =                        NaN  > 0.001 !
 -------------- FATAL CALLED ---------------
  Fatal in file: mod_clm_urban.F90 at line:     2712
 clm now stopping
 -------------------------------------------
 Abort called by computing node           787 at 2026-07-22 00:27:32.582 +0200
 Execution terminated because of runtime error
 Critical =                        NaN  > 0.001 !
 -------------- FATAL CALLED ---------------
 Critical =                        NaN  > 0.001 !
 -------------- FATAL CALLED ---------------
  Fatal in file: mod_clm_urban.F90 at line:     2712
 clm now stopping
 -------------------------------------------
 Abort called by computing node          1053 at 2026-07-22 00:27:32.583 +0200
 Execution terminated because of runtime error
 Critical =                        NaN  > 0.001 !
 -------------- FATAL CALLED ---------------
 Critical =                        NaN  > 0.001 !
 -------------- FATAL CALLED ---------------
  Fatal in file: mod_clm_urban.F90 at line:     2712
 clm now stopping
 -------------------------------------------
 Abort called by computing node           991 at 2026-07-22 00:27:32.586 +0200
 Execution terminated because of runtime error
 Critical =                        NaN  > 0.001 !
 -------------- FATAL CALLED ---------------
  Fatal in file: mod_clm_urban.F90 at line:     2712
 clm now stopping
 -------------------------------------------
 Abort called by computing node           600 at 2026-07-22 00:27:32.584 +0200
 Execution terminated because of runtime error
 Critical =                        NaN  > 0.001 !
 -------------- FATAL CALLED ---------------
  Fatal in file: mod_clm_urban.F90 at line:     2712
 clm now stopping
 -------------------------------------------
 Abort called by computing node           562 at 2026-07-22 00:27:32.582 +0200
 Execution terminated because of runtime error
 Critical =                        NaN  > 0.001 !
 -------------- FATAL CALLED ---------------
  Fatal in file: mod_clm_urban.F90 at line:     2712
 clm now stopping
 -------------------------------------------
 Abort called by computing node          1161 at 2026-07-22 00:27:32.587 +0200
 Execution terminated because of runtime error
  Fatal in file: mod_clm_urban.F90 at line:     2712
 clm now stopping
 -------------------------------------------
 Abort called by computing node           410 at 2026-07-22 00:27:32.584 +0200
 Execution terminated because of runtime error
 urban net longwave radiation error: no convergence
 Critical =                        NaN  > 0.001 !
 -------------- FATAL CALLED ---------------
  Fatal in file: mod_clm_urban.F90 at line:     2712
 clm now stopping
 -------------------------------------------
 Abort called by computing node           122 at 2026-07-22 00:27:32.582 +0200
 Execution terminated because of runtime error
 Critical =                        NaN  > 0.001 !
 -------------- FATAL CALLED ---------------
  Fatal in file: mod_clm_urban.F90 at line:     2712
 clm now stopping
 -------------------------------------------
 Abort called by computing node           790 at 2026-07-22 00:27:32.582 +0200
 Execution terminated because of runtime error
 Critical =                        NaN  > 0.001 !
 -------------- FATAL CALLED ---------------
 Critical =                        NaN  > 0.001 !
 -------------- FATAL CALLED ---------------
  Fatal in file: mod_clm_urban.F90 at line:     2712
 clm now stopping
 -------------------------------------------
 Abort called by computing node          1068 at 2026-07-22 00:27:32.583 +0200
 Execution terminated because of runtime error
 Critical =                        NaN  > 0.001 !
 -------------- FATAL CALLED ---------------
 Critical =                        NaN  > 0.001 !
 -------------- FATAL CALLED ---------------
  Fatal in file: mod_clm_urban.F90 at line:     2712
 clm now stopping
 -------------------------------------------
 Abort called by computing node           994 at 2026-07-22 00:27:32.586 +0200
 Execution terminated because of runtime error
 Critical =                        NaN  > 0.001 !
 -------------- FATAL CALLED ---------------
  Fatal in file: mod_clm_urban.F90 at line:     2712
 clm now stopping
 -------------------------------------------
 Abort called by computing node           608 at 2026-07-22 00:27:32.584 +0200
 Execution terminated because of runtime error
 Critical =                        NaN  > 0.001 !
 -------------- FATAL CALLED ---------------
  Fatal in file: mod_clm_urban.F90 at line:     2712
 clm now stopping
 -------------------------------------------
 Abort called by computing node           563 at 2026-07-22 00:27:32.582 +0200
 Execution terminated because of runtime error
 Critical =                        NaN  > 0.001 !
 -------------- FATAL CALLED ---------------
 Critical =                        NaN  > 0.001 !
 -------------- FATAL CALLED ---------------
  Fatal in file: mod_clm_urban.F90 at line:     2712
 clm now stopping
 -------------------------------------------
 Abort called by computing node          1162 at 2026-07-22 00:27:32.588 +0200
 Execution terminated because of runtime error
 Critical =                        NaN  > 0.001 !
 -------------- FATAL CALLED ---------------
  Fatal in file: mod_clm_urban.F90 at line:     2712
 clm now stopping
 -------------------------------------------
 Abort called by computing node           412 at 2026-07-22 00:27:32.584 +0200
 Execution terminated because of runtime error
 urban net longwave radiation error: no convergence
 Critical =                        NaN  > 0.001 !
 -------------- FATAL CALLED ---------------
  Fatal in file: mod_clm_urban.F90 at line:     2712
 clm now stopping
 -------------------------------------------
  Fatal in file: mod_clm_urban.F90 at line:     2712
 clm now stopping
 -------------------------------------------
 Abort called by computing node           700 at 2026-07-22 00:27:32.583 +0200
 Execution terminated because of runtime error
 Critical =                        NaN  > 0.001 !
 -------------- FATAL CALLED ---------------
 Critical =                        NaN  > 0.001 !
 -------------- FATAL CALLED ---------------
 Critical =                        NaN  > 0.001 !
 -------------- FATAL CALLED ---------------
 Critical =                        NaN  > 0.001 !
 -------------- FATAL CALLED ---------------
  Fatal in file: mod_clm_urban.F90 at line:     2712
 clm now stopping
 -------------------------------------------
 Abort called by computing node           995 at 2026-07-22 00:27:32.586 +0200
 Execution terminated because of runtime error
 Critical =                        NaN  > 0.001 !
 -------------- FATAL CALLED ---------------
 Critical =                        NaN  > 0.001 !
 -------------- FATAL CALLED ---------------
  Fatal in file: mod_clm_urban.F90 at line:     2712
 clm now stopping
 -------------------------------------------
 Abort called by computing node           566 at 2026-07-22 00:27:32.582 +0200
 Execution terminated because of runtime error
 Critical =                        NaN  > 0.001 !
 -------------- FATAL CALLED ---------------
 Critical =                        NaN  > 0.001 !
 -------------- FATAL CALLED ---------------
  Fatal in file: mod_clm_urban.F90 at line:     2712
 clm now stopping
 -------------------------------------------
 Abort called by computing node          1163 at 2026-07-22 00:27:32.588 +0200
 Execution terminated because of runtime error
 Critical =                        NaN  > 0.001 !
 -------------- FATAL CALLED ---------------
  Fatal in file: mod_clm_urban.F90 at line:     2712
 clm now stopping
 -------------------------------------------
 Abort called by computing node           413 at 2026-07-22 00:27:32.584 +0200
 Execution terminated because of runtime error
  Fatal in file: mod_clm_urban.F90 at line:     2712
 clm now stopping
 -------------------------------------------
 Abort called by computing node            65 at 2026-07-22 00:27:32.579 +0200
 Execution terminated because of runtime error
 Critical =                        NaN  > 0.001 !
 -------------- FATAL CALLED ---------------
  Fatal in file: mod_clm_urban.F90 at line:     2712
 clm now stopping
 -------------------------------------------
 Abort called by computing node           126 at 2026-07-22 00:27:32.582 +0200
 Execution terminated because of runtime error
  Fatal in file: mod_clm_urban.F90 at line:     2712
 clm now stopping
 -------------------------------------------
 Abort called by computing node           701 at 2026-07-22 00:27:32.583 +0200
 Execution terminated because of runtime error
 Critical =                        NaN  > 0.001 !
 -------------- FATAL CALLED ---------------
 Critical =                        NaN  > 0.001 !
 -------------- FATAL CALLED ---------------
  Fatal in file: mod_clm_urban.F90 at line:     2712
 clm now stopping
 -------------------------------------------
 Critical =                        NaN  > 0.001 !
 -------------- FATAL CALLED ---------------
 Critical =                        NaN  > 0.001 !
 -------------- FATAL CALLED ---------------
  Fatal in file: mod_clm_urban.F90 at line:     2712
 clm now stopping
 -------------------------------------------
 Abort called by computing node           996 at 2026-07-22 00:27:32.586 +0200
 Execution terminated because of runtime error
 Critical =                        NaN  > 0.001 !
 -------------- FATAL CALLED ---------------
  Fatal in file: mod_clm_urban.F90 at line:     2712
 clm now stopping
 -------------------------------------------
 Abort called by computing node           616 at 2026-07-22 00:27:32.585 +0200
 Execution terminated because of runtime error
 Critical =                        NaN  > 0.001 !
 -------------- FATAL CALLED ---------------
  Fatal in file: mod_clm_urban.F90 at line:     2712
 clm now stopping
 -------------------------------------------
 Abort called by computing node           571 at 2026-07-22 00:27:32.582 +0200
 Execution terminated because of runtime error
 Critical =                        NaN  > 0.001 !
 -------------- FATAL CALLED ---------------
 Critical =                        NaN  > 0.001 !
 -------------- FATAL CALLED ---------------
  Fatal in file: mod_clm_urban.F90 at line:     2712
 clm now stopping
 -------------------------------------------
 Abort called by computing node          1164 at 2026-07-22 00:27:32.588 +0200
 Execution terminated because of runtime error
 Critical =                        NaN  > 0.001 !
 -------------- FATAL CALLED ---------------
  Fatal in file: mod_clm_urban.F90 at line:     2712
 clm now stopping
 -------------------------------------------
 Abort called by computing node           420 at 2026-07-22 00:27:32.584 +0200
 Execution terminated because of runtime error
  Fatal in file: mod_clm_urban.F90 at line:     2712
 clm now stopping
 -------------------------------------------
 Critical =                        NaN  > 0.001 !
 -------------- FATAL CALLED ---------------
  Fatal in file: mod_clm_urban.F90 at line:     2712
 clm now stopping
 -------------------------------------------
  Fatal in file: mod_clm_urban.F90 at line:     2712
 clm now stopping
 -------------------------------------------
 Abort called by computing node           702 at 2026-07-22 00:27:32.583 +0200
 Execution terminated because of runtime error
 Critical =                        NaN  > 0.001 !
 -------------- FATAL CALLED ---------------
 Critical =                        NaN  > 0.001 !
 -------------- FATAL CALLED ---------------
  Fatal in file: mod_clm_urban.F90 at line:     2712
 clm now stopping
 -------------------------------------------
 Critical =                        NaN  > 0.001 !
 -------------- FATAL CALLED ---------------
  Fatal in file: mod_clm_urban.F90 at line:     2712
 clm now stopping
 -------------------------------------------
 Abort called by computing node           900 at 2026-07-22 00:27:32.586 +0200
 Execution terminated because of runtime error
 Critical =                        NaN  > 0.001 !
 -------------- FATAL CALLED ---------------
 urban net longwave radiation error: no convergence
 Critical =                        NaN  > 0.001 !
 -------------- FATAL CALLED ---------------
 Critical =                        NaN  > 0.001 !
 -------------- FATAL CALLED ---------------
  Fatal in file: mod_clm_urban.F90 at line:     2712
 clm now stopping
 -------------------------------------------
 Abort called by computing node          1166 at 2026-07-22 00:27:32.588 +0200
 Execution terminated because of runtime error
 Critical =                        NaN  > 0.001 !
 -------------- FATAL CALLED ---------------
  Fatal in file: mod_clm_urban.F90 at line:     2712
 clm now stopping
 -------------------------------------------
 Abort called by computing node           421 at 2026-07-22 00:27:32.584 +0200
 Execution terminated because of runtime error
 Critical =                        NaN  > 0.001 !
 -------------- FATAL CALLED ---------------
  Fatal in file: mod_clm_urban.F90 at line:     2712
 clm now stopping
 -------------------------------------------
 Critical =                        NaN  > 0.001 !
 -------------- FATAL CALLED ---------------
  Fatal in file: mod_clm_urban.F90 at line:     2712
 clm now stopping
 -------------------------------------------
 Abort called by computing node           129 at 2026-07-22 00:27:32.582 +0200
 Execution terminated because of runtime error
 Critical =                        NaN  > 0.001 !
 -------------- FATAL CALLED ---------------
  Fatal in file: mod_clm_urban.F90 at line:     2712
 clm now stopping
 -------------------------------------------
 Abort called by computing node           703 at 2026-07-22 00:27:32.583 +0200
 Execution terminated because of runtime error
 Critical =                        NaN  > 0.001 !
 -------------- FATAL CALLED ---------------
 Critical =                        NaN  > 0.001 !
 -------------- FATAL CALLED ---------------
  Fatal in file: mod_clm_urban.F90 at line:     2712
 clm now stopping
 -------------------------------------------
 Abort called by computing node          1013 at 2026-07-22 00:27:32.583 +0200
 Execution terminated because of runtime error
 Critical =                        NaN  > 0.001 !
 -------------- FATAL CALLED ---------------
  Fatal in file: mod_clm_urban.F90 at line:     2712
 clm now stopping
 -------------------------------------------
 Abort called by computing node           810 at 2026-07-22 00:27:32.583 +0200
 Execution terminated because of runtime error
  Fatal in file: mod_clm_urban.F90 at line:     2712
 clm now stopping
 -------------------------------------------
 Abort called by computing node           907 at 2026-07-22 00:27:32.586 +0200
 Execution terminated because of runtime error
 Critical =                        NaN  > 0.001 !
 -------------- FATAL CALLED ---------------
  Fatal in file: mod_clm_urban.F90 at line:     2712
 clm now stopping
 -------------------------------------------
 Abort called by computing node           621 at 2026-07-22 00:27:32.585 +0200
 Execution terminated because of runtime error
 Critical =                        NaN  > 0.001 !
 -------------- FATAL CALLED ---------------
  Fatal in file: mod_clm_urban.F90 at line:     2712
 clm now stopping
 -------------------------------------------
 Abort called by computing node           581 at 2026-07-22 00:27:32.582 +0200
 Execution terminated because of runtime error
 Critical =                        NaN  > 0.001 !
 -------------- FATAL CALLED ---------------
 Critical =                        NaN  > 0.001 !
 -------------- FATAL CALLED ---------------
  Fatal in file: mod_clm_urban.F90 at line:     2712
 clm now stopping
 -------------------------------------------
 Abort called by computing node          1174 at 2026-07-22 00:27:32.588 +0200
 Execution terminated because of runtime error
 Critical =                        NaN  > 0.001 !
 -------------- FATAL CALLED ---------------
  Fatal in file: mod_clm_urban.F90 at line:     2712
 clm now stopping
 -------------------------------------------
 Abort called by computing node           422 at 2026-07-22 00:27:32.584 +0200
 Execution terminated because of runtime error
 Critical =                        NaN  > 0.001 !
 -------------- FATAL CALLED ---------------
 Critical =                        NaN  > 0.001 !
 -------------- FATAL CALLED ---------------
  Fatal in file: mod_clm_urban.F90 at line:     2712
 clm now stopping
 -------------------------------------------
 Critical =                        NaN  > 0.001 !
 -------------- FATAL CALLED ---------------
  Fatal in file: mod_clm_urban.F90 at line:     2712
 clm now stopping
 -------------------------------------------
 Abort called by computing node           704 at 2026-07-22 00:27:32.583 +0200
 Execution terminated because of runtime error
 Critical =                        NaN  > 0.001 !
 -------------- FATAL CALLED ---------------
 Critical =                        NaN  > 0.001 !
 -------------- FATAL CALLED ---------------
  Fatal in file: mod_clm_urban.F90 at line:     2712
 clm now stopping
 -------------------------------------------
 Abort called by computing node          1016 at 2026-07-22 00:27:32.583 +0200
 Execution terminated because of runtime error
 Critical =                        NaN  > 0.001 !
 -------------- FATAL CALLED ---------------
 Critical =                        NaN  > 0.001 !
 -------------- FATAL CALLED ---------------
 Critical =                        NaN  > 0.001 !
 -------------- FATAL CALLED ---------------
  Fatal in file: mod_clm_urban.F90 at line:     2712
 clm now stopping
 -------------------------------------------
 Abort called by computing node           624 at 2026-07-22 00:27:32.584 +0200
 Execution terminated because of runtime error
 Critical =                        NaN  > 0.001 !
 -------------- FATAL CALLED ---------------
  Fatal in file: mod_clm_urban.F90 at line:     2712
 clm now stopping
 -------------------------------------------
 Abort called by computing node           583 at 2026-07-22 00:27:32.582 +0200
 Execution terminated because of runtime error
 Critical =                        NaN  > 0.001 !
 -------------- FATAL CALLED ---------------
 Critical =                        NaN  > 0.001 !
 -------------- FATAL CALLED ---------------
  Fatal in file: mod_clm_urban.F90 at line:     2712
 clm now stopping
 -------------------------------------------
 Abort called by computing node          1177 at 2026-07-22 00:27:32.587 +0200
 Execution terminated because of runtime error
 Critical =                        NaN  > 0.001 !
 -------------- FATAL CALLED ---------------
  Fatal in file: mod_clm_urban.F90 at line:     2712
 clm now stopping
 -------------------------------------------
 Abort called by computing node           425 at 2026-07-22 00:27:32.584 +0200
 Execution terminated because of runtime error
  Fatal in file: mod_clm_urban.F90 at line:     2712
 clm now stopping
 -------------------------------------------
 Abort called by computing node            54 at 2026-07-22 00:27:32.579 +0200
 Execution terminated because of runtime error
 Critical =                        NaN  > 0.001 !
 -------------- FATAL CALLED ---------------
  Fatal in file: mod_clm_urban.F90 at line:     2712
 clm now stopping
 -------------------------------------------
  Fatal in file: mod_clm_urban.F90 at line:     2712
 clm now stopping
 -------------------------------------------
 Abort called by computing node           705 at 2026-07-22 00:27:32.583 +0200
 Execution terminated because of runtime error
 Critical =                        NaN  > 0.001 !
 -------------- FATAL CALLED ---------------
 Critical =                        NaN  > 0.001 !
 -------------- FATAL CALLED ---------------
  Fatal in file: mod_clm_urban.F90 at line:     2712
 clm now stopping
 -------------------------------------------
 Abort called by computing node          1019 at 2026-07-22 00:27:32.583 +0200
 Execution terminated because of runtime error
 Critical =                        NaN  > 0.001 !
 -------------- FATAL CALLED ---------------
 Critical =                        NaN  > 0.001 !
 -------------- FATAL CALLED ---------------
  Fatal in file: mod_clm_urban.F90 at line:     2712
 clm now stopping
 -------------------------------------------
 Abort called by computing node           913 at 2026-07-22 00:27:32.586 +0200
 Execution terminated because of runtime error
 Critical =                        NaN  > 0.001 !
 -------------- FATAL CALLED ---------------
 Critical =                        NaN  > 0.001 !
 -------------- FATAL CALLED ---------------
  Fatal in file: mod_clm_urban.F90 at line:     2712
 clm now stopping
 -------------------------------------------
 Abort called by computing node           585 at 2026-07-22 00:27:32.582 +0200
 Execution terminated because of runtime error
 Critical =                        NaN  > 0.001 !
 -------------- FATAL CALLED ---------------
 Critical =                        NaN  > 0.001 !
 -------------- FATAL CALLED ---------------
  Fatal in file: mod_clm_urban.F90 at line:     2712
 clm now stopping
 -------------------------------------------
 Abort called by computing node          1178 at 2026-07-22 00:27:32.588 +0200
 Execution terminated because of runtime error
 Critical =                        NaN  > 0.001 !
 -------------- FATAL CALLED ---------------
  Fatal in file: mod_clm_urban.F90 at line:     2712
 clm now stopping
 -------------------------------------------
 Abort called by computing node           426 at 2026-07-22 00:27:32.584 +0200
 Execution terminated because of runtime error
 urban net longwave radiation error: no convergence
 Critical =                        NaN  > 0.001 !
 -------------- FATAL CALLED ---------------
  Fatal in file: mod_clm_urban.F90 at line:     2712
 clm now stopping
 -------------------------------------------
 Abort called by computing node           135 at 2026-07-22 00:27:32.582 +0200
 Execution terminated because of runtime error
 Critical =                        NaN  > 0.001 !
 -------------- FATAL CALLED ---------------
  Fatal in file: mod_clm_urban.F90 at line:     2712
 clm now stopping
 -------------------------------------------
 Abort called by computing node           706 at 2026-07-22 00:27:32.583 +0200
 Execution terminated because of runtime error
 Critical =                        NaN  > 0.001 !
 -------------- FATAL CALLED ---------------
 Critical =                        NaN  > 0.001 !
 -------------- FATAL CALLED ---------------
  Fatal in file: mod_clm_urban.F90 at line:     2712
 clm now stopping
 -------------------------------------------
 Abort called by computing node          1022 at 2026-07-22 00:27:32.583 +0200
 Execution terminated because of runtime error
 Critical =                        NaN  > 0.001 !
 -------------- FATAL CALLED ---------------
  Fatal in file: mod_clm_urban.F90 at line:     2712
 clm now stopping
 -------------------------------------------
 Abort called by computing node           821 at 2026-07-22 00:27:32.583 +0200
 Execution terminated because of runtime error
 Critical =                        NaN  > 0.001 !
 -------------- FATAL CALLED ---------------
  Fatal in file: mod_clm_urban.F90 at line:     2712
 clm now stopping
 -------------------------------------------
 Abort called by computing node           915 at 2026-07-22 00:27:32.586 +0200
 Execution terminated because of runtime error
 Critical =                        NaN  > 0.001 !
 -------------- FATAL CALLED ---------------
 Critical =                        NaN  > 0.001 !
 -------------- FATAL CALLED ---------------
  Fatal in file: mod_clm_urban.F90 at line:     2712
 clm now stopping
 -------------------------------------------
 Abort called by computing node           586 at 2026-07-22 00:27:32.582 +0200
 Execution terminated because of runtime error
 Critical =                        NaN  > 0.001 !
 -------------- FATAL CALLED ---------------
  Fatal in file: mod_clm_urban.F90 at line:     2712
 clm now stopping
 -------------------------------------------
 Abort called by computing node          1182 at 2026-07-22 00:27:32.588 +0200
 Execution terminated because of runtime error
 Critical =                        NaN  > 0.001 !
 -------------- FATAL CALLED ---------------
  Fatal in file: mod_clm_urban.F90 at line:     2712
 clm now stopping
 -------------------------------------------
 Abort called by computing node           432 at 2026-07-22 00:27:32.584 +0200
 Execution terminated because of runtime error
 Critical =                        NaN  > 0.001 !
 -------------- FATAL CALLED ---------------
 Critical =                        NaN  > 0.001 !
 -------------- FATAL CALLED ---------------
  Fatal in file: mod_clm_urban.F90 at line:     2712
 clm now stopping
 -------------------------------------------
 Abort called by computing node           136 at 2026-07-22 00:27:32.582 +0200
 Execution terminated because of runtime error
  Fatal in file: mod_clm_urban.F90 at line:     2712
 clm now stopping
 -------------------------------------------
 Abort called by computing node           707 at 2026-07-22 00:27:32.582 +0200
 Execution terminated because of runtime error
 Critical =                        NaN  > 0.001 !
 -------------- FATAL CALLED ---------------
 Critical =                        NaN  > 0.001 !
 -------------- FATAL CALLED ---------------
  Fatal in file: mod_clm_urban.F90 at line:     2712
 clm now stopping
 -------------------------------------------
 Abort called by computing node          1033 at 2026-07-22 00:27:32.583 +0200
 Execution terminated because of runtime error
 Critical =                        NaN  > 0.001 !
 -------------- FATAL CALLED ---------------
 Critical =                        NaN  > 0.001 !
 -------------- FATAL CALLED ---------------
 Critical =                        NaN  > 0.001 !
 -------------- FATAL CALLED ---------------
  Fatal in file: mod_clm_urban.F90 at line:     2712
 clm now stopping
 -------------------------------------------
 Abort called by computing node           665 at 2026-07-22 00:27:32.584 +0200
 Execution terminated because of runtime error
 Critical =                        NaN  > 0.001 !
 -------------- FATAL CALLED ---------------
  Fatal in file: mod_clm_urban.F90 at line:     2712
 clm now stopping
 -------------------------------------------
 Abort called by computing node           591 at 2026-07-22 00:27:32.582 +0200
 Execution terminated because of runtime error
 Critical =                        NaN  > 0.001 !
 -------------- FATAL CALLED ---------------
 Critical =                        NaN  > 0.001 !
 -------------- FATAL CALLED ---------------
  Fatal in file: mod_clm_urban.F90 at line:     2712
 clm now stopping
 -------------------------------------------
 Abort called by computing node          1183 at 2026-07-22 00:27:32.588 +0200
 Execution terminated because of runtime error
 Critical =                        NaN  > 0.001 !
 -------------- FATAL CALLED ---------------
  Fatal in file: mod_clm_urban.F90 at line:     2712
 clm now stopping
 -------------------------------------------
 Abort called by computing node           433 at 2026-07-22 00:27:32.584 +0200
 Execution terminated because of runtime error
 mod_clm_urban.F90 :     2712:             1
 Abort called by computing node             0 at 2026-07-22 00:27:32.579 +0200
 Execution terminated because of runtime error
 Critical =                        NaN  > 0.001 !
 -------------- FATAL CALLED ---------------
  Fatal in file: mod_clm_urban.F90 at line:     2712
 clm now stopping
 -------------------------------------------
 Critical =                        NaN  > 0.001 !
 -------------- FATAL CALLED ---------------
  Fatal in file: mod_clm_urban.F90 at line:     2712
 clm now stopping
 -------------------------------------------
 Abort called by computing node           708 at 2026-07-22 00:27:32.583 +0200
 Execution terminated because of runtime error
 Critical =                        NaN  > 0.001 !
 -------------- FATAL CALLED ---------------
 Critical =                        NaN  > 0.001 !
 -------------- FATAL CALLED ---------------
  Fatal in file: mod_clm_urban.F90 at line:     2712
 clm now stopping
 -------------------------------------------
 Abort called by computing node          1041 at 2026-07-22 00:27:32.583 +0200
 Execution terminated because of runtime error
 Critical =                        NaN  > 0.001 !
 -------------- FATAL CALLED ---------------
 Critical =                        NaN  > 0.001 !
 -------------- FATAL CALLED ---------------
  Fatal in file: mod_clm_urban.F90 at line:     2712
 clm now stopping
 -------------------------------------------
 Abort called by computing node           923 at 2026-07-22 00:27:32.586 +0200
 Execution terminated because of runtime error
 Critical =                        NaN  > 0.001 !
 -------------- FATAL CALLED ---------------
 Critical =                        NaN  > 0.001 !
 -------------- FATAL CALLED ---------------
  Fatal in file: mod_clm_urban.F90 at line:     2712
 clm now stopping
 -------------------------------------------
 Abort called by computing node           598 at 2026-07-22 00:27:32.582 +0200
 Execution terminated because of runtime error
 Critical =                        NaN  > 0.001 !
 -------------- FATAL CALLED ---------------
  Fatal in file: mod_clm_urban.F90 at line:     2712
 clm now stopping
 -------------------------------------------
 Abort called by computing node          1184 at 2026-07-22 00:27:32.587 +0200
 Execution terminated because of runtime error
 Critical =                        NaN  > 0.001 !
 -------------- FATAL CALLED ---------------
  Fatal in file: mod_clm_urban.F90 at line:     2712
 clm now stopping
 -------------------------------------------
 Abort called by computing node           434 at 2026-07-22 00:27:32.584 +0200
 Execution terminated because of runtime error
 Abort called by computing node             1 at 2026-07-22 00:27:32.579 +0200
 Execution terminated because of runtime error
 Critical =                        NaN  > 0.001 !
 -------------- FATAL CALLED ---------------
  Fatal in file: mod_clm_urban.F90 at line:     2712
 clm now stopping
 -------------------------------------------
 Abort called by computing node           140 at 2026-07-22 00:27:32.582 +0200
 Execution terminated because of runtime error
 Critical =                        NaN  > 0.001 !
 -------------- FATAL CALLED ---------------
  Fatal in file: mod_clm_urban.F90 at line:     2712
 clm now stopping
 -------------------------------------------
 Abort called by computing node           710 at 2026-07-22 00:27:32.583 +0200
 Execution terminated because of runtime error
 Critical =                        NaN  > 0.001 !
 -------------- FATAL CALLED ---------------
  Fatal in file: mod_clm_urban.F90 at line:     2712
 clm now stopping
 -------------------------------------------
 Abort called by computing node          1046 at 2026-07-22 00:27:32.583 +0200
 Execution terminated because of runtime error
 Critical =                        NaN  > 0.001 !
 -------------- FATAL CALLED ---------------
 Critical =                        NaN  > 0.001 !
 -------------- FATAL CALLED ---------------
  Fatal in file: mod_clm_urban.F90 at line:     2712
 clm now stopping
 -------------------------------------------
 Abort called by computing node           924 at 2026-07-22 00:27:32.586 +0200
 Execution terminated because of runtime error
 Critical =                        NaN  > 0.001 !
 -------------- FATAL CALLED ---------------
  Fatal in file: mod_clm_urban.F90 at line:     2712
 clm now stopping
 -------------------------------------------
 Abort called by computing node           692 at 2026-07-22 00:27:32.584 +0200
 Execution terminated because of runtime error
  Fatal in file: mod_clm_urban.F90 at line:     2712
 clm now stopping
 -------------------------------------------
 Abort called by computing node           503 at 2026-07-22 00:27:32.582 +0200
 Execution terminated because of runtime error
 Critical =                        NaN  > 0.001 !
 -------------- FATAL CALLED ---------------
 Critical =                        NaN  > 0.001 !
 -------------- FATAL CALLED ---------------
  Fatal in file: mod_clm_urban.F90 at line:     2712
 clm now stopping
 -------------------------------------------
 Abort called by computing node          1185 at 2026-07-22 00:27:32.588 +0200
 Execution terminated because of runtime error
 Critical =                        NaN  > 0.001 !
 -------------- FATAL CALLED ---------------
  Fatal in file: mod_clm_urban.F90 at line:     2712
 clm now stopping
 -------------------------------------------
 Abort called by computing node           436 at 2026-07-22 00:27:32.584 +0200
 Execution terminated because of runtime error
  Fatal in file: mod_clm_urban.F90 at line:     2712
 clm now stopping
 -------------------------------------------
 Abort called by computing node            19 at 2026-07-22 00:27:32.579 +0200
 Execution terminated because of runtime error
 Critical =                        NaN  > 0.001 !
 -------------- FATAL CALLED ---------------
  Fatal in file: mod_clm_urban.F90 at line:     2712
 clm now stopping
 -------------------------------------------
 Abort called by computing node           142 at 2026-07-22 00:27:32.582 +0200
 Execution terminated because of runtime error
 Critical =                        NaN  > 0.001 !
 -------------- FATAL CALLED ---------------
  Fatal in file: mod_clm_urban.F90 at line:     2712
 clm now stopping
 -------------------------------------------
 Abort called by computing node           711 at 2026-07-22 00:27:32.583 +0200
 Execution terminated because of runtime error
 Critical =                        NaN  > 0.001 !
 -------------- FATAL CALLED ---------------
  Fatal in file: mod_clm_urban.F90 at line:     2712
 clm now stopping
 -------------------------------------------
 Abort called by computing node          1071 at 2026-07-22 00:27:32.583 +0200
 Execution terminated because of runtime error
 Critical =                        NaN  > 0.001 !
 -------------- FATAL CALLED ---------------
  Fatal in file: mod_clm_urban.F90 at line:     2712
 clm now stopping
 -------------------------------------------
 Abort called by computing node           926 at 2026-07-22 00:27:32.586 +0200
 Execution terminated because of runtime error
 Critical =                        NaN  > 0.001 !
 -------------- FATAL CALLED ---------------
  Fatal in file: mod_clm_urban.F90 at line:     2712
 clm now stopping
 -------------------------------------------
 Abort called by computing node           697 at 2026-07-22 00:27:32.584 +0200
 Execution terminated because of runtime error
 Critical =                        NaN  > 0.001 !
 -------------- FATAL CALLED ---------------
  Fatal in file: mod_clm_urban.F90 at line:     2712
 clm now stopping
 -------------------------------------------
 Abort called by computing node           504 at 2026-07-22 00:27:32.582 +0200
 Execution terminated because of runtime error
 Critical =                        NaN  > 0.001 !
 -------------- FATAL CALLED ---------------
 Critical =                        NaN  > 0.001 !
 -------------- FATAL CALLED ---------------
  Fatal in file: mod_clm_urban.F90 at line:     2712
 clm now stopping
 -------------------------------------------
 Abort called by computing node          1186 at 2026-07-22 00:27:32.587 +0200
 Execution terminated because of runtime error
 Critical =                        NaN  > 0.001 !
 -------------- FATAL CALLED ---------------
  Fatal in file: mod_clm_urban.F90 at line:     2712
 clm now stopping
 -------------------------------------------
 Abort called by computing node           439 at 2026-07-22 00:27:32.584 +0200
 Execution terminated because of runtime error
  Fatal in file: mod_clm_urban.F90 at line:     2712
 clm now stopping
 -------------------------------------------
 Abort called by computing node            35 at 2026-07-22 00:27:32.579 +0200
 Execution terminated because of runtime error
 Critical =                        NaN  > 0.001 !
 -------------- FATAL CALLED ---------------
  Fatal in file: mod_clm_urban.F90 at line:     2712
 clm now stopping
 -------------------------------------------
 Abort called by computing node           144 at 2026-07-22 00:27:32.582 +0200
 Execution terminated because of runtime error
  Fatal in file: mod_clm_urban.F90 at line:     2712
 clm now stopping
 -------------------------------------------
 Abort called by computing node           712 at 2026-07-22 00:27:32.582 +0200
 Execution terminated because of runtime error
 Critical =                        NaN  > 0.001 !
 -------------- FATAL CALLED ---------------
 Critical =                        NaN  > 0.001 !
 -------------- FATAL CALLED ---------------
  Fatal in file: mod_clm_urban.F90 at line:     2712
 clm now stopping
 -------------------------------------------
 Abort called by computing node          1089 at 2026-07-22 00:27:32.583 +0200
 Execution terminated because of runtime error
 Critical =                        NaN  > 0.001 !
 -------------- FATAL CALLED ---------------
 Critical =                        NaN  > 0.001 !
 -------------- FATAL CALLED ---------------
  Fatal in file: mod_clm_urban.F90 at line:     2712
 clm now stopping
 -------------------------------------------
 Abort called by computing node           929 at 2026-07-22 00:27:32.586 +0200
 Execution terminated because of runtime error
 Critical =                        NaN  > 0.001 !
 -------------- FATAL CALLED ---------------
  Fatal in file: mod_clm_urban.F90 at line:     2712
 clm now stopping
 -------------------------------------------
 Abort called by computing node           601 at 2026-07-22 00:27:32.585 +0200
 Execution terminated because of runtime error
  Fatal in file: mod_clm_urban.F90 at line:     2712
 clm now stopping
 -------------------------------------------
 Abort called by computing node           505 at 2026-07-22 00:27:32.582 +0200
 Execution terminated because of runtime error
 Critical =                        NaN  > 0.001 !
 -------------- FATAL CALLED ---------------
 Critical =                        NaN  > 0.001 !
 -------------- FATAL CALLED ---------------
  Fatal in file: mod_clm_urban.F90 at line:     2712
 clm now stopping
 -------------------------------------------
 Abort called by computing node          1191 at 2026-07-22 00:27:32.588 +0200
 Execution terminated because of runtime error
 Critical =                        NaN  > 0.001 !
 -------------- FATAL CALLED ---------------
  Fatal in file: mod_clm_urban.F90 at line:     2712
 clm now stopping
 -------------------------------------------
 Abort called by computing node           440 at 2026-07-22 00:27:32.584 +0200
 Execution terminated because of runtime error
 urban net longwave radiation error: no convergence
 Critical =                        NaN  > 0.001 !
 -------------- FATAL CALLED ---------------
  Fatal in file: mod_clm_urban.F90 at line:     2712
 clm now stopping
 -------------------------------------------
 Abort called by computing node           145 at 2026-07-22 00:27:32.582 +0200
 Execution terminated because of runtime error
 Critical =                        NaN  > 0.001 !
 -------------- FATAL CALLED ---------------
  Fatal in file: mod_clm_urban.F90 at line:     2712
 clm now stopping
 -------------------------------------------
 Abort called by computing node           714 at 2026-07-22 00:27:32.583 +0200
 Execution terminated because of runtime error
 Critical =                        NaN  > 0.001 !
 -------------- FATAL CALLED ---------------
 Critical =                        NaN  > 0.001 !
 -------------- FATAL CALLED ---------------
  Fatal in file: mod_clm_urban.F90 at line:     2712
 clm now stopping
 -------------------------------------------
 Abort called by computing node          1091 at 2026-07-22 00:27:32.583 +0200
 Execution terminated because of runtime error
 Critical =                        NaN  > 0.001 !
 -------------- FATAL CALLED ---------------
  Fatal in file: mod_clm_urban.F90 at line:     2712
 clm now stopping
 -------------------------------------------
 Abort called by computing node           840 at 2026-07-22 00:27:32.583 +0200
 Execution terminated because of runtime error
 Critical =                        NaN  > 0.001 !
 -------------- FATAL CALLED ---------------
  Fatal in file: mod_clm_urban.F90 at line:     2712
 clm now stopping
 -------------------------------------------
 Abort called by computing node           931 at 2026-07-22 00:27:32.586 +0200
 Execution terminated because of runtime error
 Critical =                        NaN  > 0.001 !
 -------------- FATAL CALLED ---------------
  Fatal in file: mod_clm_urban.F90 at line:     2712
 clm now stopping
 -------------------------------------------
 Abort called by computing node           506 at 2026-07-22 00:27:32.582 +0200
 Execution terminated because of runtime error
 Critical =                        NaN  > 0.001 !
 -------------- FATAL CALLED ---------------
  Fatal in file: mod_clm_urban.F90 at line:     2712
 clm now stopping
 -------------------------------------------
 Abort called by computing node          1192 at 2026-07-22 00:27:32.588 +0200
 Execution terminated because of runtime error
 Critical =                        NaN  > 0.001 !
 -------------- FATAL CALLED ---------------
  Fatal in file: mod_clm_urban.F90 at line:     2712
 clm now stopping
 -------------------------------------------
 Abort called by computing node           444 at 2026-07-22 00:27:32.584 +0200
 Execution terminated because of runtime error
 Critical =                        NaN  > 0.001 !
 -------------- FATAL CALLED ---------------
  Fatal in file: mod_clm_urban.F90 at line:     2712
 clm now stopping
 -------------------------------------------
 Critical =                        NaN  > 0.001 !
 -------------- FATAL CALLED ---------------
  Fatal in file: mod_clm_urban.F90 at line:     2712
 clm now stopping
 -------------------------------------------
 Abort called by computing node           146 at 2026-07-22 00:27:32.582 +0200
 Execution terminated because of runtime error
  Fatal in file: mod_clm_urban.F90 at line:     2712
 clm now stopping
 -------------------------------------------
 Abort called by computing node           715 at 2026-07-22 00:27:32.583 +0200
 Execution terminated because of runtime error
 Critical =                        NaN  > 0.001 !
 -------------- FATAL CALLED ---------------
  Fatal in file: mod_clm_urban.F90 at line:     2712
 clm now stopping
 -------------------------------------------
 Abort called by computing node          1093 at 2026-07-22 00:27:32.583 +0200
 Execution terminated because of runtime error
 Critical =                        NaN  > 0.001 !
 -------------- FATAL CALLED ---------------
  Fatal in file: mod_clm_urban.F90 at line:     2712
 clm now stopping
 -------------------------------------------
 Abort called by computing node           935 at 2026-07-22 00:27:32.586 +0200
 Execution terminated because of runtime error
 Critical =                        NaN  > 0.001 !
 -------------- FATAL CALLED ---------------
 Critical =                        NaN  > 0.001 !
 -------------- FATAL CALLED ---------------
  Fatal in file: mod_clm_urban.F90 at line:     2712
 clm now stopping
 -------------------------------------------
 Abort called by computing node           507 at 2026-07-22 00:27:32.583 +0200
 Execution terminated because of runtime error
 Critical =                        NaN  > 0.001 !
 -------------- FATAL CALLED ---------------
 Critical =                        NaN  > 0.001 !
 -------------- FATAL CALLED ---------------
  Fatal in file: mod_clm_urban.F90 at line:     2712
 clm now stopping
 -------------------------------------------
 Abort called by computing node          1197 at 2026-07-22 00:27:32.588 +0200
 Execution terminated because of runtime error
 Critical =                        NaN  > 0.001 !
 -------------- FATAL CALLED ---------------
  Fatal in file: mod_clm_urban.F90 at line:     2712
 clm now stopping
 -------------------------------------------
 Abort called by computing node           447 at 2026-07-22 00:27:32.584 +0200
 Execution terminated because of runtime error
 urban net longwave radiation error: no convergence
 Critical =                        NaN  > 0.001 !
 -------------- FATAL CALLED ---------------
  Fatal in file: mod_clm_urban.F90 at line:     2712
 clm now stopping
 -------------------------------------------
 Abort called by computing node           149 at 2026-07-22 00:27:32.582 +0200
 Execution terminated because of runtime error
 Critical =                        NaN  > 0.001 !
 -------------- FATAL CALLED ---------------
  Fatal in file: mod_clm_urban.F90 at line:     2712
 clm now stopping
 -------------------------------------------
 Abort called by computing node           716 at 2026-07-22 00:27:32.583 +0200
 Execution terminated because of runtime error
 Critical =                        NaN  > 0.001 !
 -------------- FATAL CALLED ---------------
 Critical =                        NaN  > 0.001 !
 -------------- FATAL CALLED ---------------
  Fatal in file: mod_clm_urban.F90 at line:     2712
 clm now stopping
 -------------------------------------------
 Abort called by computing node          1097 at 2026-07-22 00:27:32.583 +0200
 Execution terminated because of runtime error
 Critical =                        NaN  > 0.001 !
 -------------- FATAL CALLED ---------------
  Fatal in file: mod_clm_urban.F90 at line:     2712
 clm now stopping
 -------------------------------------------
 Abort called by computing node           847 at 2026-07-22 00:27:32.583 +0200
 Execution terminated because of runtime error
  Fatal in file: mod_clm_urban.F90 at line:     2712
 clm now stopping
 -------------------------------------------
 Abort called by computing node           938 at 2026-07-22 00:27:32.586 +0200
 Execution terminated because of runtime error
 Critical =                        NaN  > 0.001 !
 -------------- FATAL CALLED ---------------
  Fatal in file: mod_clm_urban.F90 at line:     2712
 clm now stopping
 -------------------------------------------
 Abort called by computing node           606 at 2026-07-22 00:27:32.585 +0200
 Execution terminated because of runtime error
 Critical =                        NaN  > 0.001 !
 -------------- FATAL CALLED ---------------
  Fatal in file: mod_clm_urban.F90 at line:     2712
 clm now stopping
 -------------------------------------------
 Abort called by computing node           509 at 2026-07-22 00:27:32.582 +0200
 Execution terminated because of runtime error
 Critical =                        NaN  > 0.001 !
 -------------- FATAL CALLED ---------------
 Critical =                        NaN  > 0.001 !
 -------------- FATAL CALLED ---------------
  Fatal in file: mod_clm_urban.F90 at line:     2712
 clm now stopping
 -------------------------------------------
 Abort called by computing node          1198 at 2026-07-22 00:27:32.588 +0200
 Execution terminated because of runtime error
 Critical =                        NaN  > 0.001 !
 -------------- FATAL CALLED ---------------
  Fatal in file: mod_clm_urban.F90 at line:     2712
 clm now stopping
 -------------------------------------------
 Abort called by computing node           449 at 2026-07-22 00:27:32.584 +0200
 Execution terminated because of runtime error
 urban net longwave radiation error: no convergence
 Critical =                        NaN  > 0.001 !
 -------------- FATAL CALLED ---------------
  Fatal in file: mod_clm_urban.F90 at line:     2712
 clm now stopping
 -------------------------------------------
 Abort called by computing node           151 at 2026-07-22 00:27:32.582 +0200
 Execution terminated because of runtime error
 Critical =                        NaN  > 0.001 !
 -------------- FATAL CALLED ---------------
  Fatal in file: mod_clm_urban.F90 at line:     2712
 clm now stopping
 -------------------------------------------
 Abort called by computing node           717 at 2026-07-22 00:27:32.583 +0200
 Execution terminated because of runtime error
 Critical =                        NaN  > 0.001 !
 -------------- FATAL CALLED ---------------
 Critical =                        NaN  > 0.001 !
 -------------- FATAL CALLED ---------------
  Fatal in file: mod_clm_urban.F90 at line:     2712
 clm now stopping
 -------------------------------------------
 Abort called by computing node          1098 at 2026-07-22 00:27:32.583 +0200
 Execution terminated because of runtime error
 Critical =                        NaN  > 0.001 !
 -------------- FATAL CALLED ---------------
  Fatal in file: mod_clm_urban.F90 at line:     2712
 clm now stopping
 -------------------------------------------
 Abort called by computing node           940 at 2026-07-22 00:27:32.586 +0200
 Execution terminated because of runtime error
  Fatal in file: mod_clm_urban.F90 at line:     2712
 clm now stopping
 -------------------------------------------
 Abort called by computing node           610 at 2026-07-22 00:27:32.585 +0200
 Execution terminated because of runtime error
 Critical =                        NaN  > 0.001 !
 -------------- FATAL CALLED ---------------
  Fatal in file: mod_clm_urban.F90 at line:     2712
 clm now stopping
 -------------------------------------------
 Abort called by computing node           510 at 2026-07-22 00:27:32.582 +0200
 Execution terminated because of runtime error
 Critical =                        NaN  > 0.001 !
 -------------- FATAL CALLED ---------------
 Critical =                        NaN  > 0.001 !
 -------------- FATAL CALLED ---------------
  Fatal in file: mod_clm_urban.F90 at line:     2712
 clm now stopping
 -------------------------------------------
 Abort called by computing node          1100 at 2026-07-22 00:27:32.588 +0200
 Execution terminated because of runtime error
 Critical =                        NaN  > 0.001 !
 -------------- FATAL CALLED ---------------
  Fatal in file: mod_clm_urban.F90 at line:     2712
 clm now stopping
 -------------------------------------------
 Abort called by computing node           451 at 2026-07-22 00:27:32.584 +0200
 Execution terminated because of runtime error
  Fatal in file: mod_clm_urban.F90 at line:     2712
 clm now stopping
 -------------------------------------------
 Abort called by computing node            75 at 2026-07-22 00:27:32.579 +0200
 Execution terminated because of runtime error
 Critical =                        NaN  > 0.001 !
 -------------- FATAL CALLED ---------------
  Fatal in file: mod_clm_urban.F90 at line:     2712
 clm now stopping
 -------------------------------------------
 Abort called by computing node           153 at 2026-07-22 00:27:32.582 +0200
 Execution terminated because of runtime error
 Critical =                        NaN  > 0.001 !
 -------------- FATAL CALLED ---------------
  Fatal in file: mod_clm_urban.F90 at line:     2712
 clm now stopping
 -------------------------------------------
 Abort called by computing node           718 at 2026-07-22 00:27:32.583 +0200
 Execution terminated because of runtime error
 Critical =                        NaN  > 0.001 !
 -------------- FATAL CALLED ---------------
 Critical =                        NaN  > 0.001 !
 -------------- FATAL CALLED ---------------
  Fatal in file: mod_clm_urban.F90 at line:     2712
 clm now stopping
 -------------------------------------------
 Abort called by computing node          1099 at 2026-07-22 00:27:32.583 +0200
 Execution terminated because of runtime error
 Critical =                        NaN  > 0.001 !
 -------------- FATAL CALLED ---------------
  Fatal in file: mod_clm_urban.F90 at line:     2712
 clm now stopping
 -------------------------------------------
 Critical =                        NaN  > 0.001 !
 -------------- FATAL CALLED ---------------
  Fatal in file: mod_clm_urban.F90 at line:     2712
 clm now stopping
 -------------------------------------------
 Abort called by computing node           949 at 2026-07-22 00:27:32.586 +0200
 Execution terminated because of runtime error
 Critical =                        NaN  > 0.001 !
 -------------- FATAL CALLED ---------------
  Fatal in file: mod_clm_urban.F90 at line:     2712
 clm now stopping
 -------------------------------------------
 Abort called by computing node           612 at 2026-07-22 00:27:32.585 +0200
 Execution terminated because of runtime error
 Critical =                        NaN  > 0.001 !
 -------------- FATAL CALLED ---------------
  Fatal in file: mod_clm_urban.F90 at line:     2712
 clm now stopping
 -------------------------------------------
 Abort called by computing node           512 at 2026-07-22 00:27:32.583 +0200
 Execution terminated because of runtime error
 Critical =                        NaN  > 0.001 !
 -------------- FATAL CALLED ---------------
  Fatal in file: mod_clm_urban.F90 at line:     2712
 clm now stopping
 -------------------------------------------
 Abort called by computing node          1101 at 2026-07-22 00:27:32.588 +0200
 Execution terminated because of runtime error
 Critical =                        NaN  > 0.001 !
 -------------- FATAL CALLED ---------------
  Fatal in file: mod_clm_urban.F90 at line:     2712
 clm now stopping
 -------------------------------------------
 Abort called by computing node           453 at 2026-07-22 00:27:32.584 +0200
 Execution terminated because of runtime error
 Critical =                        NaN  > 0.001 !
 Critical =                        NaN  > 0.001 !
 -------------- FATAL CALLED ---------------
  Fatal in file: mod_clm_urban.F90 at line:     2712
 clm now stopping
 -------------------------------------------
 Abort called by computing node           155 at 2026-07-22 00:27:32.582 +0200
 Execution terminated because of runtime error
  Fatal in file: mod_clm_urban.F90 at line:     2712
 clm now stopping
 -------------------------------------------
 Abort called by computing node           719 at 2026-07-22 00:27:32.583 +0200
 Execution terminated because of runtime error
 Critical =                        NaN  > 0.001 !
 -------------- FATAL CALLED ---------------
 Abort called by computing node          1001 at 2026-07-22 00:27:32.583 +0200
 Execution terminated because of runtime error
 Critical =                        NaN  > 0.001 !
 -------------- FATAL CALLED ---------------
  Fatal in file: mod_clm_urban.F90 at line:     2712
 clm now stopping
 -------------------------------------------
 Abort called by computing node           859 at 2026-07-22 00:27:32.583 +0200
 Execution terminated because of runtime error
  Fatal in file: mod_clm_urban.F90 at line:     2712
 clm now stopping
 -------------------------------------------
 Abort called by computing node           958 at 2026-07-22 00:27:32.586 +0200
 Execution terminated because of runtime error
 Critical =                        NaN  > 0.001 !
 -------------- FATAL CALLED ---------------
  Fatal in file: mod_clm_urban.F90 at line:     2712
 clm now stopping
 -------------------------------------------
 Abort called by computing node           617 at 2026-07-22 00:27:32.585 +0200
 Execution terminated because of runtime error
 Critical =                        NaN  > 0.001 !
 -------------- FATAL CALLED ---------------
  Fatal in file: mod_clm_urban.F90 at line:     2712
 clm now stopping
 -------------------------------------------
 Abort called by computing node           516 at 2026-07-22 00:27:32.582 +0200
 Execution terminated because of runtime error
 Critical =                        NaN  > 0.001 !
 -------------- FATAL CALLED ---------------
 Critical =                        NaN  > 0.001 !
 -------------- FATAL CALLED ---------------
  Fatal in file: mod_clm_urban.F90 at line:     2712
 clm now stopping
 -------------------------------------------
 Abort called by computing node          1103 at 2026-07-22 00:27:32.588 +0200
 Execution terminated because of runtime error
 Critical =                        NaN  > 0.001 !
 -------------- FATAL CALLED ---------------
  Fatal in file: mod_clm_urban.F90 at line:     2712
 clm now stopping
 -------------------------------------------
 Abort called by computing node           458 at 2026-07-22 00:27:32.584 +0200
 Execution terminated because of runtime error
 Abort called by computing node            18 at 2026-07-22 00:27:32.579 +0200
 Execution terminated because of runtime error
 Critical =                        NaN  > 0.001 !
 -------------- FATAL CALLED ---------------
  Fatal in file: mod_clm_urban.F90 at line:     2712
 clm now stopping
 -------------------------------------------
 Abort called by computing node           156 at 2026-07-22 00:27:32.582 +0200
 Execution terminated because of runtime error
  Fatal in file: mod_clm_urban.F90 at line:     2712
 clm now stopping
 -------------------------------------------
 Abort called by computing node           720 at 2026-07-22 00:27:32.583 +0200
 Execution terminated because of runtime error
 Critical =                        NaN  > 0.001 !
 -------------- FATAL CALLED ---------------
 Critical =                        NaN  > 0.001 !
 -------------- FATAL CALLED ---------------
 Critical =                        NaN  > 0.001 !
 -------------- FATAL CALLED ---------------
 Critical =                        NaN  > 0.001 !
 -------------- FATAL CALLED ---------------
  Fatal in file: mod_clm_urban.F90 at line:     2712
 clm now stopping
 -------------------------------------------
 Abort called by computing node           961 at 2026-07-22 00:27:32.586 +0200
 Execution terminated because of runtime error
 Critical =                        NaN  > 0.001 !
 -------------- FATAL CALLED ---------------
  Fatal in file: mod_clm_urban.F90 at line:     2712
 clm now stopping
 -------------------------------------------
 Abort called by computing node           618 at 2026-07-22 00:27:32.585 +0200
 Execution terminated because of runtime error
 Critical =                        NaN  > 0.001 !
 -------------- FATAL CALLED ---------------
  Fatal in file: mod_clm_urban.F90 at line:     2712
 clm now stopping
 -------------------------------------------
 Abort called by computing node           517 at 2026-07-22 00:27:32.583 +0200
 Execution terminated because of runtime error
 Critical =                        NaN  > 0.001 !
 -------------- FATAL CALLED ---------------
 Critical =                        NaN  > 0.001 !
 -------------- FATAL CALLED ---------------
  Fatal in file: mod_clm_urban.F90 at line:     2712
 clm now stopping
 -------------------------------------------
 Abort called by computing node          1105 at 2026-07-22 00:27:32.588 +0200
 Execution terminated because of runtime error
 Critical =                        NaN  > 0.001 !
 -------------- FATAL CALLED ---------------
  Fatal in file: mod_clm_urban.F90 at line:     2712
 clm now stopping
 -------------------------------------------
 Abort called by computing node           459 at 2026-07-22 00:27:32.584 +0200
 Execution terminated because of runtime error
 urban net longwave radiation error: no convergence
 Critical =                        NaN  > 0.001 !
 -------------- FATAL CALLED ---------------
  Fatal in file: mod_clm_urban.F90 at line:     2712
 clm now stopping
 -------------------------------------------
 Abort called by computing node           157 at 2026-07-22 00:27:32.582 +0200
 Execution terminated because of runtime error
  Fatal in file: mod_clm_urban.F90 at line:     2712
 clm now stopping
 -------------------------------------------
 Abort called by computing node           721 at 2026-07-22 00:27:32.582 +0200
 Execution terminated because of runtime error
 Critical =                        NaN  > 0.001 !
 -------------- FATAL CALLED ---------------
  Fatal in file: mod_clm_urban.F90 at line:     2712
 clm now stopping
 -------------------------------------------
 Abort called by computing node          1004 at 2026-07-22 00:27:32.584 +0200
 Execution terminated because of runtime error
 Critical =                        NaN  > 0.001 !
 -------------- FATAL CALLED ---------------
 Critical =                        NaN  > 0.001 !
 -------------- FATAL CALLED ---------------
  Fatal in file: mod_clm_urban.F90 at line:     2712
 clm now stopping
 -------------------------------------------
 Abort called by computing node           971 at 2026-07-22 00:27:32.587 +0200
 Execution terminated because of runtime error
 Critical =                        NaN  > 0.001 !
 -------------- FATAL CALLED ---------------
  Fatal in file: mod_clm_urban.F90 at line:     2712
 clm now stopping
 -------------------------------------------
 Abort called by computing node           625 at 2026-07-22 00:27:32.585 +0200
 Execution terminated because of runtime error
 Critical =                        NaN  > 0.001 !
 -------------- FATAL CALLED ---------------
  Fatal in file: mod_clm_urban.F90 at line:     2712
 clm now stopping
 -------------------------------------------
 Abort called by computing node           518 at 2026-07-22 00:27:32.583 +0200
 Execution terminated because of runtime error
 Critical =                        NaN  > 0.001 !
 -------------- FATAL CALLED ---------------
 Critical =                        NaN  > 0.001 !
 -------------- FATAL CALLED ---------------
  Fatal in file: mod_clm_urban.F90 at line:     2712
 clm now stopping
 -------------------------------------------
 Abort called by computing node          1106 at 2026-07-22 00:27:32.588 +0200
 Execution terminated because of runtime error
 Critical =                        NaN  > 0.001 !
 -------------- FATAL CALLED ---------------
  Fatal in file: mod_clm_urban.F90 at line:     2712
 clm now stopping
 -------------------------------------------
 Abort called by computing node           460 at 2026-07-22 00:27:32.584 +0200
 Execution terminated because of runtime error
 Critical =                        NaN  > 0.001 !
 -------------- FATAL CALLED ---------------
  Fatal in file: mod_clm_urban.F90 at line:     2712
 clm now stopping
 -------------------------------------------
 Critical =                        NaN  > 0.001 !
 -------------- FATAL CALLED ---------------
  Fatal in file: mod_clm_urban.F90 at line:     2712
 clm now stopping
 -------------------------------------------
 Abort called by computing node           158 at 2026-07-22 00:27:32.582 +0200
 Execution terminated because of runtime error
 Critical =                        NaN  > 0.001 !
 -------------- FATAL CALLED ---------------
  Fatal in file: mod_clm_urban.F90 at line:     2712
 clm now stopping
 -------------------------------------------
 Abort called by computing node           722 at 2026-07-22 00:27:32.583 +0200
 Execution terminated because of runtime error
 Critical =                        NaN  > 0.001 !
 -------------- FATAL CALLED ---------------
 Critical =                        NaN  > 0.001 !
 -------------- FATAL CALLED ---------------
 Critical =                        NaN  > 0.001 !
 -------------- FATAL CALLED ---------------
  Fatal in file: mod_clm_urban.F90 at line:     2712
 clm now stopping
 -------------------------------------------
 Abort called by computing node           869 at 2026-07-22 00:27:32.583 +0200
 Execution terminated because of runtime error
  Fatal in file: mod_clm_urban.F90 at line:     2712
 clm now stopping
 -------------------------------------------
 Abort called by computing node           975 at 2026-07-22 00:27:32.586 +0200
 Execution terminated because of runtime error
 Critical =                        NaN  > 0.001 !
 -------------- FATAL CALLED ---------------
  Fatal in file: mod_clm_urban.F90 at line:     2712
 clm now stopping
 -------------------------------------------
 Abort called by computing node           626 at 2026-07-22 00:27:32.585 +0200
 Execution terminated because of runtime error
 Critical =                        NaN  > 0.001 !
 -------------- FATAL CALLED ---------------
  Fatal in file: mod_clm_urban.F90 at line:     2712
 clm now stopping
 -------------------------------------------
 Abort called by computing node           520 at 2026-07-22 00:27:32.583 +0200
 Execution terminated because of runtime error
 Critical =                        NaN  > 0.001 !
 -------------- FATAL CALLED ---------------
  Fatal in file: mod_clm_urban.F90 at line:     2712
 clm now stopping
 -------------------------------------------
 Abort called by computing node          1107 at 2026-07-22 00:27:32.588 +0200
 Execution terminated because of runtime error
 Critical =                        NaN  > 0.001 !
 -------------- FATAL CALLED ---------------
  Fatal in file: mod_clm_urban.F90 at line:     2712
 clm now stopping
 -------------------------------------------
 Abort called by computing node           462 at 2026-07-22 00:27:32.584 +0200
 Execution terminated because of runtime error
 urban net longwave radiation error: no convergence
 Critical =                        NaN  > 0.001 !
 -------------- FATAL CALLED ---------------
  Fatal in file: mod_clm_urban.F90 at line:     2712
 clm now stopping
 -------------------------------------------
 Abort called by computing node           159 at 2026-07-22 00:27:32.582 +0200
 Execution terminated because of runtime error
 Critical =                        NaN  > 0.001 !
 -------------- FATAL CALLED ---------------
  Fatal in file: mod_clm_urban.F90 at line:     2712
 clm now stopping
 -------------------------------------------
 Abort called by computing node           723 at 2026-07-22 00:27:32.582 +0200
 Execution terminated because of runtime error
 Critical =                        NaN  > 0.001 !
 -------------- FATAL CALLED ---------------
  Fatal in file: mod_clm_urban.F90 at line:     2712
 clm now stopping
 -------------------------------------------
 Critical =                        NaN  > 0.001 !
 -------------- FATAL CALLED ---------------
  Fatal in file: mod_clm_urban.F90 at line:     2712
 clm now stopping
 -------------------------------------------
 Abort called by computing node          1007 at 2026-07-22 00:27:32.584 +0200
 Execution terminated because of runtime error
 Critical =                        NaN  > 0.001 !
 -------------- FATAL CALLED ---------------
  Fatal in file: mod_clm_urban.F90 at line:     2712
 clm now stopping
 -------------------------------------------
 Abort called by computing node           875 at 2026-07-22 00:27:32.583 +0200
 Execution terminated because of runtime error
  Fatal in file: mod_clm_urban.F90 at line:     2712
 clm now stopping
 -------------------------------------------
 Abort called by computing node           976 at 2026-07-22 00:27:32.586 +0200
 Execution terminated because of runtime error
 Critical =                        NaN  > 0.001 !
 -------------- FATAL CALLED ---------------
  Fatal in file: mod_clm_urban.F90 at line:     2712
 clm now stopping
 -------------------------------------------
 Abort called by computing node           628 at 2026-07-22 00:27:32.585 +0200
 Execution terminated because of runtime error
 Critical =                        NaN  > 0.001 !
 -------------- FATAL CALLED ---------------
  Fatal in file: mod_clm_urban.F90 at line:     2712
 clm now stopping
 -------------------------------------------
 Abort called by computing node           521 at 2026-07-22 00:27:32.583 +0200
 Execution terminated because of runtime error
 Critical =                        NaN  > 0.001 !
 -------------- FATAL CALLED ---------------
  Fatal in file: mod_clm_urban.F90 at line:     2712
 clm now stopping
 -------------------------------------------
 Abort called by computing node          1108 at 2026-07-22 00:27:32.588 +0200
 Execution terminated because of runtime error
 Critical =                        NaN  > 0.001 !
 -------------- FATAL CALLED ---------------
  Fatal in file: mod_clm_urban.F90 at line:     2712
 clm now stopping
 -------------------------------------------
 Abort called by computing node           464 at 2026-07-22 00:27:32.584 +0200
 Execution terminated because of runtime error
 -------------- FATAL CALLED ---------------
 Critical =                        NaN  > 0.001 !
 -------------- FATAL CALLED ---------------
  Fatal in file: mod_clm_urban.F90 at line:     2712
 clm now stopping
 -------------------------------------------
 Abort called by computing node           160 at 2026-07-22 00:27:32.582 +0200
 Execution terminated because of runtime error
 Critical =                        NaN  > 0.001 !
 -------------- FATAL CALLED ---------------
  Fatal in file: mod_clm_urban.F90 at line:     2712
 clm now stopping
 -------------------------------------------
 Abort called by computing node           724 at 2026-07-22 00:27:32.583 +0200
 Execution terminated because of runtime error
 Critical =                        NaN  > 0.001 !
 -------------- FATAL CALLED ---------------
 Abort called by computing node          1008 at 2026-07-22 00:27:32.583 +0200
 Execution terminated because of runtime error
 Critical =                        NaN  > 0.001 !
 -------------- FATAL CALLED ---------------
 Critical =                        NaN  > 0.001 !
 -------------- FATAL CALLED ---------------
  Fatal in file: mod_clm_urban.F90 at line:     2712
 clm now stopping
 -------------------------------------------
 Abort called by computing node           980 at 2026-07-22 00:27:32.586 +0200
 Execution terminated because of runtime error
 Critical =                        NaN  > 0.001 !
 -------------- FATAL CALLED ---------------
  Fatal in file: mod_clm_urban.F90 at line:     2712
 clm now stopping
 -------------------------------------------
 Abort called by computing node           631 at 2026-07-22 00:27:32.585 +0200
 Execution terminated because of runtime error
 Critical =                        NaN  > 0.001 !
 -------------- FATAL CALLED ---------------
  Fatal in file: mod_clm_urban.F90 at line:     2712
 clm now stopping
 -------------------------------------------
 Abort called by computing node           522 at 2026-07-22 00:27:32.583 +0200
 Execution terminated because of runtime error
 Critical =                        NaN  > 0.001 !
 -------------- FATAL CALLED ---------------
 Critical =                        NaN  > 0.001 !
 -------------- FATAL CALLED ---------------
  Fatal in file: mod_clm_urban.F90 at line:     2712
 clm now stopping
 -------------------------------------------
 Abort called by computing node          1109 at 2026-07-22 00:27:32.588 +0200
 Execution terminated because of runtime error
 Critical =                        NaN  > 0.001 !
 -------------- FATAL CALLED ---------------
  Fatal in file: mod_clm_urban.F90 at line:     2712
 clm now stopping
 -------------------------------------------
 Abort called by computing node           465 at 2026-07-22 00:27:32.584 +0200
 Execution terminated because of runtime error
 Critical =                        NaN  > 0.001 !
 -------------- FATAL CALLED ---------------
 Critical =                        NaN  > 0.001 !
 -------------- FATAL CALLED ---------------
  Fatal in file: mod_clm_urban.F90 at line:     2712
 clm now stopping
 -------------------------------------------
 Abort called by computing node           161 at 2026-07-22 00:27:32.582 +0200
 Execution terminated because of runtime error
  Fatal in file: mod_clm_urban.F90 at line:     2712
 clm now stopping
 -------------------------------------------
 Abort called by computing node           726 at 2026-07-22 00:27:32.583 +0200
 Execution terminated because of runtime error
 Critical =                        NaN  > 0.001 !
 -------------- FATAL CALLED ---------------
 Critical =                        NaN  > 0.001 !
 -------------- FATAL CALLED ---------------
 Critical =                        NaN  > 0.001 !
 -------------- FATAL CALLED ---------------
  Fatal in file: mod_clm_urban.F90 at line:     2712
 clm now stopping
 -------------------------------------------
 Abort called by computing node           881 at 2026-07-22 00:27:32.583 +0200
 Execution terminated because of runtime error
  Fatal in file: mod_clm_urban.F90 at line:     2712
 clm now stopping
 -------------------------------------------
 Abort called by computing node           983 at 2026-07-22 00:27:32.586 +0200
 Execution terminated because of runtime error
 Critical =                        NaN  > 0.001 !
 -------------- FATAL CALLED ---------------
  Fatal in file: mod_clm_urban.F90 at line:     2712
 clm now stopping
 -------------------------------------------
 Abort called by computing node           633 at 2026-07-22 00:27:32.585 +0200
 Execution terminated because of runtime error
  Fatal in file: mod_clm_urban.F90 at line:     2712
 clm now stopping
 -------------------------------------------
 Abort called by computing node           523 at 2026-07-22 00:27:32.582 +0200
 Execution terminated because of runtime error
 Critical =                        NaN  > 0.001 !
 -------------- FATAL CALLED ---------------
 Critical =                        NaN  > 0.001 !
 -------------- FATAL CALLED ---------------
  Fatal in file: mod_clm_urban.F90 at line:     2712
 clm now stopping
 -------------------------------------------
 Abort called by computing node          1111 at 2026-07-22 00:27:32.588 +0200
 Execution terminated because of runtime error
 Critical =                        NaN  > 0.001 !
 -------------- FATAL CALLED ---------------
  Fatal in file: mod_clm_urban.F90 at line:     2712
 clm now stopping
 -------------------------------------------
 Abort called by computing node           466 at 2026-07-22 00:27:32.584 +0200
 Execution terminated because of runtime error
 Abort called by computing node            71 at 2026-07-22 00:27:32.579 +0200
 Execution terminated because of runtime error
 Critical =                        NaN  > 0.001 !
 -------------- FATAL CALLED ---------------
  Fatal in file: mod_clm_urban.F90 at line:     2712
 clm now stopping
 -------------------------------------------
 Abort called by computing node           162 at 2026-07-22 00:27:32.582 +0200
 Execution terminated because of runtime error
  Fatal in file: mod_clm_urban.F90 at line:     2712
 clm now stopping
 -------------------------------------------
 Abort called by computing node           727 at 2026-07-22 00:27:32.583 +0200
 Execution terminated because of runtime error
 Critical =                        NaN  > 0.001 !
 -------------- FATAL CALLED ---------------
 Critical =                        NaN  > 0.001 !
 -------------- FATAL CALLED ---------------
  Fatal in file: mod_clm_urban.F90 at line:     2712
 clm now stopping
 -------------------------------------------
 Abort called by computing node          1011 at 2026-07-22 00:27:32.584 +0200
 Execution terminated because of runtime error
 Critical =                        NaN  > 0.001 !
 -------------- FATAL CALLED ---------------
  Fatal in file: mod_clm_urban.F90 at line:     2712
 clm now stopping
 -------------------------------------------
  Fatal in file: mod_clm_urban.F90 at line:     2712
 clm now stopping
 -------------------------------------------
 Abort called by computing node           986 at 2026-07-22 00:27:32.586 +0200
 Execution terminated because of runtime error
  Fatal in file: mod_clm_urban.F90 at line:     2712
 clm now stopping
 -------------------------------------------
 Abort called by computing node           634 at 2026-07-22 00:27:32.585 +0200
 Execution terminated because of runtime error
 Critical =                        NaN  > 0.001 !
 -------------- FATAL CALLED ---------------
  Fatal in file: mod_clm_urban.F90 at line:     2712
 clm now stopping
 -------------------------------------------
 Abort called by computing node           525 at 2026-07-22 00:27:32.583 +0200
 Execution terminated because of runtime error
 Critical =                        NaN  > 0.001 !
 -------------- FATAL CALLED ---------------
 Critical =                        NaN  > 0.001 !
 -------------- FATAL CALLED ---------------
  Fatal in file: mod_clm_urban.F90 at line:     2712
 clm now stopping
 -------------------------------------------
 Abort called by computing node          1112 at 2026-07-22 00:27:32.588 +0200
 Execution terminated because of runtime error
 Critical =                        NaN  > 0.001 !
 -------------- FATAL CALLED ---------------
  Fatal in file: mod_clm_urban.F90 at line:     2712
 clm now stopping
 -------------------------------------------
 Abort called by computing node           467 at 2026-07-22 00:27:32.584 +0200
 Execution terminated because of runtime error
 urban net longwave radiation error: no convergence
 Critical =                        NaN  > 0.001 !
 -------------- FATAL CALLED ---------------
  Fatal in file: mod_clm_urban.F90 at line:     2712
 clm now stopping
 -------------------------------------------
 Abort called by computing node           164 at 2026-07-22 00:27:32.582 +0200
 Execution terminated because of runtime error
 Critical =                        NaN  > 0.001 !
 -------------- FATAL CALLED ---------------
  Fatal in file: mod_clm_urban.F90 at line:     2712
 clm now stopping
 -------------------------------------------
 Abort called by computing node           728 at 2026-07-22 00:27:32.583 +0200
 Execution terminated because of runtime error
 Critical =                        NaN  > 0.001 !
 -------------- FATAL CALLED ---------------
  Fatal in file: mod_clm_urban.F90 at line:     2712
 clm now stopping
 -------------------------------------------
 Abort called by computing node          1014 at 2026-07-22 00:27:32.583 +0200
 Execution terminated because of runtime error
 Critical =                        NaN  > 0.001 !
 -------------- FATAL CALLED ---------------
  Fatal in file: mod_clm_urban.F90 at line:     2712
 clm now stopping
 -------------------------------------------
 Abort called by computing node           885 at 2026-07-22 00:27:32.583 +0200
 Execution terminated because of runtime error
 Abort called by computing node           987 at 2026-07-22 00:27:32.586 +0200
 Execution terminated because of runtime error
 Critical =                        NaN  > 0.001 !
 -------------- FATAL CALLED ---------------
  Fatal in file: mod_clm_urban.F90 at line:     2712
 clm now stopping
 -------------------------------------------
 Abort called by computing node           640 at 2026-07-22 00:27:32.585 +0200
 Execution terminated because of runtime error
 Critical =                        NaN  > 0.001 !
 -------------- FATAL CALLED ---------------
  Fatal in file: mod_clm_urban.F90 at line:     2712
 clm now stopping
 -------------------------------------------
 Abort called by computing node           526 at 2026-07-22 00:27:32.583 +0200
 Execution terminated because of runtime error
 Critical =                        NaN  > 0.001 !
 -------------- FATAL CALLED ---------------
  Fatal in file: mod_clm_urban.F90 at line:     2712
 clm now stopping
 -------------------------------------------
 Abort called by computing node          1113 at 2026-07-22 00:27:32.588 +0200
 Execution terminated because of runtime error
 Critical =                        NaN  > 0.001 !
 -------------- FATAL CALLED ---------------
  Fatal in file: mod_clm_urban.F90 at line:     2712
 clm now stopping
 -------------------------------------------
 Abort called by computing node           468 at 2026-07-22 00:27:32.584 +0200
 Execution terminated because of runtime error
 urban net longwave radiation error: no convergence
 Critical =                        NaN  > 0.001 !
 -------------- FATAL CALLED ---------------
  Fatal in file: mod_clm_urban.F90 at line:     2712
 clm now stopping
 -------------------------------------------
 Abort called by computing node           165 at 2026-07-22 00:27:32.582 +0200
 Execution terminated because of runtime error
  Fatal in file: mod_clm_urban.F90 at line:     2712
 clm now stopping
 -------------------------------------------
 Abort called by computing node           729 at 2026-07-22 00:27:32.583 +0200
 Execution terminated because of runtime error
 Critical =                        NaN  > 0.001 !
 -------------- FATAL CALLED ---------------
  Fatal in file: mod_clm_urban.F90 at line:     2712
 clm now stopping
 -------------------------------------------
 Abort called by computing node          1017 at 2026-07-22 00:27:32.584 +0200
 Execution terminated because of runtime error
 Critical =                        NaN  > 0.001 !
 -------------- FATAL CALLED ---------------
  Fatal in file: mod_clm_urban.F90 at line:     2712
 clm now stopping
 -------------------------------------------
 Abort called by computing node           889 at 2026-07-22 00:27:32.584 +0200
 Execution terminated because of runtime error
 Critical =                        NaN  > 0.001 !
 -------------- FATAL CALLED ---------------
  Fatal in file: mod_clm_urban.F90 at line:     2712
 clm now stopping
 -------------------------------------------
 Abort called by computing node           988 at 2026-07-22 00:27:32.586 +0200
 Execution terminated because of runtime error
 Critical =                        NaN  > 0.001 !
 -------------- FATAL CALLED ---------------
  Fatal in file: mod_clm_urban.F90 at line:     2712
 clm now stopping
 -------------------------------------------
 Abort called by computing node           647 at 2026-07-22 00:27:32.585 +0200
 Execution terminated because of runtime error
 Critical =                        NaN  > 0.001 !
 -------------- FATAL CALLED ---------------
  Fatal in file: mod_clm_urban.F90 at line:     2712
 clm now stopping
 -------------------------------------------
 Abort called by computing node           527 at 2026-07-22 00:27:32.582 +0200
 Execution terminated because of runtime error
 Critical =                        NaN  > 0.001 !
 -------------- FATAL CALLED ---------------
  Fatal in file: mod_clm_urban.F90 at line:     2712
 clm now stopping
 -------------------------------------------
 Abort called by computing node          1114 at 2026-07-22 00:27:32.588 +0200
 Execution terminated because of runtime error
 Critical =                        NaN  > 0.001 !
 -------------- FATAL CALLED ---------------
  Fatal in file: mod_clm_urban.F90 at line:     2712
 clm now stopping
 -------------------------------------------
 Abort called by computing node           469 at 2026-07-22 00:27:32.584 +0200
 Execution terminated because of runtime error
  Fatal in file: mod_clm_urban.F90 at line:     2712
 clm now stopping
 -------------------------------------------
 Abort called by computing node            15 at 2026-07-22 00:27:32.579 +0200
 Execution terminated because of runtime error
 Critical =                        NaN  > 0.001 !
 -------------- FATAL CALLED ---------------
  Fatal in file: mod_clm_urban.F90 at line:     2712
 clm now stopping
 -------------------------------------------
 Abort called by computing node           167 at 2026-07-22 00:27:32.582 +0200
 Execution terminated because of runtime error
  Fatal in file: mod_clm_urban.F90 at line:     2712
 clm now stopping
 -------------------------------------------
 Abort called by computing node           730 at 2026-07-22 00:27:32.583 +0200
 Execution terminated because of runtime error
 Critical =                        NaN  > 0.001 !
 -------------- FATAL CALLED ---------------
  Fatal in file: mod_clm_urban.F90 at line:     2712
 clm now stopping
 -------------------------------------------
 Abort called by computing node           370 at 2026-07-22 00:27:32.583 +0200
 Execution terminated because of runtime error
 Critical =                        NaN  > 0.001 !
 -------------- FATAL CALLED ---------------
  Fatal in file: mod_clm_urban.F90 at line:     2712
 clm now stopping
 -------------------------------------------
 Abort called by computing node          1018 at 2026-07-22 00:27:32.584 +0200
 Execution terminated because of runtime error
 Critical =                        NaN  > 0.001 !
 -------------- FATAL CALLED ---------------
  Fatal in file: mod_clm_urban.F90 at line:     2712
 clm now stopping
 -------------------------------------------
 Abort called by computing node           890 at 2026-07-22 00:27:32.583 +0200
 Execution terminated because of runtime error
 Critical =                        NaN  > 0.001 !
 -------------- FATAL CALLED ---------------
  Fatal in file: mod_clm_urban.F90 at line:     2712
 clm now stopping
 -------------------------------------------
 Abort called by computing node           989 at 2026-07-22 00:27:32.587 +0200
 Execution terminated because of runtime error
 Critical =                        NaN  > 0.001 !
 -------------- FATAL CALLED ---------------
  Fatal in file: mod_clm_urban.F90 at line:     2712
 clm now stopping
 -------------------------------------------
 Abort called by computing node           649 at 2026-07-22 00:27:32.585 +0200
 Execution terminated because of runtime error
 Critical =                        NaN  > 0.001 !
 -------------- FATAL CALLED ---------------
  Fatal in file: mod_clm_urban.F90 at line:     2712
 clm now stopping
 -------------------------------------------
 Abort called by computing node           529 at 2026-07-22 00:27:32.582 +0200
 Execution terminated because of runtime error
 Critical =                        NaN  > 0.001 !
 -------------- FATAL CALLED ---------------
  Fatal in file: mod_clm_urban.F90 at line:     2712
 clm now stopping
 -------------------------------------------
 Abort called by computing node          1115 at 2026-07-22 00:27:32.588 +0200
 Execution terminated because of runtime error
 Critical =                        NaN  > 0.001 !
 -------------- FATAL CALLED ---------------
  Fatal in file: mod_clm_urban.F90 at line:     2712
 clm now stopping
 -------------------------------------------
 Abort called by computing node           472 at 2026-07-22 00:27:32.584 +0200
 Execution terminated because of runtime error
 urban net longwave radiation error: no convergence
 Critical =                        NaN  > 0.001 !
 -------------- FATAL CALLED ---------------
  Fatal in file: mod_clm_urban.F90 at line:     2712
 clm now stopping
 -------------------------------------------
 Abort called by computing node           168 at 2026-07-22 00:27:32.582 +0200
 Execution terminated because of runtime error
  Fatal in file: mod_clm_urban.F90 at line:     2712
 clm now stopping
 -------------------------------------------
 Abort called by computing node           731 at 2026-07-22 00:27:32.583 +0200
 Execution terminated because of runtime error
 Critical =                        NaN  > 0.001 !
 -------------- FATAL CALLED ---------------
 Critical =                        NaN  > 0.001 !
 -------------- FATAL CALLED ---------------
  Fatal in file: mod_clm_urban.F90 at line:     2712
 clm now stopping
 -------------------------------------------
  Fatal in file: mod_clm_urban.F90 at line:     2712
 clm now stopping
 -------------------------------------------
 Abort called by computing node           800 at 2026-07-22 00:27:32.584 +0200
 Execution terminated because of runtime error
 Critical =                        NaN  > 0.001 !
 -------------- FATAL CALLED ---------------
  Fatal in file: mod_clm_urban.F90 at line:     2712
 clm now stopping
 -------------------------------------------
 Abort called by computing node           990 at 2026-07-22 00:27:32.587 +0200
 Execution terminated because of runtime error
 Critical =                        NaN  > 0.001 !
 -------------- FATAL CALLED ---------------
  Fatal in file: mod_clm_urban.F90 at line:     2712
 clm now stopping
 -------------------------------------------
 Abort called by computing node           650 at 2026-07-22 00:27:32.585 +0200
 Execution terminated because of runtime error
  Fatal in file: mod_clm_urban.F90 at line:     2712
 clm now stopping
 -------------------------------------------
 Abort called by computing node           530 at 2026-07-22 00:27:32.582 +0200
 Execution terminated because of runtime error
 Critical =                        NaN  > 0.001 !
 -------------- FATAL CALLED ---------------
  Fatal in file: mod_clm_urban.F90 at line:     2712
 clm now stopping
 -------------------------------------------
 Abort called by computing node          1116 at 2026-07-22 00:27:32.588 +0200
 Execution terminated because of runtime error
 Critical =                        NaN  > 0.001 !
 -------------- FATAL CALLED ---------------
  Fatal in file: mod_clm_urban.F90 at line:     2712
 clm now stopping
 -------------------------------------------
 Abort called by computing node           474 at 2026-07-22 00:27:32.584 +0200
 Execution terminated because of runtime error
 urban net longwave radiation error: no convergence
 Critical =                        NaN  > 0.001 !
 -------------- FATAL CALLED ---------------
  Fatal in file: mod_clm_urban.F90 at line:     2712
 clm now stopping
 -------------------------------------------
 Abort called by computing node           171 at 2026-07-22 00:27:32.582 +0200
 Execution terminated because of runtime error
  Fatal in file: mod_clm_urban.F90 at line:     2712
 clm now stopping
 -------------------------------------------
 Abort called by computing node           732 at 2026-07-22 00:27:32.583 +0200
 Execution terminated because of runtime error
 Critical =                        NaN  > 0.001 !
 -------------- FATAL CALLED ---------------
 Critical =                        NaN  > 0.001 !
 -------------- FATAL CALLED ---------------
  Fatal in file: mod_clm_urban.F90 at line:     2712
 clm now stopping
 -------------------------------------------
 Abort called by computing node          1025 at 2026-07-22 00:27:32.584 +0200
 Execution terminated because of runtime error
 Critical =                        NaN  > 0.001 !
 -------------- FATAL CALLED ---------------
  Fatal in file: mod_clm_urban.F90 at line:     2712
 clm now stopping
 -------------------------------------------
 Abort called by computing node           802 at 2026-07-22 00:27:32.584 +0200
 Execution terminated because of runtime error
 Critical =                        NaN  > 0.001 !
 -------------- FATAL CALLED ---------------
  Fatal in file: mod_clm_urban.F90 at line:     2712
 clm now stopping
 -------------------------------------------
 Abort called by computing node           993 at 2026-07-22 00:27:32.586 +0200
 Execution terminated because of runtime error
 Critical =                        NaN  > 0.001 !
 -------------- FATAL CALLED ---------------
  Fatal in file: mod_clm_urban.F90 at line:     2712
 clm now stopping
 -------------------------------------------
 Abort called by computing node           653 at 2026-07-22 00:27:32.585 +0200
 Execution terminated because of runtime error
 Critical =                        NaN  > 0.001 !
 -------------- FATAL CALLED ---------------
  Fatal in file: mod_clm_urban.F90 at line:     2712
 clm now stopping
 -------------------------------------------
 Abort called by computing node           533 at 2026-07-22 00:27:32.583 +0200
 Execution terminated because of runtime error
 Critical =                        NaN  > 0.001 !
 -------------- FATAL CALLED ---------------
  Fatal in file: mod_clm_urban.F90 at line:     2712
 clm now stopping
 -------------------------------------------
 Abort called by computing node          1117 at 2026-07-22 00:27:32.588 +0200
 Execution terminated because of runtime error
 Critical =                        NaN  > 0.001 !
 -------------- FATAL CALLED ---------------
  Fatal in file: mod_clm_urban.F90 at line:     2712
 clm now stopping
 -------------------------------------------
 Abort called by computing node           475 at 2026-07-22 00:27:32.584 +0200
 Execution terminated because of runtime error
 urban net longwave radiation error: no convergence
  Fatal in file: mod_clm_urban.F90 at line:     2712
 clm now stopping
 -------------------------------------------
 Abort called by computing node           173 at 2026-07-22 00:27:32.582 +0200
 Execution terminated because of runtime error
 Critical =                        NaN  > 0.001 !
 -------------- FATAL CALLED ---------------
  Fatal in file: mod_clm_urban.F90 at line:     2712
 clm now stopping
 -------------------------------------------
 Abort called by computing node           733 at 2026-07-22 00:27:32.582 +0200
 Execution terminated because of runtime error
 Critical =                        NaN  > 0.001 !
 -------------- FATAL CALLED ---------------
 Critical =                        NaN  > 0.001 !
 -------------- FATAL CALLED ---------------
  Fatal in file: mod_clm_urban.F90 at line:     2712
 clm now stopping
 -------------------------------------------
 Abort called by computing node          1026 at 2026-07-22 00:27:32.584 +0200
 Execution terminated because of runtime error
  Fatal in file: mod_clm_urban.F90 at line:     2712
 clm now stopping
 -------------------------------------------
 Abort called by computing node           804 at 2026-07-22 00:27:32.584 +0200
 Execution terminated because of runtime error
  Fatal in file: mod_clm_urban.F90 at line:     2712
 clm now stopping
 -------------------------------------------
 Abort called by computing node           997 at 2026-07-22 00:27:32.586 +0200
 Execution terminated because of runtime error
 Critical =                        NaN  > 0.001 !
 -------------- FATAL CALLED ---------------
  Fatal in file: mod_clm_urban.F90 at line:     2712
 clm now stopping
 -------------------------------------------
 Abort called by computing node           656 at 2026-07-22 00:27:32.585 +0200
 Execution terminated because of runtime error
 Critical =                        NaN  > 0.001 !
 -------------- FATAL CALLED ---------------
  Fatal in file: mod_clm_urban.F90 at line:     2712
 clm now stopping
 -------------------------------------------
 Abort called by computing node           534 at 2026-07-22 00:27:32.583 +0200
 Execution terminated because of runtime error
 Critical =                        NaN  > 0.001 !
 -------------- FATAL CALLED ---------------
 Critical =                        NaN  > 0.001 !
 -------------- FATAL CALLED ---------------
  Fatal in file: mod_clm_urban.F90 at line:     2712
 clm now stopping
 -------------------------------------------
 Abort called by computing node          1119 at 2026-07-22 00:27:32.588 +0200
 Execution terminated because of runtime error
 Critical =                        NaN  > 0.001 !
 -------------- FATAL CALLED ---------------
  Fatal in file: mod_clm_urban.F90 at line:     2712
 clm now stopping
 -------------------------------------------
 Abort called by computing node           476 at 2026-07-22 00:27:32.584 +0200
 Execution terminated because of runtime error
 Critical =                        NaN  > 0.001 !
 -------------- FATAL CALLED ---------------
 Critical =                        NaN  > 0.001 !
 -------------- FATAL CALLED ---------------
  Fatal in file: mod_clm_urban.F90 at line:     2712
 clm now stopping
 -------------------------------------------
 Abort called by computing node           176 at 2026-07-22 00:27:32.582 +0200
 Execution terminated because of runtime error
  Fatal in file: mod_clm_urban.F90 at line:     2712
 clm now stopping
 -------------------------------------------
 Abort called by computing node           734 at 2026-07-22 00:27:32.583 +0200
 Execution terminated because of runtime error
 Critical =                        NaN  > 0.001 !
 -------------- FATAL CALLED ---------------
 Critical =                        NaN  > 0.001 !
 -------------- FATAL CALLED ---------------
  Fatal in file: mod_clm_urban.F90 at line:     2712
 clm now stopping
 -------------------------------------------
 Abort called by computing node          1027 at 2026-07-22 00:27:32.584 +0200
 Execution terminated because of runtime error
 Critical =                        NaN  > 0.001 !
 -------------- FATAL CALLED ---------------
  Fatal in file: mod_clm_urban.F90 at line:     2712
 clm now stopping
 -------------------------------------------
 Abort called by computing node           805 at 2026-07-22 00:27:32.584 +0200
 Execution terminated because of runtime error
 Critical =                        NaN  > 0.001 !
 -------------- FATAL CALLED ---------------
  Fatal in file: mod_clm_urban.F90 at line:     2712
 clm now stopping
 -------------------------------------------
 Abort called by computing node           901 at 2026-07-22 00:27:32.587 +0200
 Execution terminated because of runtime error
 Critical =                        NaN  > 0.001 !
 -------------- FATAL CALLED ---------------
  Fatal in file: mod_clm_urban.F90 at line:     2712
 clm now stopping
 -------------------------------------------
 Abort called by computing node           657 at 2026-07-22 00:27:32.585 +0200
 Execution terminated because of runtime error
 Critical =                        NaN  > 0.001 !
 -------------- FATAL CALLED ---------------
  Fatal in file: mod_clm_urban.F90 at line:     2712
 clm now stopping
 -------------------------------------------
 Abort called by computing node           536 at 2026-07-22 00:27:32.583 +0200
 Execution terminated because of runtime error
 Critical =                        NaN  > 0.001 !
 -------------- FATAL CALLED ---------------
 Critical =                        NaN  > 0.001 !
 -------------- FATAL CALLED ---------------
  Fatal in file: mod_clm_urban.F90 at line:     2712
 clm now stopping
 -------------------------------------------
 Abort called by computing node          1120 at 2026-07-22 00:27:32.588 +0200
 Execution terminated because of runtime error
 Critical =                        NaN  > 0.001 !
 -------------- FATAL CALLED ---------------
  Fatal in file: mod_clm_urban.F90 at line:     2712
 clm now stopping
 -------------------------------------------
 Abort called by computing node           481 at 2026-07-22 00:27:32.584 +0200
 Execution terminated because of runtime error
 Critical =                        NaN  > 0.001 !
 Critical =                        NaN  > 0.001 !
 -------------- FATAL CALLED ---------------
  Fatal in file: mod_clm_urban.F90 at line:     2712
 clm now stopping
 -------------------------------------------
 Abort called by computing node           179 at 2026-07-22 00:27:32.582 +0200
 Execution terminated because of runtime error
  Fatal in file: mod_clm_urban.F90 at line:     2712
 clm now stopping
 -------------------------------------------
 Abort called by computing node           735 at 2026-07-22 00:27:32.582 +0200
 Execution terminated because of runtime error
 Critical =                        NaN  > 0.001 !
 -------------- FATAL CALLED ---------------
  Fatal in file: mod_clm_urban.F90 at line:     2712
 clm now stopping
 -------------------------------------------
 Abort called by computing node          1028 at 2026-07-22 00:27:32.584 +0200
 Execution terminated because of runtime error
 Critical =                        NaN  > 0.001 !
 -------------- FATAL CALLED ---------------
 Critical =                        NaN  > 0.001 !
 -------------- FATAL CALLED ---------------
  Fatal in file: mod_clm_urban.F90 at line:     2712
 clm now stopping
 -------------------------------------------
  Fatal in file: mod_clm_urban.F90 at line:     2712
 clm now stopping
 -------------------------------------------
 Abort called by computing node           812 at 2026-07-22 00:27:32.584 +0200
 Execution terminated because of runtime error
 Critical =                        NaN  > 0.001 !
 -------------- FATAL CALLED ---------------
  Fatal in file: mod_clm_urban.F90 at line:     2712
 clm now stopping
 -------------------------------------------
 Abort called by computing node          1032 at 2026-07-22 00:27:32.584 +0200
 Execution terminated because of runtime error
  Fatal in file: mod_clm_urban.F90 at line:     2712
 clm now stopping
 -------------------------------------------
 Abort called by computing node           813 at 2026-07-22 00:27:32.583 +0200
 Execution terminated because of runtime error
 Critical =                        NaN  > 0.001 !
 -------------- FATAL CALLED ---------------
  Fatal in file: mod_clm_urban.F90 at line:     2712
 clm now stopping
 -------------------------------------------
  Fatal in file: mod_clm_urban.F90 at line:     2712
 clm now stopping
 -------------------------------------------
 Abort called by computing node           814 at 2026-07-22 00:27:32.583 +0200
 Execution terminated because of runtime error
 Critical =                        NaN  > 0.001 !
 -------------- FATAL CALLED ---------------
  Fatal in file: mod_clm_urban.F90 at line:     2712
 clm now stopping
 -------------------------------------------
 Abort called by computing node          1040 at 2026-07-22 00:27:32.584 +0200
 Execution terminated because of runtime error
  Fatal in file: mod_clm_urban.F90 at line:     2712
 clm now stopping
 -------------------------------------------
 Abort called by computing node           817 at 2026-07-22 00:27:32.584 +0200
 Execution terminated because of runtime error
  Fatal in file: mod_clm_urban.F90 at line:     2712
 clm now stopping
 -------------------------------------------
 Abort called by computing node          1043 at 2026-07-22 00:27:32.584 +0200
 Execution terminated because of runtime error
 Critical =                        NaN  > 0.001 !
 -------------- FATAL CALLED ---------------
  Fatal in file: mod_clm_urban.F90 at line:     2712
 clm now stopping
 -------------------------------------------
 Abort called by computing node           818 at 2026-07-22 00:27:32.583 +0200
 Execution terminated because of runtime error
 Critical =                        NaN  > 0.001 !
 -------------- FATAL CALLED ---------------
  Fatal in file: mod_clm_urban.F90 at line:     2712
 clm now stopping
 -------------------------------------------
 Abort called by computing node          1045 at 2026-07-22 00:27:32.584 +0200
 Execution terminated because of runtime error
 Critical =                        NaN  > 0.001 !
 -------------- FATAL CALLED ---------------
  Fatal in file: mod_clm_urban.F90 at line:     2712
 clm now stopping
 -------------------------------------------
 Abort called by computing node           824 at 2026-07-22 00:27:32.583 +0200
 Execution terminated because of runtime error
 Critical =                        NaN  > 0.001 !
 -------------- FATAL CALLED ---------------
  Fatal in file: mod_clm_urban.F90 at line:     2712
 clm now stopping
 -------------------------------------------
 Abort called by computing node          1048 at 2026-07-22 00:27:32.584 +0200
 Execution terminated because of runtime error
  Fatal in file: mod_clm_urban.F90 at line:     2712
 clm now stopping
 -------------------------------------------
 Abort called by computing node           826 at 2026-07-22 00:27:32.583 +0200
 Execution terminated because of runtime error
  Fatal in file: mod_clm_urban.F90 at line:     2712
 clm now stopping
 -------------------------------------------
 Abort called by computing node          1058 at 2026-07-22 00:27:32.584 +0200
 Execution terminated because of runtime error
  Fatal in file: mod_clm_urban.F90 at line:     2712
 clm now stopping
 -------------------------------------------
 Abort called by computing node           828 at 2026-07-22 00:27:32.584 +0200
 Execution terminated because of runtime error
  Fatal in file: mod_clm_urban.F90 at line:     2712
 clm now stopping
 -------------------------------------------
 Abort called by computing node          1059 at 2026-07-22 00:27:32.584 +0200
 Execution terminated because of runtime error
  Fatal in file: mod_clm_urban.F90 at line:     2712
 clm now stopping
 -------------------------------------------
 Abort called by computing node           829 at 2026-07-22 00:27:32.584 +0200
 Execution terminated because of runtime error
 Critical =                        NaN  > 0.001 !
 -------------- FATAL CALLED ---------------
  Fatal in file: mod_clm_urban.F90 at line:     2712
 clm now stopping
 -------------------------------------------
 Abort called by computing node          1060 at 2026-07-22 00:27:32.584 +0200
 Execution terminated because of runtime error
  Fatal in file: mod_clm_urban.F90 at line:     2712
 clm now stopping
 -------------------------------------------
 Abort called by computing node           831 at 2026-07-22 00:27:32.584 +0200
 Execution terminated because of runtime error
 Critical =                        NaN  > 0.001 !
 -------------- FATAL CALLED ---------------
  Fatal in file: mod_clm_urban.F90 at line:     2712
 clm now stopping
 -------------------------------------------
 Abort called by computing node          1062 at 2026-07-22 00:27:32.584 +0200
 Execution terminated because of runtime error
 Critical =                        NaN  > 0.001 !
 -------------- FATAL CALLED ---------------
  Fatal in file: mod_clm_urban.F90 at line:     2712
 clm now stopping
 -------------------------------------------
 Abort called by computing node           833 at 2026-07-22 00:27:32.584 +0200
 Execution terminated because of runtime error
  Fatal in file: mod_clm_urban.F90 at line:     2712
 clm now stopping
 -------------------------------------------
 Abort called by computing node          1063 at 2026-07-22 00:27:32.584 +0200
 Execution terminated because of runtime error
  Fatal in file: mod_clm_urban.F90 at line:     2712
 clm now stopping
 -------------------------------------------
 Abort called by computing node           836 at 2026-07-22 00:27:32.584 +0200
 Execution terminated because of runtime error
  Fatal in file: mod_clm_urban.F90 at line:     2712
 clm now stopping
 -------------------------------------------
 Abort called by computing node          1064 at 2026-07-22 00:27:32.584 +0200
 Execution terminated because of runtime error
  Fatal in file: mod_clm_urban.F90 at line:     2712
 clm now stopping
 -------------------------------------------
 Abort called by computing node           837 at 2026-07-22 00:27:32.584 +0200
 Execution terminated because of runtime error
  Fatal in file: mod_clm_urban.F90 at line:     2712
 clm now stopping
 -------------------------------------------
 Abort called by computing node          1065 at 2026-07-22 00:27:32.583 +0200
 Execution terminated because of runtime error
  Fatal in file: mod_clm_urban.F90 at line:     2712
 clm now stopping
 -------------------------------------------
 Abort called by computing node           838 at 2026-07-22 00:27:32.583 +0200
 Execution terminated because of runtime error
 Critical =                        NaN  > 0.001 !
 -------------- FATAL CALLED ---------------
  Fatal in file: mod_clm_urban.F90 at line:     2712
 clm now stopping
 -------------------------------------------
 Abort called by computing node          1073 at 2026-07-22 00:27:32.584 +0200
 Execution terminated because of runtime error
 Critical =                        NaN  > 0.001 !
 -------------- FATAL CALLED ---------------
  Fatal in file: mod_clm_urban.F90 at line:     2712
 clm now stopping
 -------------------------------------------
 Abort called by computing node           839 at 2026-07-22 00:27:32.583 +0200
 Execution terminated because of runtime error
 Critical =                        NaN  > 0.001 !
 -------------- FATAL CALLED ---------------
  Fatal in file: mod_clm_urban.F90 at line:     2712
 clm now stopping
 -------------------------------------------
 Abort called by computing node          1075 at 2026-07-22 00:27:32.584 +0200
 Execution terminated because of runtime error
  Fatal in file: mod_clm_urban.F90 at line:     2712
 clm now stopping
 -------------------------------------------
 Abort called by computing node           846 at 2026-07-22 00:27:32.584 +0200
 Execution terminated because of runtime error
 Critical =                        NaN  > 0.001 !
 -------------- FATAL CALLED ---------------
  Fatal in file: mod_clm_urban.F90 at line:     2712
 clm now stopping
 -------------------------------------------
 Abort called by computing node          1077 at 2026-07-22 00:27:32.584 +0200
 Execution terminated because of runtime error
  Fatal in file: mod_clm_urban.F90 at line:     2712
 clm now stopping
 -------------------------------------------
 Abort called by computing node           848 at 2026-07-22 00:27:32.584 +0200
 Execution terminated because of runtime error
 Critical =                        NaN  > 0.001 !
 -------------- FATAL CALLED ---------------
  Fatal in file: mod_clm_urban.F90 at line:     2712
 clm now stopping
 -------------------------------------------
 Abort called by computing node          1078 at 2026-07-22 00:27:32.584 +0200
 Execution terminated because of runtime error
  Fatal in file: mod_clm_urban.F90 at line:     2712
 clm now stopping
 -------------------------------------------
 Abort called by computing node           849 at 2026-07-22 00:27:32.584 +0200
 Execution terminated because of runtime error
 Critical =                        NaN  > 0.001 !
 -------------- FATAL CALLED ---------------
  Fatal in file: mod_clm_urban.F90 at line:     2712
 clm now stopping
 -------------------------------------------
 Abort called by computing node          1079 at 2026-07-22 00:27:32.584 +0200
 Execution terminated because of runtime error
  Fatal in file: mod_clm_urban.F90 at line:     2712
 clm now stopping
 -------------------------------------------
 Abort called by computing node           850 at 2026-07-22 00:27:32.583 +0200
 Execution terminated because of runtime error
  Fatal in file: mod_clm_urban.F90 at line:     2712
 clm now stopping
 -------------------------------------------
 Abort called by computing node          1081 at 2026-07-22 00:27:32.584 +0200
 Execution terminated because of runtime error
  Fatal in file: mod_clm_urban.F90 at line:     2712
 clm now stopping
 -------------------------------------------
 Abort called by computing node           851 at 2026-07-22 00:27:32.584 +0200
 Execution terminated because of runtime error
 Critical =                        NaN  > 0.001 !
 -------------- FATAL CALLED ---------------
  Fatal in file: mod_clm_urban.F90 at line:     2712
 clm now stopping
 -------------------------------------------
 Abort called by computing node          1082 at 2026-07-22 00:27:32.584 +0200
 Execution terminated because of runtime error
 Critical =                        NaN  > 0.001 !
 -------------- FATAL CALLED ---------------
  Fatal in file: mod_clm_urban.F90 at line:     2712
 clm now stopping
 -------------------------------------------
 Abort called by computing node           852 at 2026-07-22 00:27:32.584 +0200
 Execution terminated because of runtime error
  Fatal in file: mod_clm_urban.F90 at line:     2712
 clm now stopping
 -------------------------------------------
 Abort called by computing node          1087 at 2026-07-22 00:27:32.584 +0200
 Execution terminated because of runtime error
 Abort called by computing node           854 at 2026-07-22 00:27:32.583 +0200
 Execution terminated because of runtime error
  Fatal in file: mod_clm_urban.F90 at line:     2712
 clm now stopping
 -------------------------------------------
 Abort called by computing node          1094 at 2026-07-22 00:27:32.583 +0200
 Execution terminated because of runtime error
  Fatal in file: mod_clm_urban.F90 at line:     2712
 clm now stopping
 -------------------------------------------
 Abort called by computing node           856 at 2026-07-22 00:27:32.583 +0200
 Execution terminated because of runtime error
 Critical =                        NaN  > 0.001 !
 -------------- FATAL CALLED ---------------
  Fatal in file: mod_clm_urban.F90 at line:     2712
 clm now stopping
 -------------------------------------------
 Abort called by computing node          1002 at 2026-07-22 00:27:32.584 +0200
 Execution terminated because of runtime error
  Fatal in file: mod_clm_urban.F90 at line:     2712
 clm now stopping
 -------------------------------------------
 Abort called by computing node           857 at 2026-07-22 00:27:32.583 +0200
 Execution terminated because of runtime error
  Fatal in file: mod_clm_urban.F90 at line:     2712
 clm now stopping
 -------------------------------------------
 Abort called by computing node          1003 at 2026-07-22 00:27:32.584 +0200
 Execution terminated because of runtime error
  Fatal in file: mod_clm_urban.F90 at line:     2712
 clm now stopping
 -------------------------------------------
 Abort called by computing node           865 at 2026-07-22 00:27:32.584 +0200
 Execution terminated because of runtime error
  Fatal in file: mod_clm_urban.F90 at line:     2712
 clm now stopping
 -------------------------------------------
 Abort called by computing node          1005 at 2026-07-22 00:27:32.584 +0200
 Execution terminated because of runtime error
  Fatal in file: mod_clm_urban.F90 at line:     2712
 clm now stopping
 -------------------------------------------
 Abort called by computing node           868 at 2026-07-22 00:27:32.584 +0200
 Execution terminated because of runtime error
 Critical =                        NaN  > 0.001 !
 -------------- FATAL CALLED ---------------
  Fatal in file: mod_clm_urban.F90 at line:     2712
 clm now stopping
 -------------------------------------------
 Abort called by computing node          1006 at 2026-07-22 00:27:32.584 +0200
 Execution terminated because of runtime error
 Critical =                        NaN  > 0.001 !
 -------------- FATAL CALLED ---------------
  Fatal in file: mod_clm_urban.F90 at line:     2712
 clm now stopping
 -------------------------------------------
 Abort called by computing node           871 at 2026-07-22 00:27:32.584 +0200
 Execution terminated because of runtime error
  Fatal in file: mod_clm_urban.F90 at line:     2712
 clm now stopping
 -------------------------------------------
 Abort called by computing node          1009 at 2026-07-22 00:27:32.584 +0200
 Execution terminated because of runtime error
  Fatal in file: mod_clm_urban.F90 at line:     2712
 clm now stopping
 -------------------------------------------
 Abort called by computing node           872 at 2026-07-22 00:27:32.583 +0200
 Execution terminated because of runtime error
 Critical =                        NaN  > 0.001 !
 -------------- FATAL CALLED ---------------
  Fatal in file: mod_clm_urban.F90 at line:     2712
 clm now stopping
 -------------------------------------------
 Abort called by computing node          1010 at 2026-07-22 00:27:32.584 +0200
 Execution terminated because of runtime error
 Critical =                        NaN  > 0.001 !
 -------------- FATAL CALLED ---------------
  Fatal in file: mod_clm_urban.F90 at line:     2712
 clm now stopping
 -------------------------------------------
 Abort called by computing node           873 at 2026-07-22 00:27:32.584 +0200
 Execution terminated because of runtime error
  Fatal in file: mod_clm_urban.F90 at line:     2712
 clm now stopping
 -------------------------------------------
 Abort called by computing node          1015 at 2026-07-22 00:27:32.584 +0200
 Execution terminated because of runtime error
  Fatal in file: mod_clm_urban.F90 at line:     2712
 clm now stopping
 -------------------------------------------
 Abort called by computing node           877 at 2026-07-22 00:27:32.584 +0200
 Execution terminated because of runtime error
  Fatal in file: mod_clm_urban.F90 at line:     2712
 clm now stopping
 -------------------------------------------
 Abort called by computing node          1020 at 2026-07-22 00:27:32.584 +0200
 Execution terminated because of runtime error
 Critical =                        NaN  > 0.001 !
 -------------- FATAL CALLED ---------------
  Fatal in file: mod_clm_urban.F90 at line:     2712
 clm now stopping
 -------------------------------------------
 Abort called by computing node           879 at 2026-07-22 00:27:32.584 +0200
 Execution terminated because of runtime error
 Abort called by computing node          1021 at 2026-07-22 00:27:32.584 +0200
 Execution terminated because of runtime error
 Abort called by computing node           882 at 2026-07-22 00:27:32.584 +0200
 Execution terminated because of runtime error
  Fatal in file: mod_clm_urban.F90 at line:     2712
 clm now stopping
 -------------------------------------------
 Abort called by computing node          1023 at 2026-07-22 00:27:32.584 +0200
 Execution terminated because of runtime error
  Fatal in file: mod_clm_urban.F90 at line:     2712
 clm now stopping
 -------------------------------------------
 Abort called by computing node           886 at 2026-07-22 00:27:32.584 +0200
 Execution terminated because of runtime error
 Critical =                        NaN  > 0.001 !
 -------------- FATAL CALLED ---------------
  Fatal in file: mod_clm_urban.F90 at line:     2712
 clm now stopping
 -------------------------------------------
 Abort called by computing node          1024 at 2026-07-22 00:27:32.584 +0200
 Execution terminated because of runtime error
  Fatal in file: mod_clm_urban.F90 at line:     2712
 clm now stopping
 -------------------------------------------
 Abort called by computing node           893 at 2026-07-22 00:27:32.584 +0200
 Execution terminated because of runtime error
 Abort called by computing node          1029 at 2026-07-22 00:27:32.584 +0200
 Execution terminated because of runtime error
  Fatal in file: mod_clm_urban.F90 at line:     2712
 clm now stopping
 -------------------------------------------
 Abort called by computing node           895 at 2026-07-22 00:27:32.584 +0200
 Execution terminated because of runtime error
 Critical =                        NaN  > 0.001 !
 -------------- FATAL CALLED ---------------
  Fatal in file: mod_clm_urban.F90 at line:     2712
 clm now stopping
 -------------------------------------------
 Abort called by computing node          1031 at 2026-07-22 00:27:32.584 +0200
 Execution terminated because of runtime error
  Fatal in file: mod_clm_urban.F90 at line:     2712
 clm now stopping
 -------------------------------------------
 Abort called by computing node           896 at 2026-07-22 00:27:32.583 +0200
 Execution terminated because of runtime error
  Fatal in file: mod_clm_urban.F90 at line:     2712
 clm now stopping
 -------------------------------------------
 Abort called by computing node          1035 at 2026-07-22 00:27:32.584 +0200
 Execution terminated because of runtime error
 Critical =                        NaN  > 0.001 !
 -------------- FATAL CALLED ---------------
  Fatal in file: mod_clm_urban.F90 at line:     2712
 clm now stopping
 -------------------------------------------
 Abort called by computing node           897 at 2026-07-22 00:27:32.583 +0200
 Execution terminated because of runtime error
 Critical =                        NaN  > 0.001 !
 -------------- FATAL CALLED ---------------
  Fatal in file: mod_clm_urban.F90 at line:     2712
 clm now stopping
 -------------------------------------------
 Abort called by computing node          1036 at 2026-07-22 00:27:32.584 +0200
 Execution terminated because of runtime error
 Critical =                        NaN  > 0.001 !
 -------------- FATAL CALLED ---------------
  Fatal in file: mod_clm_urban.F90 at line:     2712
 clm now stopping
 -------------------------------------------
 Abort called by computing node           898 at 2026-07-22 00:27:32.584 +0200
 Execution terminated because of runtime error
 Abort called by computing node          1037 at 2026-07-22 00:27:32.584 +0200
 Execution terminated because of runtime error
  Fatal in file: mod_clm_urban.F90 at line:     2712
 clm now stopping
 -------------------------------------------
 Abort called by computing node           801 at 2026-07-22 00:27:32.584 +0200
 Execution terminated because of runtime error
  Fatal in file: mod_clm_urban.F90 at line:     2712
 clm now stopping
 -------------------------------------------
 Abort called by computing node          1038 at 2026-07-22 00:27:32.584 +0200
 Execution terminated because of runtime error
  Fatal in file: mod_clm_urban.F90 at line:     2712
 clm now stopping
 -------------------------------------------
 Abort called by computing node           803 at 2026-07-22 00:27:32.584 +0200
 Execution terminated because of runtime error
  Fatal in file: mod_clm_urban.F90 at line:     2712
 clm now stopping
 -------------------------------------------
 Abort called by computing node          1039 at 2026-07-22 00:27:32.584 +0200
 Execution terminated because of runtime error
  Fatal in file: mod_clm_urban.F90 at line:     2712
 clm now stopping
 -------------------------------------------
 Abort called by computing node           806 at 2026-07-22 00:27:32.584 +0200
 Execution terminated because of runtime error
 Critical =                        NaN  > 0.001 !
 -------------- FATAL CALLED ---------------
  Fatal in file: mod_clm_urban.F90 at line:     2712
 clm now stopping
 -------------------------------------------
 Abort called by computing node          1042 at 2026-07-22 00:27:32.584 +0200
 Execution terminated because of runtime error
  Fatal in file: mod_clm_urban.F90 at line:     2712
 clm now stopping
 -------------------------------------------
 Abort called by computing node           807 at 2026-07-22 00:27:32.584 +0200
 Execution terminated because of runtime error
 Critical =                        NaN  > 0.001 !
 -------------- FATAL CALLED ---------------
  Fatal in file: mod_clm_urban.F90 at line:     2712
 clm now stopping
 -------------------------------------------
 Abort called by computing node          1044 at 2026-07-22 00:27:32.584 +0200
 Execution terminated because of runtime error
  Fatal in file: mod_clm_urban.F90 at line:     2712
 clm now stopping
 -------------------------------------------
 Abort called by computing node           808 at 2026-07-22 00:27:32.584 +0200
 Execution terminated because of runtime error
  Fatal in file: mod_clm_urban.F90 at line:     2712
 clm now stopping
 -------------------------------------------
 Abort called by computing node          1047 at 2026-07-22 00:27:32.584 +0200
 Execution terminated because of runtime error
  Fatal in file: mod_clm_urban.F90 at line:     2712
 clm now stopping
 -------------------------------------------
 Abort called by computing node           809 at 2026-07-22 00:27:32.584 +0200
 Execution terminated because of runtime error
 Critical =                        NaN  > 0.001 !
 -------------- FATAL CALLED ---------------
  Fatal in file: mod_clm_urban.F90 at line:     2712
 clm now stopping
 -------------------------------------------
 Abort called by computing node          1049 at 2026-07-22 00:27:32.584 +0200
 Execution terminated because of runtime error
  Fatal in file: mod_clm_urban.F90 at line:     2712
 clm now stopping
 -------------------------------------------
 Abort called by computing node           811 at 2026-07-22 00:27:32.584 +0200
 Execution terminated because of runtime error
  Fatal in file: mod_clm_urban.F90 at line:     2712
 clm now stopping
 -------------------------------------------
 Abort called by computing node          1050 at 2026-07-22 00:27:32.584 +0200
 Execution terminated because of runtime error
  Fatal in file: mod_clm_urban.F90 at line:     2712
 clm now stopping
 -------------------------------------------
 Abort called by computing node           815 at 2026-07-22 00:27:32.584 +0200
 Execution terminated because of runtime error
 Critical =                        NaN  > 0.001 !
 -------------- FATAL CALLED ---------------
  Fatal in file: mod_clm_urban.F90 at line:     2712
 clm now stopping
 -------------------------------------------
 Abort called by computing node          1051 at 2026-07-22 00:27:32.584 +0200
 Execution terminated because of runtime error
  Fatal in file: mod_clm_urban.F90 at line:     2712
 clm now stopping
 -------------------------------------------
 Abort called by computing node           816 at 2026-07-22 00:27:32.584 +0200
 Execution terminated because of runtime error
 Critical =                        NaN  > 0.001 !
 -------------- FATAL CALLED ---------------
  Fatal in file: mod_clm_urban.F90 at line:     2712
 clm now stopping
 -------------------------------------------
 Abort called by computing node          1052 at 2026-07-22 00:27:32.584 +0200
 Execution terminated because of runtime error
  Fatal in file: mod_clm_urban.F90 at line:     2712
 clm now stopping
 -------------------------------------------
 Abort called by computing node           819 at 2026-07-22 00:27:32.584 +0200
 Execution terminated because of runtime error
  Fatal in file: mod_clm_urban.F90 at line:     2712
 clm now stopping
 -------------------------------------------
 Abort called by computing node          1055 at 2026-07-22 00:27:32.584 +0200
 Execution terminated because of runtime error
  Fatal in file: mod_clm_urban.F90 at line:     2712
 clm now stopping
 -------------------------------------------
 Abort called by computing node           820 at 2026-07-22 00:27:32.584 +0200
 Execution terminated because of runtime error
 Critical =                        NaN  > 0.001 !
 -------------- FATAL CALLED ---------------
  Fatal in file: mod_clm_urban.F90 at line:     2712
 clm now stopping
 -------------------------------------------
 Abort called by computing node          1056 at 2026-07-22 00:27:32.584 +0200
 Execution terminated because of runtime error
  Fatal in file: mod_clm_urban.F90 at line:     2712
 clm now stopping
 -------------------------------------------
 Abort called by computing node           822 at 2026-07-22 00:27:32.584 +0200
 Execution terminated because of runtime error
 Critical =                        NaN  > 0.001 !
 -------------- FATAL CALLED ---------------
  Fatal in file: mod_clm_urban.F90 at line:     2712
 clm now stopping
 -------------------------------------------
 Abort called by computing node          1057 at 2026-07-22 00:27:32.584 +0200
 Execution terminated because of runtime error
  Fatal in file: mod_clm_urban.F90 at line:     2712
 clm now stopping
 -------------------------------------------
 Abort called by computing node           823 at 2026-07-22 00:27:32.584 +0200
 Execution terminated because of runtime error
  Fatal in file: mod_clm_urban.F90 at line:     2712
 clm now stopping
 -------------------------------------------
 Abort called by computing node          1061 at 2026-07-22 00:27:32.584 +0200
 Execution terminated because of runtime error
 Critical =                        NaN  > 0.001 !
 -------------- FATAL CALLED ---------------
  Fatal in file: mod_clm_urban.F90 at line:     2712
 clm now stopping
 -------------------------------------------
 Abort called by computing node           825 at 2026-07-22 00:27:32.584 +0200
 Execution terminated because of runtime error
  Fatal in file: mod_clm_urban.F90 at line:     2712
 clm now stopping
 -------------------------------------------
 Abort called by computing node          1066 at 2026-07-22 00:27:32.584 +0200
 Execution terminated because of runtime error
 Critical =                        NaN  > 0.001 !
 -------------- FATAL CALLED ---------------
  Fatal in file: mod_clm_urban.F90 at line:     2712
 clm now stopping
 -------------------------------------------
 Abort called by computing node           827 at 2026-07-22 00:27:32.584 +0200
 Execution terminated because of runtime error
 Critical =                        NaN  > 0.001 !
 -------------- FATAL CALLED ---------------
  Fatal in file: mod_clm_urban.F90 at line:     2712
 clm now stopping
 -------------------------------------------
 Abort called by computing node          1067 at 2026-07-22 00:27:32.584 +0200
 Execution terminated because of runtime error
  Fatal in file: mod_clm_urban.F90 at line:     2712
 clm now stopping
 -------------------------------------------
 Abort called by computing node           830 at 2026-07-22 00:27:32.584 +0200
 Execution terminated because of runtime error
  Fatal in file: mod_clm_urban.F90 at line:     2712
 clm now stopping
 -------------------------------------------
 Abort called by computing node          1069 at 2026-07-22 00:27:32.584 +0200
 Execution terminated because of runtime error
 Critical =                        NaN  > 0.001 !
 -------------- FATAL CALLED ---------------
  Fatal in file: mod_clm_urban.F90 at line:     2712
 clm now stopping
 -------------------------------------------
 Abort called by computing node           832 at 2026-07-22 00:27:32.584 +0200
 Execution terminated because of runtime error
  Fatal in file: mod_clm_urban.F90 at line:     2712
 clm now stopping
 -------------------------------------------
 Abort called by computing node          1070 at 2026-07-22 00:27:32.584 +0200
 Execution terminated because of runtime error
  Fatal in file: mod_clm_urban.F90 at line:     2712
 clm now stopping
 -------------------------------------------
 Abort called by computing node           834 at 2026-07-22 00:27:32.584 +0200
 Execution terminated because of runtime error
  Fatal in file: mod_clm_urban.F90 at line:     2712
 clm now stopping
 -------------------------------------------
 Abort called by computing node          1072 at 2026-07-22 00:27:32.584 +0200
 Execution terminated because of runtime error
  Fatal in file: mod_clm_urban.F90 at line:     2712
 clm now stopping
 -------------------------------------------
 Abort called by computing node           835 at 2026-07-22 00:27:32.584 +0200
 Execution terminated because of runtime error
 Critical =                        NaN  > 0.001 !
 -------------- FATAL CALLED ---------------
  Fatal in file: mod_clm_urban.F90 at line:     2712
 clm now stopping
 -------------------------------------------
 Abort called by computing node          1074 at 2026-07-22 00:27:32.584 +0200
 Execution terminated because of runtime error
 Critical =                        NaN  > 0.001 !
 -------------- FATAL CALLED ---------------
  Fatal in file: mod_clm_urban.F90 at line:     2712
 clm now stopping
 -------------------------------------------
 Abort called by computing node           841 at 2026-07-22 00:27:32.584 +0200
 Execution terminated because of runtime error
 Critical =                        NaN  > 0.001 !
 -------------- FATAL CALLED ---------------
  Fatal in file: mod_clm_urban.F90 at line:     2712
 clm now stopping
 -------------------------------------------
 Abort called by computing node          1076 at 2026-07-22 00:27:32.584 +0200
 Execution terminated because of runtime error
  Fatal in file: mod_clm_urban.F90 at line:     2712
 clm now stopping
 -------------------------------------------
 Abort called by computing node           842 at 2026-07-22 00:27:32.584 +0200
 Execution terminated because of runtime error
 Critical =                        NaN  > 0.001 !
 -------------- FATAL CALLED ---------------
  Fatal in file: mod_clm_urban.F90 at line:     2712
 clm now stopping
 -------------------------------------------
 Abort called by computing node          1083 at 2026-07-22 00:27:32.584 +0200
 Execution terminated because of runtime error
 Critical =                        NaN  > 0.001 !
 -------------- FATAL CALLED ---------------
  Fatal in file: mod_clm_urban.F90 at line:     2712
 clm now stopping
 -------------------------------------------
 Abort called by computing node           843 at 2026-07-22 00:27:32.584 +0200
 Execution terminated because of runtime error
  Fatal in file: mod_clm_urban.F90 at line:     2712
 clm now stopping
 -------------------------------------------
 Abort called by computing node          1084 at 2026-07-22 00:27:32.584 +0200
 Execution terminated because of runtime error
  Fatal in file: mod_clm_urban.F90 at line:     2712
 clm now stopping
 -------------------------------------------
 Abort called by computing node           844 at 2026-07-22 00:27:32.584 +0200
 Execution terminated because of runtime error
 Critical =                        NaN  > 0.001 !
 -------------- FATAL CALLED ---------------
  Fatal in file: mod_clm_urban.F90 at line:     2712
 clm now stopping
 -------------------------------------------
 Abort called by computing node          1085 at 2026-07-22 00:27:32.584 +0200
 Execution terminated because of runtime error
 Critical =                        NaN  > 0.001 !
 -------------- FATAL CALLED ---------------
  Fatal in file: mod_clm_urban.F90 at line:     2712
 clm now stopping
 -------------------------------------------
 Abort called by computing node           845 at 2026-07-22 00:27:32.584 +0200
 Execution terminated because of runtime error
 Critical =                        NaN  > 0.001 !
 -------------- FATAL CALLED ---------------
  Fatal in file: mod_clm_urban.F90 at line:     2712
 clm now stopping
 -------------------------------------------
 Abort called by computing node          1086 at 2026-07-22 00:27:32.584 +0200
 Execution terminated because of runtime error
 Critical =                        NaN  > 0.001 !
 -------------- FATAL CALLED ---------------
  Fatal in file: mod_clm_urban.F90 at line:     2712
 clm now stopping
 -------------------------------------------
 Abort called by computing node           853 at 2026-07-22 00:27:32.584 +0200
 Execution terminated because of runtime error
 Critical =                        NaN  > 0.001 !
 -------------- FATAL CALLED ---------------
  Fatal in file: mod_clm_urban.F90 at line:     2712
 clm now stopping
 -------------------------------------------
 Abort called by computing node          1088 at 2026-07-22 00:27:32.584 +0200
 Execution terminated because of runtime error
  Fatal in file: mod_clm_urban.F90 at line:     2712
 clm now stopping
 -------------------------------------------
 Abort called by computing node           855 at 2026-07-22 00:27:32.584 +0200
 Execution terminated because of runtime error
  Fatal in file: mod_clm_urban.F90 at line:     2712
 clm now stopping
 -------------------------------------------
 Abort called by computing node          1090 at 2026-07-22 00:27:32.584 +0200
 Execution terminated because of runtime error
  Fatal in file: mod_clm_urban.F90 at line:     2712
 clm now stopping
 -------------------------------------------
 Abort called by computing node           858 at 2026-07-22 00:27:32.584 +0200
 Execution terminated because of runtime error
  Fatal in file: mod_clm_urban.F90 at line:     2712
 clm now stopping
 -------------------------------------------
 Abort called by computing node          1092 at 2026-07-22 00:27:32.584 +0200
 Execution terminated because of runtime error
  Fatal in file: mod_clm_urban.F90 at line:     2712
 clm now stopping
 -------------------------------------------
 Abort called by computing node           860 at 2026-07-22 00:27:32.584 +0200
 Execution terminated because of runtime error
 Critical =                        NaN  > 0.001 !
 -------------- FATAL CALLED ---------------
  Fatal in file: mod_clm_urban.F90 at line:     2712
 clm now stopping
 -------------------------------------------
 Abort called by computing node          1095 at 2026-07-22 00:27:32.584 +0200
 Execution terminated because of runtime error
 Critical =                        NaN  > 0.001 !
 -------------- FATAL CALLED ---------------
  Fatal in file: mod_clm_urban.F90 at line:     2712
 clm now stopping
 -------------------------------------------
 Abort called by computing node           861 at 2026-07-22 00:27:32.584 +0200
 Execution terminated because of runtime error
  Fatal in file: mod_clm_urban.F90 at line:     2712
 clm now stopping
 -------------------------------------------
 Abort called by computing node          1096 at 2026-07-22 00:27:32.584 +0200
 Execution terminated because of runtime error
  Fatal in file: mod_clm_urban.F90 at line:     2712
 clm now stopping
 -------------------------------------------
 Abort called by computing node           862 at 2026-07-22 00:27:32.584 +0200
 Execution terminated because of runtime error
 Critical =                        NaN  > 0.001 !
 -------------- FATAL CALLED ---------------
  Fatal in file: mod_clm_urban.F90 at line:     2712
 clm now stopping
 -------------------------------------------
 Abort called by computing node           863 at 2026-07-22 00:27:32.584 +0200
 Execution terminated because of runtime error
  Fatal in file: mod_clm_urban.F90 at line:     2712
 clm now stopping
 -------------------------------------------
 Abort called by computing node           902 at 2026-07-22 00:27:32.587 +0200
 Execution terminated because of runtime error
  Fatal in file: mod_clm_urban.F90 at line:     2712
 clm now stopping
 -------------------------------------------
 Abort called by computing node           864 at 2026-07-22 00:27:32.584 +0200
 Execution terminated because of runtime error
 Critical =                        NaN  > 0.001 !
 -------------- FATAL CALLED ---------------
  Fatal in file: mod_clm_urban.F90 at line:     2712
 clm now stopping
 -------------------------------------------
 Abort called by computing node           903 at 2026-07-22 00:27:32.587 +0200
 Execution terminated because of runtime error
  Fatal in file: mod_clm_urban.F90 at line:     2712
 clm now stopping
 -------------------------------------------
 Abort called by computing node           866 at 2026-07-22 00:27:32.584 +0200
 Execution terminated because of runtime error
 Critical =                        NaN  > 0.001 !
 -------------- FATAL CALLED ---------------
  Fatal in file: mod_clm_urban.F90 at line:     2712
 clm now stopping
 -------------------------------------------
 Abort called by computing node           904 at 2026-07-22 00:27:32.587 +0200
 Execution terminated because of runtime error
 Critical =                        NaN  > 0.001 !
 -------------- FATAL CALLED ---------------
  Fatal in file: mod_clm_urban.F90 at line:     2712
 clm now stopping
 -------------------------------------------
 Abort called by computing node           867 at 2026-07-22 00:27:32.584 +0200
 Execution terminated because of runtime error
  Fatal in file: mod_clm_urban.F90 at line:     2712
 clm now stopping
 -------------------------------------------
 Abort called by computing node           905 at 2026-07-22 00:27:32.587 +0200
 Execution terminated because of runtime error
 Critical =                        NaN  > 0.001 !
 -------------- FATAL CALLED ---------------
  Fatal in file: mod_clm_urban.F90 at line:     2712
 clm now stopping
 -------------------------------------------
 Abort called by computing node           870 at 2026-07-22 00:27:32.584 +0200
 Execution terminated because of runtime error
 Critical =                        NaN  > 0.001 !
 -------------- FATAL CALLED ---------------
  Fatal in file: mod_clm_urban.F90 at line:     2712
 clm now stopping
 -------------------------------------------
 Abort called by computing node           906 at 2026-07-22 00:27:32.587 +0200
 Execution terminated because of runtime error
  Fatal in file: mod_clm_urban.F90 at line:     2712
 clm now stopping
 -------------------------------------------
 Abort called by computing node           874 at 2026-07-22 00:27:32.584 +0200
 Execution terminated because of runtime error
  Fatal in file: mod_clm_urban.F90 at line:     2712
 clm now stopping
 -------------------------------------------
 Abort called by computing node           909 at 2026-07-22 00:27:32.587 +0200
 Execution terminated because of runtime error
 Critical =                        NaN  > 0.001 !
 -------------- FATAL CALLED ---------------
  Fatal in file: mod_clm_urban.F90 at line:     2712
 clm now stopping
 -------------------------------------------
 Abort called by computing node           876 at 2026-07-22 00:27:32.584 +0200
 Execution terminated because of runtime error
 Critical =                        NaN  > 0.001 !
 -------------- FATAL CALLED ---------------
  Fatal in file: mod_clm_urban.F90 at line:     2712
 clm now stopping
 -------------------------------------------
 Abort called by computing node           910 at 2026-07-22 00:27:32.587 +0200
 Execution terminated because of runtime error
  Fatal in file: mod_clm_urban.F90 at line:     2712
 clm now stopping
 -------------------------------------------
 Abort called by computing node           878 at 2026-07-22 00:27:32.584 +0200
 Execution terminated because of runtime error
 Critical =                        NaN  > 0.001 !
 -------------- FATAL CALLED ---------------
  Fatal in file: mod_clm_urban.F90 at line:     2712
 clm now stopping
 -------------------------------------------
 Abort called by computing node           911 at 2026-07-22 00:27:32.586 +0200
 Execution terminated because of runtime error
  Fatal in file: mod_clm_urban.F90 at line:     2712
 clm now stopping
 -------------------------------------------
 Abort called by computing node           880 at 2026-07-22 00:27:32.584 +0200
 Execution terminated because of runtime error
 Critical =                        NaN  > 0.001 !
 -------------- FATAL CALLED ---------------
  Fatal in file: mod_clm_urban.F90 at line:     2712
 clm now stopping
 -------------------------------------------
 Abort called by computing node           912 at 2026-07-22 00:27:32.587 +0200
 Execution terminated because of runtime error
 Critical =                        NaN  > 0.001 !
 -------------- FATAL CALLED ---------------
  Fatal in file: mod_clm_urban.F90 at line:     2712
 clm now stopping
 -------------------------------------------
 Abort called by computing node           883 at 2026-07-22 00:27:32.584 +0200
 Execution terminated because of runtime error
 Critical =                        NaN  > 0.001 !
 -------------- FATAL CALLED ---------------
  Fatal in file: mod_clm_urban.F90 at line:     2712
 clm now stopping
 -------------------------------------------
 Abort called by computing node           914 at 2026-07-22 00:27:32.587 +0200
 Execution terminated because of runtime error
  Fatal in file: mod_clm_urban.F90 at line:     2712
 clm now stopping
 -------------------------------------------
 Abort called by computing node           884 at 2026-07-22 00:27:32.584 +0200
 Execution terminated because of runtime error
 Critical =                        NaN  > 0.001 !
 -------------- FATAL CALLED ---------------
  Fatal in file: mod_clm_urban.F90 at line:     2712
 clm now stopping
 -------------------------------------------
 Abort called by computing node           916 at 2026-07-22 00:27:32.587 +0200
 Execution terminated because of runtime error
  Fatal in file: mod_clm_urban.F90 at line:     2712
 clm now stopping
 -------------------------------------------
 Abort called by computing node           887 at 2026-07-22 00:27:32.584 +0200
 Execution terminated because of runtime error
 Critical =                        NaN  > 0.001 !
 -------------- FATAL CALLED ---------------
  Fatal in file: mod_clm_urban.F90 at line:     2712
 clm now stopping
 -------------------------------------------
 Abort called by computing node           917 at 2026-07-22 00:27:32.587 +0200
 Execution terminated because of runtime error
  Fatal in file: mod_clm_urban.F90 at line:     2712
 clm now stopping
 -------------------------------------------
 Abort called by computing node           888 at 2026-07-22 00:27:32.584 +0200
 Execution terminated because of runtime error
 Critical =                        NaN  > 0.001 !
 -------------- FATAL CALLED ---------------
  Fatal in file: mod_clm_urban.F90 at line:     2712
 clm now stopping
 -------------------------------------------
 Abort called by computing node           918 at 2026-07-22 00:27:32.586 +0200
 Execution terminated because of runtime error
 Critical =                        NaN  > 0.001 !
 -------------- FATAL CALLED ---------------
  Fatal in file: mod_clm_urban.F90 at line:     2712
 clm now stopping
 -------------------------------------------
 Abort called by computing node           891 at 2026-07-22 00:27:32.584 +0200
 Execution terminated because of runtime error
  Fatal in file: mod_clm_urban.F90 at line:     2712
 clm now stopping
 -------------------------------------------
 Abort called by computing node           919 at 2026-07-22 00:27:32.587 +0200
 Execution terminated because of runtime error
 Critical =                        NaN  > 0.001 !
 -------------- FATAL CALLED ---------------
  Fatal in file: mod_clm_urban.F90 at line:     2712
 clm now stopping
 -------------------------------------------
 Abort called by computing node           892 at 2026-07-22 00:27:32.584 +0200
 Execution terminated because of runtime error
  Fatal in file: mod_clm_urban.F90 at line:     2712
 clm now stopping
 -------------------------------------------
 Abort called by computing node           920 at 2026-07-22 00:27:32.587 +0200
 Execution terminated because of runtime error
 Critical =                        NaN  > 0.001 !
 -------------- FATAL CALLED ---------------
  Fatal in file: mod_clm_urban.F90 at line:     2712
 clm now stopping
 -------------------------------------------
 Abort called by computing node           894 at 2026-07-22 00:27:32.584 +0200
 Execution terminated because of runtime error
  Fatal in file: mod_clm_urban.F90 at line:     2712
 clm now stopping
 -------------------------------------------
 Abort called by computing node           921 at 2026-07-22 00:27:32.587 +0200
 Execution terminated because of runtime error
  Fatal in file: mod_clm_urban.F90 at line:     2712
 clm now stopping
 -------------------------------------------
 Abort called by computing node           899 at 2026-07-22 00:27:32.584 +0200
 Execution terminated because of runtime error
 Critical =                        NaN  > 0.001 !
 -------------- FATAL CALLED ---------------
  Fatal in file: mod_clm_urban.F90 at line:     2712
 clm now stopping
 -------------------------------------------
 Abort called by computing node           922 at 2026-07-22 00:27:32.587 +0200
 Execution terminated because of runtime error
  Fatal in file: mod_clm_urban.F90 at line:     2712
 clm now stopping
 -------------------------------------------
 Abort called by computing node           925 at 2026-07-22 00:27:32.587 +0200
 Execution terminated because of runtime error
 Critical =                        NaN  > 0.001 !
 -------------- FATAL CALLED ---------------
  Fatal in file: mod_clm_urban.F90 at line:     2712
 clm now stopping
 -------------------------------------------
 Abort called by computing node           659 at 2026-07-22 00:27:32.585 +0200
 Execution terminated because of runtime error
 Critical =                        NaN  > 0.001 !
 -------------- FATAL CALLED ---------------
  Fatal in file: mod_clm_urban.F90 at line:     2712
 clm now stopping
 -------------------------------------------
 Abort called by computing node           928 at 2026-07-22 00:27:32.587 +0200
 Execution terminated because of runtime error
 Critical =                        NaN  > 0.001 !
 -------------- FATAL CALLED ---------------
  Fatal in file: mod_clm_urban.F90 at line:     2712
 clm now stopping
 -------------------------------------------
 Abort called by computing node           661 at 2026-07-22 00:27:32.585 +0200
 Execution terminated because of runtime error
 Critical =                        NaN  > 0.001 !
 -------------- FATAL CALLED ---------------
  Fatal in file: mod_clm_urban.F90 at line:     2712
 clm now stopping
 -------------------------------------------
 Abort called by computing node           930 at 2026-07-22 00:27:32.587 +0200
 Execution terminated because of runtime error
 Critical =                        NaN  > 0.001 !
 -------------- FATAL CALLED ---------------
  Fatal in file: mod_clm_urban.F90 at line:     2712
 clm now stopping
 -------------------------------------------
 Abort called by computing node           663 at 2026-07-22 00:27:32.585 +0200
 Execution terminated because of runtime error
  Fatal in file: mod_clm_urban.F90 at line:     2712
 clm now stopping
 -------------------------------------------
 Abort called by computing node           932 at 2026-07-22 00:27:32.586 +0200
 Execution terminated because of runtime error
 Critical =                        NaN  > 0.001 !
 -------------- FATAL CALLED ---------------
  Fatal in file: mod_clm_urban.F90 at line:     2712
 clm now stopping
 -------------------------------------------
 Abort called by computing node           664 at 2026-07-22 00:27:32.585 +0200
 Execution terminated because of runtime error
 Critical =                        NaN  > 0.001 !
 -------------- FATAL CALLED ---------------
  Fatal in file: mod_clm_urban.F90 at line:     2712
 clm now stopping
 -------------------------------------------
 Abort called by computing node           933 at 2026-07-22 00:27:32.587 +0200
 Execution terminated because of runtime error
 Critical =                        NaN  > 0.001 !
 -------------- FATAL CALLED ---------------
  Fatal in file: mod_clm_urban.F90 at line:     2712
 clm now stopping
 -------------------------------------------
 Abort called by computing node           667 at 2026-07-22 00:27:32.585 +0200
 Execution terminated because of runtime error
 Critical =                        NaN  > 0.001 !
 -------------- FATAL CALLED ---------------
  Fatal in file: mod_clm_urban.F90 at line:     2712
 clm now stopping
 -------------------------------------------
 Abort called by computing node           934 at 2026-07-22 00:27:32.587 +0200
 Execution terminated because of runtime error
 Critical =                        NaN  > 0.001 !
 -------------- FATAL CALLED ---------------
  Fatal in file: mod_clm_urban.F90 at line:     2712
 clm now stopping
 -------------------------------------------
 Abort called by computing node           672 at 2026-07-22 00:27:32.585 +0200
 Execution terminated because of runtime error
 Critical =                        NaN  > 0.001 !
 -------------- FATAL CALLED ---------------
  Fatal in file: mod_clm_urban.F90 at line:     2712
 clm now stopping
 -------------------------------------------
 Abort called by computing node           936 at 2026-07-22 00:27:32.587 +0200
 Execution terminated because of runtime error
 Critical =                        NaN  > 0.001 !
 -------------- FATAL CALLED ---------------
  Fatal in file: mod_clm_urban.F90 at line:     2712
 clm now stopping
 -------------------------------------------
 Abort called by computing node           678 at 2026-07-22 00:27:32.585 +0200
 Execution terminated because of runtime error
 Critical =                        NaN  > 0.001 !
 -------------- FATAL CALLED ---------------
  Fatal in file: mod_clm_urban.F90 at line:     2712
 clm now stopping
 -------------------------------------------
 Abort called by computing node           937 at 2026-07-22 00:27:32.587 +0200
 Execution terminated because of runtime error
 Critical =                        NaN  > 0.001 !
 -------------- FATAL CALLED ---------------
  Fatal in file: mod_clm_urban.F90 at line:     2712
 clm now stopping
 -------------------------------------------
 Abort called by computing node           679 at 2026-07-22 00:27:32.585 +0200
 Execution terminated because of runtime error
 Critical =                        NaN  > 0.001 !
 -------------- FATAL CALLED ---------------
  Fatal in file: mod_clm_urban.F90 at line:     2712
 clm now stopping
 -------------------------------------------
 Abort called by computing node           939 at 2026-07-22 00:27:32.587 +0200
 Execution terminated because of runtime error
 Critical =                        NaN  > 0.001 !
 -------------- FATAL CALLED ---------------
  Fatal in file: mod_clm_urban.F90 at line:     2712
 clm now stopping
 -------------------------------------------
 Abort called by computing node           682 at 2026-07-22 00:27:32.585 +0200
 Execution terminated because of runtime error
 Critical =                        NaN  > 0.001 !
 -------------- FATAL CALLED ---------------
  Fatal in file: mod_clm_urban.F90 at line:     2712
 clm now stopping
 -------------------------------------------
 Abort called by computing node           941 at 2026-07-22 00:27:32.587 +0200
 Execution terminated because of runtime error
 Critical =                        NaN  > 0.001 !
 -------------- FATAL CALLED ---------------
  Fatal in file: mod_clm_urban.F90 at line:     2712
 clm now stopping
 -------------------------------------------
 Abort called by computing node           694 at 2026-07-22 00:27:32.585 +0200
 Execution terminated because of runtime error
  Fatal in file: mod_clm_urban.F90 at line:     2712
 clm now stopping
 -------------------------------------------
 Abort called by computing node           942 at 2026-07-22 00:27:32.587 +0200
 Execution terminated because of runtime error
 Critical =                        NaN  > 0.001 !
 -------------- FATAL CALLED ---------------
  Fatal in file: mod_clm_urban.F90 at line:     2712
 clm now stopping
 -------------------------------------------
 Abort called by computing node           696 at 2026-07-22 00:27:32.585 +0200
 Execution terminated because of runtime error
  Fatal in file: mod_clm_urban.F90 at line:     2712
 clm now stopping
 -------------------------------------------
 Abort called by computing node           944 at 2026-07-22 00:27:32.587 +0200
 Execution terminated because of runtime error
 Critical =                        NaN  > 0.001 !
 -------------- FATAL CALLED ---------------
  Fatal in file: mod_clm_urban.F90 at line:     2712
 clm now stopping
 -------------------------------------------
 Abort called by computing node           698 at 2026-07-22 00:27:32.585 +0200
 Execution terminated because of runtime error
 Critical =                        NaN  > 0.001 !
 -------------- FATAL CALLED ---------------
  Fatal in file: mod_clm_urban.F90 at line:     2712
 clm now stopping
 -------------------------------------------
 Abort called by computing node           945 at 2026-07-22 00:27:32.587 +0200
 Execution terminated because of runtime error
 Critical =                        NaN  > 0.001 !
 -------------- FATAL CALLED ---------------
  Fatal in file: mod_clm_urban.F90 at line:     2712
 clm now stopping
 -------------------------------------------
 Abort called by computing node           602 at 2026-07-22 00:27:32.585 +0200
 Execution terminated because of runtime error
 Critical =                        NaN  > 0.001 !
 -------------- FATAL CALLED ---------------
  Fatal in file: mod_clm_urban.F90 at line:     2712
 clm now stopping
 -------------------------------------------
 Abort called by computing node           946 at 2026-07-22 00:27:32.587 +0200
 Execution terminated because of runtime error
 Critical =                        NaN  > 0.001 !
 -------------- FATAL CALLED ---------------
  Fatal in file: mod_clm_urban.F90 at line:     2712
 clm now stopping
 -------------------------------------------
 Abort called by computing node           603 at 2026-07-22 00:27:32.585 +0200
 Execution terminated because of runtime error
 Critical =                        NaN  > 0.001 !
 -------------- FATAL CALLED ---------------
  Fatal in file: mod_clm_urban.F90 at line:     2712
 clm now stopping
 -------------------------------------------
 Abort called by computing node           947 at 2026-07-22 00:27:32.587 +0200
 Execution terminated because of runtime error
  Fatal in file: mod_clm_urban.F90 at line:     2712
 clm now stopping
 -------------------------------------------
 Abort called by computing node           604 at 2026-07-22 00:27:32.585 +0200
 Execution terminated because of runtime error
 Critical =                        NaN  > 0.001 !
 -------------- FATAL CALLED ---------------
  Fatal in file: mod_clm_urban.F90 at line:     2712
 clm now stopping
 -------------------------------------------
 Abort called by computing node           950 at 2026-07-22 00:27:32.587 +0200
 Execution terminated because of runtime error
  Fatal in file: mod_clm_urban.F90 at line:     2712
 clm now stopping
 -------------------------------------------
 Abort called by computing node           605 at 2026-07-22 00:27:32.585 +0200
 Execution terminated because of runtime error
 Critical =                        NaN  > 0.001 !
 -------------- FATAL CALLED ---------------
  Fatal in file: mod_clm_urban.F90 at line:     2712
 clm now stopping
 -------------------------------------------
 Abort called by computing node           951 at 2026-07-22 00:27:32.587 +0200
 Execution terminated because of runtime error
 Critical =                        NaN  > 0.001 !
 -------------- FATAL CALLED ---------------
  Fatal in file: mod_clm_urban.F90 at line:     2712
 clm now stopping
 -------------------------------------------
 Abort called by computing node           607 at 2026-07-22 00:27:32.585 +0200
 Execution terminated because of runtime error
  Fatal in file: mod_clm_urban.F90 at line:     2712
 clm now stopping
 -------------------------------------------
 Abort called by computing node           952 at 2026-07-22 00:27:32.586 +0200
 Execution terminated because of runtime error
 Critical =                        NaN  > 0.001 !
 -------------- FATAL CALLED ---------------
  Fatal in file: mod_clm_urban.F90 at line:     2712
 clm now stopping
 -------------------------------------------
 Abort called by computing node           611 at 2026-07-22 00:27:32.585 +0200
 Execution terminated because of runtime error
  Fatal in file: mod_clm_urban.F90 at line:     2712
 clm now stopping
 -------------------------------------------
 Abort called by computing node           953 at 2026-07-22 00:27:32.587 +0200
 Execution terminated because of runtime error
 Critical =                        NaN  > 0.001 !
 -------------- FATAL CALLED ---------------
  Fatal in file: mod_clm_urban.F90 at line:     2712
 clm now stopping
 -------------------------------------------
 Abort called by computing node           613 at 2026-07-22 00:27:32.585 +0200
 Execution terminated because of runtime error
 Critical =                        NaN  > 0.001 !
 -------------- FATAL CALLED ---------------
  Fatal in file: mod_clm_urban.F90 at line:     2712
 clm now stopping
 -------------------------------------------
 Abort called by computing node           954 at 2026-07-22 00:27:32.587 +0200
 Execution terminated because of runtime error
 Critical =                        NaN  > 0.001 !
 -------------- FATAL CALLED ---------------
  Fatal in file: mod_clm_urban.F90 at line:     2712
 clm now stopping
 -------------------------------------------
 Abort called by computing node           614 at 2026-07-22 00:27:32.585 +0200
 Execution terminated because of runtime error
  Fatal in file: mod_clm_urban.F90 at line:     2712
 clm now stopping
 -------------------------------------------
 Abort called by computing node           955 at 2026-07-22 00:27:32.587 +0200
 Execution terminated because of runtime error
  Fatal in file: mod_clm_urban.F90 at line:     2712
 clm now stopping
 -------------------------------------------
 Abort called by computing node           620 at 2026-07-22 00:27:32.585 +0200
 Execution terminated because of runtime error
  Fatal in file: mod_clm_urban.F90 at line:     2712
 clm now stopping
 -------------------------------------------
 Abort called by computing node           956 at 2026-07-22 00:27:32.587 +0200
 Execution terminated because of runtime error
 Critical =                        NaN  > 0.001 !
 -------------- FATAL CALLED ---------------
  Fatal in file: mod_clm_urban.F90 at line:     2712
 clm now stopping
 -------------------------------------------
 Abort called by computing node           622 at 2026-07-22 00:27:32.585 +0200
 Execution terminated because of runtime error
 Critical =                        NaN  > 0.001 !
 -------------- FATAL CALLED ---------------
  Fatal in file: mod_clm_urban.F90 at line:     2712
 clm now stopping
 -------------------------------------------
 Abort called by computing node           957 at 2026-07-22 00:27:32.587 +0200
 Execution terminated because of runtime error
 Critical =                        NaN  > 0.001 !
 -------------- FATAL CALLED ---------------
  Fatal in file: mod_clm_urban.F90 at line:     2712
 clm now stopping
 -------------------------------------------
 Abort called by computing node           627 at 2026-07-22 00:27:32.585 +0200
 Execution terminated because of runtime error
 Critical =                        NaN  > 0.001 !
 -------------- FATAL CALLED ---------------
  Fatal in file: mod_clm_urban.F90 at line:     2712
 clm now stopping
 -------------------------------------------
 Abort called by computing node           960 at 2026-07-22 00:27:32.586 +0200
 Execution terminated because of runtime error
 Critical =                        NaN  > 0.001 !
 -------------- FATAL CALLED ---------------
  Fatal in file: mod_clm_urban.F90 at line:     2712
 clm now stopping
 -------------------------------------------
 Abort called by computing node           629 at 2026-07-22 00:27:32.585 +0200
 Execution terminated because of runtime error
  Fatal in file: mod_clm_urban.F90 at line:     2712
 clm now stopping
 -------------------------------------------
 Abort called by computing node           963 at 2026-07-22 00:27:32.587 +0200
 Execution terminated because of runtime error
 Critical =                        NaN  > 0.001 !
 -------------- FATAL CALLED ---------------
  Fatal in file: mod_clm_urban.F90 at line:     2712
 clm now stopping
 -------------------------------------------
 Abort called by computing node           632 at 2026-07-22 00:27:32.585 +0200
 Execution terminated because of runtime error
  Fatal in file: mod_clm_urban.F90 at line:     2712
 clm now stopping
 -------------------------------------------
 Abort called by computing node           964 at 2026-07-22 00:27:32.586 +0200
 Execution terminated because of runtime error
 Critical =                        NaN  > 0.001 !
 -------------- FATAL CALLED ---------------
  Fatal in file: mod_clm_urban.F90 at line:     2712
 clm now stopping
 -------------------------------------------
 Abort called by computing node           635 at 2026-07-22 00:27:32.585 +0200
 Execution terminated because of runtime error
  Fatal in file: mod_clm_urban.F90 at line:     2712
 clm now stopping
 -------------------------------------------
 Abort called by computing node           966 at 2026-07-22 00:27:32.587 +0200
 Execution terminated because of runtime error
  Fatal in file: mod_clm_urban.F90 at line:     2712
 clm now stopping
 -------------------------------------------
 Abort called by computing node           638 at 2026-07-22 00:27:32.585 +0200
 Execution terminated because of runtime error
 Critical =                        NaN  > 0.001 !
 -------------- FATAL CALLED ---------------
  Fatal in file: mod_clm_urban.F90 at line:     2712
 clm now stopping
 -------------------------------------------
 Abort called by computing node           967 at 2026-07-22 00:27:32.587 +0200
 Execution terminated because of runtime error
 Critical =                        NaN  > 0.001 !
 -------------- FATAL CALLED ---------------
  Fatal in file: mod_clm_urban.F90 at line:     2712
 clm now stopping
 -------------------------------------------
 Abort called by computing node           639 at 2026-07-22 00:27:32.585 +0200
 Execution terminated because of runtime error
 Critical =                        NaN  > 0.001 !
 -------------- FATAL CALLED ---------------
  Fatal in file: mod_clm_urban.F90 at line:     2712
 clm now stopping
 -------------------------------------------
 Abort called by computing node           968 at 2026-07-22 00:27:32.587 +0200
 Execution terminated because of runtime error
 Critical =                        NaN  > 0.001 !
 -------------- FATAL CALLED ---------------
  Fatal in file: mod_clm_urban.F90 at line:     2712
 clm now stopping
 -------------------------------------------
 Abort called by computing node           641 at 2026-07-22 00:27:32.585 +0200
 Execution terminated because of runtime error
  Fatal in file: mod_clm_urban.F90 at line:     2712
 clm now stopping
 -------------------------------------------
 Abort called by computing node           969 at 2026-07-22 00:27:32.587 +0200
 Execution terminated because of runtime error
 Critical =                        NaN  > 0.001 !
 -------------- FATAL CALLED ---------------
  Fatal in file: mod_clm_urban.F90 at line:     2712
 clm now stopping
 -------------------------------------------
 Abort called by computing node           643 at 2026-07-22 00:27:32.585 +0200
 Execution terminated because of runtime error
 Critical =                        NaN  > 0.001 !
 -------------- FATAL CALLED ---------------
  Fatal in file: mod_clm_urban.F90 at line:     2712
 clm now stopping
 -------------------------------------------
 Abort called by computing node           651 at 2026-07-22 00:27:32.585 +0200
 Execution terminated because of runtime error
 Critical =                        NaN  > 0.001 !
 -------------- FATAL CALLED ---------------
  Fatal in file: mod_clm_urban.F90 at line:     2712
 clm now stopping
 -------------------------------------------
 Abort called by computing node           537 at 2026-07-22 00:27:32.582 +0200
 Execution terminated because of runtime error
 Critical =                        NaN  > 0.001 !
 -------------- FATAL CALLED ---------------
  Fatal in file: mod_clm_urban.F90 at line:     2712
 clm now stopping
 -------------------------------------------
 Abort called by computing node           652 at 2026-07-22 00:27:32.585 +0200
 Execution terminated because of runtime error
 Critical =                        NaN  > 0.001 !
 -------------- FATAL CALLED ---------------
  Fatal in file: mod_clm_urban.F90 at line:     2712
 clm now stopping
 -------------------------------------------
 Abort called by computing node           539 at 2026-07-22 00:27:32.583 +0200
 Execution terminated because of runtime error
 Critical =                        NaN  > 0.001 !
 -------------- FATAL CALLED ---------------
  Fatal in file: mod_clm_urban.F90 at line:     2712
 clm now stopping
 -------------------------------------------
 Abort called by computing node           655 at 2026-07-22 00:27:32.585 +0200
 Execution terminated because of runtime error
 Critical =                        NaN  > 0.001 !
 -------------- FATAL CALLED ---------------
  Fatal in file: mod_clm_urban.F90 at line:     2712
 clm now stopping
 -------------------------------------------
 Abort called by computing node           540 at 2026-07-22 00:27:32.583 +0200
 Execution terminated because of runtime error
 Critical =                        NaN  > 0.001 !
 -------------- FATAL CALLED ---------------
  Fatal in file: mod_clm_urban.F90 at line:     2712
 clm now stopping
 -------------------------------------------
 Abort called by computing node           666 at 2026-07-22 00:27:32.585 +0200
 Execution terminated because of runtime error
 Critical =                        NaN  > 0.001 !
 -------------- FATAL CALLED ---------------
  Fatal in file: mod_clm_urban.F90 at line:     2712
 clm now stopping
 -------------------------------------------
 Abort called by computing node           541 at 2026-07-22 00:27:32.583 +0200
 Execution terminated because of runtime error
  Fatal in file: mod_clm_urban.F90 at line:     2712
 clm now stopping
 -------------------------------------------
 Abort called by computing node           668 at 2026-07-22 00:27:32.585 +0200
 Execution terminated because of runtime error
 Critical =                        NaN  > 0.001 !
 -------------- FATAL CALLED ---------------
  Fatal in file: mod_clm_urban.F90 at line:     2712
 clm now stopping
 -------------------------------------------
 Abort called by computing node           544 at 2026-07-22 00:27:32.583 +0200
 Execution terminated because of runtime error
 Critical =                        NaN  > 0.001 !
 -------------- FATAL CALLED ---------------
  Fatal in file: mod_clm_urban.F90 at line:     2712
 clm now stopping
 -------------------------------------------
 Abort called by computing node           669 at 2026-07-22 00:27:32.585 +0200
 Execution terminated because of runtime error
 Critical =                        NaN  > 0.001 !
 -------------- FATAL CALLED ---------------
  Fatal in file: mod_clm_urban.F90 at line:     2712
 clm now stopping
 -------------------------------------------
 Abort called by computing node           545 at 2026-07-22 00:27:32.583 +0200
 Execution terminated because of runtime error
 Critical =                        NaN  > 0.001 !
 -------------- FATAL CALLED ---------------
  Fatal in file: mod_clm_urban.F90 at line:     2712
 clm now stopping
 -------------------------------------------
 Abort called by computing node           673 at 2026-07-22 00:27:32.585 +0200
 Execution terminated because of runtime error
 Critical =                        NaN  > 0.001 !
 -------------- FATAL CALLED ---------------
  Fatal in file: mod_clm_urban.F90 at line:     2712
 clm now stopping
 -------------------------------------------
 Abort called by computing node           546 at 2026-07-22 00:27:32.583 +0200
 Execution terminated because of runtime error
 Critical =                        NaN  > 0.001 !
 -------------- FATAL CALLED ---------------
  Fatal in file: mod_clm_urban.F90 at line:     2712
 clm now stopping
 -------------------------------------------
 Abort called by computing node           549 at 2026-07-22 00:27:32.582 +0200
 Execution terminated because of runtime error
 Critical =                        NaN  > 0.001 !
 -------------- FATAL CALLED ---------------
 Critical =                        NaN  > 0.001 !
 -------------- FATAL CALLED ---------------
  Fatal in file: mod_clm_urban.F90 at line:     2712
 clm now stopping
 -------------------------------------------
 Abort called by computing node           550 at 2026-07-22 00:27:32.583 +0200
 Execution terminated because of runtime error
 Critical =                        NaN  > 0.001 !
 -------------- FATAL CALLED ---------------
 Critical =                        NaN  > 0.001 !
 -------------- FATAL CALLED ---------------
  Fatal in file: mod_clm_urban.F90 at line:     2712
 clm now stopping
 -------------------------------------------
 Abort called by computing node           551 at 2026-07-22 00:27:32.583 +0200
 Execution terminated because of runtime error
 Critical =                        NaN  > 0.001 !
 -------------- FATAL CALLED ---------------
 Critical =                        NaN  > 0.001 !
 -------------- FATAL CALLED ---------------
  Fatal in file: mod_clm_urban.F90 at line:     2712
 clm now stopping
 -------------------------------------------
 Abort called by computing node           552 at 2026-07-22 00:27:32.583 +0200
 Execution terminated because of runtime error
 Critical =                        NaN  > 0.001 !
 -------------- FATAL CALLED ---------------
 Critical =                        NaN  > 0.001 !
 -------------- FATAL CALLED ---------------
  Fatal in file: mod_clm_urban.F90 at line:     2712
 clm now stopping
 -------------------------------------------
 Abort called by computing node           553 at 2026-07-22 00:27:32.583 +0200
 Execution terminated because of runtime error
 Critical =                        NaN  > 0.001 !
 -------------- FATAL CALLED ---------------
 Critical =                        NaN  > 0.001 !
 -------------- FATAL CALLED ---------------
  Fatal in file: mod_clm_urban.F90 at line:     2712
 clm now stopping
 -------------------------------------------
 Abort called by computing node           555 at 2026-07-22 00:27:32.583 +0200
 Execution terminated because of runtime error
 Critical =                        NaN  > 0.001 !
 -------------- FATAL CALLED ---------------
 Critical =                        NaN  > 0.001 !
 -------------- FATAL CALLED ---------------
  Fatal in file: mod_clm_urban.F90 at line:     2712
 clm now stopping
 -------------------------------------------
 Abort called by computing node           557 at 2026-07-22 00:27:32.582 +0200
 Execution terminated because of runtime error
 Critical =                        NaN  > 0.001 !
 -------------- FATAL CALLED ---------------
 Critical =                        NaN  > 0.001 !
 -------------- FATAL CALLED ---------------
  Fatal in file: mod_clm_urban.F90 at line:     2712
 clm now stopping
 -------------------------------------------
 Abort called by computing node           558 at 2026-07-22 00:27:32.583 +0200
 Execution terminated because of runtime error
 Critical =                        NaN  > 0.001 !
 -------------- FATAL CALLED ---------------
 Critical =                        NaN  > 0.001 !
 -------------- FATAL CALLED ---------------
  Fatal in file: mod_clm_urban.F90 at line:     2712
 clm now stopping
 -------------------------------------------
 Abort called by computing node           560 at 2026-07-22 00:27:32.583 +0200
 Execution terminated because of runtime error
 Critical =                        NaN  > 0.001 !
 -------------- FATAL CALLED ---------------
 Critical =                        NaN  > 0.001 !
 -------------- FATAL CALLED ---------------
  Fatal in file: mod_clm_urban.F90 at line:     2712
 clm now stopping
 -------------------------------------------
 Abort called by computing node           569 at 2026-07-22 00:27:32.583 +0200
 Execution terminated because of runtime error
 Critical =                        NaN  > 0.001 !
 -------------- FATAL CALLED ---------------
  Fatal in file: mod_clm_urban.F90 at line:     2712
 clm now stopping
 -------------------------------------------
 Abort called by computing node           572 at 2026-07-22 00:27:32.582 +0200
 Execution terminated because of runtime error
 Critical =                        NaN  > 0.001 !
 -------------- FATAL CALLED ---------------
 Critical =                        NaN  > 0.001 !
 -------------- FATAL CALLED ---------------
  Fatal in file: mod_clm_urban.F90 at line:     2712
 clm now stopping
 -------------------------------------------
 Abort called by computing node           573 at 2026-07-22 00:27:32.583 +0200
 Execution terminated because of runtime error
 Critical =                        NaN  > 0.001 !
 -------------- FATAL CALLED ---------------
 Critical =                        NaN  > 0.001 !
 -------------- FATAL CALLED ---------------
  Fatal in file: mod_clm_urban.F90 at line:     2712
 clm now stopping
 -------------------------------------------
 Abort called by computing node           576 at 2026-07-22 00:27:32.583 +0200
 Execution terminated because of runtime error
 Critical =                        NaN  > 0.001 !
 -------------- FATAL CALLED ---------------
 Critical =                        NaN  > 0.001 !
 -------------- FATAL CALLED ---------------
  Fatal in file: mod_clm_urban.F90 at line:     2712
 clm now stopping
 -------------------------------------------
 Abort called by computing node           578 at 2026-07-22 00:27:32.583 +0200
 Execution terminated because of runtime error
 Critical =                        NaN  > 0.001 !
 -------------- FATAL CALLED ---------------
 Critical =                        NaN  > 0.001 !
 -------------- FATAL CALLED ---------------
  Fatal in file: mod_clm_urban.F90 at line:     2712
 clm now stopping
 -------------------------------------------
 Abort called by computing node           579 at 2026-07-22 00:27:32.583 +0200
 Execution terminated because of runtime error
 Critical =                        NaN  > 0.001 !
 -------------- FATAL CALLED ---------------
 Critical =                        NaN  > 0.001 !
 -------------- FATAL CALLED ---------------
  Fatal in file: mod_clm_urban.F90 at line:     2712
 clm now stopping
 -------------------------------------------
 Abort called by computing node           582 at 2026-07-22 00:27:32.583 +0200
 Execution terminated because of runtime error
 Critical =                        NaN  > 0.001 !
 -------------- FATAL CALLED ---------------
 Critical =                        NaN  > 0.001 !
 -------------- FATAL CALLED ---------------
  Fatal in file: mod_clm_urban.F90 at line:     2712
 clm now stopping
 -------------------------------------------
 Abort called by computing node           587 at 2026-07-22 00:27:32.583 +0200
 Execution terminated because of runtime error
  Fatal in file: mod_clm_urban.F90 at line:     2712
 clm now stopping
 -------------------------------------------
 Critical =                        NaN  > 0.001 !
 -------------- FATAL CALLED ---------------
  Fatal in file: mod_clm_urban.F90 at line:     2712
 clm now stopping
 -------------------------------------------
 Abort called by computing node           588 at 2026-07-22 00:27:32.583 +0200
 Execution terminated because of runtime error
  Fatal in file: mod_clm_urban.F90 at line:     2712
 clm now stopping
 -------------------------------------------
 Critical =                        NaN  > 0.001 !
 -------------- FATAL CALLED ---------------
  Fatal in file: mod_clm_urban.F90 at line:     2712
 clm now stopping
 -------------------------------------------
 Abort called by computing node           589 at 2026-07-22 00:27:32.583 +0200
 Execution terminated because of runtime error
  Fatal in file: mod_clm_urban.F90 at line:     2712
 clm now stopping
 -------------------------------------------
  Fatal in file: mod_clm_urban.F90 at line:     2712
 clm now stopping
 -------------------------------------------
 Abort called by computing node           595 at 2026-07-22 00:27:32.582 +0200
 Execution terminated because of runtime error
 Abort called by computing node           244 at 2026-07-22 00:27:32.589 +0200
 Execution terminated because of runtime error
 Critical =                        NaN  > 0.001 !
 -------------- FATAL CALLED ---------------
  Fatal in file: mod_clm_urban.F90 at line:     2712
 clm now stopping
 -------------------------------------------
 Abort called by computing node           597 at 2026-07-22 00:27:32.583 +0200
 Execution terminated because of runtime error
  Fatal in file: mod_clm_urban.F90 at line:     2712
 clm now stopping
 -------------------------------------------
 Abort called by computing node           258 at 2026-07-22 00:27:32.589 +0200
 Execution terminated because of runtime error
  Fatal in file: mod_clm_urban.F90 at line:     2712
 clm now stopping
 -------------------------------------------
 Abort called by computing node           599 at 2026-07-22 00:27:32.582 +0200
 Execution terminated because of runtime error
  Fatal in file: mod_clm_urban.F90 at line:     2712
 clm now stopping
 -------------------------------------------
 Abort called by computing node           267 at 2026-07-22 00:27:32.589 +0200
 Execution terminated because of runtime error
 Critical =                        NaN  > 0.001 !
 -------------- FATAL CALLED ---------------
  Fatal in file: mod_clm_urban.F90 at line:     2712
 clm now stopping
 -------------------------------------------
 Abort called by computing node           501 at 2026-07-22 00:27:32.583 +0200
 Execution terminated because of runtime error
  Fatal in file: mod_clm_urban.F90 at line:     2712
 clm now stopping
 -------------------------------------------
 Abort called by computing node           285 at 2026-07-22 00:27:32.589 +0200
 Execution terminated because of runtime error
 Critical =                        NaN  > 0.001 !
 -------------- FATAL CALLED ---------------
  Fatal in file: mod_clm_urban.F90 at line:     2712
 clm now stopping
 -------------------------------------------
 Abort called by computing node           513 at 2026-07-22 00:27:32.583 +0200
 Execution terminated because of runtime error
 Abort called by computing node           206 at 2026-07-22 00:27:32.589 +0200
 Execution terminated because of runtime error
 Critical =                        NaN  > 0.001 !
 -------------- FATAL CALLED ---------------
  Fatal in file: mod_clm_urban.F90 at line:     2712
 clm now stopping
 -------------------------------------------
 Abort called by computing node           528 at 2026-07-22 00:27:32.583 +0200
 Execution terminated because of runtime error
  Fatal in file: mod_clm_urban.F90 at line:     2712
 clm now stopping
 -------------------------------------------
 Abort called by computing node           207 at 2026-07-22 00:27:32.589 +0200
 Execution terminated because of runtime error
 Critical =                        NaN  > 0.001 !
 -------------- FATAL CALLED ---------------
  Fatal in file: mod_clm_urban.F90 at line:     2712
 clm now stopping
 -------------------------------------------
 Abort called by computing node           542 at 2026-07-22 00:27:32.583 +0200
 Execution terminated because of runtime error
  Fatal in file: mod_clm_urban.F90 at line:     2712
 clm now stopping
 -------------------------------------------
 Abort called by computing node           213 at 2026-07-22 00:27:32.589 +0200
 Execution terminated because of runtime error
 Critical =                        NaN  > 0.001 !
 -------------- FATAL CALLED ---------------
  Fatal in file: mod_clm_urban.F90 at line:     2712
 clm now stopping
 -------------------------------------------
 Abort called by computing node           547 at 2026-07-22 00:27:32.583 +0200
 Execution terminated because of runtime error
  Fatal in file: mod_clm_urban.F90 at line:     2712
 clm now stopping
 -------------------------------------------
 Abort called by computing node           218 at 2026-07-22 00:27:32.589 +0200
 Execution terminated because of runtime error
 Critical =                        NaN  > 0.001 !
 -------------- FATAL CALLED ---------------
  Fatal in file: mod_clm_urban.F90 at line:     2712
 clm now stopping
 -------------------------------------------
 Abort called by computing node           559 at 2026-07-22 00:27:32.583 +0200
 Execution terminated because of runtime error
 Abort called by computing node           220 at 2026-07-22 00:27:32.589 +0200
 Execution terminated because of runtime error
 Critical =                        NaN  > 0.001 !
 -------------- FATAL CALLED ---------------
  Fatal in file: mod_clm_urban.F90 at line:     2712
 clm now stopping
 -------------------------------------------
 Abort called by computing node           565 at 2026-07-22 00:27:32.583 +0200
 Execution terminated because of runtime error
  Fatal in file: mod_clm_urban.F90 at line:     2712
 clm now stopping
 -------------------------------------------
 Abort called by computing node           242 at 2026-07-22 00:27:32.589 +0200
 Execution terminated because of runtime error
 Critical =                        NaN  > 0.001 !
 -------------- FATAL CALLED ---------------
  Fatal in file: mod_clm_urban.F90 at line:     2712
 clm now stopping
 -------------------------------------------
 Abort called by computing node           567 at 2026-07-22 00:27:32.583 +0200
 Execution terminated because of runtime error
  Fatal in file: mod_clm_urban.F90 at line:     2712
 clm now stopping
 -------------------------------------------
 Abort called by computing node           253 at 2026-07-22 00:27:32.589 +0200
 Execution terminated because of runtime error
 Critical =                        NaN  > 0.001 !
 -------------- FATAL CALLED ---------------
  Fatal in file: mod_clm_urban.F90 at line:     2712
 clm now stopping
 -------------------------------------------
 Abort called by computing node           574 at 2026-07-22 00:27:32.583 +0200
 Execution terminated because of runtime error
  Fatal in file: mod_clm_urban.F90 at line:     2712
 clm now stopping
 -------------------------------------------
 Abort called by computing node           262 at 2026-07-22 00:27:32.589 +0200
 Execution terminated because of runtime error
 Critical =                        NaN  > 0.001 !
 -------------- FATAL CALLED ---------------
  Fatal in file: mod_clm_urban.F90 at line:     2712
 clm now stopping
 -------------------------------------------
 Abort called by computing node           575 at 2026-07-22 00:27:32.583 +0200
 Execution terminated because of runtime error
  Fatal in file: mod_clm_urban.F90 at line:     2712
 clm now stopping
 -------------------------------------------
 Abort called by computing node           269 at 2026-07-22 00:27:32.589 +0200
 Execution terminated because of runtime error
 Critical =                        NaN  > 0.001 !
 -------------- FATAL CALLED ---------------
  Fatal in file: mod_clm_urban.F90 at line:     2712
 clm now stopping
 -------------------------------------------
 Abort called by computing node           580 at 2026-07-22 00:27:32.583 +0200
 Execution terminated because of runtime error
  Fatal in file: mod_clm_urban.F90 at line:     2712
 clm now stopping
 -------------------------------------------
 Abort called by computing node           278 at 2026-07-22 00:27:32.589 +0200
 Execution terminated because of runtime error
 Critical =                        NaN  > 0.001 !
 -------------- FATAL CALLED ---------------
  Fatal in file: mod_clm_urban.F90 at line:     2712
 clm now stopping
 -------------------------------------------
 Abort called by computing node           584 at 2026-07-22 00:27:32.583 +0200
 Execution terminated because of runtime error
  Fatal in file: mod_clm_urban.F90 at line:     2712
 clm now stopping
 -------------------------------------------
 Abort called by computing node           290 at 2026-07-22 00:27:32.589 +0200
 Execution terminated because of runtime error
 Critical =                        NaN  > 0.001 !
 -------------- FATAL CALLED ---------------
  Fatal in file: mod_clm_urban.F90 at line:     2712
 clm now stopping
 -------------------------------------------
 Abort called by computing node           592 at 2026-07-22 00:27:32.583 +0200
 Execution terminated because of runtime error
  Fatal in file: mod_clm_urban.F90 at line:     2712
 clm now stopping
 -------------------------------------------
 Abort called by computing node           297 at 2026-07-22 00:27:32.589 +0200
 Execution terminated because of runtime error
 Critical =                        NaN  > 0.001 !
 -------------- FATAL CALLED ---------------
  Fatal in file: mod_clm_urban.F90 at line:     2712
 clm now stopping
 -------------------------------------------
 Abort called by computing node           593 at 2026-07-22 00:27:32.583 +0200
 Execution terminated because of runtime error
  Fatal in file: mod_clm_urban.F90 at line:     2712
 clm now stopping
 -------------------------------------------
 Abort called by computing node           200 at 2026-07-22 00:27:32.589 +0200
 Execution terminated because of runtime error
  Fatal in file: mod_clm_urban.F90 at line:     2712
 clm now stopping
 -------------------------------------------
 Abort called by computing node           201 at 2026-07-22 00:27:32.589 +0200
 Execution terminated because of runtime error
 Critical =                        NaN  > 0.001 !
 -------------- FATAL CALLED ---------------
  Fatal in file: mod_clm_urban.F90 at line:     2712
 clm now stopping
 -------------------------------------------
 Abort called by computing node          1122 at 2026-07-22 00:27:32.588 +0200
 Execution terminated because of runtime error
  Fatal in file: mod_clm_urban.F90 at line:     2712
 clm now stopping
 -------------------------------------------
 Abort called by computing node           202 at 2026-07-22 00:27:32.589 +0200
 Execution terminated because of runtime error
 Critical =                        NaN  > 0.001 !
 -------------- FATAL CALLED ---------------
  Fatal in file: mod_clm_urban.F90 at line:     2712
 clm now stopping
 -------------------------------------------
 Abort called by computing node          1124 at 2026-07-22 00:27:32.588 +0200
 Execution terminated because of runtime error
  Fatal in file: mod_clm_urban.F90 at line:     2712
 clm now stopping
 -------------------------------------------
 Abort called by computing node           238 at 2026-07-22 00:27:32.589 +0200
 Execution terminated because of runtime error
 Critical =                        NaN  > 0.001 !
 -------------- FATAL CALLED ---------------
  Fatal in file: mod_clm_urban.F90 at line:     2712
 clm now stopping
 -------------------------------------------
 Abort called by computing node          1126 at 2026-07-22 00:27:32.588 +0200
 Execution terminated because of runtime error
  Fatal in file: mod_clm_urban.F90 at line:     2712
 clm now stopping
 -------------------------------------------
 Abort called by computing node           243 at 2026-07-22 00:27:32.589 +0200
 Execution terminated because of runtime error
 Critical =                        NaN  > 0.001 !
 -------------- FATAL CALLED ---------------
  Fatal in file: mod_clm_urban.F90 at line:     2712
 clm now stopping
 -------------------------------------------
 Abort called by computing node          1128 at 2026-07-22 00:27:32.588 +0200
 Execution terminated because of runtime error
  Fatal in file: mod_clm_urban.F90 at line:     2712
 clm now stopping
 -------------------------------------------
 Abort called by computing node           249 at 2026-07-22 00:27:32.589 +0200
 Execution terminated because of runtime error
 Critical =                        NaN  > 0.001 !
 -------------- FATAL CALLED ---------------
  Fatal in file: mod_clm_urban.F90 at line:     2712
 clm now stopping
 -------------------------------------------
 Abort called by computing node          1129 at 2026-07-22 00:27:32.588 +0200
 Execution terminated because of runtime error
  Fatal in file: mod_clm_urban.F90 at line:     2712
 clm now stopping
 -------------------------------------------
 Abort called by computing node           261 at 2026-07-22 00:27:32.589 +0200
 Execution terminated because of runtime error
  Fatal in file: mod_clm_urban.F90 at line:     2712
 clm now stopping
 -------------------------------------------
 Abort called by computing node          1132 at 2026-07-22 00:27:32.588 +0200
 Execution terminated because of runtime error
  Fatal in file: mod_clm_urban.F90 at line:     2712
 clm now stopping
 -------------------------------------------
 Abort called by computing node           274 at 2026-07-22 00:27:32.589 +0200
 Execution terminated because of runtime error
 Critical =                        NaN  > 0.001 !
 -------------- FATAL CALLED ---------------
  Fatal in file: mod_clm_urban.F90 at line:     2712
 clm now stopping
 -------------------------------------------
 Abort called by computing node          1133 at 2026-07-22 00:27:32.588 +0200
 Execution terminated because of runtime error
  Fatal in file: mod_clm_urban.F90 at line:     2712
 clm now stopping
 -------------------------------------------
 Abort called by computing node           288 at 2026-07-22 00:27:32.589 +0200
 Execution terminated because of runtime error
  Fatal in file: mod_clm_urban.F90 at line:     2712
 clm now stopping
 -------------------------------------------
 Abort called by computing node          1134 at 2026-07-22 00:27:32.588 +0200
 Execution terminated because of runtime error
  Fatal in file: mod_clm_urban.F90 at line:     2712
 clm now stopping
 -------------------------------------------
 Abort called by computing node           289 at 2026-07-22 00:27:32.589 +0200
 Execution terminated because of runtime error
 Critical =                        NaN  > 0.001 !
 -------------- FATAL CALLED ---------------
  Fatal in file: mod_clm_urban.F90 at line:     2712
 clm now stopping
 -------------------------------------------
 Abort called by computing node          1135 at 2026-07-22 00:27:32.588 +0200
 Execution terminated because of runtime error
  Fatal in file: mod_clm_urban.F90 at line:     2712
 clm now stopping
 -------------------------------------------
 Abort called by computing node           293 at 2026-07-22 00:27:32.589 +0200
 Execution terminated because of runtime error
 Critical =                        NaN  > 0.001 !
 -------------- FATAL CALLED ---------------
  Fatal in file: mod_clm_urban.F90 at line:     2712
 clm now stopping
 -------------------------------------------
 Abort called by computing node          1137 at 2026-07-22 00:27:32.588 +0200
 Execution terminated because of runtime error
  Fatal in file: mod_clm_urban.F90 at line:     2712
 clm now stopping
 -------------------------------------------
 Critical =                        NaN  > 0.001 !
 -------------- FATAL CALLED ---------------
  Fatal in file: mod_clm_urban.F90 at line:     2712
 clm now stopping
 -------------------------------------------
 Abort called by computing node          1138 at 2026-07-22 00:27:32.588 +0200
 Execution terminated because of runtime error
  Fatal in file: mod_clm_urban.F90 at line:     2712
 clm now stopping
 -------------------------------------------
 Abort called by computing node           219 at 2026-07-22 00:27:32.589 +0200
 Execution terminated because of runtime error
 Critical =                        NaN  > 0.001 !
 -------------- FATAL CALLED ---------------
  Fatal in file: mod_clm_urban.F90 at line:     2712
 clm now stopping
 -------------------------------------------
 Abort called by computing node          1140 at 2026-07-22 00:27:32.588 +0200
 Execution terminated because of runtime error
  Fatal in file: mod_clm_urban.F90 at line:     2712
 clm now stopping
 -------------------------------------------
 Abort called by computing node           224 at 2026-07-22 00:27:32.589 +0200
 Execution terminated because of runtime error
 Critical =                        NaN  > 0.001 !
 -------------- FATAL CALLED ---------------
  Fatal in file: mod_clm_urban.F90 at line:     2712
 clm now stopping
 -------------------------------------------
 Abort called by computing node          1141 at 2026-07-22 00:27:32.588 +0200
 Execution terminated because of runtime error
  Fatal in file: mod_clm_urban.F90 at line:     2712
 clm now stopping
 -------------------------------------------
 Abort called by computing node           230 at 2026-07-22 00:27:32.589 +0200
 Execution terminated because of runtime error
 Critical =                        NaN  > 0.001 !
 -------------- FATAL CALLED ---------------
  Fatal in file: mod_clm_urban.F90 at line:     2712
 clm now stopping
 -------------------------------------------
 Abort called by computing node          1142 at 2026-07-22 00:27:32.588 +0200
 Execution terminated because of runtime error
  Fatal in file: mod_clm_urban.F90 at line:     2712
 clm now stopping
 -------------------------------------------
 Abort called by computing node           234 at 2026-07-22 00:27:32.589 +0200
 Execution terminated because of runtime error
 Critical =                        NaN  > 0.001 !
 -------------- FATAL CALLED ---------------
  Fatal in file: mod_clm_urban.F90 at line:     2712
 clm now stopping
 -------------------------------------------
 Abort called by computing node          1143 at 2026-07-22 00:27:32.588 +0200
 Execution terminated because of runtime error
  Fatal in file: mod_clm_urban.F90 at line:     2712
 clm now stopping
 -------------------------------------------
 Abort called by computing node           240 at 2026-07-22 00:27:32.589 +0200
 Execution terminated because of runtime error
 Critical =                        NaN  > 0.001 !
 -------------- FATAL CALLED ---------------
  Fatal in file: mod_clm_urban.F90 at line:     2712
 clm now stopping
 -------------------------------------------
 Abort called by computing node          1145 at 2026-07-22 00:27:32.588 +0200
 Execution terminated because of runtime error
  Fatal in file: mod_clm_urban.F90 at line:     2712
 clm now stopping
 -------------------------------------------
 Abort called by computing node           251 at 2026-07-22 00:27:32.589 +0200
 Execution terminated because of runtime error
 Critical =                        NaN  > 0.001 !
 -------------- FATAL CALLED ---------------
  Fatal in file: mod_clm_urban.F90 at line:     2712
 clm now stopping
 -------------------------------------------
 Abort called by computing node          1147 at 2026-07-22 00:27:32.588 +0200
 Execution terminated because of runtime error
  Fatal in file: mod_clm_urban.F90 at line:     2712
 clm now stopping
 -------------------------------------------
 Abort called by computing node           257 at 2026-07-22 00:27:32.589 +0200
 Execution terminated because of runtime error
 Critical =                        NaN  > 0.001 !
 -------------- FATAL CALLED ---------------
  Fatal in file: mod_clm_urban.F90 at line:     2712
 clm now stopping
 -------------------------------------------
 Abort called by computing node          1148 at 2026-07-22 00:27:32.588 +0200
 Execution terminated because of runtime error
  Fatal in file: mod_clm_urban.F90 at line:     2712
 clm now stopping
 -------------------------------------------
 Abort called by computing node           272 at 2026-07-22 00:27:32.589 +0200
 Execution terminated because of runtime error
 Critical =                        NaN  > 0.001 !
 -------------- FATAL CALLED ---------------
  Fatal in file: mod_clm_urban.F90 at line:     2712
 clm now stopping
 -------------------------------------------
 Abort called by computing node          1149 at 2026-07-22 00:27:32.588 +0200
 Execution terminated because of runtime error
  Fatal in file: mod_clm_urban.F90 at line:     2712
 clm now stopping
 -------------------------------------------
 Abort called by computing node           280 at 2026-07-22 00:27:32.589 +0200
 Execution terminated because of runtime error
 Abort called by computing node          1150 at 2026-07-22 00:27:32.588 +0200
 Execution terminated because of runtime error
  Fatal in file: mod_clm_urban.F90 at line:     2712
 clm now stopping
 -------------------------------------------
 Abort called by computing node           208 at 2026-07-22 00:27:32.589 +0200
 Execution terminated because of runtime error
  Fatal in file: mod_clm_urban.F90 at line:     2712
 clm now stopping
 -------------------------------------------
 Abort called by computing node          1155 at 2026-07-22 00:27:32.588 +0200
 Execution terminated because of runtime error
  Fatal in file: mod_clm_urban.F90 at line:     2712
 clm now stopping
 -------------------------------------------
 Abort called by computing node           209 at 2026-07-22 00:27:32.589 +0200
 Execution terminated because of runtime error
 Critical =                        NaN  > 0.001 !
 -------------- FATAL CALLED ---------------
  Fatal in file: mod_clm_urban.F90 at line:     2712
 clm now stopping
 -------------------------------------------
 Abort called by computing node          1156 at 2026-07-22 00:27:32.588 +0200
 Execution terminated because of runtime error
 Abort called by computing node           211 at 2026-07-22 00:27:32.589 +0200
 Execution terminated because of runtime error
 Critical =                        NaN  > 0.001 !
 -------------- FATAL CALLED ---------------
  Fatal in file: mod_clm_urban.F90 at line:     2712
 clm now stopping
 -------------------------------------------
 Abort called by computing node          1158 at 2026-07-22 00:27:32.588 +0200
 Execution terminated because of runtime error
  Fatal in file: mod_clm_urban.F90 at line:     2712
 clm now stopping
 -------------------------------------------
 Abort called by computing node           226 at 2026-07-22 00:27:32.589 +0200
 Execution terminated because of runtime error
  Fatal in file: mod_clm_urban.F90 at line:     2712
 clm now stopping
 -------------------------------------------
 Abort called by computing node          1159 at 2026-07-22 00:27:32.588 +0200
 Execution terminated because of runtime error
  Fatal in file: mod_clm_urban.F90 at line:     2712
 clm now stopping
 -------------------------------------------
 Abort called by computing node           227 at 2026-07-22 00:27:32.589 +0200
 Execution terminated because of runtime error
 Critical =                        NaN  > 0.001 !
 -------------- FATAL CALLED ---------------
  Fatal in file: mod_clm_urban.F90 at line:     2712
 clm now stopping
 -------------------------------------------
 Abort called by computing node          1160 at 2026-07-22 00:27:32.588 +0200
 Execution terminated because of runtime error
  Fatal in file: mod_clm_urban.F90 at line:     2712
 clm now stopping
 -------------------------------------------
 Abort called by computing node           228 at 2026-07-22 00:27:32.589 +0200
 Execution terminated because of runtime error
  Fatal in file: mod_clm_urban.F90 at line:     2712
 clm now stopping
 -------------------------------------------
 Abort called by computing node          1165 at 2026-07-22 00:27:32.588 +0200
 Execution terminated because of runtime error
  Fatal in file: mod_clm_urban.F90 at line:     2712
 clm now stopping
 -------------------------------------------
 Abort called by computing node           231 at 2026-07-22 00:27:32.589 +0200
 Execution terminated because of runtime error
 Critical =                        NaN  > 0.001 !
 -------------- FATAL CALLED ---------------
  Fatal in file: mod_clm_urban.F90 at line:     2712
 clm now stopping
 -------------------------------------------
 Abort called by computing node          1168 at 2026-07-22 00:27:32.588 +0200
 Execution terminated because of runtime error
  Fatal in file: mod_clm_urban.F90 at line:     2712
 clm now stopping
 -------------------------------------------
 Abort called by computing node           239 at 2026-07-22 00:27:32.590 +0200
 Execution terminated because of runtime error
 Critical =                        NaN  > 0.001 !
 -------------- FATAL CALLED ---------------
  Fatal in file: mod_clm_urban.F90 at line:     2712
 clm now stopping
 -------------------------------------------
 Abort called by computing node          1172 at 2026-07-22 00:27:32.588 +0200
 Execution terminated because of runtime error
  Fatal in file: mod_clm_urban.F90 at line:     2712
 clm now stopping
 -------------------------------------------
 Abort called by computing node           241 at 2026-07-22 00:27:32.589 +0200
 Execution terminated because of runtime error
 Critical =                        NaN  > 0.001 !
 -------------- FATAL CALLED ---------------
  Fatal in file: mod_clm_urban.F90 at line:     2712
 clm now stopping
 -------------------------------------------
 Abort called by computing node          1173 at 2026-07-22 00:27:32.588 +0200
 Execution terminated because of runtime error
  Fatal in file: mod_clm_urban.F90 at line:     2712
 clm now stopping
 -------------------------------------------
 Abort called by computing node           250 at 2026-07-22 00:27:32.589 +0200
 Execution terminated because of runtime error
 Critical =                        NaN  > 0.001 !
 -------------- FATAL CALLED ---------------
  Fatal in file: mod_clm_urban.F90 at line:     2712
 clm now stopping
 -------------------------------------------
 Abort called by computing node          1176 at 2026-07-22 00:27:32.588 +0200
 Execution terminated because of runtime error
  Fatal in file: mod_clm_urban.F90 at line:     2712
 clm now stopping
 -------------------------------------------
 Abort called by computing node           254 at 2026-07-22 00:27:32.589 +0200
 Execution terminated because of runtime error
 Critical =                        NaN  > 0.001 !
 -------------- FATAL CALLED ---------------
  Fatal in file: mod_clm_urban.F90 at line:     2712
 clm now stopping
 -------------------------------------------
 Abort called by computing node          1179 at 2026-07-22 00:27:32.588 +0200
 Execution terminated because of runtime error
  Fatal in file: mod_clm_urban.F90 at line:     2712
 clm now stopping
 -------------------------------------------
 Abort called by computing node           264 at 2026-07-22 00:27:32.589 +0200
 Execution terminated because of runtime error
 Critical =                        NaN  > 0.001 !
 -------------- FATAL CALLED ---------------
  Fatal in file: mod_clm_urban.F90 at line:     2712
 clm now stopping
 -------------------------------------------
 Abort called by computing node          1181 at 2026-07-22 00:27:32.588 +0200
 Execution terminated because of runtime error
  Fatal in file: mod_clm_urban.F90 at line:     2712
 clm now stopping
 -------------------------------------------
 Abort called by computing node           265 at 2026-07-22 00:27:32.589 +0200
 Execution terminated because of runtime error
 Critical =                        NaN  > 0.001 !
 -------------- FATAL CALLED ---------------
  Fatal in file: mod_clm_urban.F90 at line:     2712
 clm now stopping
 -------------------------------------------
 Abort called by computing node          1187 at 2026-07-22 00:27:32.588 +0200
 Execution terminated because of runtime error
  Fatal in file: mod_clm_urban.F90 at line:     2712
 clm now stopping
 -------------------------------------------
 Abort called by computing node           266 at 2026-07-22 00:27:32.589 +0200
 Execution terminated because of runtime error
  Fatal in file: mod_clm_urban.F90 at line:     2712
 clm now stopping
 -------------------------------------------
 Abort called by computing node          1188 at 2026-07-22 00:27:32.588 +0200
 Execution terminated because of runtime error
  Fatal in file: mod_clm_urban.F90 at line:     2712
 clm now stopping
 -------------------------------------------
 Abort called by computing node           268 at 2026-07-22 00:27:32.589 +0200
 Execution terminated because of runtime error
 Critical =                        NaN  > 0.001 !
 -------------- FATAL CALLED ---------------
  Fatal in file: mod_clm_urban.F90 at line:     2712
 clm now stopping
 -------------------------------------------
 Abort called by computing node           484 at 2026-07-22 00:27:32.584 +0200
 Execution terminated because of runtime error
  Fatal in file: mod_clm_urban.F90 at line:     2712
 clm now stopping
 -------------------------------------------
 Abort called by computing node           270 at 2026-07-22 00:27:32.589 +0200
 Execution terminated because of runtime error
 Critical =                        NaN  > 0.001 !
 -------------- FATAL CALLED ---------------
  Fatal in file: mod_clm_urban.F90 at line:     2712
 clm now stopping
 -------------------------------------------
 Abort called by computing node           485 at 2026-07-22 00:27:32.584 +0200
 Execution terminated because of runtime error
  Fatal in file: mod_clm_urban.F90 at line:     2712
 clm now stopping
 -------------------------------------------
 Abort called by computing node           271 at 2026-07-22 00:27:32.589 +0200
 Execution terminated because of runtime error
 Critical =                        NaN  > 0.001 !
 -------------- FATAL CALLED ---------------
  Fatal in file: mod_clm_urban.F90 at line:     2712
 clm now stopping
 -------------------------------------------
 Abort called by computing node           488 at 2026-07-22 00:27:32.584 +0200
 Execution terminated because of runtime error
  Fatal in file: mod_clm_urban.F90 at line:     2712
 clm now stopping
 -------------------------------------------
 Abort called by computing node           273 at 2026-07-22 00:27:32.589 +0200
 Execution terminated because of runtime error
 Critical =                        NaN  > 0.001 !
 -------------- FATAL CALLED ---------------
  Fatal in file: mod_clm_urban.F90 at line:     2712
 clm now stopping
 -------------------------------------------
 Abort called by computing node           490 at 2026-07-22 00:27:32.584 +0200
 Execution terminated because of runtime error
  Fatal in file: mod_clm_urban.F90 at line:     2712
 clm now stopping
 -------------------------------------------
 Abort called by computing node           275 at 2026-07-22 00:27:32.589 +0200
 Execution terminated because of runtime error
 Critical =                        NaN  > 0.001 !
 -------------- FATAL CALLED ---------------
  Fatal in file: mod_clm_urban.F90 at line:     2712
 clm now stopping
 -------------------------------------------
 Abort called by computing node           491 at 2026-07-22 00:27:32.584 +0200
 Execution terminated because of runtime error
  Fatal in file: mod_clm_urban.F90 at line:     2712
 clm now stopping
 -------------------------------------------
 Abort called by computing node           279 at 2026-07-22 00:27:32.589 +0200
 Execution terminated because of runtime error
 Critical =                        NaN  > 0.001 !
 -------------- FATAL CALLED ---------------
  Fatal in file: mod_clm_urban.F90 at line:     2712
 clm now stopping
 -------------------------------------------
 Abort called by computing node           493 at 2026-07-22 00:27:32.584 +0200
 Execution terminated because of runtime error
  Fatal in file: mod_clm_urban.F90 at line:     2712
 clm now stopping
 -------------------------------------------
 Abort called by computing node           287 at 2026-07-22 00:27:32.589 +0200
 Execution terminated because of runtime error
 Critical =                        NaN  > 0.001 !
 -------------- FATAL CALLED ---------------
  Fatal in file: mod_clm_urban.F90 at line:     2712
 clm now stopping
 -------------------------------------------
 Abort called by computing node           496 at 2026-07-22 00:27:32.584 +0200
 Execution terminated because of runtime error
  Fatal in file: mod_clm_urban.F90 at line:     2712
 clm now stopping
 -------------------------------------------
 Abort called by computing node           294 at 2026-07-22 00:27:32.589 +0200
 Execution terminated because of runtime error
 Critical =                        NaN  > 0.001 !
 -------------- FATAL CALLED ---------------
  Fatal in file: mod_clm_urban.F90 at line:     2712
 clm now stopping
 -------------------------------------------
 Abort called by computing node           498 at 2026-07-22 00:27:32.584 +0200
 Execution terminated because of runtime error
  Fatal in file: mod_clm_urban.F90 at line:     2712
 clm now stopping
 -------------------------------------------
 Abort called by computing node           298 at 2026-07-22 00:27:32.589 +0200
 Execution terminated because of runtime error
 Critical =                        NaN  > 0.001 !
 -------------- FATAL CALLED ---------------
  Fatal in file: mod_clm_urban.F90 at line:     2712
 clm now stopping
 -------------------------------------------
 Abort called by computing node           499 at 2026-07-22 00:27:32.584 +0200
 Execution terminated because of runtime error
  Fatal in file: mod_clm_urban.F90 at line:     2712
 clm now stopping
 -------------------------------------------
  Fatal in file: mod_clm_urban.F90 at line:     2712
 clm now stopping
 -------------------------------------------
 Abort called by computing node           400 at 2026-07-22 00:27:32.584 +0200
 Execution terminated because of runtime error
  Fatal in file: mod_clm_urban.F90 at line:     2712
 clm now stopping
 -------------------------------------------
 Critical =                        NaN  > 0.001 !
 -------------- FATAL CALLED ---------------
  Fatal in file: mod_clm_urban.F90 at line:     2712
 clm now stopping
 -------------------------------------------
 Abort called by computing node           402 at 2026-07-22 00:27:32.584 +0200
 Execution terminated because of runtime error
  Fatal in file: mod_clm_urban.F90 at line:     2712
 clm now stopping
 -------------------------------------------
 Abort called by computing node           205 at 2026-07-22 00:27:32.590 +0200
 Execution terminated because of runtime error
 Critical =                        NaN  > 0.001 !
 -------------- FATAL CALLED ---------------
  Fatal in file: mod_clm_urban.F90 at line:     2712
 clm now stopping
 -------------------------------------------
 Abort called by computing node           403 at 2026-07-22 00:27:32.584 +0200
 Execution terminated because of runtime error
  Fatal in file: mod_clm_urban.F90 at line:     2712
 clm now stopping
 -------------------------------------------
 Abort called by computing node           210 at 2026-07-22 00:27:32.590 +0200
 Execution terminated because of runtime error
 Critical =                        NaN  > 0.001 !
 -------------- FATAL CALLED ---------------
  Fatal in file: mod_clm_urban.F90 at line:     2712
 clm now stopping
 -------------------------------------------
 Abort called by computing node           404 at 2026-07-22 00:27:32.584 +0200
 Execution terminated because of runtime error
  Fatal in file: mod_clm_urban.F90 at line:     2712
 clm now stopping
 -------------------------------------------
 Abort called by computing node           212 at 2026-07-22 00:27:32.590 +0200
 Execution terminated because of runtime error
 Critical =                        NaN  > 0.001 !
 -------------- FATAL CALLED ---------------
  Fatal in file: mod_clm_urban.F90 at line:     2712
 clm now stopping
 -------------------------------------------
 Abort called by computing node           408 at 2026-07-22 00:27:32.584 +0200
 Execution terminated because of runtime error
  Fatal in file: mod_clm_urban.F90 at line:     2712
 clm now stopping
 -------------------------------------------
 Abort called by computing node           214 at 2026-07-22 00:27:32.590 +0200
 Execution terminated because of runtime error
 Critical =                        NaN  > 0.001 !
 -------------- FATAL CALLED ---------------
  Fatal in file: mod_clm_urban.F90 at line:     2712
 clm now stopping
 -------------------------------------------
 Abort called by computing node           409 at 2026-07-22 00:27:32.584 +0200
 Execution terminated because of runtime error
  Fatal in file: mod_clm_urban.F90 at line:     2712
 clm now stopping
 -------------------------------------------
 Abort called by computing node           215 at 2026-07-22 00:27:32.590 +0200
 Execution terminated because of runtime error
 Critical =                        NaN  > 0.001 !
 -------------- FATAL CALLED ---------------
  Fatal in file: mod_clm_urban.F90 at line:     2712
 clm now stopping
 -------------------------------------------
 Abort called by computing node           415 at 2026-07-22 00:27:32.584 +0200
 Execution terminated because of runtime error
  Fatal in file: mod_clm_urban.F90 at line:     2712
 clm now stopping
 -------------------------------------------
 Abort called by computing node           216 at 2026-07-22 00:27:32.590 +0200
 Execution terminated because of runtime error
 Critical =                        NaN  > 0.001 !
 -------------- FATAL CALLED ---------------
  Fatal in file: mod_clm_urban.F90 at line:     2712
 clm now stopping
 -------------------------------------------
 Abort called by computing node           419 at 2026-07-22 00:27:32.584 +0200
 Execution terminated because of runtime error
  Fatal in file: mod_clm_urban.F90 at line:     2712
 clm now stopping
 -------------------------------------------
 Abort called by computing node           217 at 2026-07-22 00:27:32.590 +0200
 Execution terminated because of runtime error
 Critical =                        NaN  > 0.001 !
 -------------- FATAL CALLED ---------------
  Fatal in file: mod_clm_urban.F90 at line:     2712
 clm now stopping
 -------------------------------------------
 Abort called by computing node           427 at 2026-07-22 00:27:32.584 +0200
 Execution terminated because of runtime error
  Fatal in file: mod_clm_urban.F90 at line:     2712
 clm now stopping
 -------------------------------------------
 Abort called by computing node           221 at 2026-07-22 00:27:32.590 +0200
 Execution terminated because of runtime error
 Critical =                        NaN  > 0.001 !
 -------------- FATAL CALLED ---------------
  Fatal in file: mod_clm_urban.F90 at line:     2712
 clm now stopping
 -------------------------------------------
 Abort called by computing node           429 at 2026-07-22 00:27:32.584 +0200
 Execution terminated because of runtime error
  Fatal in file: mod_clm_urban.F90 at line:     2712
 clm now stopping
 -------------------------------------------
 Abort called by computing node           222 at 2026-07-22 00:27:32.590 +0200
 Execution terminated because of runtime error
 Critical =                        NaN  > 0.001 !
 -------------- FATAL CALLED ---------------
  Fatal in file: mod_clm_urban.F90 at line:     2712
 clm now stopping
 -------------------------------------------
 Abort called by computing node           437 at 2026-07-22 00:27:32.584 +0200
 Execution terminated because of runtime error
  Fatal in file: mod_clm_urban.F90 at line:     2712
 clm now stopping
 -------------------------------------------
 Abort called by computing node           223 at 2026-07-22 00:27:32.590 +0200
 Execution terminated because of runtime error
 Critical =                        NaN  > 0.001 !
 -------------- FATAL CALLED ---------------
  Fatal in file: mod_clm_urban.F90 at line:     2712
 clm now stopping
 -------------------------------------------
 Abort called by computing node           445 at 2026-07-22 00:27:32.584 +0200
 Execution terminated because of runtime error
  Fatal in file: mod_clm_urban.F90 at line:     2712
 clm now stopping
 -------------------------------------------
 Abort called by computing node           225 at 2026-07-22 00:27:32.590 +0200
 Execution terminated because of runtime error
 Critical =                        NaN  > 0.001 !
 -------------- FATAL CALLED ---------------
  Fatal in file: mod_clm_urban.F90 at line:     2712
 clm now stopping
 -------------------------------------------
 Abort called by computing node           448 at 2026-07-22 00:27:32.584 +0200
 Execution terminated because of runtime error
  Fatal in file: mod_clm_urban.F90 at line:     2712
 clm now stopping
 -------------------------------------------
 Abort called by computing node           229 at 2026-07-22 00:27:32.590 +0200
 Execution terminated because of runtime error
 Critical =                        NaN  > 0.001 !
 -------------- FATAL CALLED ---------------
  Fatal in file: mod_clm_urban.F90 at line:     2712
 clm now stopping
 -------------------------------------------
 Abort called by computing node           450 at 2026-07-22 00:27:32.584 +0200
 Execution terminated because of runtime error
  Fatal in file: mod_clm_urban.F90 at line:     2712
 clm now stopping
 -------------------------------------------
 Abort called by computing node           232 at 2026-07-22 00:27:32.590 +0200
 Execution terminated because of runtime error
 Critical =                        NaN  > 0.001 !
 -------------- FATAL CALLED ---------------
  Fatal in file: mod_clm_urban.F90 at line:     2712
 clm now stopping
 -------------------------------------------
 Abort called by computing node           452 at 2026-07-22 00:27:32.584 +0200
 Execution terminated because of runtime error
  Fatal in file: mod_clm_urban.F90 at line:     2712
 clm now stopping
 -------------------------------------------
 Abort called by computing node           233 at 2026-07-22 00:27:32.590 +0200
 Execution terminated because of runtime error
 Critical =                        NaN  > 0.001 !
 -------------- FATAL CALLED ---------------
  Fatal in file: mod_clm_urban.F90 at line:     2712
 clm now stopping
 -------------------------------------------
 Abort called by computing node           455 at 2026-07-22 00:27:32.584 +0200
 Execution terminated because of runtime error
  Fatal in file: mod_clm_urban.F90 at line:     2712
 clm now stopping
 -------------------------------------------
 Abort called by computing node           235 at 2026-07-22 00:27:32.590 +0200
 Execution terminated because of runtime error
 Critical =                        NaN  > 0.001 !
 -------------- FATAL CALLED ---------------
  Fatal in file: mod_clm_urban.F90 at line:     2712
 clm now stopping
 -------------------------------------------
 Abort called by computing node           461 at 2026-07-22 00:27:32.584 +0200
 Execution terminated because of runtime error
  Fatal in file: mod_clm_urban.F90 at line:     2712
 clm now stopping
 -------------------------------------------
 Abort called by computing node           236 at 2026-07-22 00:27:32.590 +0200
 Execution terminated because of runtime error
 Critical =                        NaN  > 0.001 !
 -------------- FATAL CALLED ---------------
  Fatal in file: mod_clm_urban.F90 at line:     2712
 clm now stopping
 -------------------------------------------
 Abort called by computing node           470 at 2026-07-22 00:27:32.584 +0200
 Execution terminated because of runtime error
  Fatal in file: mod_clm_urban.F90 at line:     2712
 clm now stopping
 -------------------------------------------
 Abort called by computing node           237 at 2026-07-22 00:27:32.590 +0200
 Execution terminated because of runtime error
 Critical =                        NaN  > 0.001 !
 -------------- FATAL CALLED ---------------
  Fatal in file: mod_clm_urban.F90 at line:     2712
 clm now stopping
 -------------------------------------------
 Abort called by computing node           471 at 2026-07-22 00:27:32.584 +0200
 Execution terminated because of runtime error
  Fatal in file: mod_clm_urban.F90 at line:     2712
 clm now stopping
 -------------------------------------------
 Abort called by computing node           245 at 2026-07-22 00:27:32.590 +0200
 Execution terminated because of runtime error
 Critical =                        NaN  > 0.001 !
 -------------- FATAL CALLED ---------------
  Fatal in file: mod_clm_urban.F90 at line:     2712
 clm now stopping
 -------------------------------------------
 Abort called by computing node           478 at 2026-07-22 00:27:32.584 +0200
 Execution terminated because of runtime error
  Fatal in file: mod_clm_urban.F90 at line:     2712
 clm now stopping
 -------------------------------------------
 Abort called by computing node           246 at 2026-07-22 00:27:32.590 +0200
 Execution terminated because of runtime error
 Critical =                        NaN  > 0.001 !
 -------------- FATAL CALLED ---------------
  Fatal in file: mod_clm_urban.F90 at line:     2712
 clm now stopping
 -------------------------------------------
 Abort called by computing node           482 at 2026-07-22 00:27:32.584 +0200
 Execution terminated because of runtime error
  Fatal in file: mod_clm_urban.F90 at line:     2712
 clm now stopping
 -------------------------------------------
 Abort called by computing node           247 at 2026-07-22 00:27:32.590 +0200
 Execution terminated because of runtime error
 Critical =                        NaN  > 0.001 !
 -------------- FATAL CALLED ---------------
  Fatal in file: mod_clm_urban.F90 at line:     2712
 clm now stopping
 -------------------------------------------
 Abort called by computing node           489 at 2026-07-22 00:27:32.584 +0200
 Execution terminated because of runtime error
  Fatal in file: mod_clm_urban.F90 at line:     2712
 clm now stopping
 -------------------------------------------
 Abort called by computing node           248 at 2026-07-22 00:27:32.590 +0200
 Execution terminated because of runtime error
 Critical =                        NaN  > 0.001 !
 -------------- FATAL CALLED ---------------
  Fatal in file: mod_clm_urban.F90 at line:     2712
 clm now stopping
 -------------------------------------------
 Abort called by computing node           492 at 2026-07-22 00:27:32.584 +0200
 Execution terminated because of runtime error
  Fatal in file: mod_clm_urban.F90 at line:     2712
 clm now stopping
 -------------------------------------------
 Abort called by computing node           252 at 2026-07-22 00:27:32.590 +0200
 Execution terminated because of runtime error
 Critical =                        NaN  > 0.001 !
 -------------- FATAL CALLED ---------------
  Fatal in file: mod_clm_urban.F90 at line:     2712
 clm now stopping
 -------------------------------------------
 Abort called by computing node           495 at 2026-07-22 00:27:32.584 +0200
 Execution terminated because of runtime error
  Fatal in file: mod_clm_urban.F90 at line:     2712
 clm now stopping
 -------------------------------------------
 Abort called by computing node           255 at 2026-07-22 00:27:32.590 +0200
 Execution terminated because of runtime error
 urban net longwave radiation error: no convergence
  Fatal in file: mod_clm_urban.F90 at line:     2712
 clm now stopping
 -------------------------------------------
 Abort called by computing node           256 at 2026-07-22 00:27:32.590 +0200
 Execution terminated because of runtime error
 -------------- FATAL CALLED ---------------
  Fatal in file: mod_clm_urban.F90 at line:     2712
 clm now stopping
 -------------------------------------------
 Abort called by computing node           259 at 2026-07-22 00:27:32.590 +0200
 Execution terminated because of runtime error
 urban net longwave radiation error: no convergence
  Fatal in file: mod_clm_urban.F90 at line:     2712
 clm now stopping
 -------------------------------------------
 Abort called by computing node           260 at 2026-07-22 00:27:32.590 +0200
 Execution terminated because of runtime error
  Fatal in file: mod_clm_urban.F90 at line:     2712
 clm now stopping
 -------------------------------------------
  Fatal in file: mod_clm_urban.F90 at line:     2712
 clm now stopping
 -------------------------------------------
 Abort called by computing node           263 at 2026-07-22 00:27:32.590 +0200
 Execution terminated because of runtime error
  Fatal in file: mod_clm_urban.F90 at line:     2712
 clm now stopping
 -------------------------------------------
 Abort called by computing node            63 at 2026-07-22 00:27:32.580 +0200
 Execution terminated because of runtime error
  Fatal in file: mod_clm_urban.F90 at line:     2712
 clm now stopping
 -------------------------------------------
 Abort called by computing node           276 at 2026-07-22 00:27:32.590 +0200
 Execution terminated because of runtime error
 Critical =                        NaN  > 0.001 !
 -------------- FATAL CALLED ---------------
  Fatal in file: mod_clm_urban.F90 at line:     2712
 clm now stopping
 -------------------------------------------
 Abort called by computing node           277 at 2026-07-22 00:27:32.590 +0200
 Execution terminated because of runtime error
 Abort called by computing node            12 at 2026-07-22 00:27:32.580 +0200
 Execution terminated because of runtime error
  Fatal in file: mod_clm_urban.F90 at line:     2712
 clm now stopping
 -------------------------------------------
 Abort called by computing node           281 at 2026-07-22 00:27:32.590 +0200
 Execution terminated because of runtime error
  Fatal in file: mod_clm_urban.F90 at line:     2712
 clm now stopping
 -------------------------------------------
 Abort called by computing node            21 at 2026-07-22 00:27:32.580 +0200
 Execution terminated because of runtime error
  Fatal in file: mod_clm_urban.F90 at line:     2712
 clm now stopping
 -------------------------------------------
 Abort called by computing node           282 at 2026-07-22 00:27:32.590 +0200
 Execution terminated because of runtime error
 Critical =                        NaN  > 0.001 !
 -------------- FATAL CALLED ---------------
  Fatal in file: mod_clm_urban.F90 at line:     2712
 clm now stopping
 -------------------------------------------
 Abort called by computing node           283 at 2026-07-22 00:27:32.590 +0200
 Execution terminated because of runtime error
 urban net longwave radiation error: no convergence
  Fatal in file: mod_clm_urban.F90 at line:     2712
 clm now stopping
 -------------------------------------------
 Abort called by computing node           284 at 2026-07-22 00:27:32.590 +0200
 Execution terminated because of runtime error
 Critical =                        NaN  > 0.001 !
 -------------- FATAL CALLED ---------------
  Fatal in file: mod_clm_urban.F90 at line:     2712
 clm now stopping
 -------------------------------------------
 Abort called by computing node           286 at 2026-07-22 00:27:32.590 +0200
 Execution terminated because of runtime error
  Fatal in file: mod_clm_urban.F90 at line:     2712
 clm now stopping
 -------------------------------------------
 Abort called by computing node            62 at 2026-07-22 00:27:32.580 +0200
 Execution terminated because of runtime error
  Fatal in file: mod_clm_urban.F90 at line:     2712
 clm now stopping
 -------------------------------------------
 Abort called by computing node           291 at 2026-07-22 00:27:32.590 +0200
 Execution terminated because of runtime error
  Fatal in file: mod_clm_urban.F90 at line:     2712
 clm now stopping
 -------------------------------------------
 Abort called by computing node            67 at 2026-07-22 00:27:32.580 +0200
 Execution terminated because of runtime error
  Fatal in file: mod_clm_urban.F90 at line:     2712
 clm now stopping
 -------------------------------------------
 Abort called by computing node           292 at 2026-07-22 00:27:32.590 +0200
 Execution terminated because of runtime error
 Critical =                        NaN  > 0.001 !
 -------------- FATAL CALLED ---------------
  Fatal in file: mod_clm_urban.F90 at line:     2712
 clm now stopping
 -------------------------------------------
 Abort called by computing node           295 at 2026-07-22 00:27:32.590 +0200
 Execution terminated because of runtime error
 urban net longwave radiation error: no convergence
  Fatal in file: mod_clm_urban.F90 at line:     2712
 clm now stopping
 -------------------------------------------
 Abort called by computing node           296 at 2026-07-22 00:27:32.590 +0200
 Execution terminated because of runtime error
 urban net longwave radiation error: no convergence
  Fatal in file: mod_clm_urban.F90 at line:     2712
 clm now stopping
 -------------------------------------------
 Abort called by computing node           299 at 2026-07-22 00:27:32.590 +0200
 Execution terminated because of runtime error
 urban net longwave radiation error: no convergence
 Abort called by computing node           203 at 2026-07-22 00:27:32.590 +0200
 Execution terminated because of runtime error
 urban net longwave radiation error: no convergence
 Abort called by computing node           204 at 2026-07-22 00:27:32.590 +0200
 Execution terminated because of runtime error
 Critical =                        NaN  > 0.001 !
 -------------- FATAL CALLED ---------------
  Fatal in file: mod_clm_urban.F90 at line:     2712
 clm now stopping
 -------------------------------------------
 urban net longwave radiation error: no convergence
 Critical =                        NaN  > 0.001 !
 -------------- FATAL CALLED ---------------
  Fatal in file: mod_clm_urban.F90 at line:     2712
 clm now stopping
 -------------------------------------------
 Abort called by computing node           183 at 2026-07-22 00:27:32.582 +0200
 Execution terminated because of runtime error
 urban net longwave radiation error: no convergence
 Critical =                        NaN  > 0.001 !
 -------------- FATAL CALLED ---------------
  Fatal in file: mod_clm_urban.F90 at line:     2712
 clm now stopping
 -------------------------------------------
 Abort called by computing node           185 at 2026-07-22 00:27:32.582 +0200
 Execution terminated because of runtime error
  Fatal in file: mod_clm_urban.F90 at line:     2712
 clm now stopping
 -------------------------------------------
 Abort called by computing node            87 at 2026-07-22 00:27:32.580 +0200
 Execution terminated because of runtime error
 Critical =                        NaN  > 0.001 !
 -------------- FATAL CALLED ---------------
  Fatal in file: mod_clm_urban.F90 at line:     2712
 clm now stopping
 -------------------------------------------
 Abort called by computing node           186 at 2026-07-22 00:27:32.582 +0200
 Execution terminated because of runtime error
 urban net longwave radiation error: no convergence
 Critical =                        NaN  > 0.001 !
 -------------- FATAL CALLED ---------------
  Fatal in file: mod_clm_urban.F90 at line:     2712
 clm now stopping
 -------------------------------------------
 Abort called by computing node           188 at 2026-07-22 00:27:32.582 +0200
 Execution terminated because of runtime error
 urban net longwave radiation error: no convergence
 Critical =                        NaN  > 0.001 !
 -------------- FATAL CALLED ---------------
  Fatal in file: mod_clm_urban.F90 at line:     2712
 clm now stopping
 -------------------------------------------
 Abort called by computing node           190 at 2026-07-22 00:27:32.582 +0200
 Execution terminated because of runtime error
 urban net longwave radiation error: no convergence
 Critical =                        NaN  > 0.001 !
 -------------- FATAL CALLED ---------------
  Fatal in file: mod_clm_urban.F90 at line:     2712
 clm now stopping
 -------------------------------------------
 Abort called by computing node           191 at 2026-07-22 00:27:32.582 +0200
 Execution terminated because of runtime error
 urban net longwave radiation error: no convergence
 Critical =                        NaN  > 0.001 !
 -------------- FATAL CALLED ---------------
  Fatal in file: mod_clm_urban.F90 at line:     2712
 clm now stopping
 -------------------------------------------
 Abort called by computing node           193 at 2026-07-22 00:27:32.582 +0200
 Execution terminated because of runtime error
 Critical =                        NaN  > 0.001 !
 -------------- FATAL CALLED ---------------
  Fatal in file: mod_clm_urban.F90 at line:     2712
 clm now stopping
 -------------------------------------------
 Abort called by computing node            57 at 2026-07-22 00:27:32.580 +0200
 Execution terminated because of runtime error
 Critical =                        NaN  > 0.001 !
 -------------- FATAL CALLED ---------------
  Fatal in file: mod_clm_urban.F90 at line:     2712
 clm now stopping
 -------------------------------------------
 Abort called by computing node           194 at 2026-07-22 00:27:32.582 +0200
 Execution terminated because of runtime error
 Abort called by computing node            73 at 2026-07-22 00:27:32.580 +0200
 Execution terminated because of runtime error
  Fatal in file: mod_clm_urban.F90 at line:     2712
 clm now stopping
 -------------------------------------------
 Abort called by computing node           195 at 2026-07-22 00:27:32.582 +0200
 Execution terminated because of runtime error
 urban net longwave radiation error: no convergence
 Critical =                        NaN  > 0.001 !
 -------------- FATAL CALLED ---------------
  Fatal in file: mod_clm_urban.F90 at line:     2712
 clm now stopping
 -------------------------------------------
 Abort called by computing node           196 at 2026-07-22 00:27:32.582 +0200
 Execution terminated because of runtime error
 Critical =                        NaN  > 0.001 !
 -------------- FATAL CALLED ---------------
  Fatal in file: mod_clm_urban.F90 at line:     2712
 clm now stopping
 -------------------------------------------
 Abort called by computing node            88 at 2026-07-22 00:27:32.580 +0200
 Execution terminated because of runtime error
 Critical =                        NaN  > 0.001 !
 -------------- FATAL CALLED ---------------
  Fatal in file: mod_clm_urban.F90 at line:     2712
 clm now stopping
 -------------------------------------------
 Abort called by computing node           197 at 2026-07-22 00:27:32.582 +0200
 Execution terminated because of runtime error
 urban net longwave radiation error: no convergence
 Critical =                        NaN  > 0.001 !
 -------------- FATAL CALLED ---------------
  Fatal in file: mod_clm_urban.F90 at line:     2712
 clm now stopping
 -------------------------------------------
 Abort called by computing node           198 at 2026-07-22 00:27:32.582 +0200
 Execution terminated because of runtime error
 urban net longwave radiation error: no convergence
 Critical =                        NaN  > 0.001 !
 -------------- FATAL CALLED ---------------
  Fatal in file: mod_clm_urban.F90 at line:     2712
 clm now stopping
 -------------------------------------------
 Abort called by computing node           100 at 2026-07-22 00:27:32.582 +0200
 Execution terminated because of runtime error
 Critical =                        NaN  > 0.001 !
 -------------- FATAL CALLED ---------------
  Fatal in file: mod_clm_urban.F90 at line:     2712
 clm now stopping
 -------------------------------------------
 Abort called by computing node           101 at 2026-07-22 00:27:32.582 +0200
 Execution terminated because of runtime error
 Critical =                        NaN  > 0.001 !
 -------------- FATAL CALLED ---------------
  Fatal in file: mod_clm_urban.F90 at line:     2712
 clm now stopping
 -------------------------------------------
 Abort called by computing node           102 at 2026-07-22 00:27:32.582 +0200
 Execution terminated because of runtime error
 Critical =                        NaN  > 0.001 !
 -------------- FATAL CALLED ---------------
  Fatal in file: mod_clm_urban.F90 at line:     2712
 clm now stopping
 -------------------------------------------
 Abort called by computing node           105 at 2026-07-22 00:27:32.582 +0200
 Execution terminated because of runtime error
 urban net longwave radiation error: no convergence
  Fatal in file: mod_clm_urban.F90 at line:     2712
 clm now stopping
 -------------------------------------------
 Abort called by computing node           106 at 2026-07-22 00:27:32.582 +0200
 Execution terminated because of runtime error
  Fatal in file: mod_clm_urban.F90 at line:     2712
 clm now stopping
 -------------------------------------------
 Abort called by computing node            43 at 2026-07-22 00:27:32.580 +0200
 Execution terminated because of runtime error
  Fatal in file: mod_clm_urban.F90 at line:     2712
 clm now stopping
 -------------------------------------------
 Abort called by computing node           107 at 2026-07-22 00:27:32.582 +0200
 Execution terminated because of runtime error
 urban net longwave radiation error: no convergence
  Fatal in file: mod_clm_urban.F90 at line:     2712
 clm now stopping
 -------------------------------------------
 Abort called by computing node           108 at 2026-07-22 00:27:32.582 +0200
 Execution terminated because of runtime error
 Critical =                        NaN  > 0.001 !
 -------------- FATAL CALLED ---------------
  Fatal in file: mod_clm_urban.F90 at line:     2712
 clm now stopping
 -------------------------------------------
 Abort called by computing node           109 at 2026-07-22 00:27:32.582 +0200
 Execution terminated because of runtime error
 urban net longwave radiation error: no convergence
  Fatal in file: mod_clm_urban.F90 at line:     2712
 clm now stopping
 -------------------------------------------
 Abort called by computing node           110 at 2026-07-22 00:27:32.582 +0200
 Execution terminated because of runtime error
  Fatal in file: mod_clm_urban.F90 at line:     2712
 clm now stopping
 -------------------------------------------
 Abort called by computing node            80 at 2026-07-22 00:27:32.580 +0200
 Execution terminated because of runtime error
  Fatal in file: mod_clm_urban.F90 at line:     2712
 clm now stopping
 -------------------------------------------
 Abort called by computing node           111 at 2026-07-22 00:27:32.582 +0200
 Execution terminated because of runtime error
 urban net longwave radiation error: no convergence
  Fatal in file: mod_clm_urban.F90 at line:     2712
 clm now stopping
 -------------------------------------------
 Abort called by computing node           112 at 2026-07-22 00:27:32.582 +0200
 Execution terminated because of runtime error
 Critical =                        NaN  > 0.001 !
 -------------- FATAL CALLED ---------------
  Fatal in file: mod_clm_urban.F90 at line:     2712
 clm now stopping
 -------------------------------------------
  Fatal in file: mod_clm_urban.F90 at line:     2712
 clm now stopping
 -------------------------------------------
 Abort called by computing node           113 at 2026-07-22 00:27:32.582 +0200
 Execution terminated because of runtime error
 urban net longwave radiation error: no convergence
  Fatal in file: mod_clm_urban.F90 at line:     2712
 clm now stopping
 -------------------------------------------
 Abort called by computing node           114 at 2026-07-22 00:27:32.582 +0200
 Execution terminated because of runtime error
 Critical =                        NaN  > 0.001 !
 -------------- FATAL CALLED ---------------
 Critical =                        NaN  > 0.001 !
 -------------- FATAL CALLED ---------------
  Fatal in file: mod_clm_urban.F90 at line:     2712
 clm now stopping
 -------------------------------------------
 Abort called by computing node           115 at 2026-07-22 00:27:32.582 +0200
 Execution terminated because of runtime error
  Fatal in file: mod_clm_urban.F90 at line:     2712
 clm now stopping
 -------------------------------------------
 Abort called by computing node            44 at 2026-07-22 00:27:32.581 +0200
 Execution terminated because of runtime error
 Critical =                        NaN  > 0.001 !
 -------------- FATAL CALLED ---------------
  Fatal in file: mod_clm_urban.F90 at line:     2712
 clm now stopping
 -------------------------------------------
 Abort called by computing node           116 at 2026-07-22 00:27:32.582 +0200
 Execution terminated because of runtime error
 urban net longwave radiation error: no convergence
  Fatal in file: mod_clm_urban.F90 at line:     2712
 clm now stopping
 -------------------------------------------
 Abort called by computing node           117 at 2026-07-22 00:27:32.582 +0200
 Execution terminated because of runtime error
 Abort called by computing node            55 at 2026-07-22 00:27:32.581 +0200
 Execution terminated because of runtime error
  Fatal in file: mod_clm_urban.F90 at line:     2712
 clm now stopping
 -------------------------------------------
 Abort called by computing node           118 at 2026-07-22 00:27:32.582 +0200
 Execution terminated because of runtime error
 urban net longwave radiation error: no convergence
  Fatal in file: mod_clm_urban.F90 at line:     2712
 clm now stopping
 -------------------------------------------
 Abort called by computing node           120 at 2026-07-22 00:27:32.582 +0200
 Execution terminated because of runtime error
  Fatal in file: mod_clm_urban.F90 at line:     2712
 clm now stopping
 -------------------------------------------
  Fatal in file: mod_clm_urban.F90 at line:     2712
 clm now stopping
 -------------------------------------------
 Abort called by computing node           121 at 2026-07-22 00:27:32.582 +0200
 Execution terminated because of runtime error
  Fatal in file: mod_clm_urban.F90 at line:     2712
 clm now stopping
 -------------------------------------------
  Fatal in file: mod_clm_urban.F90 at line:     2712
 clm now stopping
 -------------------------------------------
 Abort called by computing node           123 at 2026-07-22 00:27:32.582 +0200
 Execution terminated because of runtime error
 Critical =                        NaN  > 0.001 !
 -------------- FATAL CALLED ---------------
  Fatal in file: mod_clm_urban.F90 at line:     2712
 clm now stopping
 -------------------------------------------
 Abort called by computing node           124 at 2026-07-22 00:27:32.582 +0200
 Execution terminated because of runtime error
 urban net longwave radiation error: no convergence
 Abort called by computing node           125 at 2026-07-22 00:27:32.582 +0200
 Execution terminated because of runtime error
 Critical =                        NaN  > 0.001 !
 -------------- FATAL CALLED ---------------
  Fatal in file: mod_clm_urban.F90 at line:     2712
 clm now stopping
 -------------------------------------------
 Critical =                        NaN  > 0.001 !
 -------------- FATAL CALLED ---------------
  Fatal in file: mod_clm_urban.F90 at line:     2712
 clm now stopping
 -------------------------------------------
 Abort called by computing node           127 at 2026-07-22 00:27:32.582 +0200
 Execution terminated because of runtime error
 Critical =                        NaN  > 0.001 !
 -------------- FATAL CALLED ---------------
 Abort called by computing node           128 at 2026-07-22 00:27:32.582 +0200
 Execution terminated because of runtime error
 Abort called by computing node            37 at 2026-07-22 00:27:32.581 +0200
 Execution terminated because of runtime error
 Critical =                        NaN  > 0.001 !
 -------------- FATAL CALLED ---------------
  Fatal in file: mod_clm_urban.F90 at line:     2712
 clm now stopping
 -------------------------------------------
 Abort called by computing node           130 at 2026-07-22 00:27:32.582 +0200
 Execution terminated because of runtime error
 Critical =                        NaN  > 0.001 !
 -------------- FATAL CALLED ---------------
  Fatal in file: mod_clm_urban.F90 at line:     2712
 clm now stopping
 -------------------------------------------
 Abort called by computing node            40 at 2026-07-22 00:27:32.581 +0200
 Execution terminated because of runtime error
  Fatal in file: mod_clm_urban.F90 at line:     2712
 clm now stopping
 -------------------------------------------
 Abort called by computing node           131 at 2026-07-22 00:27:32.582 +0200
 Execution terminated because of runtime error
 urban net longwave radiation error: no convergence
 Critical =                        NaN  > 0.001 !
 -------------- FATAL CALLED ---------------
  Fatal in file: mod_clm_urban.F90 at line:     2712
 clm now stopping
 -------------------------------------------
 Abort called by computing node           132 at 2026-07-22 00:27:32.582 +0200
 Execution terminated because of runtime error
 Abort called by computing node            60 at 2026-07-22 00:27:32.581 +0200
 Execution terminated because of runtime error
 Abort called by computing node           133 at 2026-07-22 00:27:32.582 +0200
 Execution terminated because of runtime error
  Fatal in file: mod_clm_urban.F90 at line:     2712
 clm now stopping
 -------------------------------------------
 Abort called by computing node            94 at 2026-07-22 00:27:32.581 +0200
 Execution terminated because of runtime error
 Abort called by computing node           134 at 2026-07-22 00:27:32.582 +0200
 Execution terminated because of runtime error
 Critical =                        NaN  > 0.001 !
 -------------- FATAL CALLED ---------------
 Abort called by computing node           137 at 2026-07-22 00:27:32.582 +0200
 Execution terminated because of runtime error
 Abort called by computing node            22 at 2026-07-22 00:27:32.581 +0200
 Execution terminated because of runtime error
  Fatal in file: mod_clm_urban.F90 at line:     2712
 clm now stopping
 -------------------------------------------
 Abort called by computing node           138 at 2026-07-22 00:27:32.582 +0200
 Execution terminated because of runtime error
 Critical =                        NaN  > 0.001 !
 -------------- FATAL CALLED ---------------
  Fatal in file: mod_clm_urban.F90 at line:     2712
 clm now stopping
 -------------------------------------------
 Abort called by computing node           139 at 2026-07-22 00:27:32.582 +0200
 Execution terminated because of runtime error
  Fatal in file: mod_clm_urban.F90 at line:     2712
 clm now stopping
 -------------------------------------------
 Abort called by computing node            46 at 2026-07-22 00:27:32.581 +0200
  Fatal in file: mod_clm_urban.F90 at line:     2712
 clm now stopping
 -------------------------------------------
 Abort called by computing node           141 at 2026-07-22 00:27:32.582 +0200
 Execution terminated because of runtime error
 urban net longwave radiation error: no convergence
  Fatal in file: mod_clm_urban.F90 at line:     2712
 clm now stopping
 -------------------------------------------
 Abort called by computing node           143 at 2026-07-22 00:27:32.582 +0200
 Execution terminated because of runtime error
 urban net longwave radiation error: no convergence
  Fatal in file: mod_clm_urban.F90 at line:     2712
 clm now stopping
 -------------------------------------------
 Abort called by computing node           147 at 2026-07-22 00:27:32.582 +0200
 Execution terminated because of runtime error
 Critical =                        NaN  > 0.001 !
 -------------- FATAL CALLED ---------------
  Fatal in file: mod_clm_urban.F90 at line:     2712
 clm now stopping
 -------------------------------------------
 Abort called by computing node           148 at 2026-07-22 00:27:32.582 +0200
 Execution terminated because of runtime error
  Fatal in file: mod_clm_urban.F90 at line:     2712
 clm now stopping
 -------------------------------------------
 Abort called by computing node            14 at 2026-07-22 00:27:32.581 +0200
 Execution terminated because of runtime error
  Fatal in file: mod_clm_urban.F90 at line:     2712
 clm now stopping
 -------------------------------------------
 Abort called by computing node           150 at 2026-07-22 00:27:32.582 +0200
 Execution terminated because of runtime error
  Fatal in file: mod_clm_urban.F90 at line:     2712
 clm now stopping
 -------------------------------------------
 Abort called by computing node            26 at 2026-07-22 00:27:32.581 +0200
 Execution terminated because of runtime error
  Fatal in file: mod_clm_urban.F90 at line:     2712
 clm now stopping
 -------------------------------------------
 Abort called by computing node           152 at 2026-07-22 00:27:32.582 +0200
 Execution terminated because of runtime error
 Critical =                        NaN  > 0.001 !
 -------------- FATAL CALLED ---------------
 Critical =                        NaN  > 0.001 !
 -------------- FATAL CALLED ---------------
  Fatal in file: mod_clm_urban.F90 at line:     2712
 clm now stopping
 -------------------------------------------
 Abort called by computing node           154 at 2026-07-22 00:27:32.582 +0200
 Execution terminated because of runtime error
  Fatal in file: mod_clm_urban.F90 at line:     2712
 clm now stopping
 -------------------------------------------
  Fatal in file: mod_clm_urban.F90 at line:     2712
 clm now stopping
 -------------------------------------------
 Abort called by computing node           163 at 2026-07-22 00:27:32.582 +0200
 Execution terminated because of runtime error
 Execution terminated because of runtime error
  Fatal in file: mod_clm_urban.F90 at line:     2712
 clm now stopping
 -------------------------------------------
 Abort called by computing node           166 at 2026-07-22 00:27:32.582 +0200
 Execution terminated because of runtime error
 Critical =                        NaN  > 0.001 !
 -------------- FATAL CALLED ---------------
  Fatal in file: mod_clm_urban.F90 at line:     2712
 clm now stopping
 -------------------------------------------
 Abort called by computing node           169 at 2026-07-22 00:27:32.582 +0200
 Execution terminated because of runtime error
 Critical =                        NaN  > 0.001 !
 -------------- FATAL CALLED ---------------
  Fatal in file: mod_clm_urban.F90 at line:     2712
 clm now stopping
 Critical =                        NaN  > 0.001 !
 -------------- FATAL CALLED ---------------
  Fatal in file: mod_clm_urban.F90 at line:     2712
 clm now stopping
 -------------------------------------------
 Abort called by computing node           170 at 2026-07-22 00:27:32.582 +0200
 Execution terminated because of runtime error
 Critical =                        NaN  > 0.001 !
 -------------- FATAL CALLED ---------------
 Critical =                        NaN  > 0.001 !
 -------------- FATAL CALLED ---------------
  Fatal in file: mod_clm_urban.F90 at line:     2712
 clm now stopping
 -------------------------------------------
 Abort called by computing node           172 at 2026-07-22 00:27:32.582 +0200
 Execution terminated because of runtime error
 Abort called by computing node            38 at 2026-07-22 00:27:32.581 +0200
 Execution terminated because of runtime error
  Fatal in file: mod_clm_urban.F90 at line:     2712
 clm now stopping
 -------------------------------------------
 Abort called by computing node           174 at 2026-07-22 00:27:32.582 +0200
 Execution terminated because of runtime error
 urban net longwave radiation error: no convergence
  Fatal in file: mod_clm_urban.F90 at line:     2712
 clm now stopping
 -------------------------------------------
 Abort called by computing node           175 at 2026-07-22 00:27:32.582 +0200
 Execution terminated because of runtime error
 -------------------------------------------
 Abort called by computing node            53 at 2026-07-22 00:27:32.581 +0200
 Execution terminated because of runtime error
  Fatal in file: mod_clm_urban.F90 at line:     2712
 clm now stopping
 -------------------------------------------
 Abort called by computing node           177 at 2026-07-22 00:27:32.582 +0200
 Execution terminated because of runtime error
 Critical =                        NaN  > 0.001 !
 -------------- FATAL CALLED ---------------
  Fatal in file: mod_clm_urban.F90 at line:     2712
 clm now stopping
 -------------------------------------------
 Abort called by computing node           178 at 2026-07-22 00:27:32.582 +0200
 Execution terminated because of runtime error
  Fatal in file: mod_clm_urban.F90 at line:     2712
 clm now stopping
 -------------------------------------------
 Abort called by computing node            33 at 2026-07-22 00:27:32.581 +0200
 Execution terminated because of runtime error
 Critical =                        NaN  > 0.001 !
 -------------- FATAL CALLED ---------------
  Fatal in file: mod_clm_urban.F90 at line:     2712
 clm now stopping
 -------------------------------------------
 Abort called by computing node           180 at 2026-07-22 00:27:32.582 +0200
 Execution terminated because of runtime error
 Critical =                        NaN  > 0.001 !
 -------------- FATAL CALLED ---------------
  Fatal in file: mod_clm_urban.F90 at line:     2712
 clm now stopping
 -------------------------------------------
 Abort called by computing node           181 at 2026-07-22 00:27:32.582 +0200
 Execution terminated because of runtime error
 urban net longwave radiation error: no convergence
 Critical =                        NaN  > 0.001 !
 -------------- FATAL CALLED ---------------
  Fatal in file: mod_clm_urban.F90 at line:     2712
 clm now stopping
 -------------------------------------------
 Abort called by computing node           182 at 2026-07-22 00:27:32.582 +0200
 Execution terminated because of runtime error
 Critical =                        NaN  > 0.001 !
 -------------- FATAL CALLED ---------------
  Fatal in file: mod_clm_urban.F90 at line:     2712
 clm now stopping
 -------------------------------------------
 Abort called by computing node           184 at 2026-07-22 00:27:32.582 +0200
 Execution terminated because of runtime error
 Critical =                        NaN  > 0.001 !
 -------------- FATAL CALLED ---------------
  Fatal in file: mod_clm_urban.F90 at line:     2712
 clm now stopping
 -------------------------------------------
 Abort called by computing node           187 at 2026-07-22 00:27:32.582 +0200
 Execution terminated because of runtime error
  Fatal in file: mod_clm_urban.F90 at line:     2712
 clm now stopping
 -------------------------------------------
 Abort called by computing node            78 at 2026-07-22 00:27:32.581 +0200
 Execution terminated because of runtime error
  Fatal in file: mod_clm_urban.F90 at line:     2712
 clm now stopping
 -------------------------------------------
 Abort called by computing node           189 at 2026-07-22 00:27:32.582 +0200
 Execution terminated because of runtime error
  Fatal in file: mod_clm_urban.F90 at line:     2712
 clm now stopping
 -------------------------------------------
 Abort called by computing node            86 at 2026-07-22 00:27:32.581 +0200
 Execution terminated because of runtime error
  Fatal in file: mod_clm_urban.F90 at line:     2712
 clm now stopping
 -------------------------------------------
 Abort called by computing node           192 at 2026-07-22 00:27:32.582 +0200
 Execution terminated because of runtime error
 Critical =                        NaN  > 0.001 !
 -------------- FATAL CALLED ---------------
  Fatal in file: mod_clm_urban.F90 at line:     2712
 clm now stopping
 -------------------------------------------
  Fatal in file: mod_clm_urban.F90 at line:     2712
 clm now stopping
 -------------------------------------------
 Abort called by computing node           199 at 2026-07-22 00:27:32.582 +0200
 Execution terminated because of runtime error
  Fatal in file: mod_clm_urban.F90 at line:     2712
 clm now stopping
 -------------------------------------------
 Abort called by computing node            34 at 2026-07-22 00:27:32.581 +0200
 Execution terminated because of runtime error
 Critical =                        NaN  > 0.001 !
 -------------- FATAL CALLED ---------------
  Fatal in file: mod_clm_urban.F90 at line:     2712
 clm now stopping
 -------------------------------------------
 Abort called by computing node           736 at 2026-07-22 00:27:32.583 +0200
 Execution terminated because of runtime error
 Critical =                        NaN  > 0.001 !
  Fatal in file: mod_clm_urban.F90 at line:     2712
 clm now stopping
 -------------------------------------------
 Abort called by computing node           738 at 2026-07-22 00:27:32.583 +0200
 Execution terminated because of runtime error
  Fatal in file: mod_clm_urban.F90 at line:     2712
 clm now stopping
 -------------------------------------------
 Abort called by computing node            76 at 2026-07-22 00:27:32.581 +0200
 Execution terminated because of runtime error
 Critical =                        NaN  > 0.001 !
 -------------- FATAL CALLED ---------------
  Fatal in file: mod_clm_urban.F90 at line:     2712
 clm now stopping
 -------------------------------------------
 Abort called by computing node           739 at 2026-07-22 00:27:32.583 +0200
 Execution terminated because of runtime error
 Abort called by computing node            23 at 2026-07-22 00:27:32.581 +0200
 Execution terminated because of runtime error
 Critical =                        NaN  > 0.001 !
 -------------- FATAL CALLED ---------------
  Fatal in file: mod_clm_urban.F90 at line:     2712
 clm now stopping
 -------------------------------------------
 Abort called by computing node           740 at 2026-07-22 00:27:32.583 +0200
 Execution terminated because of runtime error
 urban net longwave radiation error: no convergence
  Fatal in file: mod_clm_urban.F90 at line:     2712
 clm now stopping
 -------------------------------------------
 Abort called by computing node           741 at 2026-07-22 00:27:32.583 +0200
 Execution terminated because of runtime error
 Critical =                        NaN  > 0.001 !
 -------------- FATAL CALLED ---------------
 Critical =                        NaN  > 0.001 !
 -------------- FATAL CALLED ---------------
  Fatal in file: mod_clm_urban.F90 at line:     2712
 clm now stopping
 -------------------------------------------
 Abort called by computing node           743 at 2026-07-22 00:27:32.583 +0200
 Execution terminated because of runtime error
  Fatal in file: mod_clm_urban.F90 at line:     2712
 clm now stopping
 -------------------------------------------
 Abort called by computing node            47 at 2026-07-22 00:27:32.581 +0200
 Execution terminated because of runtime error
  Fatal in file: mod_clm_urban.F90 at line:     2712
 clm now stopping
 -------------------------------------------
 Abort called by computing node           744 at 2026-07-22 00:27:32.583 +0200
 Execution terminated because of runtime error
 -------------- FATAL CALLED ---------------
  Fatal in file: mod_clm_urban.F90 at line:     2712
 clm now stopping
 -------------------------------------------
 Critical =                        NaN  > 0.001 !
 -------------- FATAL CALLED ---------------
  Fatal in file: mod_clm_urban.F90 at line:     2712
 clm now stopping
 -------------------------------------------
 Abort called by computing node           745 at 2026-07-22 00:27:32.583 +0200
 Execution terminated because of runtime error
  Fatal in file: mod_clm_urban.F90 at line:     2712
 clm now stopping
 -------------------------------------------
 Critical =                        NaN  > 0.001 !
 -------------- FATAL CALLED ---------------
  Fatal in file: mod_clm_urban.F90 at line:     2712
 clm now stopping
 -------------------------------------------
 Abort called by computing node           746 at 2026-07-22 00:27:32.583 +0200
 Execution terminated because of runtime error
 Critical =                        NaN  > 0.001 !
 -------------- FATAL CALLED ---------------
  Fatal in file: mod_clm_urban.F90 at line:     2712
 clm now stopping
 -------------------------------------------
 Abort called by computing node           747 at 2026-07-22 00:27:32.583 +0200
 Execution terminated because of runtime error
  Fatal in file: mod_clm_urban.F90 at line:     2712
 clm now stopping
 -------------------------------------------
 Abort called by computing node            42 at 2026-07-22 00:27:32.581 +0200
 Execution terminated because of runtime error
 Critical =                        NaN  > 0.001 !
 -------------- FATAL CALLED ---------------
  Fatal in file: mod_clm_urban.F90 at line:     2712
 clm now stopping
 -------------------------------------------
 Abort called by computing node           748 at 2026-07-22 00:27:32.583 +0200
 Execution terminated because of runtime error
 Abort called by computing node            48 at 2026-07-22 00:27:32.581 +0200
 Execution terminated because of runtime error
  Fatal in file: mod_clm_urban.F90 at line:     2712
 clm now stopping
 -------------------------------------------
 Abort called by computing node           749 at 2026-07-22 00:27:32.582 +0200
 Execution terminated because of runtime error
 Critical =                        NaN  > 0.001 !
 -------------- FATAL CALLED ---------------
 Critical =                        NaN  > 0.001 !
 -------------- FATAL CALLED ---------------
  Fatal in file: mod_clm_urban.F90 at line:     2712
 clm now stopping
 -------------------------------------------
 Abort called by computing node           750 at 2026-07-22 00:27:32.583 +0200
 Execution terminated because of runtime error
 Critical =                        NaN  > 0.001 !
 -------------- FATAL CALLED ---------------
  Fatal in file: mod_clm_urban.F90 at line:     2712
 clm now stopping
 -------------------------------------------
  Fatal in file: mod_clm_urban.F90 at line:     2712
 clm now stopping
 -------------------------------------------
 Abort called by computing node           751 at 2026-07-22 00:27:32.583 +0200
 Execution terminated because of runtime error
 Abort called by computing node             5 at 2026-07-22 00:27:32.581 +0200
 Execution terminated because of runtime error
 Critical =                        NaN  > 0.001 !
 -------------- FATAL CALLED ---------------
  Fatal in file: mod_clm_urban.F90 at line:     2712
 clm now stopping
 -------------------------------------------
 Abort called by computing node           753 at 2026-07-22 00:27:32.583 +0200
 Execution terminated because of runtime error
 Critical =                        NaN  > 0.001 !
 -------------- FATAL CALLED ---------------
 Critical =                        NaN  > 0.001 !
 -------------- FATAL CALLED ---------------
  Fatal in file: mod_clm_urban.F90 at line:     2712
 clm now stopping
 -------------------------------------------
 Abort called by computing node           755 at 2026-07-22 00:27:32.583 +0200
 Execution terminated because of runtime error
 Critical =                        NaN  > 0.001 !
 Critical =                        NaN  > 0.001 !
 -------------- FATAL CALLED ---------------
  Fatal in file: mod_clm_urban.F90 at line:     2712
 clm now stopping
 -------------------------------------------
 Abort called by computing node           756 at 2026-07-22 00:27:32.583 +0200
 Execution terminated because of runtime error
  Fatal in file: mod_clm_urban.F90 at line:     2712
 clm now stopping
 -------------------------------------------
 Abort called by computing node            31 at 2026-07-22 00:27:32.581 +0200
 Execution terminated because of runtime error
 -------------------------------------------
 Abort called by computing node           757 at 2026-07-22 00:27:32.583 +0200
 Execution terminated because of runtime error
  Fatal in file: mod_clm_urban.F90 at line:     2712
 clm now stopping
 -------------------------------------------
 Abort called by computing node            39 at 2026-07-22 00:27:32.581 +0200
 Execution terminated because of runtime error
  Fatal in file: mod_clm_urban.F90 at line:     2712
 clm now stopping
 -------------------------------------------
 Abort called by computing node           758 at 2026-07-22 00:27:32.583 +0200
 Execution terminated because of runtime error
 Abort called by computing node            52 at 2026-07-22 00:27:32.581 +0200
 Execution terminated because of runtime error
  Fatal in file: mod_clm_urban.F90 at line:     2712
 clm now stopping
 -------------------------------------------
 Abort called by computing node           759 at 2026-07-22 00:27:32.583 +0200
 Execution terminated because of runtime error
 Critical =                        NaN  > 0.001 !
 -------------- FATAL CALLED ---------------
 Critical =                        NaN  > 0.001 !
 -------------- FATAL CALLED ---------------
  Fatal in file: mod_clm_urban.F90 at line:     2712
 clm now stopping
 -------------------------------------------
 Abort called by computing node           760 at 2026-07-22 00:27:32.583 +0200
 Execution terminated because of runtime error
 -------------- FATAL CALLED ---------------
  Fatal in file: mod_clm_urban.F90 at line:     2712
 clm now stopping
 -------------------------------------------
 Critical =                        NaN  > 0.001 !
 -------------- FATAL CALLED ---------------
  Fatal in file: mod_clm_urban.F90 at line:     2712
 clm now stopping
 -------------------------------------------
 Abort called by computing node           761 at 2026-07-22 00:27:32.583 +0200
 Execution terminated because of runtime error
  Fatal in file: mod_clm_urban.F90 at line:     2712
 clm now stopping
 -------------------------------------------
 Abort called by computing node            49 at 2026-07-22 00:27:32.581 +0200
 Execution terminated because of runtime error
 Critical =                        NaN  > 0.001 !
 -------------- FATAL CALLED ---------------
  Fatal in file: mod_clm_urban.F90 at line:     2712
 clm now stopping
 -------------------------------------------
 Abort called by computing node           762 at 2026-07-22 00:27:32.583 +0200
 Execution terminated because of runtime error
 Critical =                        NaN  > 0.001 !
 -------------- FATAL CALLED ---------------
 Critical =                        NaN  > 0.001 !
 -------------- FATAL CALLED ---------------
  Fatal in file: mod_clm_urban.F90 at line:     2712
 clm now stopping
 -------------------------------------------
 Abort called by computing node           764 at 2026-07-22 00:27:32.583 +0200
 Execution terminated because of runtime error
  Fatal in file: mod_clm_urban.F90 at line:     2712
 clm now stopping
 -------------------------------------------
 Critical =                        NaN  > 0.001 !
 -------------- FATAL CALLED ---------------
  Fatal in file: mod_clm_urban.F90 at line:     2712
 clm now stopping
 -------------------------------------------
 Abort called by computing node           765 at 2026-07-22 00:27:32.583 +0200
 Execution terminated because of runtime error
 Abort called by computing node            20 at 2026-07-22 00:27:32.581 +0200
 Execution terminated because of runtime error
 Critical =                        NaN  > 0.001 !
 -------------- FATAL CALLED ---------------
  Fatal in file: mod_clm_urban.F90 at line:     2712
 clm now stopping
 -------------------------------------------
 Abort called by computing node           766 at 2026-07-22 00:27:32.583 +0200
 Execution terminated because of runtime error
 Critical =                        NaN  > 0.001 !
 -------------- FATAL CALLED ---------------
 Critical =                        NaN  > 0.001 !
 -------------- FATAL CALLED ---------------
  Fatal in file: mod_clm_urban.F90 at line:     2712
 clm now stopping
 -------------------------------------------
 Abort called by computing node           767 at 2026-07-22 00:27:32.583 +0200
 Execution terminated because of runtime error
 Critical =                        NaN  > 0.001 !
 -------------- FATAL CALLED ---------------
  Fatal in file: mod_clm_urban.F90 at line:     2712
 clm now stopping
 -------------------------------------------
 Critical =                        NaN  > 0.001 !
 -------------- FATAL CALLED ---------------
  Fatal in file: mod_clm_urban.F90 at line:     2712
 clm now stopping
 -------------------------------------------
 Abort called by computing node           768 at 2026-07-22 00:27:32.583 +0200
 Execution terminated because of runtime error
 Critical =                        NaN  > 0.001 !
 -------------- FATAL CALLED ---------------
  Fatal in file: mod_clm_urban.F90 at line:     2712
 clm now stopping
 -------------------------------------------
 Critical =                        NaN  > 0.001 !
 -------------- FATAL CALLED ---------------
  Fatal in file: mod_clm_urban.F90 at line:     2712
 clm now stopping
 -------------------------------------------
 Abort called by computing node           769 at 2026-07-22 00:27:32.583 +0200
 Execution terminated because of runtime error
 Critical =                        NaN  > 0.001 !
 -------------- FATAL CALLED ---------------
  Fatal in file: mod_clm_urban.F90 at line:     2712
 clm now stopping
 -------------------------------------------
 Critical =                        NaN  > 0.001 !
 -------------- FATAL CALLED ---------------
  Fatal in file: mod_clm_urban.F90 at line:     2712
 clm now stopping
 -------------------------------------------
 Abort called by computing node           770 at 2026-07-22 00:27:32.582 +0200
 Execution terminated because of runtime error
 Critical =                        NaN  > 0.001 !
 -------------- FATAL CALLED ---------------
  Fatal in file: mod_clm_urban.F90 at line:     2712
 clm now stopping
 -------------------------------------------
 Critical =                        NaN  > 0.001 !
 -------------- FATAL CALLED ---------------
  Fatal in file: mod_clm_urban.F90 at line:     2712
 clm now stopping
 -------------------------------------------
 Abort called by computing node           772 at 2026-07-22 00:27:32.583 +0200
 Execution terminated because of runtime error
  Fatal in file: mod_clm_urban.F90 at line:     2712
 clm now stopping
 -------------------------------------------
 Abort called by computing node            59 at 2026-07-22 00:27:32.581 +0200
 Execution terminated because of runtime error
 Critical =                        NaN  > 0.001 !
 -------------- FATAL CALLED ---------------
  Fatal in file: mod_clm_urban.F90 at line:     2712
 clm now stopping
 -------------------------------------------
 Abort called by computing node           773 at 2026-07-22 00:27:32.583 +0200
 Execution terminated because of runtime error
  Fatal in file: mod_clm_urban.F90 at line:     2712
 clm now stopping
 -------------------------------------------
 Abort called by computing node            68 at 2026-07-22 00:27:32.581 +0200
 Execution terminated because of runtime error
 Critical =                        NaN  > 0.001 !
 -------------- FATAL CALLED ---------------
  Fatal in file: mod_clm_urban.F90 at line:     2712
 clm now stopping
 -------------------------------------------
 Abort called by computing node           774 at 2026-07-22 00:27:32.583 +0200
 Execution terminated because of runtime error
 Critical =                        NaN  > 0.001 !
 -------------- FATAL CALLED ---------------
  Fatal in file: mod_clm_urban.F90 at line:     2712
 clm now stopping
 -------------------------------------------
 Critical =                        NaN  > 0.001 !
 -------------- FATAL CALLED ---------------
  Fatal in file: mod_clm_urban.F90 at line:     2712
 clm now stopping
 -------------------------------------------
 Abort called by computing node           775 at 2026-07-22 00:27:32.583 +0200
 Execution terminated because of runtime error
 Abort called by computing node            11 at 2026-07-22 00:27:32.581 +0200
 Execution terminated because of runtime error
  Fatal in file: mod_clm_urban.F90 at line:     2712
 clm now stopping
 -------------------------------------------
 Abort called by computing node           776 at 2026-07-22 00:27:32.583 +0200
 Execution terminated because of runtime error
  Fatal in file: mod_clm_urban.F90 at line:     2712
 clm now stopping
 -------------------------------------------
 Abort called by computing node            24 at 2026-07-22 00:27:32.581 +0200
 Execution terminated because of runtime error
  Fatal in file: mod_clm_urban.F90 at line:     2712
 clm now stopping
 -------------------------------------------
 Abort called by computing node           777 at 2026-07-22 00:27:32.583 +0200
 Execution terminated because of runtime error
 Abort called by computing node            30 at 2026-07-22 00:27:32.581 +0200
 Execution terminated because of runtime error
  Fatal in file: mod_clm_urban.F90 at line:     2712
 clm now stopping
 -------------------------------------------
 Abort called by computing node           778 at 2026-07-22 00:27:32.582 +0200
 Execution terminated because of runtime error
 Abort called by computing node            45 at 2026-07-22 00:27:32.581 +0200
 Execution terminated because of runtime error
 Critical =                        NaN  > 0.001 !
 -------------- FATAL CALLED ---------------
  Fatal in file: mod_clm_urban.F90 at line:     2712
 clm now stopping
 -------------------------------------------
 Abort called by computing node           782 at 2026-07-22 00:27:32.583 +0200
 Execution terminated because of runtime error
 Critical =                        NaN  > 0.001 !
 -------------- FATAL CALLED ---------------
  Fatal in file: mod_clm_urban.F90 at line:     2712
 clm now stopping
 -------------------------------------------
 Abort called by computing node            50 at 2026-07-22 00:27:32.581 +0200
 Execution terminated because of runtime error
 Critical =                        NaN  > 0.001 !
 -------------- FATAL CALLED ---------------
  Fatal in file: mod_clm_urban.F90 at line:     2712
 clm now stopping
 -------------------------------------------
 Abort called by computing node           784 at 2026-07-22 00:27:32.583 +0200
 Execution terminated because of runtime error
 Abort called by computing node            56 at 2026-07-22 00:27:32.581 +0200
 Execution terminated because of runtime error
 Critical =                        NaN  > 0.001 !
 -------------- FATAL CALLED ---------------
  Fatal in file: mod_clm_urban.F90 at line:     2712
 clm now stopping
 -------------------------------------------
 Abort called by computing node           785 at 2026-07-22 00:27:32.582 +0200
 Execution terminated because of runtime error
 Abort called by computing node            58 at 2026-07-22 00:27:32.581 +0200
 Execution terminated because of runtime error
  Fatal in file: mod_clm_urban.F90 at line:     2712
 clm now stopping
 -------------------------------------------
 Abort called by computing node           786 at 2026-07-22 00:27:32.583 +0200
 Execution terminated because of runtime error
 Abort called by computing node            83 at 2026-07-22 00:27:32.581 +0200
 Execution terminated because of runtime error
 Critical =                        NaN  > 0.001 !
 -------------- FATAL CALLED ---------------
  Fatal in file: mod_clm_urban.F90 at line:     2712
 clm now stopping
 -------------------------------------------
 Abort called by computing node           788 at 2026-07-22 00:27:32.583 +0200
 Execution terminated because of runtime error
  Fatal in file: mod_clm_urban.F90 at line:     2712
 clm now stopping
 -------------------------------------------
 Abort called by computing node           789 at 2026-07-22 00:27:32.583 +0200
 Execution terminated because of runtime error
 Critical =                        NaN  > 0.001 !
 -------------- FATAL CALLED ---------------
  Fatal in file: mod_clm_urban.F90 at line:     2712
 clm now stopping
 -------------------------------------------
 Abort called by computing node           301 at 2026-07-22 00:27:32.583 +0200
 Execution terminated because of runtime error
 Critical =                        NaN  > 0.001 !
 -------------- FATAL CALLED ---------------
  Fatal in file: mod_clm_urban.F90 at line:     2712
 clm now stopping
 -------------------------------------------
 Abort called by computing node           791 at 2026-07-22 00:27:32.583 +0200
 Execution terminated because of runtime error
  Fatal in file: mod_clm_urban.F90 at line:     2712
 clm now stopping
 -------------------------------------------
 Critical =                        NaN  > 0.001 !
 -------------- FATAL CALLED ---------------
  Fatal in file: mod_clm_urban.F90 at line:     2712
 clm now stopping
 -------------------------------------------
 Abort called by computing node           792 at 2026-07-22 00:27:32.583 +0200
 Execution terminated because of runtime error
 Critical =                        NaN  > 0.001 !
 -------------- FATAL CALLED ---------------
  Fatal in file: mod_clm_urban.F90 at line:     2712
 clm now stopping
 -------------------------------------------
 Abort called by computing node           793 at 2026-07-22 00:27:32.582 +0200
 Execution terminated because of runtime error
  Fatal in file: mod_clm_urban.F90 at line:     2712
 clm now stopping
 -------------------------------------------
 Critical =                        NaN  > 0.001 !
 -------------- FATAL CALLED ---------------
  Fatal in file: mod_clm_urban.F90 at line:     2712
 clm now stopping
 -------------------------------------------
 Abort called by computing node           794 at 2026-07-22 00:27:32.583 +0200
 Execution terminated because of runtime error
  Fatal in file: mod_clm_urban.F90 at line:     2712
 clm now stopping
 -------------------------------------------
 Abort called by computing node           310 at 2026-07-22 00:27:32.583 +0200
 Execution terminated because of runtime error
 Critical =                        NaN  > 0.001 !
 -------------- FATAL CALLED ---------------
  Fatal in file: mod_clm_urban.F90 at line:     2712
 clm now stopping
 -------------------------------------------
 Abort called by computing node           795 at 2026-07-22 00:27:32.583 +0200
 Execution terminated because of runtime error
  Fatal in file: mod_clm_urban.F90 at line:     2712
 clm now stopping
 -------------------------------------------
 Abort called by computing node           313 at 2026-07-22 00:27:32.583 +0200
 Execution terminated because of runtime error
 Critical =                        NaN  > 0.001 !
 -------------- FATAL CALLED ---------------
  Fatal in file: mod_clm_urban.F90 at line:     2712
 clm now stopping
 -------------------------------------------
 Abort called by computing node           796 at 2026-07-22 00:27:32.583 +0200
 Execution terminated because of runtime error
 Critical =                        NaN  > 0.001 !
 -------------- FATAL CALLED ---------------
  Fatal in file: mod_clm_urban.F90 at line:     2712
 clm now stopping
 -------------------------------------------
 Critical =                        NaN  > 0.001 !
 -------------- FATAL CALLED ---------------
  Fatal in file: mod_clm_urban.F90 at line:     2712
 clm now stopping
 -------------------------------------------
 Abort called by computing node           797 at 2026-07-22 00:27:32.583 +0200
 Execution terminated because of runtime error
 Critical =                        NaN  > 0.001 !
 -------------- FATAL CALLED ---------------
  Fatal in file: mod_clm_urban.F90 at line:     2712
 clm now stopping
 -------------------------------------------
 Abort called by computing node           315 at 2026-07-22 00:27:32.583 +0200
 Execution terminated because of runtime error
  Fatal in file: mod_clm_urban.F90 at line:     2712
 clm now stopping
 -------------------------------------------
 Abort called by computing node           798 at 2026-07-22 00:27:32.582 +0200
 Execution terminated because of runtime error
 Critical =                        NaN  > 0.001 !
 -------------- FATAL CALLED ---------------
  Fatal in file: mod_clm_urban.F90 at line:     2712
 clm now stopping
 -------------------------------------------
 Abort called by computing node           316 at 2026-07-22 00:27:32.583 +0200
 Execution terminated because of runtime error
  Fatal in file: mod_clm_urban.F90 at line:     2712
 clm now stopping
 -------------------------------------------
 Abort called by computing node           799 at 2026-07-22 00:27:32.582 +0200
 Execution terminated because of runtime error
  Fatal in file: mod_clm_urban.F90 at line:     2712
 clm now stopping
 -------------------------------------------
 Abort called by computing node           317 at 2026-07-22 00:27:32.583 +0200
 Execution terminated because of runtime error
 Critical =                        NaN  > 0.001 !
 -------------- FATAL CALLED ---------------
  Fatal in file: mod_clm_urban.F90 at line:     2712
 clm now stopping
 -------------------------------------------
 Abort called by computing node           725 at 2026-07-22 00:27:32.583 +0200
 Execution terminated because of runtime error
  Fatal in file: mod_clm_urban.F90 at line:     2712
 clm now stopping
 -------------------------------------------
 Abort called by computing node           320 at 2026-07-22 00:27:32.583 +0200
 Execution terminated because of runtime error
  Fatal in file: mod_clm_urban.F90 at line:     2712
 clm now stopping
 -------------------------------------------
 Abort called by computing node           754 at 2026-07-22 00:27:32.583 +0200
 Execution terminated because of runtime error
 Critical =                        NaN  > 0.001 !
 -------------- FATAL CALLED ---------------
  Fatal in file: mod_clm_urban.F90 at line:     2712
 clm now stopping
 -------------------------------------------
 Abort called by computing node           322 at 2026-07-22 00:27:32.583 +0200
 Execution terminated because of runtime error
  Fatal in file: mod_clm_urban.F90 at line:     2712
 clm now stopping
 -------------------------------------------
 Abort called by computing node           783 at 2026-07-22 00:27:32.583 +0200
 Execution terminated because of runtime error
  Fatal in file: mod_clm_urban.F90 at line:     2712
 clm now stopping
 -------------------------------------------
 Abort called by computing node           323 at 2026-07-22 00:27:32.583 +0200
 Execution terminated because of runtime error
  Fatal in file: mod_clm_urban.F90 at line:     2712
 clm now stopping
 -------------------------------------------
 Abort called by computing node           324 at 2026-07-22 00:27:32.583 +0200
 Execution terminated because of runtime error
 Critical =                        NaN  > 0.001 !
 -------------- FATAL CALLED ---------------
  Fatal in file: mod_clm_urban.F90 at line:     2712
 clm now stopping
 -------------------------------------------
 Abort called by computing node           325 at 2026-07-22 00:27:32.583 +0200
 Execution terminated because of runtime error
  Fatal in file: mod_clm_urban.F90 at line:     2712
 clm now stopping
 -------------------------------------------
 Abort called by computing node           327 at 2026-07-22 00:27:32.583 +0200
 Execution terminated because of runtime error
 Critical =                        NaN  > 0.001 !
 -------------- FATAL CALLED ---------------
  Fatal in file: mod_clm_urban.F90 at line:     2712
 clm now stopping
 -------------------------------------------
 Critical =                        NaN  > 0.001 !
 -------------- FATAL CALLED ---------------
  Fatal in file: mod_clm_urban.F90 at line:     2712
 clm now stopping
 -------------------------------------------
 Abort called by computing node           332 at 2026-07-22 00:27:32.583 +0200
 Execution terminated because of runtime error
  Fatal in file: mod_clm_urban.F90 at line:     2712
 clm now stopping
 -------------------------------------------
  Fatal in file: mod_clm_urban.F90 at line:     2712
 clm now stopping
 -------------------------------------------
 Abort called by computing node           334 at 2026-07-22 00:27:32.583 +0200
 Execution terminated because of runtime error
  Fatal in file: mod_clm_urban.F90 at line:     2712
 clm now stopping
 -------------------------------------------
 Abort called by computing node           335 at 2026-07-22 00:27:32.583 +0200
 Execution terminated because of runtime error
  Fatal in file: mod_clm_urban.F90 at line:     2712
 clm now stopping
 -------------------------------------------
 Abort called by computing node           338 at 2026-07-22 00:27:32.583 +0200
 Execution terminated because of runtime error
  Fatal in file: mod_clm_urban.F90 at line:     2712
 clm now stopping
 -------------------------------------------
 Abort called by computing node           339 at 2026-07-22 00:27:32.583 +0200
 Execution terminated because of runtime error
  Fatal in file: mod_clm_urban.F90 at line:     2712
 clm now stopping
 -------------------------------------------
 Abort called by computing node           340 at 2026-07-22 00:27:32.583 +0200
 Execution terminated because of runtime error
 Critical =                        NaN  > 0.001 !
 -------------- FATAL CALLED ---------------
  Fatal in file: mod_clm_urban.F90 at line:     2712
 clm now stopping
 -------------------------------------------
 Abort called by computing node           341 at 2026-07-22 00:27:32.584 +0200
 Execution terminated because of runtime error
  Fatal in file: mod_clm_urban.F90 at line:     2712
 clm now stopping
 -------------------------------------------
 Abort called by computing node           342 at 2026-07-22 00:27:32.583 +0200
 Execution terminated because of runtime error
  Fatal in file: mod_clm_urban.F90 at line:     2712
 clm now stopping
 -------------------------------------------
 Abort called by computing node           343 at 2026-07-22 00:27:32.583 +0200
 Execution terminated because of runtime error
  Fatal in file: mod_clm_urban.F90 at line:     2712
 clm now stopping
 -------------------------------------------
 Abort called by computing node           345 at 2026-07-22 00:27:32.583 +0200
 Execution terminated because of runtime error
  Fatal in file: mod_clm_urban.F90 at line:     2712
 clm now stopping
 -------------------------------------------
 Abort called by computing node           346 at 2026-07-22 00:27:32.583 +0200
 Execution terminated because of runtime error
 Critical =                        NaN  > 0.001 !
 -------------- FATAL CALLED ---------------
  Fatal in file: mod_clm_urban.F90 at line:     2712
 clm now stopping
 -------------------------------------------
 Abort called by computing node           347 at 2026-07-22 00:27:32.583 +0200
 Execution terminated because of runtime error
 Abort called by computing node           348 at 2026-07-22 00:27:32.583 +0200
 Execution terminated because of runtime error
  Fatal in file: mod_clm_urban.F90 at line:     2712
 clm now stopping
 -------------------------------------------
 Abort called by computing node           350 at 2026-07-22 00:27:32.584 +0200
 Execution terminated because of runtime error
  Fatal in file: mod_clm_urban.F90 at line:     2712
 clm now stopping
 -------------------------------------------
 Abort called by computing node           352 at 2026-07-22 00:27:32.583 +0200
 Execution terminated because of runtime error
 Critical =                        NaN  > 0.001 !
 -------------- FATAL CALLED ---------------
  Fatal in file: mod_clm_urban.F90 at line:     2712
 clm now stopping
 -------------------------------------------
 Abort called by computing node           353 at 2026-07-22 00:27:32.584 +0200
 Execution terminated because of runtime error
  Fatal in file: mod_clm_urban.F90 at line:     2712
 clm now stopping
 -------------------------------------------
 Abort called by computing node           354 at 2026-07-22 00:27:32.584 +0200
 Execution terminated because of runtime error
 Critical =                        NaN  > 0.001 !
 -------------- FATAL CALLED ---------------
  Fatal in file: mod_clm_urban.F90 at line:     2712
 clm now stopping
 -------------------------------------------
 Abort called by computing node           356 at 2026-07-22 00:27:32.584 +0200
 Execution terminated because of runtime error
  Fatal in file: mod_clm_urban.F90 at line:     2712
 clm now stopping
 -------------------------------------------
 Abort called by computing node           358 at 2026-07-22 00:27:32.583 +0200
 Execution terminated because of runtime error
 Critical =                        NaN  > 0.001 !
 -------------- FATAL CALLED ---------------
  Fatal in file: mod_clm_urban.F90 at line:     2712
 clm now stopping
 -------------------------------------------
 Abort called by computing node           359 at 2026-07-22 00:27:32.583 +0200
 Execution terminated because of runtime error
 Critical =                        NaN  > 0.001 !
 -------------- FATAL CALLED ---------------
  Fatal in file: mod_clm_urban.F90 at line:     2712
 clm now stopping
 -------------------------------------------
 Abort called by computing node           361 at 2026-07-22 00:27:32.584 +0200
 Execution terminated because of runtime error
  Fatal in file: mod_clm_urban.F90 at line:     2712
 clm now stopping
 -------------------------------------------
 Abort called by computing node           362 at 2026-07-22 00:27:32.583 +0200
 Execution terminated because of runtime error
 Critical =                        NaN  > 0.001 !
 -------------- FATAL CALLED ---------------
  Fatal in file: mod_clm_urban.F90 at line:     2712
 clm now stopping
 -------------------------------------------
 Abort called by computing node           366 at 2026-07-22 00:27:32.584 +0200
 Execution terminated because of runtime error
 Critical =                        NaN  > 0.001 !
 -------------- FATAL CALLED ---------------
  Fatal in file: mod_clm_urban.F90 at line:     2712
 clm now stopping
 -------------------------------------------
 Abort called by computing node           371 at 2026-07-22 00:27:32.583 +0200
 Execution terminated because of runtime error
  Fatal in file: mod_clm_urban.F90 at line:     2712
 clm now stopping
 -------------------------------------------
 Abort called by computing node           377 at 2026-07-22 00:27:32.583 +0200
 Execution terminated because of runtime error
  Fatal in file: mod_clm_urban.F90 at line:     2712
 clm now stopping
 -------------------------------------------
 Abort called by computing node           384 at 2026-07-22 00:27:32.583 +0200
 Execution terminated because of runtime error
 Critical =                        NaN  > 0.001 !
 -------------- FATAL CALLED ---------------
  Fatal in file: mod_clm_urban.F90 at line:     2712
 clm now stopping
 -------------------------------------------
 Abort called by computing node           388 at 2026-07-22 00:27:32.583 +0200
 Execution terminated because of runtime error
 Critical =                        NaN  > 0.001 !
 -------------- FATAL CALLED ---------------
  Fatal in file: mod_clm_urban.F90 at line:     2712
 clm now stopping
 -------------------------------------------
 Abort called by computing node           389 at 2026-07-22 00:27:32.583 +0200
 Execution terminated because of runtime error
  Fatal in file: mod_clm_urban.F90 at line:     2712
 clm now stopping
 -------------------------------------------
 Abort called by computing node           390 at 2026-07-22 00:27:32.583 +0200
 Execution terminated because of runtime error
  Fatal in file: mod_clm_urban.F90 at line:     2712
 clm now stopping
 -------------------------------------------
 Abort called by computing node           391 at 2026-07-22 00:27:32.583 +0200
 Execution terminated because of runtime error
 Critical =                        NaN  > 0.001 !
 -------------- FATAL CALLED ---------------
  Fatal in file: mod_clm_urban.F90 at line:     2712
 clm now stopping
 -------------------------------------------
 Abort called by computing node           393 at 2026-07-22 00:27:32.583 +0200
 Execution terminated because of runtime error
  Fatal in file: mod_clm_urban.F90 at line:     2712
 clm now stopping
 -------------------------------------------
 Abort called by computing node           394 at 2026-07-22 00:27:32.583 +0200
 Execution terminated because of runtime error
 Critical =                        NaN  > 0.001 !
 -------------- FATAL CALLED ---------------
  Fatal in file: mod_clm_urban.F90 at line:     2712
 clm now stopping
 -------------------------------------------
 Abort called by computing node           395 at 2026-07-22 00:27:32.583 +0200
 Execution terminated because of runtime error
  Fatal in file: mod_clm_urban.F90 at line:     2712
 clm now stopping
 -------------------------------------------
 Abort called by computing node           397 at 2026-07-22 00:27:32.583 +0200
 Execution terminated because of runtime error
 Critical =                        NaN  > 0.001 !
 -------------- FATAL CALLED ---------------
  Fatal in file: mod_clm_urban.F90 at line:     2712
 clm now stopping
 -------------------------------------------
 Abort called by computing node           399 at 2026-07-22 00:27:32.583 +0200
 Execution terminated because of runtime error
  Fatal in file: mod_clm_urban.F90 at line:     2712
 clm now stopping
 -------------------------------------------
 Abort called by computing node           300 at 2026-07-22 00:27:32.584 +0200
 Execution terminated because of runtime error
  Fatal in file: mod_clm_urban.F90 at line:     2712
 clm now stopping
 -------------------------------------------
 Abort called by computing node           302 at 2026-07-22 00:27:32.584 +0200
 Execution terminated because of runtime error
  Fatal in file: mod_clm_urban.F90 at line:     2712
 clm now stopping
 -------------------------------------------
 Abort called by computing node           303 at 2026-07-22 00:27:32.584 +0200
 Execution terminated because of runtime error
  Fatal in file: mod_clm_urban.F90 at line:     2712
 clm now stopping
 -------------------------------------------
 Abort called by computing node           304 at 2026-07-22 00:27:32.583 +0200
 Execution terminated because of runtime error
  Fatal in file: mod_clm_urban.F90 at line:     2712
 clm now stopping
 -------------------------------------------
 Abort called by computing node           305 at 2026-07-22 00:27:32.584 +0200
 Execution terminated because of runtime error
 Abort called by computing node           306 at 2026-07-22 00:27:32.584 +0200
 Execution terminated because of runtime error
  Fatal in file: mod_clm_urban.F90 at line:     2712
 clm now stopping
 -------------------------------------------
 Abort called by computing node           307 at 2026-07-22 00:27:32.584 +0200
 Execution terminated because of runtime error
 Abort called by computing node           308 at 2026-07-22 00:27:32.584 +0200
 Execution terminated because of runtime error
  Fatal in file: mod_clm_urban.F90 at line:     2712
 clm now stopping
 -------------------------------------------
 Abort called by computing node           309 at 2026-07-22 00:27:32.584 +0200
 Execution terminated because of runtime error
  Fatal in file: mod_clm_urban.F90 at line:     2712
 clm now stopping
 -------------------------------------------
 Abort called by computing node           311 at 2026-07-22 00:27:32.584 +0200
 Execution terminated because of runtime error
  Fatal in file: mod_clm_urban.F90 at line:     2712
 clm now stopping
 -------------------------------------------
 Abort called by computing node           312 at 2026-07-22 00:27:32.584 +0200
 Execution terminated because of runtime error
 Abort called by computing node           314 at 2026-07-22 00:27:32.584 +0200
 Execution terminated because of runtime error
  Fatal in file: mod_clm_urban.F90 at line:     2712
 clm now stopping
 -------------------------------------------
 Abort called by computing node           318 at 2026-07-22 00:27:32.584 +0200
 Execution terminated because of runtime error
  Fatal in file: mod_clm_urban.F90 at line:     2712
 clm now stopping
 -------------------------------------------
 Abort called by computing node           319 at 2026-07-22 00:27:32.584 +0200
 Execution terminated because of runtime error
  Fatal in file: mod_clm_urban.F90 at line:     2712
 clm now stopping
 -------------------------------------------
 Abort called by computing node           321 at 2026-07-22 00:27:32.584 +0200
 Execution terminated because of runtime error
  Fatal in file: mod_clm_urban.F90 at line:     2712
 clm now stopping
 -------------------------------------------
 Abort called by computing node           326 at 2026-07-22 00:27:32.584 +0200
 Execution terminated because of runtime error
 Abort called by computing node           328 at 2026-07-22 00:27:32.584 +0200
 Execution terminated because of runtime error
  Fatal in file: mod_clm_urban.F90 at line:     2712
 clm now stopping
 -------------------------------------------
 Abort called by computing node           329 at 2026-07-22 00:27:32.583 +0200
 Execution terminated because of runtime error
  Fatal in file: mod_clm_urban.F90 at line:     2712
 clm now stopping
 -------------------------------------------
 Abort called by computing node           330 at 2026-07-22 00:27:32.584 +0200
 Execution terminated because of runtime error
  Fatal in file: mod_clm_urban.F90 at line:     2712
 clm now stopping
 -------------------------------------------
 Abort called by computing node           331 at 2026-07-22 00:27:32.583 +0200
 Execution terminated because of runtime error
 Abort called by computing node           333 at 2026-07-22 00:27:32.584 +0200
 Execution terminated because of runtime error
  Fatal in file: mod_clm_urban.F90 at line:     2712
 clm now stopping
 -------------------------------------------
 Abort called by computing node           336 at 2026-07-22 00:27:32.583 +0200
 Execution terminated because of runtime error
  Fatal in file: mod_clm_urban.F90 at line:     2712
 clm now stopping
 -------------------------------------------
 Abort called by computing node           337 at 2026-07-22 00:27:32.584 +0200
 Execution terminated because of runtime error
  Fatal in file: mod_clm_urban.F90 at line:     2712
 clm now stopping
 -------------------------------------------
 Abort called by computing node           344 at 2026-07-22 00:27:32.583 +0200
 Execution terminated because of runtime error
  Fatal in file: mod_clm_urban.F90 at line:     2712
 clm now stopping
 -------------------------------------------
 Abort called by computing node           349 at 2026-07-22 00:27:32.584 +0200
 Execution terminated because of runtime error
  Fatal in file: mod_clm_urban.F90 at line:     2712
 clm now stopping
 -------------------------------------------
 Abort called by computing node           351 at 2026-07-22 00:27:32.584 +0200
 Execution terminated because of runtime error
  Fatal in file: mod_clm_urban.F90 at line:     2712
 clm now stopping
 -------------------------------------------
 Abort called by computing node           355 at 2026-07-22 00:27:32.584 +0200
 Execution terminated because of runtime error
  Fatal in file: mod_clm_urban.F90 at line:     2712
 clm now stopping
 -------------------------------------------
 Abort called by computing node           357 at 2026-07-22 00:27:32.584 +0200
 Execution terminated because of runtime error
  Fatal in file: mod_clm_urban.F90 at line:     2712
 clm now stopping
 -------------------------------------------
 Abort called by computing node           360 at 2026-07-22 00:27:32.584 +0200
 Execution terminated because of runtime error
  Fatal in file: mod_clm_urban.F90 at line:     2712
 clm now stopping
 -------------------------------------------
 Abort called by computing node           363 at 2026-07-22 00:27:32.584 +0200
 Execution terminated because of runtime error
  Fatal in file: mod_clm_urban.F90 at line:     2712
 clm now stopping
 -------------------------------------------
 Abort called by computing node           364 at 2026-07-22 00:27:32.584 +0200
 Execution terminated because of runtime error
  Fatal in file: mod_clm_urban.F90 at line:     2712
 clm now stopping
 -------------------------------------------
 Abort called by computing node           365 at 2026-07-22 00:27:32.584 +0200
 Execution terminated because of runtime error
  Fatal in file: mod_clm_urban.F90 at line:     2712
 clm now stopping
 -------------------------------------------
 Abort called by computing node           367 at 2026-07-22 00:27:32.584 +0200
 Execution terminated because of runtime error
  Fatal in file: mod_clm_urban.F90 at line:     2712
 clm now stopping
 -------------------------------------------
 Abort called by computing node           368 at 2026-07-22 00:27:32.584 +0200
 Execution terminated because of runtime error
  Fatal in file: mod_clm_urban.F90 at line:     2712
 clm now stopping
 -------------------------------------------
 Abort called by computing node           369 at 2026-07-22 00:27:32.584 +0200
 Execution terminated because of runtime error
  Fatal in file: mod_clm_urban.F90 at line:     2712
 clm now stopping
 -------------------------------------------
 Abort called by computing node           372 at 2026-07-22 00:27:32.584 +0200
 Execution terminated because of runtime error
  Fatal in file: mod_clm_urban.F90 at line:     2712
 clm now stopping
 -------------------------------------------
 Abort called by computing node           373 at 2026-07-22 00:27:32.584 +0200
 Execution terminated because of runtime error
  Fatal in file: mod_clm_urban.F90 at line:     2712
 clm now stopping
 -------------------------------------------
 Abort called by computing node           374 at 2026-07-22 00:27:32.584 +0200
 Execution terminated because of runtime error
  Fatal in file: mod_clm_urban.F90 at line:     2712
 clm now stopping
 -------------------------------------------
 Abort called by computing node           375 at 2026-07-22 00:27:32.583 +0200
 Execution terminated because of runtime error
  Fatal in file: mod_clm_urban.F90 at line:     2712
 clm now stopping
 -------------------------------------------
 Abort called by computing node           376 at 2026-07-22 00:27:32.584 +0200
 Execution terminated because of runtime error
  Fatal in file: mod_clm_urban.F90 at line:     2712
 clm now stopping
 -------------------------------------------
 Abort called by computing node           378 at 2026-07-22 00:27:32.584 +0200
 Execution terminated because of runtime error
  Fatal in file: mod_clm_urban.F90 at line:     2712
 clm now stopping
 -------------------------------------------
 Abort called by computing node           379 at 2026-07-22 00:27:32.584 +0200
 Execution terminated because of runtime error
  Fatal in file: mod_clm_urban.F90 at line:     2712
 clm now stopping
 -------------------------------------------
 Abort called by computing node           380 at 2026-07-22 00:27:32.584 +0200
 Execution terminated because of runtime error
  Fatal in file: mod_clm_urban.F90 at line:     2712
 clm now stopping
 -------------------------------------------
 Abort called by computing node           381 at 2026-07-22 00:27:32.583 +0200
 Execution terminated because of runtime error
  Fatal in file: mod_clm_urban.F90 at line:     2712
 clm now stopping
 -------------------------------------------
 Abort called by computing node           382 at 2026-07-22 00:27:32.584 +0200
 Execution terminated because of runtime error
  Fatal in file: mod_clm_urban.F90 at line:     2712
 clm now stopping
 -------------------------------------------
 Abort called by computing node           383 at 2026-07-22 00:27:32.583 +0200
 Execution terminated because of runtime error
  Fatal in file: mod_clm_urban.F90 at line:     2712
 clm now stopping
 -------------------------------------------
 Abort called by computing node           385 at 2026-07-22 00:27:32.584 +0200
 Execution terminated because of runtime error
  Fatal in file: mod_clm_urban.F90 at line:     2712
 clm now stopping
 -------------------------------------------
 Abort called by computing node           386 at 2026-07-22 00:27:32.584 +0200
 Execution terminated because of runtime error
  Fatal in file: mod_clm_urban.F90 at line:     2712
 clm now stopping
 -------------------------------------------
 Abort called by computing node           387 at 2026-07-22 00:27:32.584 +0200
 Execution terminated because of runtime error
  Fatal in file: mod_clm_urban.F90 at line:     2712
 clm now stopping
 -------------------------------------------
 Abort called by computing node           392 at 2026-07-22 00:27:32.583 +0200
 Execution terminated because of runtime error
  Fatal in file: mod_clm_urban.F90 at line:     2712
 clm now stopping
 -------------------------------------------
 Abort called by computing node           396 at 2026-07-22 00:27:32.584 +0200
 Execution terminated because of runtime error
  Fatal in file: mod_clm_urban.F90 at line:     2712
 clm now stopping
 -------------------------------------------
 Abort called by computing node           398 at 2026-07-22 00:27:32.584 +0200
 Execution terminated because of runtime error
 Critical =                        NaN  > 0.001 !
 -------------- FATAL CALLED ---------------
  Fatal in file: mod_clm_urban.F90 at line:     2712
 clm now stopping
 -------------------------------------------
 Abort called by computing node           675 at 2026-07-22 00:27:32.585 +0200
 Execution terminated because of runtime error
 Critical =                        NaN  > 0.001 !
 -------------- FATAL CALLED ---------------
  Fatal in file: mod_clm_urban.F90 at line:     2712
 clm now stopping
 -------------------------------------------
 Abort called by computing node           680 at 2026-07-22 00:27:32.585 +0200
 Execution terminated because of runtime error
 Critical =                        NaN  > 0.001 !
 -------------- FATAL CALLED ---------------
  Fatal in file: mod_clm_urban.F90 at line:     2712
 clm now stopping
 -------------------------------------------
 Abort called by computing node           683 at 2026-07-22 00:27:32.585 +0200
 Execution terminated because of runtime error
 Critical =                        NaN  > 0.001 !
 -------------- FATAL CALLED ---------------
  Fatal in file: mod_clm_urban.F90 at line:     2712
 clm now stopping
 -------------------------------------------
 Abort called by computing node           687 at 2026-07-22 00:27:32.585 +0200
 Execution terminated because of runtime error
 Critical =                        NaN  > 0.001 !
 -------------- FATAL CALLED ---------------
  Fatal in file: mod_clm_urban.F90 at line:     2712
 clm now stopping
 -------------------------------------------
 Abort called by computing node           689 at 2026-07-22 00:27:32.585 +0200
 Execution terminated because of runtime error
 Critical =                        NaN  > 0.001 !
 -------------- FATAL CALLED ---------------
  Fatal in file: mod_clm_urban.F90 at line:     2712
 clm now stopping
 -------------------------------------------
 Abort called by computing node           690 at 2026-07-22 00:27:32.585 +0200
 Execution terminated because of runtime error
 Critical =                        NaN  > 0.001 !
 -------------- FATAL CALLED ---------------
  Fatal in file: mod_clm_urban.F90 at line:     2712
 clm now stopping
 -------------------------------------------
 Abort called by computing node           693 at 2026-07-22 00:27:32.585 +0200
 Execution terminated because of runtime error
--------------------------------------------------------------------------
MPI_ABORT was invoked on rank 7 in communicator MPI COMMUNICATOR 3 DUP FROM 0
with errorcode 1.

NOTE: invoking MPI_ABORT causes Open MPI to kill all MPI processes.
You may or may not see output from other processes, depending on
exactly when Open MPI kills them.
--------------------------------------------------------------------------
--------------------------------------------------------------------------
MPI_ABORT was invoked on rank 8 in communicator MPI COMMUNICATOR 3 DUP FROM 0
with errorcode 1.

NOTE: invoking MPI_ABORT causes Open MPI to kill all MPI processes.
You may or may not see output from other processes, depending on
exactly when Open MPI kills them.
--------------------------------------------------------------------------
--------------------------------------------------------------------------
MPI_ABORT was invoked on rank 10 in communicator MPI COMMUNICATOR 3 DUP FROM 0
with errorcode 1.

NOTE: invoking MPI_ABORT causes Open MPI to kill all MPI processes.
You may or may not see output from other processes, depending on
exactly when Open MPI kills them.
--------------------------------------------------------------------------
--------------------------------------------------------------------------
MPI_ABORT was invoked on rank 27 in communicator MPI COMMUNICATOR 3 DUP FROM 0
with errorcode 1.

NOTE: invoking MPI_ABORT causes Open MPI to kill all MPI processes.
You may or may not see output from other processes, depending on
exactly when Open MPI kills them.
--------------------------------------------------------------------------
--------------------------------------------------------------------------
MPI_ABORT was invoked on rank 28 in communicator MPI COMMUNICATOR 3 DUP FROM 0
with errorcode 1.

NOTE: invoking MPI_ABORT causes Open MPI to kill all MPI processes.
You may or may not see output from other processes, depending on
exactly when Open MPI kills them.
--------------------------------------------------------------------------
--------------------------------------------------------------------------
MPI_ABORT was invoked on rank 51 in communicator MPI COMMUNICATOR 3 DUP FROM 0
with errorcode 1.

NOTE: invoking MPI_ABORT causes Open MPI to kill all MPI processes.
You may or may not see output from other processes, depending on
exactly when Open MPI kills them.
--------------------------------------------------------------------------
--------------------------------------------------------------------------
MPI_ABORT was invoked on rank 3 in communicator MPI COMMUNICATOR 3 DUP FROM 0
with errorcode 1.

NOTE: invoking MPI_ABORT causes Open MPI to kill all MPI processes.
You may or may not see output from other processes, depending on
exactly when Open MPI kills them.
--------------------------------------------------------------------------
 Critical =                        NaN  > 0.001 !
 -------------- FATAL CALLED ---------------
  Fatal in file: mod_clm_urban.F90 at line:     2712
 clm now stopping
 -------------------------------------------
 Abort called by computing node           970 at 2026-07-22 00:27:32.587 +0200
 Execution terminated because of runtime error
  Fatal in file: mod_clm_urban.F90 at line:     2712
 clm now stopping
 -------------------------------------------
 Abort called by computing node           972 at 2026-07-22 00:27:32.587 +0200
 Execution terminated because of runtime error
 Critical =                        NaN  > 0.001 !
 -------------- FATAL CALLED ---------------
  Fatal in file: mod_clm_urban.F90 at line:     2712
 clm now stopping
 -------------------------------------------
 Abort called by computing node           973 at 2026-07-22 00:27:32.587 +0200
 Execution terminated because of runtime error
 Critical =                        NaN  > 0.001 !
 -------------- FATAL CALLED ---------------
  Fatal in file: mod_clm_urban.F90 at line:     2712
 clm now stopping
 -------------------------------------------
 Abort called by computing node           977 at 2026-07-22 00:27:32.587 +0200
 Execution terminated because of runtime error
 Critical =                        NaN  > 0.001 !
 -------------- FATAL CALLED ---------------
  Fatal in file: mod_clm_urban.F90 at line:     2712
 clm now stopping
 -------------------------------------------
 Abort called by computing node           979 at 2026-07-22 00:27:32.587 +0200
 Execution terminated because of runtime error
  Fatal in file: mod_clm_urban.F90 at line:     2712
 clm now stopping
 -------------------------------------------
 Abort called by computing node           981 at 2026-07-22 00:27:32.587 +0200
 Execution terminated because of runtime error
  Fatal in file: mod_clm_urban.F90 at line:     2712
 clm now stopping
 -------------------------------------------
 Abort called by computing node           982 at 2026-07-22 00:27:32.587 +0200
 Execution terminated because of runtime error
 Critical =                        NaN  > 0.001 !
 -------------- FATAL CALLED ---------------
  Fatal in file: mod_clm_urban.F90 at line:     2712
 clm now stopping
 -------------------------------------------
 Abort called by computing node           984 at 2026-07-22 00:27:32.587 +0200
 Execution terminated because of runtime error
  Fatal in file: mod_clm_urban.F90 at line:     2712
 clm now stopping
 -------------------------------------------
 Abort called by computing node           985 at 2026-07-22 00:27:32.587 +0200
 Execution terminated because of runtime error
  Fatal in file: mod_clm_urban.F90 at line:     2712
 clm now stopping
 -------------------------------------------
 Abort called by computing node           992 at 2026-07-22 00:27:32.587 +0200
 Execution terminated because of runtime error
  Fatal in file: mod_clm_urban.F90 at line:     2712
 clm now stopping
 -------------------------------------------
 Abort called by computing node           998 at 2026-07-22 00:27:32.587 +0200
 Execution terminated because of runtime error
  Fatal in file: mod_clm_urban.F90 at line:     2712
 clm now stopping
 -------------------------------------------
 Abort called by computing node           999 at 2026-07-22 00:27:32.587 +0200
 Execution terminated because of runtime error
 Critical =                        NaN  > 0.001 !
 -------------- FATAL CALLED ---------------
  Fatal in file: mod_clm_urban.F90 at line:     2712
 clm now stopping
 -------------------------------------------
 Abort called by computing node          1189 at 2026-07-22 00:27:32.588 +0200
 Execution terminated because of runtime error
  Fatal in file: mod_clm_urban.F90 at line:     2712
 clm now stopping
 -------------------------------------------
 Abort called by computing node          1190 at 2026-07-22 00:27:32.588 +0200
 Execution terminated because of runtime error
 Critical =                        NaN  > 0.001 !
 -------------- FATAL CALLED ---------------
  Fatal in file: mod_clm_urban.F90 at line:     2712
 clm now stopping
 -------------------------------------------
 Abort called by computing node          1193 at 2026-07-22 00:27:32.588 +0200
 Execution terminated because of runtime error
  Fatal in file: mod_clm_urban.F90 at line:     2712
 clm now stopping
 -------------------------------------------
 Abort called by computing node          1194 at 2026-07-22 00:27:32.588 +0200
 Execution terminated because of runtime error
 Critical =                        NaN  > 0.001 !
 -------------- FATAL CALLED ---------------
  Fatal in file: mod_clm_urban.F90 at line:     2712
 clm now stopping
 -------------------------------------------
 Abort called by computing node          1195 at 2026-07-22 00:27:32.588 +0200
 Execution terminated because of runtime error
  Fatal in file: mod_clm_urban.F90 at line:     2712
 clm now stopping
 -------------------------------------------
 Abort called by computing node          1199 at 2026-07-22 00:27:32.588 +0200
 Execution terminated because of runtime error
--------------------------------------------------------------------------
MPI_ABORT was invoked on rank 780 in communicator MPI COMMUNICATOR 3 DUP FROM 0
with errorcode 1.

NOTE: invoking MPI_ABORT causes Open MPI to kill all MPI processes.
You may or may not see output from other processes, depending on
exactly when Open MPI kills them.
--------------------------------------------------------------------------
--------------------------------------------------------------------------
MPI_ABORT was invoked on rank 784 in communicator MPI COMMUNICATOR 3 DUP FROM 0
with errorcode 1.

NOTE: invoking MPI_ABORT causes Open MPI to kill all MPI processes.
You may or may not see output from other processes, depending on
exactly when Open MPI kills them.
--------------------------------------------------------------------------
--------------------------------------------------------------------------
MPI_ABORT was invoked on rank 755 in communicator MPI COMMUNICATOR 3 DUP FROM 0
with errorcode 1.

NOTE: invoking MPI_ABORT causes Open MPI to kill all MPI processes.
You may or may not see output from other processes, depending on
exactly when Open MPI kills them.
--------------------------------------------------------------------------
--------------------------------------------------------------------------
MPI_ABORT was invoked on rank 706 in communicator MPI COMMUNICATOR 3 DUP FROM 0
with errorcode 1.

NOTE: invoking MPI_ABORT causes Open MPI to kill all MPI processes.
You may or may not see output from other processes, depending on
exactly when Open MPI kills them.
--------------------------------------------------------------------------
--------------------------------------------------------------------------
MPI_ABORT was invoked on rank 710 in communicator MPI COMMUNICATOR 3 DUP FROM 0
with errorcode 1.

NOTE: invoking MPI_ABORT causes Open MPI to kill all MPI processes.
You may or may not see output from other processes, depending on
exactly when Open MPI kills them.
--------------------------------------------------------------------------
--------------------------------------------------------------------------
MPI_ABORT was invoked on rank 725 in communicator MPI COMMUNICATOR 3 DUP FROM 0
with errorcode 1.

NOTE: invoking MPI_ABORT causes Open MPI to kill all MPI processes.
You may or may not see output from other processes, depending on
exactly when Open MPI kills them.
--------------------------------------------------------------------------
--------------------------------------------------------------------------
MPI_ABORT was invoked on rank 741 in communicator MPI COMMUNICATOR 3 DUP FROM 0
with errorcode 1.

NOTE: invoking MPI_ABORT causes Open MPI to kill all MPI processes.
You may or may not see output from other processes, depending on
exactly when Open MPI kills them.
--------------------------------------------------------------------------
--------------------------------------------------------------------------
MPI_ABORT was invoked on rank 750 in communicator MPI COMMUNICATOR 3 DUP FROM 0
with errorcode 1.

NOTE: invoking MPI_ABORT causes Open MPI to kill all MPI processes.
You may or may not see output from other processes, depending on
exactly when Open MPI kills them.
--------------------------------------------------------------------------
--------------------------------------------------------------------------
MPI_ABORT was invoked on rank 782 in communicator MPI COMMUNICATOR 3 DUP FROM 0
with errorcode 1.

NOTE: invoking MPI_ABORT causes Open MPI to kill all MPI processes.
You may or may not see output from other processes, depending on
exactly when Open MPI kills them.
--------------------------------------------------------------------------
--------------------------------------------------------------------------
MPI_ABORT was invoked on rank 712 in communicator MPI COMMUNICATOR 3 DUP FROM 0
with errorcode 1.

NOTE: invoking MPI_ABORT causes Open MPI to kill all MPI processes.
You may or may not see output from other processes, depending on
exactly when Open MPI kills them.
--------------------------------------------------------------------------
--------------------------------------------------------------------------
MPI_ABORT was invoked on rank 790 in communicator MPI COMMUNICATOR 3 DUP FROM 0
with errorcode 1.

NOTE: invoking MPI_ABORT causes Open MPI to kill all MPI processes.
You may or may not see output from other processes, depending on
exactly when Open MPI kills them.
--------------------------------------------------------------------------
--------------------------------------------------------------------------
MPI_ABORT was invoked on rank 707 in communicator MPI COMMUNICATOR 3 DUP FROM 0
with errorcode 1.

NOTE: invoking MPI_ABORT causes Open MPI to kill all MPI processes.
You may or may not see output from other processes, depending on
exactly when Open MPI kills them.
--------------------------------------------------------------------------
--------------------------------------------------------------------------
MPI_ABORT was invoked on rank 783 in communicator MPI COMMUNICATOR 3 DUP FROM 0
with errorcode 1.

NOTE: invoking MPI_ABORT causes Open MPI to kill all MPI processes.
You may or may not see output from other processes, depending on
exactly when Open MPI kills them.
--------------------------------------------------------------------------
--------------------------------------------------------------------------
MPI_ABORT was invoked on rank 739 in communicator MPI COMMUNICATOR 3 DUP FROM 0
with errorcode 1.

NOTE: invoking MPI_ABORT causes Open MPI to kill all MPI processes.
You may or may not see output from other processes, depending on
exactly when Open MPI kills them.
--------------------------------------------------------------------------
--------------------------------------------------------------------------
MPI_ABORT was invoked on rank 746 in communicator MPI COMMUNICATOR 3 DUP FROM 0
with errorcode 1.

NOTE: invoking MPI_ABORT causes Open MPI to kill all MPI processes.
You may or may not see output from other processes, depending on
exactly when Open MPI kills them.
--------------------------------------------------------------------------
--------------------------------------------------------------------------
MPI_ABORT was invoked on rank 747 in communicator MPI COMMUNICATOR 3 DUP FROM 0
with errorcode 1.

NOTE: invoking MPI_ABORT causes Open MPI to kill all MPI processes.
You may or may not see output from other processes, depending on
exactly when Open MPI kills them.
--------------------------------------------------------------------------
--------------------------------------------------------------------------
MPI_ABORT was invoked on rank 774 in communicator MPI COMMUNICATOR 3 DUP FROM 0
with errorcode 1.

NOTE: invoking MPI_ABORT causes Open MPI to kill all MPI processes.
You may or may not see output from other processes, depending on
exactly when Open MPI kills them.
--------------------------------------------------------------------------
--------------------------------------------------------------------------
MPI_ABORT was invoked on rank 735 in communicator MPI COMMUNICATOR 3 DUP FROM 0
with errorcode 1.

NOTE: invoking MPI_ABORT causes Open MPI to kill all MPI processes.
You may or may not see output from other processes, depending on
exactly when Open MPI kills them.
--------------------------------------------------------------------------
--------------------------------------------------------------------------
MPI_ABORT was invoked on rank 723 in communicator MPI COMMUNICATOR 3 DUP FROM 0
with errorcode 1.

NOTE: invoking MPI_ABORT causes Open MPI to kill all MPI processes.
You may or may not see output from other processes, depending on
exactly when Open MPI kills them.
--------------------------------------------------------------------------
--------------------------------------------------------------------------
MPI_ABORT was invoked on rank 729 in communicator MPI COMMUNICATOR 3 DUP FROM 0
with errorcode 1.

NOTE: invoking MPI_ABORT causes Open MPI to kill all MPI processes.
You may or may not see output from other processes, depending on
exactly when Open MPI kills them.
--------------------------------------------------------------------------
--------------------------------------------------------------------------
MPI_ABORT was invoked on rank 799 in communicator MPI COMMUNICATOR 3 DUP FROM 0
with errorcode 1.

NOTE: invoking MPI_ABORT causes Open MPI to kill all MPI processes.
You may or may not see output from other processes, depending on
exactly when Open MPI kills them.
--------------------------------------------------------------------------
--------------------------------------------------------------------------
MPI_ABORT was invoked on rank 758 in communicator MPI COMMUNICATOR 3 DUP FROM 0
with errorcode 1.

NOTE: invoking MPI_ABORT causes Open MPI to kill all MPI processes.
You may or may not see output from other processes, depending on
exactly when Open MPI kills them.
--------------------------------------------------------------------------
--------------------------------------------------------------------------
MPI_ABORT was invoked on rank 749 in communicator MPI COMMUNICATOR 3 DUP FROM 0
with errorcode 1.

NOTE: invoking MPI_ABORT causes Open MPI to kill all MPI processes.
You may or may not see output from other processes, depending on
exactly when Open MPI kills them.
--------------------------------------------------------------------------
--------------------------------------------------------------------------
MPI_ABORT was invoked on rank 766 in communicator MPI COMMUNICATOR 3 DUP FROM 0
with errorcode 1.

NOTE: invoking MPI_ABORT causes Open MPI to kill all MPI processes.
You may or may not see output from other processes, depending on
exactly when Open MPI kills them.
--------------------------------------------------------------------------
--------------------------------------------------------------------------
MPI_ABORT was invoked on rank 719 in communicator MPI COMMUNICATOR 3 DUP FROM 0
with errorcode 1.

NOTE: invoking MPI_ABORT causes Open MPI to kill all MPI processes.
You may or may not see output from other processes, depending on
exactly when Open MPI kills them.
--------------------------------------------------------------------------
--------------------------------------------------------------------------
MPI_ABORT was invoked on rank 716 in communicator MPI COMMUNICATOR 3 DUP FROM 0
with errorcode 1.

NOTE: invoking MPI_ABORT causes Open MPI to kill all MPI processes.
You may or may not see output from other processes, depending on
exactly when Open MPI kills them.
--------------------------------------------------------------------------
--------------------------------------------------------------------------
MPI_ABORT was invoked on rank 728 in communicator MPI COMMUNICATOR 3 DUP FROM 0
with errorcode 1.

NOTE: invoking MPI_ABORT causes Open MPI to kill all MPI processes.
You may or may not see output from other processes, depending on
exactly when Open MPI kills them.
--------------------------------------------------------------------------
--------------------------------------------------------------------------
MPI_ABORT was invoked on rank 762 in communicator MPI COMMUNICATOR 3 DUP FROM 0
with errorcode 1.

NOTE: invoking MPI_ABORT causes Open MPI to kill all MPI processes.
You may or may not see output from other processes, depending on
exactly when Open MPI kills them.
--------------------------------------------------------------------------
--------------------------------------------------------------------------
MPI_ABORT was invoked on rank 768 in communicator MPI COMMUNICATOR 3 DUP FROM 0
with errorcode 1.

NOTE: invoking MPI_ABORT causes Open MPI to kill all MPI processes.
You may or may not see output from other processes, depending on
exactly when Open MPI kills them.
--------------------------------------------------------------------------
--------------------------------------------------------------------------
MPI_ABORT was invoked on rank 711 in communicator MPI COMMUNICATOR 3 DUP FROM 0
with errorcode 1.

NOTE: invoking MPI_ABORT causes Open MPI to kill all MPI processes.
You may or may not see output from other processes, depending on
exactly when Open MPI kills them.
--------------------------------------------------------------------------
--------------------------------------------------------------------------
MPI_ABORT was invoked on rank 754 in communicator MPI COMMUNICATOR 3 DUP FROM 0
with errorcode 1.

NOTE: invoking MPI_ABORT causes Open MPI to kill all MPI processes.
You may or may not see output from other processes, depending on
exactly when Open MPI kills them.
--------------------------------------------------------------------------
--------------------------------------------------------------------------
MPI_ABORT was invoked on rank 715 in communicator MPI COMMUNICATOR 3 DUP FROM 0
with errorcode 1.

NOTE: invoking MPI_ABORT causes Open MPI to kill all MPI processes.
You may or may not see output from other processes, depending on
exactly when Open MPI kills them.
--------------------------------------------------------------------------
--------------------------------------------------------------------------
MPI_ABORT was invoked on rank 778 in communicator MPI COMMUNICATOR 3 DUP FROM 0
with errorcode 1.

NOTE: invoking MPI_ABORT causes Open MPI to kill all MPI processes.
You may or may not see output from other processes, depending on
exactly when Open MPI kills them.
--------------------------------------------------------------------------
--------------------------------------------------------------------------
MPI_ABORT was invoked on rank 722 in communicator MPI COMMUNICATOR 3 DUP FROM 0
with errorcode 1.

NOTE: invoking MPI_ABORT causes Open MPI to kill all MPI processes.
You may or may not see output from other processes, depending on
exactly when Open MPI kills them.
--------------------------------------------------------------------------
--------------------------------------------------------------------------
MPI_ABORT was invoked on rank 705 in communicator MPI COMMUNICATOR 3 DUP FROM 0
with errorcode 1.

NOTE: invoking MPI_ABORT causes Open MPI to kill all MPI processes.
You may or may not see output from other processes, depending on
exactly when Open MPI kills them.
--------------------------------------------------------------------------
--------------------------------------------------------------------------
MPI_ABORT was invoked on rank 761 in communicator MPI COMMUNICATOR 3 DUP FROM 0
with errorcode 1.

NOTE: invoking MPI_ABORT causes Open MPI to kill all MPI processes.
You may or may not see output from other processes, depending on
exactly when Open MPI kills them.
--------------------------------------------------------------------------
--------------------------------------------------------------------------
MPI_ABORT was invoked on rank 781 in communicator MPI COMMUNICATOR 3 DUP FROM 0
with errorcode 1.

NOTE: invoking MPI_ABORT causes Open MPI to kill all MPI processes.
You may or may not see output from other processes, depending on
exactly when Open MPI kills them.
--------------------------------------------------------------------------
--------------------------------------------------------------------------
MPI_ABORT was invoked on rank 701 in communicator MPI COMMUNICATOR 3 DUP FROM 0
with errorcode 1.

NOTE: invoking MPI_ABORT causes Open MPI to kill all MPI processes.
You may or may not see output from other processes, depending on
exactly when Open MPI kills them.
--------------------------------------------------------------------------
--------------------------------------------------------------------------
MPI_ABORT was invoked on rank 787 in communicator MPI COMMUNICATOR 3 DUP FROM 0
with errorcode 1.

NOTE: invoking MPI_ABORT causes Open MPI to kill all MPI processes.
You may or may not see output from other processes, depending on
exactly when Open MPI kills them.
--------------------------------------------------------------------------
--------------------------------------------------------------------------
MPI_ABORT was invoked on rank 702 in communicator MPI COMMUNICATOR 3 DUP FROM 0
with errorcode 1.

NOTE: invoking MPI_ABORT causes Open MPI to kill all MPI processes.
You may or may not see output from other processes, depending on
exactly when Open MPI kills them.
--------------------------------------------------------------------------
--------------------------------------------------------------------------
MPI_ABORT was invoked on rank 788 in communicator MPI COMMUNICATOR 3 DUP FROM 0
with errorcode 1.

NOTE: invoking MPI_ABORT causes Open MPI to kill all MPI processes.
You may or may not see output from other processes, depending on
exactly when Open MPI kills them.
--------------------------------------------------------------------------
--------------------------------------------------------------------------
MPI_ABORT was invoked on rank 797 in communicator MPI COMMUNICATOR 3 DUP FROM 0
with errorcode 1.

NOTE: invoking MPI_ABORT causes Open MPI to kill all MPI processes.
You may or may not see output from other processes, depending on
exactly when Open MPI kills them.
--------------------------------------------------------------------------
--------------------------------------------------------------------------
MPI_ABORT was invoked on rank 773 in communicator MPI COMMUNICATOR 3 DUP FROM 0
with errorcode 1.

NOTE: invoking MPI_ABORT causes Open MPI to kill all MPI processes.
You may or may not see output from other processes, depending on
exactly when Open MPI kills them.
--------------------------------------------------------------------------
--------------------------------------------------------------------------
MPI_ABORT was invoked on rank 769 in communicator MPI COMMUNICATOR 3 DUP FROM 0
with errorcode 1.

NOTE: invoking MPI_ABORT causes Open MPI to kill all MPI processes.
You may or may not see output from other processes, depending on
exactly when Open MPI kills them.
--------------------------------------------------------------------------
--------------------------------------------------------------------------
MPI_ABORT was invoked on rank 757 in communicator MPI COMMUNICATOR 3 DUP FROM 0
with errorcode 1.

NOTE: invoking MPI_ABORT causes Open MPI to kill all MPI processes.
You may or may not see output from other processes, depending on
exactly when Open MPI kills them.
--------------------------------------------------------------------------
--------------------------------------------------------------------------
MPI_ABORT was invoked on rank 776 in communicator MPI COMMUNICATOR 3 DUP FROM 0
with errorcode 1.

NOTE: invoking MPI_ABORT causes Open MPI to kill all MPI processes.
You may or may not see output from other processes, depending on
exactly when Open MPI kills them.
--------------------------------------------------------------------------
--------------------------------------------------------------------------
MPI_ABORT was invoked on rank 730 in communicator MPI COMMUNICATOR 3 DUP FROM 0
with errorcode 1.

NOTE: invoking MPI_ABORT causes Open MPI to kill all MPI processes.
You may or may not see output from other processes, depending on
exactly when Open MPI kills them.
--------------------------------------------------------------------------
--------------------------------------------------------------------------
MPI_ABORT was invoked on rank 795 in communicator MPI COMMUNICATOR 3 DUP FROM 0
with errorcode 1.

NOTE: invoking MPI_ABORT causes Open MPI to kill all MPI processes.
You may or may not see output from other processes, depending on
exactly when Open MPI kills them.
--------------------------------------------------------------------------
--------------------------------------------------------------------------
MPI_ABORT was invoked on rank 756 in communicator MPI COMMUNICATOR 3 DUP FROM 0
with errorcode 1.

NOTE: invoking MPI_ABORT causes Open MPI to kill all MPI processes.
You may or may not see output from other processes, depending on
exactly when Open MPI kills them.
--------------------------------------------------------------------------
--------------------------------------------------------------------------
MPI_ABORT was invoked on rank 704 in communicator MPI COMMUNICATOR 3 DUP FROM 0
with errorcode 1.

NOTE: invoking MPI_ABORT causes Open MPI to kill all MPI processes.
You may or may not see output from other processes, depending on
exactly when Open MPI kills them.
--------------------------------------------------------------------------
--------------------------------------------------------------------------
MPI_ABORT was invoked on rank 748 in communicator MPI COMMUNICATOR 3 DUP FROM 0
with errorcode 1.

NOTE: invoking MPI_ABORT causes Open MPI to kill all MPI processes.
You may or may not see output from other processes, depending on
exactly when Open MPI kills them.
--------------------------------------------------------------------------
--------------------------------------------------------------------------
MPI_ABORT was invoked on rank 753 in communicator MPI COMMUNICATOR 3 DUP FROM 0
with errorcode 1.

NOTE: invoking MPI_ABORT causes Open MPI to kill all MPI processes.
You may or may not see output from other processes, depending on
exactly when Open MPI kills them.
--------------------------------------------------------------------------
--------------------------------------------------------------------------
MPI_ABORT was invoked on rank 740 in communicator MPI COMMUNICATOR 3 DUP FROM 0
with errorcode 1.

NOTE: invoking MPI_ABORT causes Open MPI to kill all MPI processes.
You may or may not see output from other processes, depending on
exactly when Open MPI kills them.
--------------------------------------------------------------------------
--------------------------------------------------------------------------
MPI_ABORT was invoked on rank 167 in communicator MPI COMMUNICATOR 3 DUP FROM 0
with errorcode 1.

NOTE: invoking MPI_ABORT causes Open MPI to kill all MPI processes.
You may or may not see output from other processes, depending on
exactly when Open MPI kills them.
--------------------------------------------------------------------------
--------------------------------------------------------------------------
MPI_ABORT was invoked on rank 777 in communicator MPI COMMUNICATOR 3 DUP FROM 0
with errorcode 1.

NOTE: invoking MPI_ABORT causes Open MPI to kill all MPI processes.
You may or may not see output from other processes, depending on
exactly when Open MPI kills them.
--------------------------------------------------------------------------
--------------------------------------------------------------------------
MPI_ABORT was invoked on rank 131 in communicator MPI COMMUNICATOR 3 DUP FROM 0
with errorcode 1.

NOTE: invoking MPI_ABORT causes Open MPI to kill all MPI processes.
You may or may not see output from other processes, depending on
exactly when Open MPI kills them.
--------------------------------------------------------------------------
--------------------------------------------------------------------------
MPI_ABORT was invoked on rank 709 in communicator MPI COMMUNICATOR 3 DUP FROM 0
with errorcode 1.

NOTE: invoking MPI_ABORT causes Open MPI to kill all MPI processes.
You may or may not see output from other processes, depending on
exactly when Open MPI kills them.
--------------------------------------------------------------------------
--------------------------------------------------------------------------
MPI_ABORT was invoked on rank 176 in communicator MPI COMMUNICATOR 3 DUP FROM 0
with errorcode 1.

NOTE: invoking MPI_ABORT causes Open MPI to kill all MPI processes.
You may or may not see output from other processes, depending on
exactly when Open MPI kills them.
--------------------------------------------------------------------------
--------------------------------------------------------------------------
MPI_ABORT was invoked on rank 178 in communicator MPI COMMUNICATOR 3 DUP FROM 0
with errorcode 1.

NOTE: invoking MPI_ABORT causes Open MPI to kill all MPI processes.
You may or may not see output from other processes, depending on
exactly when Open MPI kills them.
--------------------------------------------------------------------------
--------------------------------------------------------------------------
MPI_ABORT was invoked on rank 720 in communicator MPI COMMUNICATOR 3 DUP FROM 0
with errorcode 1.

NOTE: invoking MPI_ABORT causes Open MPI to kill all MPI processes.
You may or may not see output from other processes, depending on
exactly when Open MPI kills them.
--------------------------------------------------------------------------
--------------------------------------------------------------------------
MPI_ABORT was invoked on rank 173 in communicator MPI COMMUNICATOR 3 DUP FROM 0
with errorcode 1.

NOTE: invoking MPI_ABORT causes Open MPI to kill all MPI processes.
You may or may not see output from other processes, depending on
exactly when Open MPI kills them.
--------------------------------------------------------------------------
--------------------------------------------------------------------------
MPI_ABORT was invoked on rank 785 in communicator MPI COMMUNICATOR 3 DUP FROM 0
with errorcode 1.

NOTE: invoking MPI_ABORT causes Open MPI to kill all MPI processes.
You may or may not see output from other processes, depending on
exactly when Open MPI kills them.
--------------------------------------------------------------------------
--------------------------------------------------------------------------
MPI_ABORT was invoked on rank 718 in communicator MPI COMMUNICATOR 3 DUP FROM 0
with errorcode 1.

NOTE: invoking MPI_ABORT causes Open MPI to kill all MPI processes.
You may or may not see output from other processes, depending on
exactly when Open MPI kills them.
--------------------------------------------------------------------------
--------------------------------------------------------------------------
MPI_ABORT was invoked on rank 772 in communicator MPI COMMUNICATOR 3 DUP FROM 0
with errorcode 1.

NOTE: invoking MPI_ABORT causes Open MPI to kill all MPI processes.
You may or may not see output from other processes, depending on
exactly when Open MPI kills them.
--------------------------------------------------------------------------
--------------------------------------------------------------------------
MPI_ABORT was invoked on rank 789 in communicator MPI COMMUNICATOR 3 DUP FROM 0
with errorcode 1.

NOTE: invoking MPI_ABORT causes Open MPI to kill all MPI processes.
You may or may not see output from other processes, depending on
exactly when Open MPI kills them.
--------------------------------------------------------------------------
--------------------------------------------------------------------------
MPI_ABORT was invoked on rank 179 in communicator MPI COMMUNICATOR 3 DUP FROM 0
with errorcode 1.

NOTE: invoking MPI_ABORT causes Open MPI to kill all MPI processes.
You may or may not see output from other processes, depending on
exactly when Open MPI kills them.
--------------------------------------------------------------------------
--------------------------------------------------------------------------
MPI_ABORT was invoked on rank 731 in communicator MPI COMMUNICATOR 3 DUP FROM 0
with errorcode 1.

NOTE: invoking MPI_ABORT causes Open MPI to kill all MPI processes.
You may or may not see output from other processes, depending on
exactly when Open MPI kills them.
--------------------------------------------------------------------------
--------------------------------------------------------------------------
MPI_ABORT was invoked on rank 101 in communicator MPI COMMUNICATOR 3 DUP FROM 0
with errorcode 1.

NOTE: invoking MPI_ABORT causes Open MPI to kill all MPI processes.
You may or may not see output from other processes, depending on
exactly when Open MPI kills them.
--------------------------------------------------------------------------
--------------------------------------------------------------------------
MPI_ABORT was invoked on rank 184 in communicator MPI COMMUNICATOR 3 DUP FROM 0
with errorcode 1.

NOTE: invoking MPI_ABORT causes Open MPI to kill all MPI processes.
You may or may not see output from other processes, depending on
exactly when Open MPI kills them.
--------------------------------------------------------------------------
--------------------------------------------------------------------------
MPI_ABORT was invoked on rank 743 in communicator MPI COMMUNICATOR 3 DUP FROM 0
with errorcode 1.

NOTE: invoking MPI_ABORT causes Open MPI to kill all MPI processes.
You may or may not see output from other processes, depending on
exactly when Open MPI kills them.
--------------------------------------------------------------------------
--------------------------------------------------------------------------
MPI_ABORT was invoked on rank 100 in communicator MPI COMMUNICATOR 3 DUP FROM 0
with errorcode 1.

NOTE: invoking MPI_ABORT causes Open MPI to kill all MPI processes.
You may or may not see output from other processes, depending on
exactly when Open MPI kills them.
--------------------------------------------------------------------------
--------------------------------------------------------------------------
MPI_ABORT was invoked on rank 796 in communicator MPI COMMUNICATOR 3 DUP FROM 0
with errorcode 1.

NOTE: invoking MPI_ABORT causes Open MPI to kill all MPI processes.
You may or may not see output from other processes, depending on
exactly when Open MPI kills them.
--------------------------------------------------------------------------
--------------------------------------------------------------------------
MPI_ABORT was invoked on rank 717 in communicator MPI COMMUNICATOR 3 DUP FROM 0
with errorcode 1.

NOTE: invoking MPI_ABORT causes Open MPI to kill all MPI processes.
You may or may not see output from other processes, depending on
exactly when Open MPI kills them.
--------------------------------------------------------------------------
--------------------------------------------------------------------------
MPI_ABORT was invoked on rank 126 in communicator MPI COMMUNICATOR 3 DUP FROM 0
with errorcode 1.

NOTE: invoking MPI_ABORT causes Open MPI to kill all MPI processes.
You may or may not see output from other processes, depending on
exactly when Open MPI kills them.
--------------------------------------------------------------------------
--------------------------------------------------------------------------
MPI_ABORT was invoked on rank 770 in communicator MPI COMMUNICATOR 3 DUP FROM 0
with errorcode 1.

NOTE: invoking MPI_ABORT causes Open MPI to kill all MPI processes.
You may or may not see output from other processes, depending on
exactly when Open MPI kills them.
--------------------------------------------------------------------------
--------------------------------------------------------------------------
MPI_ABORT was invoked on rank 432 in communicator MPI COMMUNICATOR 3 DUP FROM 0
with errorcode 1.

NOTE: invoking MPI_ABORT causes Open MPI to kill all MPI processes.
You may or may not see output from other processes, depending on
exactly when Open MPI kills them.
--------------------------------------------------------------------------
--------------------------------------------------------------------------
MPI_ABORT was invoked on rank 174 in communicator MPI COMMUNICATOR 3 DUP FROM 0
with errorcode 1.

NOTE: invoking MPI_ABORT causes Open MPI to kill all MPI processes.
You may or may not see output from other processes, depending on
exactly when Open MPI kills them.
--------------------------------------------------------------------------
--------------------------------------------------------------------------
MPI_ABORT was invoked on rank 737 in communicator MPI COMMUNICATOR 3 DUP FROM 0
with errorcode 1.

NOTE: invoking MPI_ABORT causes Open MPI to kill all MPI processes.
You may or may not see output from other processes, depending on
exactly when Open MPI kills them.
--------------------------------------------------------------------------
--------------------------------------------------------------------------
MPI_ABORT was invoked on rank 402 in communicator MPI COMMUNICATOR 3 DUP FROM 0
with errorcode 1.

NOTE: invoking MPI_ABORT causes Open MPI to kill all MPI processes.
You may or may not see output from other processes, depending on
exactly when Open MPI kills them.
--------------------------------------------------------------------------
--------------------------------------------------------------------------
MPI_ABORT was invoked on rank 463 in communicator MPI COMMUNICATOR 3 DUP FROM 0
with errorcode 1.

NOTE: invoking MPI_ABORT causes Open MPI to kill all MPI processes.
You may or may not see output from other processes, depending on
exactly when Open MPI kills them.
--------------------------------------------------------------------------
--------------------------------------------------------------------------
MPI_ABORT was invoked on rank 484 in communicator MPI COMMUNICATOR 3 DUP FROM 0
with errorcode 1.

NOTE: invoking MPI_ABORT causes Open MPI to kill all MPI processes.
You may or may not see output from other processes, depending on
exactly when Open MPI kills them.
--------------------------------------------------------------------------
--------------------------------------------------------------------------
MPI_ABORT was invoked on rank 401 in communicator MPI COMMUNICATOR 3 DUP FROM 0
with errorcode 1.

NOTE: invoking MPI_ABORT causes Open MPI to kill all MPI processes.
You may or may not see output from other processes, depending on
exactly when Open MPI kills them.
--------------------------------------------------------------------------
--------------------------------------------------------------------------
MPI_ABORT was invoked on rank 430 in communicator MPI COMMUNICATOR 3 DUP FROM 0
with errorcode 1.

NOTE: invoking MPI_ABORT causes Open MPI to kill all MPI processes.
You may or may not see output from other processes, depending on
exactly when Open MPI kills them.
--------------------------------------------------------------------------
--------------------------------------------------------------------------
MPI_ABORT was invoked on rank 150 in communicator MPI COMMUNICATOR 3 DUP FROM 0
with errorcode 1.

NOTE: invoking MPI_ABORT causes Open MPI to kill all MPI processes.
You may or may not see output from other processes, depending on
exactly when Open MPI kills them.
--------------------------------------------------------------------------
--------------------------------------------------------------------------
MPI_ABORT was invoked on rank 483 in communicator MPI COMMUNICATOR 3 DUP FROM 0
with errorcode 1.

NOTE: invoking MPI_ABORT causes Open MPI to kill all MPI processes.
You may or may not see output from other processes, depending on
exactly when Open MPI kills them.
--------------------------------------------------------------------------
--------------------------------------------------------------------------
MPI_ABORT was invoked on rank 444 in communicator MPI COMMUNICATOR 3 DUP FROM 0
with errorcode 1.

NOTE: invoking MPI_ABORT causes Open MPI to kill all MPI processes.
You may or may not see output from other processes, depending on
exactly when Open MPI kills them.
--------------------------------------------------------------------------
--------------------------------------------------------------------------
MPI_ABORT was invoked on rank 162 in communicator MPI COMMUNICATOR 3 DUP FROM 0
with errorcode 1.

NOTE: invoking MPI_ABORT causes Open MPI to kill all MPI processes.
You may or may not see output from other processes, depending on
exactly when Open MPI kills them.
--------------------------------------------------------------------------
--------------------------------------------------------------------------
MPI_ABORT was invoked on rank 438 in communicator MPI COMMUNICATOR 3 DUP FROM 0
with errorcode 1.

NOTE: invoking MPI_ABORT causes Open MPI to kill all MPI processes.
You may or may not see output from other processes, depending on
exactly when Open MPI kills them.
--------------------------------------------------------------------------
--------------------------------------------------------------------------
MPI_ABORT was invoked on rank 158 in communicator MPI COMMUNICATOR 3 DUP FROM 0
with errorcode 1.

NOTE: invoking MPI_ABORT causes Open MPI to kill all MPI processes.
You may or may not see output from other processes, depending on
exactly when Open MPI kills them.
--------------------------------------------------------------------------
--------------------------------------------------------------------------
MPI_ABORT was invoked on rank 180 in communicator MPI COMMUNICATOR 3 DUP FROM 0
with errorcode 1.

NOTE: invoking MPI_ABORT causes Open MPI to kill all MPI processes.
You may or may not see output from other processes, depending on
exactly when Open MPI kills them.
--------------------------------------------------------------------------
--------------------------------------------------------------------------
MPI_ABORT was invoked on rank 141 in communicator MPI COMMUNICATOR 3 DUP FROM 0
with errorcode 1.

NOTE: invoking MPI_ABORT causes Open MPI to kill all MPI processes.
You may or may not see output from other processes, depending on
exactly when Open MPI kills them.
--------------------------------------------------------------------------
--------------------------------------------------------------------------
MPI_ABORT was invoked on rank 793 in communicator MPI COMMUNICATOR 3 DUP FROM 0
with errorcode 1.

NOTE: invoking MPI_ABORT causes Open MPI to kill all MPI processes.
You may or may not see output from other processes, depending on
exactly when Open MPI kills them.
--------------------------------------------------------------------------
--------------------------------------------------------------------------
MPI_ABORT was invoked on rank 703 in communicator MPI COMMUNICATOR 3 DUP FROM 0
with errorcode 1.

NOTE: invoking MPI_ABORT causes Open MPI to kill all MPI processes.
You may or may not see output from other processes, depending on
exactly when Open MPI kills them.
--------------------------------------------------------------------------
--------------------------------------------------------------------------
MPI_ABORT was invoked on rank 441 in communicator MPI COMMUNICATOR 3 DUP FROM 0
with errorcode 1.

NOTE: invoking MPI_ABORT causes Open MPI to kill all MPI processes.
You may or may not see output from other processes, depending on
exactly when Open MPI kills them.
--------------------------------------------------------------------------
--------------------------------------------------------------------------
MPI_ABORT was invoked on rank 791 in communicator MPI COMMUNICATOR 3 DUP FROM 0
with errorcode 1.

NOTE: invoking MPI_ABORT causes Open MPI to kill all MPI processes.
You may or may not see output from other processes, depending on
exactly when Open MPI kills them.
--------------------------------------------------------------------------
--------------------------------------------------------------------------
MPI_ABORT was invoked on rank 771 in communicator MPI COMMUNICATOR 3 DUP FROM 0
with errorcode 1.

NOTE: invoking MPI_ABORT causes Open MPI to kill all MPI processes.
You may or may not see output from other processes, depending on
exactly when Open MPI kills them.
--------------------------------------------------------------------------
--------------------------------------------------------------------------
MPI_ABORT was invoked on rank 792 in communicator MPI COMMUNICATOR 3 DUP FROM 0
with errorcode 1.

NOTE: invoking MPI_ABORT causes Open MPI to kill all MPI processes.
You may or may not see output from other processes, depending on
exactly when Open MPI kills them.
--------------------------------------------------------------------------
--------------------------------------------------------------------------
MPI_ABORT was invoked on rank 713 in communicator MPI COMMUNICATOR 3 DUP FROM 0
with errorcode 1.

NOTE: invoking MPI_ABORT causes Open MPI to kill all MPI processes.
You may or may not see output from other processes, depending on
exactly when Open MPI kills them.
--------------------------------------------------------------------------
--------------------------------------------------------------------------
MPI_ABORT was invoked on rank 724 in communicator MPI COMMUNICATOR 3 DUP FROM 0
with errorcode 1.

NOTE: invoking MPI_ABORT causes Open MPI to kill all MPI processes.
You may or may not see output from other processes, depending on
exactly when Open MPI kills them.
--------------------------------------------------------------------------
--------------------------------------------------------------------------
MPI_ABORT was invoked on rank 192 in communicator MPI COMMUNICATOR 3 DUP FROM 0
with errorcode 1.

NOTE: invoking MPI_ABORT causes Open MPI to kill all MPI processes.
You may or may not see output from other processes, depending on
exactly when Open MPI kills them.
--------------------------------------------------------------------------
--------------------------------------------------------------------------
MPI_ABORT was invoked on rank 775 in communicator MPI COMMUNICATOR 3 DUP FROM 0
with errorcode 1.

NOTE: invoking MPI_ABORT causes Open MPI to kill all MPI processes.
You may or may not see output from other processes, depending on
exactly when Open MPI kills them.
--------------------------------------------------------------------------
--------------------------------------------------------------------------
MPI_ABORT was invoked on rank 767 in communicator MPI COMMUNICATOR 3 DUP FROM 0
with errorcode 1.

NOTE: invoking MPI_ABORT causes Open MPI to kill all MPI processes.
You may or may not see output from other processes, depending on
exactly when Open MPI kills them.
--------------------------------------------------------------------------
--------------------------------------------------------------------------
MPI_ABORT was invoked on rank 752 in communicator MPI COMMUNICATOR 3 DUP FROM 0
with errorcode 1.

NOTE: invoking MPI_ABORT causes Open MPI to kill all MPI processes.
You may or may not see output from other processes, depending on
exactly when Open MPI kills them.
--------------------------------------------------------------------------
--------------------------------------------------------------------------
MPI_ABORT was invoked on rank 482 in communicator MPI COMMUNICATOR 3 DUP FROM 0
with errorcode 1.

NOTE: invoking MPI_ABORT causes Open MPI to kill all MPI processes.
You may or may not see output from other processes, depending on
exactly when Open MPI kills them.
--------------------------------------------------------------------------
--------------------------------------------------------------------------
MPI_ABORT was invoked on rank 124 in communicator MPI COMMUNICATOR 3 DUP FROM 0
with errorcode 1.

NOTE: invoking MPI_ABORT causes Open MPI to kill all MPI processes.
You may or may not see output from other processes, depending on
exactly when Open MPI kills them.
--------------------------------------------------------------------------
--------------------------------------------------------------------------
MPI_ABORT was invoked on rank 700 in communicator MPI COMMUNICATOR 3 DUP FROM 0
with errorcode 1.

NOTE: invoking MPI_ABORT causes Open MPI to kill all MPI processes.
You may or may not see output from other processes, depending on
exactly when Open MPI kills them.
--------------------------------------------------------------------------
--------------------------------------------------------------------------
MPI_ABORT was invoked on rank 492 in communicator MPI COMMUNICATOR 3 DUP FROM 0
with errorcode 1.

NOTE: invoking MPI_ABORT causes Open MPI to kill all MPI processes.
You may or may not see output from other processes, depending on
exactly when Open MPI kills them.
--------------------------------------------------------------------------
--------------------------------------------------------------------------
MPI_ABORT was invoked on rank 733 in communicator MPI COMMUNICATOR 3 DUP FROM 0
with errorcode 1.

NOTE: invoking MPI_ABORT causes Open MPI to kill all MPI processes.
You may or may not see output from other processes, depending on
exactly when Open MPI kills them.
--------------------------------------------------------------------------
--------------------------------------------------------------------------
MPI_ABORT was invoked on rank 742 in communicator MPI COMMUNICATOR 3 DUP FROM 0
with errorcode 1.

NOTE: invoking MPI_ABORT causes Open MPI to kill all MPI processes.
You may or may not see output from other processes, depending on
exactly when Open MPI kills them.
--------------------------------------------------------------------------
--------------------------------------------------------------------------
MPI_ABORT was invoked on rank 468 in communicator MPI COMMUNICATOR 3 DUP FROM 0
with errorcode 1.

NOTE: invoking MPI_ABORT causes Open MPI to kill all MPI processes.
You may or may not see output from other processes, depending on
exactly when Open MPI kills them.
--------------------------------------------------------------------------
--------------------------------------------------------------------------
MPI_ABORT was invoked on rank 736 in communicator MPI COMMUNICATOR 3 DUP FROM 0
with errorcode 1.

NOTE: invoking MPI_ABORT causes Open MPI to kill all MPI processes.
You may or may not see output from other processes, depending on
exactly when Open MPI kills them.
--------------------------------------------------------------------------
--------------------------------------------------------------------------
MPI_ABORT was invoked on rank 708 in communicator MPI COMMUNICATOR 3 DUP FROM 0
with errorcode 1.

NOTE: invoking MPI_ABORT causes Open MPI to kill all MPI processes.
You may or may not see output from other processes, depending on
exactly when Open MPI kills them.
--------------------------------------------------------------------------
--------------------------------------------------------------------------
MPI_ABORT was invoked on rank 481 in communicator MPI COMMUNICATOR 3 DUP FROM 0
with errorcode 1.

NOTE: invoking MPI_ABORT causes Open MPI to kill all MPI processes.
You may or may not see output from other processes, depending on
exactly when Open MPI kills them.
--------------------------------------------------------------------------
--------------------------------------------------------------------------
MPI_ABORT was invoked on rank 734 in communicator MPI COMMUNICATOR 3 DUP FROM 0
with errorcode 1.

NOTE: invoking MPI_ABORT causes Open MPI to kill all MPI processes.
You may or may not see output from other processes, depending on
exactly when Open MPI kills them.
--------------------------------------------------------------------------
--------------------------------------------------------------------------
MPI_ABORT was invoked on rank 412 in communicator MPI COMMUNICATOR 3 DUP FROM 0
with errorcode 1.

NOTE: invoking MPI_ABORT causes Open MPI to kill all MPI processes.
You may or may not see output from other processes, depending on
exactly when Open MPI kills them.
--------------------------------------------------------------------------
--------------------------------------------------------------------------
MPI_ABORT was invoked on rank 779 in communicator MPI COMMUNICATOR 3 DUP FROM 0
with errorcode 1.

NOTE: invoking MPI_ABORT causes Open MPI to kill all MPI processes.
You may or may not see output from other processes, depending on
exactly when Open MPI kills them.
--------------------------------------------------------------------------
--------------------------------------------------------------------------
MPI_ABORT was invoked on rank 136 in communicator MPI COMMUNICATOR 3 DUP FROM 0
with errorcode 1.

NOTE: invoking MPI_ABORT causes Open MPI to kill all MPI processes.
You may or may not see output from other processes, depending on
exactly when Open MPI kills them.
--------------------------------------------------------------------------
--------------------------------------------------------------------------
MPI_ABORT was invoked on rank 462 in communicator MPI COMMUNICATOR 3 DUP FROM 0
with errorcode 1.

NOTE: invoking MPI_ABORT causes Open MPI to kill all MPI processes.
You may or may not see output from other processes, depending on
exactly when Open MPI kills them.
--------------------------------------------------------------------------
--------------------------------------------------------------------------
MPI_ABORT was invoked on rank 745 in communicator MPI COMMUNICATOR 3 DUP FROM 0
with errorcode 1.

NOTE: invoking MPI_ABORT causes Open MPI to kill all MPI processes.
You may or may not see output from other processes, depending on
exactly when Open MPI kills them.
--------------------------------------------------------------------------
--------------------------------------------------------------------------
MPI_ABORT was invoked on rank 448 in communicator MPI COMMUNICATOR 3 DUP FROM 0
with errorcode 1.

NOTE: invoking MPI_ABORT causes Open MPI to kill all MPI processes.
You may or may not see output from other processes, depending on
exactly when Open MPI kills them.
--------------------------------------------------------------------------
--------------------------------------------------------------------------
MPI_ABORT was invoked on rank 798 in communicator MPI COMMUNICATOR 3 DUP FROM 0
with errorcode 1.

NOTE: invoking MPI_ABORT causes Open MPI to kill all MPI processes.
You may or may not see output from other processes, depending on
exactly when Open MPI kills them.
--------------------------------------------------------------------------
--------------------------------------------------------------------------
MPI_ABORT was invoked on rank 421 in communicator MPI COMMUNICATOR 3 DUP FROM 0
with errorcode 1.

NOTE: invoking MPI_ABORT causes Open MPI to kill all MPI processes.
You may or may not see output from other processes, depending on
exactly when Open MPI kills them.
--------------------------------------------------------------------------
--------------------------------------------------------------------------
MPI_ABORT was invoked on rank 166 in communicator MPI COMMUNICATOR 3 DUP FROM 0
with errorcode 1.

NOTE: invoking MPI_ABORT causes Open MPI to kill all MPI processes.
You may or may not see output from other processes, depending on
exactly when Open MPI kills them.
--------------------------------------------------------------------------
--------------------------------------------------------------------------
MPI_ABORT was invoked on rank 732 in communicator MPI COMMUNICATOR 3 DUP FROM 0
with errorcode 1.

NOTE: invoking MPI_ABORT causes Open MPI to kill all MPI processes.
You may or may not see output from other processes, depending on
exactly when Open MPI kills them.
--------------------------------------------------------------------------
--------------------------------------------------------------------------
MPI_ABORT was invoked on rank 786 in communicator MPI COMMUNICATOR 3 DUP FROM 0
with errorcode 1.

NOTE: invoking MPI_ABORT causes Open MPI to kill all MPI processes.
You may or may not see output from other processes, depending on
exactly when Open MPI kills them.
--------------------------------------------------------------------------
--------------------------------------------------------------------------
MPI_ABORT was invoked on rank 404 in communicator MPI COMMUNICATOR 3 DUP FROM 0
with errorcode 1.

NOTE: invoking MPI_ABORT causes Open MPI to kill all MPI processes.
You may or may not see output from other processes, depending on
exactly when Open MPI kills them.
--------------------------------------------------------------------------
--------------------------------------------------------------------------
MPI_ABORT was invoked on rank 193 in communicator MPI COMMUNICATOR 3 DUP FROM 0
with errorcode 1.

NOTE: invoking MPI_ABORT causes Open MPI to kill all MPI processes.
You may or may not see output from other processes, depending on
exactly when Open MPI kills them.
--------------------------------------------------------------------------
--------------------------------------------------------------------------
MPI_ABORT was invoked on rank 714 in communicator MPI COMMUNICATOR 3 DUP FROM 0
with errorcode 1.

NOTE: invoking MPI_ABORT causes Open MPI to kill all MPI processes.
You may or may not see output from other processes, depending on
exactly when Open MPI kills them.
--------------------------------------------------------------------------
--------------------------------------------------------------------------
MPI_ABORT was invoked on rank 488 in communicator MPI COMMUNICATOR 3 DUP FROM 0
with errorcode 1.

NOTE: invoking MPI_ABORT causes Open MPI to kill all MPI processes.
You may or may not see output from other processes, depending on
exactly when Open MPI kills them.
--------------------------------------------------------------------------
--------------------------------------------------------------------------
MPI_ABORT was invoked on rank 138 in communicator MPI COMMUNICATOR 3 DUP FROM 0
with errorcode 1.

NOTE: invoking MPI_ABORT causes Open MPI to kill all MPI processes.
You may or may not see output from other processes, depending on
exactly when Open MPI kills them.
--------------------------------------------------------------------------
--------------------------------------------------------------------------
MPI_ABORT was invoked on rank 726 in communicator MPI COMMUNICATOR 3 DUP FROM 0
with errorcode 1.

NOTE: invoking MPI_ABORT causes Open MPI to kill all MPI processes.
You may or may not see output from other processes, depending on
exactly when Open MPI kills them.
--------------------------------------------------------------------------
--------------------------------------------------------------------------
MPI_ABORT was invoked on rank 764 in communicator MPI COMMUNICATOR 3 DUP FROM 0
with errorcode 1.

NOTE: invoking MPI_ABORT causes Open MPI to kill all MPI processes.
You may or may not see output from other processes, depending on
exactly when Open MPI kills them.
--------------------------------------------------------------------------
--------------------------------------------------------------------------
MPI_ABORT was invoked on rank 461 in communicator MPI COMMUNICATOR 3 DUP FROM 0
with errorcode 1.

NOTE: invoking MPI_ABORT causes Open MPI to kill all MPI processes.
You may or may not see output from other processes, depending on
exactly when Open MPI kills them.
--------------------------------------------------------------------------
--------------------------------------------------------------------------
MPI_ABORT was invoked on rank 189 in communicator MPI COMMUNICATOR 3 DUP FROM 0
with errorcode 1.

NOTE: invoking MPI_ABORT causes Open MPI to kill all MPI processes.
You may or may not see output from other processes, depending on
exactly when Open MPI kills them.
--------------------------------------------------------------------------
--------------------------------------------------------------------------
MPI_ABORT was invoked on rank 738 in communicator MPI COMMUNICATOR 3 DUP FROM 0
with errorcode 1.

NOTE: invoking MPI_ABORT causes Open MPI to kill all MPI processes.
You may or may not see output from other processes, depending on
exactly when Open MPI kills them.
--------------------------------------------------------------------------
--------------------------------------------------------------------------
MPI_ABORT was invoked on rank 414 in communicator MPI COMMUNICATOR 3 DUP FROM 0
with errorcode 1.

NOTE: invoking MPI_ABORT causes Open MPI to kill all MPI processes.
You may or may not see output from other processes, depending on
exactly when Open MPI kills them.
--------------------------------------------------------------------------
--------------------------------------------------------------------------
MPI_ABORT was invoked on rank 760 in communicator MPI COMMUNICATOR 3 DUP FROM 0
with errorcode 1.

NOTE: invoking MPI_ABORT causes Open MPI to kill all MPI processes.
You may or may not see output from other processes, depending on
exactly when Open MPI kills them.
--------------------------------------------------------------------------
--------------------------------------------------------------------------
MPI_ABORT was invoked on rank 122 in communicator MPI COMMUNICATOR 3 DUP FROM 0
with errorcode 1.

NOTE: invoking MPI_ABORT causes Open MPI to kill all MPI processes.
You may or may not see output from other processes, depending on
exactly when Open MPI kills them.
--------------------------------------------------------------------------
--------------------------------------------------------------------------
MPI_ABORT was invoked on rank 409 in communicator MPI COMMUNICATOR 3 DUP FROM 0
with errorcode 1.

NOTE: invoking MPI_ABORT causes Open MPI to kill all MPI processes.
You may or may not see output from other processes, depending on
exactly when Open MPI kills them.
--------------------------------------------------------------------------
--------------------------------------------------------------------------
MPI_ABORT was invoked on rank 794 in communicator MPI COMMUNICATOR 3 DUP FROM 0
with errorcode 1.

NOTE: invoking MPI_ABORT causes Open MPI to kill all MPI processes.
You may or may not see output from other processes, depending on
exactly when Open MPI kills them.
--------------------------------------------------------------------------
--------------------------------------------------------------------------
MPI_ABORT was invoked on rank 721 in communicator MPI COMMUNICATOR 3 DUP FROM 0
with errorcode 1.

NOTE: invoking MPI_ABORT causes Open MPI to kill all MPI processes.
You may or may not see output from other processes, depending on
exactly when Open MPI kills them.
--------------------------------------------------------------------------
--------------------------------------------------------------------------
MPI_ABORT was invoked on rank 763 in communicator MPI COMMUNICATOR 3 DUP FROM 0
with errorcode 1.

NOTE: invoking MPI_ABORT causes Open MPI to kill all MPI processes.
You may or may not see output from other processes, depending on
exactly when Open MPI kills them.
--------------------------------------------------------------------------
--------------------------------------------------------------------------
MPI_ABORT was invoked on rank 765 in communicator MPI COMMUNICATOR 3 DUP FROM 0
with errorcode 1.

NOTE: invoking MPI_ABORT causes Open MPI to kill all MPI processes.
You may or may not see output from other processes, depending on
exactly when Open MPI kills them.
--------------------------------------------------------------------------
--------------------------------------------------------------------------
MPI_ABORT was invoked on rank 416 in communicator MPI COMMUNICATOR 3 DUP FROM 0
with errorcode 1.

NOTE: invoking MPI_ABORT causes Open MPI to kill all MPI processes.
You may or may not see output from other processes, depending on
exactly when Open MPI kills them.
--------------------------------------------------------------------------
--------------------------------------------------------------------------
MPI_ABORT was invoked on rank 727 in communicator MPI COMMUNICATOR 3 DUP FROM 0
with errorcode 1.

NOTE: invoking MPI_ABORT causes Open MPI to kill all MPI processes.
You may or may not see output from other processes, depending on
exactly when Open MPI kills them.
--------------------------------------------------------------------------
--------------------------------------------------------------------------
MPI_ABORT was invoked on rank 195 in communicator MPI COMMUNICATOR 3 DUP FROM 0
with errorcode 1.

NOTE: invoking MPI_ABORT causes Open MPI to kill all MPI processes.
You may or may not see output from other processes, depending on
exactly when Open MPI kills them.
--------------------------------------------------------------------------
--------------------------------------------------------------------------
MPI_ABORT was invoked on rank 744 in communicator MPI COMMUNICATOR 3 DUP FROM 0
with errorcode 1.

NOTE: invoking MPI_ABORT causes Open MPI to kill all MPI processes.
You may or may not see output from other processes, depending on
exactly when Open MPI kills them.
--------------------------------------------------------------------------
--------------------------------------------------------------------------
MPI_ABORT was invoked on rank 751 in communicator MPI COMMUNICATOR 3 DUP FROM 0
with errorcode 1.

NOTE: invoking MPI_ABORT causes Open MPI to kill all MPI processes.
You may or may not see output from other processes, depending on
exactly when Open MPI kills them.
--------------------------------------------------------------------------
--------------------------------------------------------------------------
MPI_ABORT was invoked on rank 196 in communicator MPI COMMUNICATOR 3 DUP FROM 0
with errorcode 1.

NOTE: invoking MPI_ABORT causes Open MPI to kill all MPI processes.
You may or may not see output from other processes, depending on
exactly when Open MPI kills them.
--------------------------------------------------------------------------
--------------------------------------------------------------------------
MPI_ABORT was invoked on rank 186 in communicator MPI COMMUNICATOR 3 DUP FROM 0
with errorcode 1.

NOTE: invoking MPI_ABORT causes Open MPI to kill all MPI processes.
You may or may not see output from other processes, depending on
exactly when Open MPI kills them.
--------------------------------------------------------------------------
--------------------------------------------------------------------------
MPI_ABORT was invoked on rank 759 in communicator MPI COMMUNICATOR 3 DUP FROM 0
with errorcode 1.

NOTE: invoking MPI_ABORT causes Open MPI to kill all MPI processes.
You may or may not see output from other processes, depending on
exactly when Open MPI kills them.
--------------------------------------------------------------------------
--------------------------------------------------------------------------
MPI_ABORT was invoked on rank 485 in communicator MPI COMMUNICATOR 3 DUP FROM 0
with errorcode 1.

NOTE: invoking MPI_ABORT causes Open MPI to kill all MPI processes.
You may or may not see output from other processes, depending on
exactly when Open MPI kills them.
--------------------------------------------------------------------------
--------------------------------------------------------------------------
MPI_ABORT was invoked on rank 145 in communicator MPI COMMUNICATOR 3 DUP FROM 0
with errorcode 1.

NOTE: invoking MPI_ABORT causes Open MPI to kill all MPI processes.
You may or may not see output from other processes, depending on
exactly when Open MPI kills them.
--------------------------------------------------------------------------
--------------------------------------------------------------------------
MPI_ABORT was invoked on rank 407 in communicator MPI COMMUNICATOR 3 DUP FROM 0
with errorcode 1.

NOTE: invoking MPI_ABORT causes Open MPI to kill all MPI processes.
You may or may not see output from other processes, depending on
exactly when Open MPI kills them.
--------------------------------------------------------------------------
--------------------------------------------------------------------------
MPI_ABORT was invoked on rank 466 in communicator MPI COMMUNICATOR 3 DUP FROM 0
with errorcode 1.

NOTE: invoking MPI_ABORT causes Open MPI to kill all MPI processes.
You may or may not see output from other processes, depending on
exactly when Open MPI kills them.
--------------------------------------------------------------------------
--------------------------------------------------------------------------
MPI_ABORT was invoked on rank 418 in communicator MPI COMMUNICATOR 3 DUP FROM 0
with errorcode 1.

NOTE: invoking MPI_ABORT causes Open MPI to kill all MPI processes.
You may or may not see output from other processes, depending on
exactly when Open MPI kills them.
--------------------------------------------------------------------------
--------------------------------------------------------------------------
MPI_ABORT was invoked on rank 446 in communicator MPI COMMUNICATOR 3 DUP FROM 0
with errorcode 1.

NOTE: invoking MPI_ABORT causes Open MPI to kill all MPI processes.
You may or may not see output from other processes, depending on
exactly when Open MPI kills them.
--------------------------------------------------------------------------
--------------------------------------------------------------------------
MPI_ABORT was invoked on rank 424 in communicator MPI COMMUNICATOR 3 DUP FROM 0
with errorcode 1.

NOTE: invoking MPI_ABORT causes Open MPI to kill all MPI processes.
You may or may not see output from other processes, depending on
exactly when Open MPI kills them.
--------------------------------------------------------------------------
--------------------------------------------------------------------------
MPI_ABORT was invoked on rank 474 in communicator MPI COMMUNICATOR 3 DUP FROM 0
with errorcode 1.

NOTE: invoking MPI_ABORT causes Open MPI to kill all MPI processes.
You may or may not see output from other processes, depending on
exactly when Open MPI kills them.
--------------------------------------------------------------------------
--------------------------------------------------------------------------
MPI_ABORT was invoked on rank 123 in communicator MPI COMMUNICATOR 3 DUP FROM 0
with errorcode 1.

NOTE: invoking MPI_ABORT causes Open MPI to kill all MPI processes.
You may or may not see output from other processes, depending on
exactly when Open MPI kills them.
--------------------------------------------------------------------------
--------------------------------------------------------------------------
MPI_ABORT was invoked on rank 453 in communicator MPI COMMUNICATOR 3 DUP FROM 0
with errorcode 1.

NOTE: invoking MPI_ABORT causes Open MPI to kill all MPI processes.
You may or may not see output from other processes, depending on
exactly when Open MPI kills them.
--------------------------------------------------------------------------
--------------------------------------------------------------------------
MPI_ABORT was invoked on rank 479 in communicator MPI COMMUNICATOR 3 DUP FROM 0
with errorcode 1.

NOTE: invoking MPI_ABORT causes Open MPI to kill all MPI processes.
You may or may not see output from other processes, depending on
exactly when Open MPI kills them.
--------------------------------------------------------------------------
--------------------------------------------------------------------------
MPI_ABORT was invoked on rank 183 in communicator MPI COMMUNICATOR 3 DUP FROM 0
with errorcode 1.

NOTE: invoking MPI_ABORT causes Open MPI to kill all MPI processes.
You may or may not see output from other processes, depending on
exactly when Open MPI kills them.
--------------------------------------------------------------------------
--------------------------------------------------------------------------
MPI_ABORT was invoked on rank 170 in communicator MPI COMMUNICATOR 3 DUP FROM 0
with errorcode 1.

NOTE: invoking MPI_ABORT causes Open MPI to kill all MPI processes.
You may or may not see output from other processes, depending on
exactly when Open MPI kills them.
--------------------------------------------------------------------------
--------------------------------------------------------------------------
MPI_ABORT was invoked on rank 497 in communicator MPI COMMUNICATOR 3 DUP FROM 0
with errorcode 1.

NOTE: invoking MPI_ABORT causes Open MPI to kill all MPI processes.
You may or may not see output from other processes, depending on
exactly when Open MPI kills them.
--------------------------------------------------------------------------
--------------------------------------------------------------------------
MPI_ABORT was invoked on rank 433 in communicator MPI COMMUNICATOR 3 DUP FROM 0
with errorcode 1.

NOTE: invoking MPI_ABORT causes Open MPI to kill all MPI processes.
You may or may not see output from other processes, depending on
exactly when Open MPI kills them.
--------------------------------------------------------------------------
--------------------------------------------------------------------------
MPI_ABORT was invoked on rank 464 in communicator MPI COMMUNICATOR 3 DUP FROM 0
with errorcode 1.

NOTE: invoking MPI_ABORT causes Open MPI to kill all MPI processes.
You may or may not see output from other processes, depending on
exactly when Open MPI kills them.
--------------------------------------------------------------------------
--------------------------------------------------------------------------
MPI_ABORT was invoked on rank 147 in communicator MPI COMMUNICATOR 3 DUP FROM 0
with errorcode 1.

NOTE: invoking MPI_ABORT causes Open MPI to kill all MPI processes.
You may or may not see output from other processes, depending on
exactly when Open MPI kills them.
--------------------------------------------------------------------------
--------------------------------------------------------------------------
MPI_ABORT was invoked on rank 423 in communicator MPI COMMUNICATOR 3 DUP FROM 0
with errorcode 1.

NOTE: invoking MPI_ABORT causes Open MPI to kill all MPI processes.
You may or may not see output from other processes, depending on
exactly when Open MPI kills them.
--------------------------------------------------------------------------
--------------------------------------------------------------------------
MPI_ABORT was invoked on rank 133 in communicator MPI COMMUNICATOR 3 DUP FROM 0
with errorcode 1.

NOTE: invoking MPI_ABORT causes Open MPI to kill all MPI processes.
You may or may not see output from other processes, depending on
exactly when Open MPI kills them.
--------------------------------------------------------------------------
--------------------------------------------------------------------------
MPI_ABORT was invoked on rank 470 in communicator MPI COMMUNICATOR 3 DUP FROM 0
with errorcode 1.

NOTE: invoking MPI_ABORT causes Open MPI to kill all MPI processes.
You may or may not see output from other processes, depending on
exactly when Open MPI kills them.
--------------------------------------------------------------------------
--------------------------------------------------------------------------
MPI_ABORT was invoked on rank 472 in communicator MPI COMMUNICATOR 3 DUP FROM 0
with errorcode 1.

NOTE: invoking MPI_ABORT causes Open MPI to kill all MPI processes.
You may or may not see output from other processes, depending on
exactly when Open MPI kills them.
--------------------------------------------------------------------------
--------------------------------------------------------------------------
MPI_ABORT was invoked on rank 148 in communicator MPI COMMUNICATOR 3 DUP FROM 0
with errorcode 1.

NOTE: invoking MPI_ABORT causes Open MPI to kill all MPI processes.
You may or may not see output from other processes, depending on
exactly when Open MPI kills them.
--------------------------------------------------------------------------
--------------------------------------------------------------------------
MPI_ABORT was invoked on rank 454 in communicator MPI COMMUNICATOR 3 DUP FROM 0
with errorcode 1.

NOTE: invoking MPI_ABORT causes Open MPI to kill all MPI processes.
You may or may not see output from other processes, depending on
exactly when Open MPI kills them.
--------------------------------------------------------------------------
--------------------------------------------------------------------------
MPI_ABORT was invoked on rank 114 in communicator MPI COMMUNICATOR 3 DUP FROM 0
with errorcode 1.

NOTE: invoking MPI_ABORT causes Open MPI to kill all MPI processes.
You may or may not see output from other processes, depending on
exactly when Open MPI kills them.
--------------------------------------------------------------------------
--------------------------------------------------------------------------
MPI_ABORT was invoked on rank 486 in communicator MPI COMMUNICATOR 3 DUP FROM 0
with errorcode 1.

NOTE: invoking MPI_ABORT causes Open MPI to kill all MPI processes.
You may or may not see output from other processes, depending on
exactly when Open MPI kills them.
--------------------------------------------------------------------------
--------------------------------------------------------------------------
MPI_ABORT was invoked on rank 160 in communicator MPI COMMUNICATOR 3 DUP FROM 0
with errorcode 1.

NOTE: invoking MPI_ABORT causes Open MPI to kill all MPI processes.
You may or may not see output from other processes, depending on
exactly when Open MPI kills them.
--------------------------------------------------------------------------
--------------------------------------------------------------------------
MPI_ABORT was invoked on rank 496 in communicator MPI COMMUNICATOR 3 DUP FROM 0
with errorcode 1.

NOTE: invoking MPI_ABORT causes Open MPI to kill all MPI processes.
You may or may not see output from other processes, depending on
exactly when Open MPI kills them.
--------------------------------------------------------------------------
--------------------------------------------------------------------------
MPI_ABORT was invoked on rank 118 in communicator MPI COMMUNICATOR 3 DUP FROM 0
with errorcode 1.

NOTE: invoking MPI_ABORT causes Open MPI to kill all MPI processes.
You may or may not see output from other processes, depending on
exactly when Open MPI kills them.
--------------------------------------------------------------------------
--------------------------------------------------------------------------
MPI_ABORT was invoked on rank 499 in communicator MPI COMMUNICATOR 3 DUP FROM 0
with errorcode 1.

NOTE: invoking MPI_ABORT causes Open MPI to kill all MPI processes.
You may or may not see output from other processes, depending on
exactly when Open MPI kills them.
--------------------------------------------------------------------------
--------------------------------------------------------------------------
MPI_ABORT was invoked on rank 477 in communicator MPI COMMUNICATOR 3 DUP FROM 0
with errorcode 1.

NOTE: invoking MPI_ABORT causes Open MPI to kill all MPI processes.
You may or may not see output from other processes, depending on
exactly when Open MPI kills them.
--------------------------------------------------------------------------
--------------------------------------------------------------------------
MPI_ABORT was invoked on rank 494 in communicator MPI COMMUNICATOR 3 DUP FROM 0
with errorcode 1.

NOTE: invoking MPI_ABORT causes Open MPI to kill all MPI processes.
You may or may not see output from other processes, depending on
exactly when Open MPI kills them.
--------------------------------------------------------------------------
--------------------------------------------------------------------------
MPI_ABORT was invoked on rank 443 in communicator MPI COMMUNICATOR 3 DUP FROM 0
with errorcode 1.

NOTE: invoking MPI_ABORT causes Open MPI to kill all MPI processes.
You may or may not see output from other processes, depending on
exactly when Open MPI kills them.
--------------------------------------------------------------------------
--------------------------------------------------------------------------
MPI_ABORT was invoked on rank 456 in communicator MPI COMMUNICATOR 3 DUP FROM 0
with errorcode 1.

NOTE: invoking MPI_ABORT causes Open MPI to kill all MPI processes.
You may or may not see output from other processes, depending on
exactly when Open MPI kills them.
--------------------------------------------------------------------------
--------------------------------------------------------------------------
MPI_ABORT was invoked on rank 121 in communicator MPI COMMUNICATOR 3 DUP FROM 0
with errorcode 1.

NOTE: invoking MPI_ABORT causes Open MPI to kill all MPI processes.
You may or may not see output from other processes, depending on
exactly when Open MPI kills them.
--------------------------------------------------------------------------
--------------------------------------------------------------------------
MPI_ABORT was invoked on rank 429 in communicator MPI COMMUNICATOR 3 DUP FROM 0
with errorcode 1.

NOTE: invoking MPI_ABORT causes Open MPI to kill all MPI processes.
You may or may not see output from other processes, depending on
exactly when Open MPI kills them.
--------------------------------------------------------------------------
--------------------------------------------------------------------------
MPI_ABORT was invoked on rank 137 in communicator MPI COMMUNICATOR 3 DUP FROM 0
with errorcode 1.

NOTE: invoking MPI_ABORT causes Open MPI to kill all MPI processes.
You may or may not see output from other processes, depending on
exactly when Open MPI kills them.
--------------------------------------------------------------------------
--------------------------------------------------------------------------
MPI_ABORT was invoked on rank 154 in communicator MPI COMMUNICATOR 3 DUP FROM 0
with errorcode 1.

NOTE: invoking MPI_ABORT causes Open MPI to kill all MPI processes.
You may or may not see output from other processes, depending on
exactly when Open MPI kills them.
--------------------------------------------------------------------------
--------------------------------------------------------------------------
MPI_ABORT was invoked on rank 175 in communicator MPI COMMUNICATOR 3 DUP FROM 0
with errorcode 1.

NOTE: invoking MPI_ABORT causes Open MPI to kill all MPI processes.
You may or may not see output from other processes, depending on
exactly when Open MPI kills them.
--------------------------------------------------------------------------
--------------------------------------------------------------------------
MPI_ABORT was invoked on rank 480 in communicator MPI COMMUNICATOR 3 DUP FROM 0
with errorcode 1.

NOTE: invoking MPI_ABORT causes Open MPI to kill all MPI processes.
You may or may not see output from other processes, depending on
exactly when Open MPI kills them.
--------------------------------------------------------------------------
--------------------------------------------------------------------------
MPI_ABORT was invoked on rank 109 in communicator MPI COMMUNICATOR 3 DUP FROM 0
with errorcode 1.

NOTE: invoking MPI_ABORT causes Open MPI to kill all MPI processes.
You may or may not see output from other processes, depending on
exactly when Open MPI kills them.
--------------------------------------------------------------------------
--------------------------------------------------------------------------
MPI_ABORT was invoked on rank 410 in communicator MPI COMMUNICATOR 3 DUP FROM 0
with errorcode 1.

NOTE: invoking MPI_ABORT causes Open MPI to kill all MPI processes.
You may or may not see output from other processes, depending on
exactly when Open MPI kills them.
--------------------------------------------------------------------------
--------------------------------------------------------------------------
MPI_ABORT was invoked on rank 1173 in communicator MPI COMMUNICATOR 3 DUP FROM 0
with errorcode 1.

NOTE: invoking MPI_ABORT causes Open MPI to kill all MPI processes.
You may or may not see output from other processes, depending on
exactly when Open MPI kills them.
--------------------------------------------------------------------------
--------------------------------------------------------------------------
MPI_ABORT was invoked on rank 1185 in communicator MPI COMMUNICATOR 3 DUP FROM 0
with errorcode 1.

NOTE: invoking MPI_ABORT causes Open MPI to kill all MPI processes.
You may or may not see output from other processes, depending on
exactly when Open MPI kills them.
--------------------------------------------------------------------------
--------------------------------------------------------------------------
MPI_ABORT was invoked on rank 487 in communicator MPI COMMUNICATOR 3 DUP FROM 0
with errorcode 1.

NOTE: invoking MPI_ABORT causes Open MPI to kill all MPI processes.
You may or may not see output from other processes, depending on
exactly when Open MPI kills them.
--------------------------------------------------------------------------
--------------------------------------------------------------------------
MPI_ABORT was invoked on rank 490 in communicator MPI COMMUNICATOR 3 DUP FROM 0
with errorcode 1.

NOTE: invoking MPI_ABORT causes Open MPI to kill all MPI processes.
You may or may not see output from other processes, depending on
exactly when Open MPI kills them.
--------------------------------------------------------------------------
--------------------------------------------------------------------------
MPI_ABORT was invoked on rank 411 in communicator MPI COMMUNICATOR 3 DUP FROM 0
with errorcode 1.

NOTE: invoking MPI_ABORT causes Open MPI to kill all MPI processes.
You may or may not see output from other processes, depending on
exactly when Open MPI kills them.
--------------------------------------------------------------------------
--------------------------------------------------------------------------
MPI_ABORT was invoked on rank 428 in communicator MPI COMMUNICATOR 3 DUP FROM 0
with errorcode 1.

NOTE: invoking MPI_ABORT causes Open MPI to kill all MPI processes.
You may or may not see output from other processes, depending on
exactly when Open MPI kills them.
--------------------------------------------------------------------------
--------------------------------------------------------------------------
MPI_ABORT was invoked on rank 134 in communicator MPI COMMUNICATOR 3 DUP FROM 0
with errorcode 1.

NOTE: invoking MPI_ABORT causes Open MPI to kill all MPI processes.
You may or may not see output from other processes, depending on
exactly when Open MPI kills them.
--------------------------------------------------------------------------
--------------------------------------------------------------------------
MPI_ABORT was invoked on rank 478 in communicator MPI COMMUNICATOR 3 DUP FROM 0
with errorcode 1.

NOTE: invoking MPI_ABORT causes Open MPI to kill all MPI processes.
You may or may not see output from other processes, depending on
exactly when Open MPI kills them.
--------------------------------------------------------------------------
--------------------------------------------------------------------------
MPI_ABORT was invoked on rank 105 in communicator MPI COMMUNICATOR 3 DUP FROM 0
with errorcode 1.

NOTE: invoking MPI_ABORT causes Open MPI to kill all MPI processes.
You may or may not see output from other processes, depending on
exactly when Open MPI kills them.
--------------------------------------------------------------------------
--------------------------------------------------------------------------
MPI_ABORT was invoked on rank 129 in communicator MPI COMMUNICATOR 3 DUP FROM 0
with errorcode 1.

NOTE: invoking MPI_ABORT causes Open MPI to kill all MPI processes.
You may or may not see output from other processes, depending on
exactly when Open MPI kills them.
--------------------------------------------------------------------------
--------------------------------------------------------------------------
MPI_ABORT was invoked on rank 130 in communicator MPI COMMUNICATOR 3 DUP FROM 0
with errorcode 1.

NOTE: invoking MPI_ABORT causes Open MPI to kill all MPI processes.
You may or may not see output from other processes, depending on
exactly when Open MPI kills them.
--------------------------------------------------------------------------
--------------------------------------------------------------------------
MPI_ABORT was invoked on rank 422 in communicator MPI COMMUNICATOR 3 DUP FROM 0
with errorcode 1.

NOTE: invoking MPI_ABORT causes Open MPI to kill all MPI processes.
You may or may not see output from other processes, depending on
exactly when Open MPI kills them.
--------------------------------------------------------------------------
--------------------------------------------------------------------------
MPI_ABORT was invoked on rank 434 in communicator MPI COMMUNICATOR 3 DUP FROM 0
with errorcode 1.

NOTE: invoking MPI_ABORT causes Open MPI to kill all MPI processes.
You may or may not see output from other processes, depending on
exactly when Open MPI kills them.
--------------------------------------------------------------------------
--------------------------------------------------------------------------
MPI_ABORT was invoked on rank 1126 in communicator MPI COMMUNICATOR 3 DUP FROM 0
with errorcode 1.

NOTE: invoking MPI_ABORT causes Open MPI to kill all MPI processes.
You may or may not see output from other processes, depending on
exactly when Open MPI kills them.
--------------------------------------------------------------------------
--------------------------------------------------------------------------
MPI_ABORT was invoked on rank 400 in communicator MPI COMMUNICATOR 3 DUP FROM 0
with errorcode 1.

NOTE: invoking MPI_ABORT causes Open MPI to kill all MPI processes.
You may or may not see output from other processes, depending on
exactly when Open MPI kills them.
--------------------------------------------------------------------------
--------------------------------------------------------------------------
MPI_ABORT was invoked on rank 171 in communicator MPI COMMUNICATOR 3 DUP FROM 0
with errorcode 1.

NOTE: invoking MPI_ABORT causes Open MPI to kill all MPI processes.
You may or may not see output from other processes, depending on
exactly when Open MPI kills them.
--------------------------------------------------------------------------
--------------------------------------------------------------------------
MPI_ABORT was invoked on rank 1153 in communicator MPI COMMUNICATOR 3 DUP FROM 0
with errorcode 1.

NOTE: invoking MPI_ABORT causes Open MPI to kill all MPI processes.
You may or may not see output from other processes, depending on
exactly when Open MPI kills them.
--------------------------------------------------------------------------
--------------------------------------------------------------------------
MPI_ABORT was invoked on rank 152 in communicator MPI COMMUNICATOR 3 DUP FROM 0
with errorcode 1.

NOTE: invoking MPI_ABORT causes Open MPI to kill all MPI processes.
You may or may not see output from other processes, depending on
exactly when Open MPI kills them.
--------------------------------------------------------------------------
--------------------------------------------------------------------------
MPI_ABORT was invoked on rank 431 in communicator MPI COMMUNICATOR 3 DUP FROM 0
with errorcode 1.

NOTE: invoking MPI_ABORT causes Open MPI to kill all MPI processes.
You may or may not see output from other processes, depending on
exactly when Open MPI kills them.
--------------------------------------------------------------------------
--------------------------------------------------------------------------
MPI_ABORT was invoked on rank 161 in communicator MPI COMMUNICATOR 3 DUP FROM 0
with errorcode 1.

NOTE: invoking MPI_ABORT causes Open MPI to kill all MPI processes.
You may or may not see output from other processes, depending on
exactly when Open MPI kills them.
--------------------------------------------------------------------------
--------------------------------------------------------------------------
MPI_ABORT was invoked on rank 181 in communicator MPI COMMUNICATOR 3 DUP FROM 0
with errorcode 1.

NOTE: invoking MPI_ABORT causes Open MPI to kill all MPI processes.
You may or may not see output from other processes, depending on
exactly when Open MPI kills them.
--------------------------------------------------------------------------
--------------------------------------------------------------------------
MPI_ABORT was invoked on rank 458 in communicator MPI COMMUNICATOR 3 DUP FROM 0
with errorcode 1.

NOTE: invoking MPI_ABORT causes Open MPI to kill all MPI processes.
You may or may not see output from other processes, depending on
exactly when Open MPI kills them.
--------------------------------------------------------------------------
--------------------------------------------------------------------------
MPI_ABORT was invoked on rank 142 in communicator MPI COMMUNICATOR 3 DUP FROM 0
with errorcode 1.

NOTE: invoking MPI_ABORT causes Open MPI to kill all MPI processes.
You may or may not see output from other processes, depending on
exactly when Open MPI kills them.
--------------------------------------------------------------------------
--------------------------------------------------------------------------
MPI_ABORT was invoked on rank 1189 in communicator MPI COMMUNICATOR 3 DUP FROM 0
with errorcode 1.

NOTE: invoking MPI_ABORT causes Open MPI to kill all MPI processes.
You may or may not see output from other processes, depending on
exactly when Open MPI kills them.
--------------------------------------------------------------------------
--------------------------------------------------------------------------
MPI_ABORT was invoked on rank 467 in communicator MPI COMMUNICATOR 3 DUP FROM 0
with errorcode 1.

NOTE: invoking MPI_ABORT causes Open MPI to kill all MPI processes.
You may or may not see output from other processes, depending on
exactly when Open MPI kills them.
--------------------------------------------------------------------------
--------------------------------------------------------------------------
MPI_ABORT was invoked on rank 119 in communicator MPI COMMUNICATOR 3 DUP FROM 0
with errorcode 1.

NOTE: invoking MPI_ABORT causes Open MPI to kill all MPI processes.
You may or may not see output from other processes, depending on
exactly when Open MPI kills them.
--------------------------------------------------------------------------
--------------------------------------------------------------------------
MPI_ABORT was invoked on rank 491 in communicator MPI COMMUNICATOR 3 DUP FROM 0
with errorcode 1.

NOTE: invoking MPI_ABORT causes Open MPI to kill all MPI processes.
You may or may not see output from other processes, depending on
exactly when Open MPI kills them.
--------------------------------------------------------------------------
--------------------------------------------------------------------------
MPI_ABORT was invoked on rank 127 in communicator MPI COMMUNICATOR 3 DUP FROM 0
with errorcode 1.

NOTE: invoking MPI_ABORT causes Open MPI to kill all MPI processes.
You may or may not see output from other processes, depending on
exactly when Open MPI kills them.
--------------------------------------------------------------------------
--------------------------------------------------------------------------
MPI_ABORT was invoked on rank 460 in communicator MPI COMMUNICATOR 3 DUP FROM 0
with errorcode 1.

NOTE: invoking MPI_ABORT causes Open MPI to kill all MPI processes.
You may or may not see output from other processes, depending on
exactly when Open MPI kills them.
--------------------------------------------------------------------------
--------------------------------------------------------------------------
MPI_ABORT was invoked on rank 199 in communicator MPI COMMUNICATOR 3 DUP FROM 0
with errorcode 1.

NOTE: invoking MPI_ABORT causes Open MPI to kill all MPI processes.
You may or may not see output from other processes, depending on
exactly when Open MPI kills them.
--------------------------------------------------------------------------
--------------------------------------------------------------------------
MPI_ABORT was invoked on rank 1165 in communicator MPI COMMUNICATOR 3 DUP FROM 0
with errorcode 1.

NOTE: invoking MPI_ABORT causes Open MPI to kill all MPI processes.
You may or may not see output from other processes, depending on
exactly when Open MPI kills them.
--------------------------------------------------------------------------
--------------------------------------------------------------------------
MPI_ABORT was invoked on rank 182 in communicator MPI COMMUNICATOR 3 DUP FROM 0
with errorcode 1.

NOTE: invoking MPI_ABORT causes Open MPI to kill all MPI processes.
You may or may not see output from other processes, depending on
exactly when Open MPI kills them.
--------------------------------------------------------------------------
--------------------------------------------------------------------------
MPI_ABORT was invoked on rank 112 in communicator MPI COMMUNICATOR 3 DUP FROM 0
with errorcode 1.

NOTE: invoking MPI_ABORT causes Open MPI to kill all MPI processes.
You may or may not see output from other processes, depending on
exactly when Open MPI kills them.
--------------------------------------------------------------------------
--------------------------------------------------------------------------
MPI_ABORT was invoked on rank 417 in communicator MPI COMMUNICATOR 3 DUP FROM 0
with errorcode 1.

NOTE: invoking MPI_ABORT causes Open MPI to kill all MPI processes.
You may or may not see output from other processes, depending on
exactly when Open MPI kills them.
--------------------------------------------------------------------------
--------------------------------------------------------------------------
MPI_ABORT was invoked on rank 139 in communicator MPI COMMUNICATOR 3 DUP FROM 0
with errorcode 1.

NOTE: invoking MPI_ABORT causes Open MPI to kill all MPI processes.
You may or may not see output from other processes, depending on
exactly when Open MPI kills them.
--------------------------------------------------------------------------
--------------------------------------------------------------------------
MPI_ABORT was invoked on rank 1122 in communicator MPI COMMUNICATOR 3 DUP FROM 0
with errorcode 1.

NOTE: invoking MPI_ABORT causes Open MPI to kill all MPI processes.
You may or may not see output from other processes, depending on
exactly when Open MPI kills them.
--------------------------------------------------------------------------
--------------------------------------------------------------------------
MPI_ABORT was invoked on rank 442 in communicator MPI COMMUNICATOR 3 DUP FROM 0
with errorcode 1.

NOTE: invoking MPI_ABORT causes Open MPI to kill all MPI processes.
You may or may not see output from other processes, depending on
exactly when Open MPI kills them.
--------------------------------------------------------------------------
--------------------------------------------------------------------------
MPI_ABORT was invoked on rank 125 in communicator MPI COMMUNICATOR 3 DUP FROM 0
with errorcode 1.

NOTE: invoking MPI_ABORT causes Open MPI to kill all MPI processes.
You may or may not see output from other processes, depending on
exactly when Open MPI kills them.
--------------------------------------------------------------------------
--------------------------------------------------------------------------
MPI_ABORT was invoked on rank 1124 in communicator MPI COMMUNICATOR 3 DUP FROM 0
with errorcode 1.

NOTE: invoking MPI_ABORT causes Open MPI to kill all MPI processes.
You may or may not see output from other processes, depending on
exactly when Open MPI kills them.
--------------------------------------------------------------------------
--------------------------------------------------------------------------
MPI_ABORT was invoked on rank 104 in communicator MPI COMMUNICATOR 3 DUP FROM 0
with errorcode 1.

NOTE: invoking MPI_ABORT causes Open MPI to kill all MPI processes.
You may or may not see output from other processes, depending on
exactly when Open MPI kills them.
--------------------------------------------------------------------------
--------------------------------------------------------------------------
MPI_ABORT was invoked on rank 449 in communicator MPI COMMUNICATOR 3 DUP FROM 0
with errorcode 1.

NOTE: invoking MPI_ABORT causes Open MPI to kill all MPI processes.
You may or may not see output from other processes, depending on
exactly when Open MPI kills them.
--------------------------------------------------------------------------
--------------------------------------------------------------------------
MPI_ABORT was invoked on rank 1135 in communicator MPI COMMUNICATOR 3 DUP FROM 0
with errorcode 1.

NOTE: invoking MPI_ABORT causes Open MPI to kill all MPI processes.
You may or may not see output from other processes, depending on
exactly when Open MPI kills them.
--------------------------------------------------------------------------
--------------------------------------------------------------------------
MPI_ABORT was invoked on rank 457 in communicator MPI COMMUNICATOR 3 DUP FROM 0
with errorcode 1.

NOTE: invoking MPI_ABORT causes Open MPI to kill all MPI processes.
You may or may not see output from other processes, depending on
exactly when Open MPI kills them.
--------------------------------------------------------------------------
--------------------------------------------------------------------------
MPI_ABORT was invoked on rank 103 in communicator MPI COMMUNICATOR 3 DUP FROM 0
with errorcode 1.

NOTE: invoking MPI_ABORT causes Open MPI to kill all MPI processes.
You may or may not see output from other processes, depending on
exactly when Open MPI kills them.
--------------------------------------------------------------------------
--------------------------------------------------------------------------
MPI_ABORT was invoked on rank 110 in communicator MPI COMMUNICATOR 3 DUP FROM 0
with errorcode 1.

NOTE: invoking MPI_ABORT causes Open MPI to kill all MPI processes.
You may or may not see output from other processes, depending on
exactly when Open MPI kills them.
--------------------------------------------------------------------------
--------------------------------------------------------------------------
MPI_ABORT was invoked on rank 447 in communicator MPI COMMUNICATOR 3 DUP FROM 0
with errorcode 1.

NOTE: invoking MPI_ABORT causes Open MPI to kill all MPI processes.
You may or may not see output from other processes, depending on
exactly when Open MPI kills them.
--------------------------------------------------------------------------
--------------------------------------------------------------------------
MPI_ABORT was invoked on rank 1174 in communicator MPI COMMUNICATOR 3 DUP FROM 0
with errorcode 1.

NOTE: invoking MPI_ABORT causes Open MPI to kill all MPI processes.
You may or may not see output from other processes, depending on
exactly when Open MPI kills them.
--------------------------------------------------------------------------
--------------------------------------------------------------------------
MPI_ABORT was invoked on rank 473 in communicator MPI COMMUNICATOR 3 DUP FROM 0
with errorcode 1.

NOTE: invoking MPI_ABORT causes Open MPI to kill all MPI processes.
You may or may not see output from other processes, depending on
exactly when Open MPI kills them.
--------------------------------------------------------------------------
--------------------------------------------------------------------------
MPI_ABORT was invoked on rank 439 in communicator MPI COMMUNICATOR 3 DUP FROM 0
with errorcode 1.

NOTE: invoking MPI_ABORT causes Open MPI to kill all MPI processes.
You may or may not see output from other processes, depending on
exactly when Open MPI kills them.
--------------------------------------------------------------------------
--------------------------------------------------------------------------
MPI_ABORT was invoked on rank 440 in communicator MPI COMMUNICATOR 3 DUP FROM 0
with errorcode 1.

NOTE: invoking MPI_ABORT causes Open MPI to kill all MPI processes.
You may or may not see output from other processes, depending on
exactly when Open MPI kills them.
--------------------------------------------------------------------------
--------------------------------------------------------------------------
MPI_ABORT was invoked on rank 455 in communicator MPI COMMUNICATOR 3 DUP FROM 0
with errorcode 1.

NOTE: invoking MPI_ABORT causes Open MPI to kill all MPI processes.
You may or may not see output from other processes, depending on
exactly when Open MPI kills them.
--------------------------------------------------------------------------
--------------------------------------------------------------------------
MPI_ABORT was invoked on rank 493 in communicator MPI COMMUNICATOR 3 DUP FROM 0
with errorcode 1.

NOTE: invoking MPI_ABORT causes Open MPI to kill all MPI processes.
You may or may not see output from other processes, depending on
exactly when Open MPI kills them.
--------------------------------------------------------------------------
--------------------------------------------------------------------------
MPI_ABORT was invoked on rank 408 in communicator MPI COMMUNICATOR 3 DUP FROM 0
with errorcode 1.

NOTE: invoking MPI_ABORT causes Open MPI to kill all MPI processes.
You may or may not see output from other processes, depending on
exactly when Open MPI kills them.
--------------------------------------------------------------------------
--------------------------------------------------------------------------
MPI_ABORT was invoked on rank 415 in communicator MPI COMMUNICATOR 3 DUP FROM 0
with errorcode 1.

NOTE: invoking MPI_ABORT causes Open MPI to kill all MPI processes.
You may or may not see output from other processes, depending on
exactly when Open MPI kills them.
--------------------------------------------------------------------------
--------------------------------------------------------------------------
MPI_ABORT was invoked on rank 469 in communicator MPI COMMUNICATOR 3 DUP FROM 0
with errorcode 1.

NOTE: invoking MPI_ABORT causes Open MPI to kill all MPI processes.
You may or may not see output from other processes, depending on
exactly when Open MPI kills them.
--------------------------------------------------------------------------
--------------------------------------------------------------------------
MPI_ABORT was invoked on rank 450 in communicator MPI COMMUNICATOR 3 DUP FROM 0
with errorcode 1.

NOTE: invoking MPI_ABORT causes Open MPI to kill all MPI processes.
You may or may not see output from other processes, depending on
exactly when Open MPI kills them.
--------------------------------------------------------------------------
--------------------------------------------------------------------------
MPI_ABORT was invoked on rank 146 in communicator MPI COMMUNICATOR 3 DUP FROM 0
with errorcode 1.

NOTE: invoking MPI_ABORT causes Open MPI to kill all MPI processes.
You may or may not see output from other processes, depending on
exactly when Open MPI kills them.
--------------------------------------------------------------------------
--------------------------------------------------------------------------
MPI_ABORT was invoked on rank 197 in communicator MPI COMMUNICATOR 3 DUP FROM 0
with errorcode 1.

NOTE: invoking MPI_ABORT causes Open MPI to kill all MPI processes.
You may or may not see output from other processes, depending on
exactly when Open MPI kills them.
--------------------------------------------------------------------------
--------------------------------------------------------------------------
MPI_ABORT was invoked on rank 177 in communicator MPI COMMUNICATOR 3 DUP FROM 0
with errorcode 1.

NOTE: invoking MPI_ABORT causes Open MPI to kill all MPI processes.
You may or may not see output from other processes, depending on
exactly when Open MPI kills them.
--------------------------------------------------------------------------
--------------------------------------------------------------------------
MPI_ABORT was invoked on rank 116 in communicator MPI COMMUNICATOR 3 DUP FROM 0
with errorcode 1.

NOTE: invoking MPI_ABORT causes Open MPI to kill all MPI processes.
You may or may not see output from other processes, depending on
exactly when Open MPI kills them.
--------------------------------------------------------------------------
--------------------------------------------------------------------------
MPI_ABORT was invoked on rank 188 in communicator MPI COMMUNICATOR 3 DUP FROM 0
with errorcode 1.

NOTE: invoking MPI_ABORT causes Open MPI to kill all MPI processes.
You may or may not see output from other processes, depending on
exactly when Open MPI kills them.
--------------------------------------------------------------------------
--------------------------------------------------------------------------
MPI_ABORT was invoked on rank 164 in communicator MPI COMMUNICATOR 3 DUP FROM 0
with errorcode 1.

NOTE: invoking MPI_ABORT causes Open MPI to kill all MPI processes.
You may or may not see output from other processes, depending on
exactly when Open MPI kills them.
--------------------------------------------------------------------------
--------------------------------------------------------------------------
MPI_ABORT was invoked on rank 144 in communicator MPI COMMUNICATOR 3 DUP FROM 0
with errorcode 1.

NOTE: invoking MPI_ABORT causes Open MPI to kill all MPI processes.
You may or may not see output from other processes, depending on
exactly when Open MPI kills them.
--------------------------------------------------------------------------
--------------------------------------------------------------------------
MPI_ABORT was invoked on rank 819 in communicator MPI COMMUNICATOR 3 DUP FROM 0
with errorcode 1.

NOTE: invoking MPI_ABORT causes Open MPI to kill all MPI processes.
You may or may not see output from other processes, depending on
exactly when Open MPI kills them.
--------------------------------------------------------------------------
--------------------------------------------------------------------------
MPI_ABORT was invoked on rank 113 in communicator MPI COMMUNICATOR 3 DUP FROM 0
with errorcode 1.

NOTE: invoking MPI_ABORT causes Open MPI to kill all MPI processes.
You may or may not see output from other processes, depending on
exactly when Open MPI kills them.
--------------------------------------------------------------------------
--------------------------------------------------------------------------
MPI_ABORT was invoked on rank 1115 in communicator MPI COMMUNICATOR 3 DUP FROM 0
with errorcode 1.

NOTE: invoking MPI_ABORT causes Open MPI to kill all MPI processes.
You may or may not see output from other processes, depending on
exactly when Open MPI kills them.
--------------------------------------------------------------------------
--------------------------------------------------------------------------
MPI_ABORT was invoked on rank 120 in communicator MPI COMMUNICATOR 3 DUP FROM 0
with errorcode 1.

NOTE: invoking MPI_ABORT causes Open MPI to kill all MPI processes.
You may or may not see output from other processes, depending on
exactly when Open MPI kills them.
--------------------------------------------------------------------------
--------------------------------------------------------------------------
MPI_ABORT was invoked on rank 854 in communicator MPI COMMUNICATOR 3 DUP FROM 0
with errorcode 1.

NOTE: invoking MPI_ABORT causes Open MPI to kill all MPI processes.
You may or may not see output from other processes, depending on
exactly when Open MPI kills them.
--------------------------------------------------------------------------
--------------------------------------------------------------------------
MPI_ABORT was invoked on rank 143 in communicator MPI COMMUNICATOR 3 DUP FROM 0
with errorcode 1.

NOTE: invoking MPI_ABORT causes Open MPI to kill all MPI processes.
You may or may not see output from other processes, depending on
exactly when Open MPI kills them.
--------------------------------------------------------------------------
--------------------------------------------------------------------------
MPI_ABORT was invoked on rank 823 in communicator MPI COMMUNICATOR 3 DUP FROM 0
with errorcode 1.

NOTE: invoking MPI_ABORT causes Open MPI to kill all MPI processes.
You may or may not see output from other processes, depending on
exactly when Open MPI kills them.
--------------------------------------------------------------------------
--------------------------------------------------------------------------
MPI_ABORT was invoked on rank 1130 in communicator MPI COMMUNICATOR 3 DUP FROM 0
with errorcode 1.

NOTE: invoking MPI_ABORT causes Open MPI to kill all MPI processes.
You may or may not see output from other processes, depending on
exactly when Open MPI kills them.
--------------------------------------------------------------------------
--------------------------------------------------------------------------
MPI_ABORT was invoked on rank 859 in communicator MPI COMMUNICATOR 3 DUP FROM 0
with errorcode 1.

NOTE: invoking MPI_ABORT causes Open MPI to kill all MPI processes.
You may or may not see output from other processes, depending on
exactly when Open MPI kills them.
--------------------------------------------------------------------------
--------------------------------------------------------------------------
MPI_ABORT was invoked on rank 172 in communicator MPI COMMUNICATOR 3 DUP FROM 0
with errorcode 1.

NOTE: invoking MPI_ABORT causes Open MPI to kill all MPI processes.
You may or may not see output from other processes, depending on
exactly when Open MPI kills them.
--------------------------------------------------------------------------
--------------------------------------------------------------------------
MPI_ABORT was invoked on rank 828 in communicator MPI COMMUNICATOR 3 DUP FROM 0
with errorcode 1.

NOTE: invoking MPI_ABORT causes Open MPI to kill all MPI processes.
You may or may not see output from other processes, depending on
exactly when Open MPI kills them.
--------------------------------------------------------------------------
--------------------------------------------------------------------------
MPI_ABORT was invoked on rank 1177 in communicator MPI COMMUNICATOR 3 DUP FROM 0
with errorcode 1.

NOTE: invoking MPI_ABORT causes Open MPI to kill all MPI processes.
You may or may not see output from other processes, depending on
exactly when Open MPI kills them.
--------------------------------------------------------------------------
--------------------------------------------------------------------------
MPI_ABORT was invoked on rank 198 in communicator MPI COMMUNICATOR 3 DUP FROM 0
with errorcode 1.

NOTE: invoking MPI_ABORT causes Open MPI to kill all MPI processes.
You may or may not see output from other processes, depending on
exactly when Open MPI kills them.
--------------------------------------------------------------------------
--------------------------------------------------------------------------
MPI_ABORT was invoked on rank 1109 in communicator MPI COMMUNICATOR 3 DUP FROM 0
with errorcode 1.

NOTE: invoking MPI_ABORT causes Open MPI to kill all MPI processes.
You may or may not see output from other processes, depending on
exactly when Open MPI kills them.
--------------------------------------------------------------------------
--------------------------------------------------------------------------
MPI_ABORT was invoked on rank 155 in communicator MPI COMMUNICATOR 3 DUP FROM 0
with errorcode 1.

NOTE: invoking MPI_ABORT causes Open MPI to kill all MPI processes.
You may or may not see output from other processes, depending on
exactly when Open MPI kills them.
--------------------------------------------------------------------------
--------------------------------------------------------------------------
MPI_ABORT was invoked on rank 168 in communicator MPI COMMUNICATOR 3 DUP FROM 0
with errorcode 1.

NOTE: invoking MPI_ABORT causes Open MPI to kill all MPI processes.
You may or may not see output from other processes, depending on
exactly when Open MPI kills them.
--------------------------------------------------------------------------
--------------------------------------------------------------------------
MPI_ABORT was invoked on rank 1163 in communicator MPI COMMUNICATOR 3 DUP FROM 0
with errorcode 1.

NOTE: invoking MPI_ABORT causes Open MPI to kill all MPI processes.
You may or may not see output from other processes, depending on
exactly when Open MPI kills them.
--------------------------------------------------------------------------
--------------------------------------------------------------------------
MPI_ABORT was invoked on rank 413 in communicator MPI COMMUNICATOR 3 DUP FROM 0
with errorcode 1.

NOTE: invoking MPI_ABORT causes Open MPI to kill all MPI processes.
You may or may not see output from other processes, depending on
exactly when Open MPI kills them.
--------------------------------------------------------------------------
--------------------------------------------------------------------------
MPI_ABORT was invoked on rank 187 in communicator MPI COMMUNICATOR 3 DUP FROM 0
with errorcode 1.

NOTE: invoking MPI_ABORT causes Open MPI to kill all MPI processes.
You may or may not see output from other processes, depending on
exactly when Open MPI kills them.
--------------------------------------------------------------------------
--------------------------------------------------------------------------
MPI_ABORT was invoked on rank 498 in communicator MPI COMMUNICATOR 3 DUP FROM 0
with errorcode 1.

NOTE: invoking MPI_ABORT causes Open MPI to kill all MPI processes.
You may or may not see output from other processes, depending on
exactly when Open MPI kills them.
--------------------------------------------------------------------------
--------------------------------------------------------------------------
MPI_ABORT was invoked on rank 149 in communicator MPI COMMUNICATOR 3 DUP FROM 0
with errorcode 1.

NOTE: invoking MPI_ABORT causes Open MPI to kill all MPI processes.
You may or may not see output from other processes, depending on
exactly when Open MPI kills them.
--------------------------------------------------------------------------
--------------------------------------------------------------------------
MPI_ABORT was invoked on rank 495 in communicator MPI COMMUNICATOR 3 DUP FROM 0
with errorcode 1.

NOTE: invoking MPI_ABORT causes Open MPI to kill all MPI processes.
You may or may not see output from other processes, depending on
exactly when Open MPI kills them.
--------------------------------------------------------------------------
--------------------------------------------------------------------------
MPI_ABORT was invoked on rank 153 in communicator MPI COMMUNICATOR 3 DUP FROM 0
with errorcode 1.

NOTE: invoking MPI_ABORT causes Open MPI to kill all MPI processes.
You may or may not see output from other processes, depending on
exactly when Open MPI kills them.
--------------------------------------------------------------------------
--------------------------------------------------------------------------
MPI_ABORT was invoked on rank 435 in communicator MPI COMMUNICATOR 3 DUP FROM 0
with errorcode 1.

NOTE: invoking MPI_ABORT causes Open MPI to kill all MPI processes.
You may or may not see output from other processes, depending on
exactly when Open MPI kills them.
--------------------------------------------------------------------------
--------------------------------------------------------------------------
MPI_ABORT was invoked on rank 190 in communicator MPI COMMUNICATOR 3 DUP FROM 0
with errorcode 1.

NOTE: invoking MPI_ABORT causes Open MPI to kill all MPI processes.
You may or may not see output from other processes, depending on
exactly when Open MPI kills them.
--------------------------------------------------------------------------
--------------------------------------------------------------------------
MPI_ABORT was invoked on rank 419 in communicator MPI COMMUNICATOR 3 DUP FROM 0
with errorcode 1.

NOTE: invoking MPI_ABORT causes Open MPI to kill all MPI processes.
You may or may not see output from other processes, depending on
exactly when Open MPI kills them.
--------------------------------------------------------------------------
--------------------------------------------------------------------------
MPI_ABORT was invoked on rank 115 in communicator MPI COMMUNICATOR 3 DUP FROM 0
with errorcode 1.

NOTE: invoking MPI_ABORT causes Open MPI to kill all MPI processes.
You may or may not see output from other processes, depending on
exactly when Open MPI kills them.
--------------------------------------------------------------------------
--------------------------------------------------------------------------
MPI_ABORT was invoked on rank 426 in communicator MPI COMMUNICATOR 3 DUP FROM 0
with errorcode 1.

NOTE: invoking MPI_ABORT causes Open MPI to kill all MPI processes.
You may or may not see output from other processes, depending on
exactly when Open MPI kills them.
--------------------------------------------------------------------------
--------------------------------------------------------------------------
MPI_ABORT was invoked on rank 405 in communicator MPI COMMUNICATOR 3 DUP FROM 0
with errorcode 1.

NOTE: invoking MPI_ABORT causes Open MPI to kill all MPI processes.
You may or may not see output from other processes, depending on
exactly when Open MPI kills them.
--------------------------------------------------------------------------
--------------------------------------------------------------------------
MPI_ABORT was invoked on rank 111 in communicator MPI COMMUNICATOR 3 DUP FROM 0
with errorcode 1.

NOTE: invoking MPI_ABORT causes Open MPI to kill all MPI processes.
You may or may not see output from other processes, depending on
exactly when Open MPI kills them.
--------------------------------------------------------------------------
--------------------------------------------------------------------------
MPI_ABORT was invoked on rank 459 in communicator MPI COMMUNICATOR 3 DUP FROM 0
with errorcode 1.

NOTE: invoking MPI_ABORT causes Open MPI to kill all MPI processes.
You may or may not see output from other processes, depending on
exactly when Open MPI kills them.
--------------------------------------------------------------------------
--------------------------------------------------------------------------
MPI_ABORT was invoked on rank 165 in communicator MPI COMMUNICATOR 3 DUP FROM 0
with errorcode 1.

NOTE: invoking MPI_ABORT causes Open MPI to kill all MPI processes.
You may or may not see output from other processes, depending on
exactly when Open MPI kills them.
--------------------------------------------------------------------------
--------------------------------------------------------------------------
MPI_ABORT was invoked on rank 465 in communicator MPI COMMUNICATOR 3 DUP FROM 0
with errorcode 1.

NOTE: invoking MPI_ABORT causes Open MPI to kill all MPI processes.
You may or may not see output from other processes, depending on
exactly when Open MPI kills them.
--------------------------------------------------------------------------
--------------------------------------------------------------------------
MPI_ABORT was invoked on rank 107 in communicator MPI COMMUNICATOR 3 DUP FROM 0
with errorcode 1.

NOTE: invoking MPI_ABORT causes Open MPI to kill all MPI processes.
You may or may not see output from other processes, depending on
exactly when Open MPI kills them.
--------------------------------------------------------------------------
--------------------------------------------------------------------------
MPI_ABORT was invoked on rank 1166 in communicator MPI COMMUNICATOR 3 DUP FROM 0
with errorcode 1.

NOTE: invoking MPI_ABORT causes Open MPI to kill all MPI processes.
You may or may not see output from other processes, depending on
exactly when Open MPI kills them.
--------------------------------------------------------------------------
--------------------------------------------------------------------------
MPI_ABORT was invoked on rank 451 in communicator MPI COMMUNICATOR 3 DUP FROM 0
with errorcode 1.

NOTE: invoking MPI_ABORT causes Open MPI to kill all MPI processes.
You may or may not see output from other processes, depending on
exactly when Open MPI kills them.
--------------------------------------------------------------------------
--------------------------------------------------------------------------
MPI_ABORT was invoked on rank 163 in communicator MPI COMMUNICATOR 3 DUP FROM 0
with errorcode 1.

NOTE: invoking MPI_ABORT causes Open MPI to kill all MPI processes.
You may or may not see output from other processes, depending on
exactly when Open MPI kills them.
--------------------------------------------------------------------------
--------------------------------------------------------------------------
MPI_ABORT was invoked on rank 106 in communicator MPI COMMUNICATOR 3 DUP FROM 0
with errorcode 1.

NOTE: invoking MPI_ABORT causes Open MPI to kill all MPI processes.
You may or may not see output from other processes, depending on
exactly when Open MPI kills them.
--------------------------------------------------------------------------
--------------------------------------------------------------------------
MPI_ABORT was invoked on rank 1147 in communicator MPI COMMUNICATOR 3 DUP FROM 0
with errorcode 1.

NOTE: invoking MPI_ABORT causes Open MPI to kill all MPI processes.
You may or may not see output from other processes, depending on
exactly when Open MPI kills them.
--------------------------------------------------------------------------
--------------------------------------------------------------------------
MPI_ABORT was invoked on rank 475 in communicator MPI COMMUNICATOR 3 DUP FROM 0
with errorcode 1.

NOTE: invoking MPI_ABORT causes Open MPI to kill all MPI processes.
You may or may not see output from other processes, depending on
exactly when Open MPI kills them.
--------------------------------------------------------------------------
--------------------------------------------------------------------------
MPI_ABORT was invoked on rank 194 in communicator MPI COMMUNICATOR 3 DUP FROM 0
with errorcode 1.

NOTE: invoking MPI_ABORT causes Open MPI to kill all MPI processes.
You may or may not see output from other processes, depending on
exactly when Open MPI kills them.
--------------------------------------------------------------------------
--------------------------------------------------------------------------
MPI_ABORT was invoked on rank 445 in communicator MPI COMMUNICATOR 3 DUP FROM 0
with errorcode 1.

NOTE: invoking MPI_ABORT causes Open MPI to kill all MPI processes.
You may or may not see output from other processes, depending on
exactly when Open MPI kills them.
--------------------------------------------------------------------------
--------------------------------------------------------------------------
MPI_ABORT was invoked on rank 132 in communicator MPI COMMUNICATOR 3 DUP FROM 0
with errorcode 1.

NOTE: invoking MPI_ABORT causes Open MPI to kill all MPI processes.
You may or may not see output from other processes, depending on
exactly when Open MPI kills them.
--------------------------------------------------------------------------
--------------------------------------------------------------------------
MPI_ABORT was invoked on rank 403 in communicator MPI COMMUNICATOR 3 DUP FROM 0
with errorcode 1.

NOTE: invoking MPI_ABORT causes Open MPI to kill all MPI processes.
You may or may not see output from other processes, depending on
exactly when Open MPI kills them.
--------------------------------------------------------------------------
--------------------------------------------------------------------------
MPI_ABORT was invoked on rank 489 in communicator MPI COMMUNICATOR 3 DUP FROM 0
with errorcode 1.

NOTE: invoking MPI_ABORT causes Open MPI to kill all MPI processes.
You may or may not see output from other processes, depending on
exactly when Open MPI kills them.
--------------------------------------------------------------------------
--------------------------------------------------------------------------
MPI_ABORT was invoked on rank 140 in communicator MPI COMMUNICATOR 3 DUP FROM 0
with errorcode 1.

NOTE: invoking MPI_ABORT causes Open MPI to kill all MPI processes.
You may or may not see output from other processes, depending on
exactly when Open MPI kills them.
--------------------------------------------------------------------------
--------------------------------------------------------------------------
MPI_ABORT was invoked on rank 452 in communicator MPI COMMUNICATOR 3 DUP FROM 0
with errorcode 1.

NOTE: invoking MPI_ABORT causes Open MPI to kill all MPI processes.
You may or may not see output from other processes, depending on
exactly when Open MPI kills them.
--------------------------------------------------------------------------
--------------------------------------------------------------------------
MPI_ABORT was invoked on rank 151 in communicator MPI COMMUNICATOR 3 DUP FROM 0
with errorcode 1.

NOTE: invoking MPI_ABORT causes Open MPI to kill all MPI processes.
You may or may not see output from other processes, depending on
exactly when Open MPI kills them.
--------------------------------------------------------------------------
--------------------------------------------------------------------------
MPI_ABORT was invoked on rank 406 in communicator MPI COMMUNICATOR 3 DUP FROM 0
with errorcode 1.

NOTE: invoking MPI_ABORT causes Open MPI to kill all MPI processes.
You may or may not see output from other processes, depending on
exactly when Open MPI kills them.
--------------------------------------------------------------------------
--------------------------------------------------------------------------
MPI_ABORT was invoked on rank 159 in communicator MPI COMMUNICATOR 3 DUP FROM 0
with errorcode 1.

NOTE: invoking MPI_ABORT causes Open MPI to kill all MPI processes.
You may or may not see output from other processes, depending on
exactly when Open MPI kills them.
--------------------------------------------------------------------------
--------------------------------------------------------------------------
MPI_ABORT was invoked on rank 191 in communicator MPI COMMUNICATOR 3 DUP FROM 0
with errorcode 1.

NOTE: invoking MPI_ABORT causes Open MPI to kill all MPI processes.
You may or may not see output from other processes, depending on
exactly when Open MPI kills them.
--------------------------------------------------------------------------
--------------------------------------------------------------------------
MPI_ABORT was invoked on rank 420 in communicator MPI COMMUNICATOR 3 DUP FROM 0
with errorcode 1.

NOTE: invoking MPI_ABORT causes Open MPI to kill all MPI processes.
You may or may not see output from other processes, depending on
exactly when Open MPI kills them.
--------------------------------------------------------------------------
--------------------------------------------------------------------------
MPI_ABORT was invoked on rank 157 in communicator MPI COMMUNICATOR 3 DUP FROM 0
with errorcode 1.

NOTE: invoking MPI_ABORT causes Open MPI to kill all MPI processes.
You may or may not see output from other processes, depending on
exactly when Open MPI kills them.
--------------------------------------------------------------------------
--------------------------------------------------------------------------
MPI_ABORT was invoked on rank 427 in communicator MPI COMMUNICATOR 3 DUP FROM 0
with errorcode 1.

NOTE: invoking MPI_ABORT causes Open MPI to kill all MPI processes.
You may or may not see output from other processes, depending on
exactly when Open MPI kills them.
--------------------------------------------------------------------------
--------------------------------------------------------------------------
MPI_ABORT was invoked on rank 185 in communicator MPI COMMUNICATOR 3 DUP FROM 0
with errorcode 1.

NOTE: invoking MPI_ABORT causes Open MPI to kill all MPI processes.
You may or may not see output from other processes, depending on
exactly when Open MPI kills them.
--------------------------------------------------------------------------
--------------------------------------------------------------------------
MPI_ABORT was invoked on rank 1129 in communicator MPI COMMUNICATOR 3 DUP FROM 0
with errorcode 1.

NOTE: invoking MPI_ABORT causes Open MPI to kill all MPI processes.
You may or may not see output from other processes, depending on
exactly when Open MPI kills them.
--------------------------------------------------------------------------
--------------------------------------------------------------------------
MPI_ABORT was invoked on rank 436 in communicator MPI COMMUNICATOR 3 DUP FROM 0
with errorcode 1.

NOTE: invoking MPI_ABORT causes Open MPI to kill all MPI processes.
You may or may not see output from other processes, depending on
exactly when Open MPI kills them.
--------------------------------------------------------------------------
--------------------------------------------------------------------------
MPI_ABORT was invoked on rank 102 in communicator MPI COMMUNICATOR 3 DUP FROM 0
with errorcode 1.

NOTE: invoking MPI_ABORT causes Open MPI to kill all MPI processes.
You may or may not see output from other processes, depending on
exactly when Open MPI kills them.
--------------------------------------------------------------------------
--------------------------------------------------------------------------
MPI_ABORT was invoked on rank 425 in communicator MPI COMMUNICATOR 3 DUP FROM 0
with errorcode 1.

NOTE: invoking MPI_ABORT causes Open MPI to kill all MPI processes.
You may or may not see output from other processes, depending on
exactly when Open MPI kills them.
--------------------------------------------------------------------------
--------------------------------------------------------------------------
MPI_ABORT was invoked on rank 108 in communicator MPI COMMUNICATOR 3 DUP FROM 0
with errorcode 1.

NOTE: invoking MPI_ABORT causes Open MPI to kill all MPI processes.
You may or may not see output from other processes, depending on
exactly when Open MPI kills them.
--------------------------------------------------------------------------
--------------------------------------------------------------------------
MPI_ABORT was invoked on rank 1132 in communicator MPI COMMUNICATOR 3 DUP FROM 0
with errorcode 1.

NOTE: invoking MPI_ABORT causes Open MPI to kill all MPI processes.
You may or may not see output from other processes, depending on
exactly when Open MPI kills them.
--------------------------------------------------------------------------
--------------------------------------------------------------------------
MPI_ABORT was invoked on rank 471 in communicator MPI COMMUNICATOR 3 DUP FROM 0
with errorcode 1.

NOTE: invoking MPI_ABORT causes Open MPI to kill all MPI processes.
You may or may not see output from other processes, depending on
exactly when Open MPI kills them.
--------------------------------------------------------------------------
--------------------------------------------------------------------------
MPI_ABORT was invoked on rank 476 in communicator MPI COMMUNICATOR 3 DUP FROM 0
with errorcode 1.

NOTE: invoking MPI_ABORT causes Open MPI to kill all MPI processes.
You may or may not see output from other processes, depending on
exactly when Open MPI kills them.
--------------------------------------------------------------------------
--------------------------------------------------------------------------
MPI_ABORT was invoked on rank 135 in communicator MPI COMMUNICATOR 3 DUP FROM 0
with errorcode 1.

NOTE: invoking MPI_ABORT causes Open MPI to kill all MPI processes.
You may or may not see output from other processes, depending on
exactly when Open MPI kills them.
--------------------------------------------------------------------------
--------------------------------------------------------------------------
MPI_ABORT was invoked on rank 1162 in communicator MPI COMMUNICATOR 3 DUP FROM 0
with errorcode 1.

NOTE: invoking MPI_ABORT causes Open MPI to kill all MPI processes.
You may or may not see output from other processes, depending on
exactly when Open MPI kills them.
--------------------------------------------------------------------------
--------------------------------------------------------------------------
MPI_ABORT was invoked on rank 117 in communicator MPI COMMUNICATOR 3 DUP FROM 0
with errorcode 1.

NOTE: invoking MPI_ABORT causes Open MPI to kill all MPI processes.
You may or may not see output from other processes, depending on
exactly when Open MPI kills them.
--------------------------------------------------------------------------
--------------------------------------------------------------------------
MPI_ABORT was invoked on rank 1176 in communicator MPI COMMUNICATOR 3 DUP FROM 0
with errorcode 1.

NOTE: invoking MPI_ABORT causes Open MPI to kill all MPI processes.
You may or may not see output from other processes, depending on
exactly when Open MPI kills them.
--------------------------------------------------------------------------
--------------------------------------------------------------------------
MPI_ABORT was invoked on rank 156 in communicator MPI COMMUNICATOR 3 DUP FROM 0
with errorcode 1.

NOTE: invoking MPI_ABORT causes Open MPI to kill all MPI processes.
You may or may not see output from other processes, depending on
exactly when Open MPI kills them.
--------------------------------------------------------------------------
--------------------------------------------------------------------------
MPI_ABORT was invoked on rank 169 in communicator MPI COMMUNICATOR 3 DUP FROM 0
with errorcode 1.

NOTE: invoking MPI_ABORT causes Open MPI to kill all MPI processes.
You may or may not see output from other processes, depending on
exactly when Open MPI kills them.
--------------------------------------------------------------------------
--------------------------------------------------------------------------
MPI_ABORT was invoked on rank 128 in communicator MPI COMMUNICATOR 3 DUP FROM 0
with errorcode 1.

NOTE: invoking MPI_ABORT causes Open MPI to kill all MPI processes.
You may or may not see output from other processes, depending on
exactly when Open MPI kills them.
--------------------------------------------------------------------------
--------------------------------------------------------------------------
MPI_ABORT was invoked on rank 815 in communicator MPI COMMUNICATOR 3 DUP FROM 0
with errorcode 1.

NOTE: invoking MPI_ABORT causes Open MPI to kill all MPI processes.
You may or may not see output from other processes, depending on
exactly when Open MPI kills them.
--------------------------------------------------------------------------
--------------------------------------------------------------------------
MPI_ABORT was invoked on rank 818 in communicator MPI COMMUNICATOR 3 DUP FROM 0
with errorcode 1.

NOTE: invoking MPI_ABORT causes Open MPI to kill all MPI processes.
You may or may not see output from other processes, depending on
exactly when Open MPI kills them.
--------------------------------------------------------------------------
--------------------------------------------------------------------------
MPI_ABORT was invoked on rank 839 in communicator MPI COMMUNICATOR 3 DUP FROM 0
with errorcode 1.

NOTE: invoking MPI_ABORT causes Open MPI to kill all MPI processes.
You may or may not see output from other processes, depending on
exactly when Open MPI kills them.
--------------------------------------------------------------------------
--------------------------------------------------------------------------
MPI_ABORT was invoked on rank 855 in communicator MPI COMMUNICATOR 3 DUP FROM 0
with errorcode 1.

NOTE: invoking MPI_ABORT causes Open MPI to kill all MPI processes.
You may or may not see output from other processes, depending on
exactly when Open MPI kills them.
--------------------------------------------------------------------------
--------------------------------------------------------------------------
MPI_ABORT was invoked on rank 1186 in communicator MPI COMMUNICATOR 3 DUP FROM 0
with errorcode 1.

NOTE: invoking MPI_ABORT causes Open MPI to kill all MPI processes.
You may or may not see output from other processes, depending on
exactly when Open MPI kills them.
--------------------------------------------------------------------------
--------------------------------------------------------------------------
MPI_ABORT was invoked on rank 1120 in communicator MPI COMMUNICATOR 3 DUP FROM 0
with errorcode 1.

NOTE: invoking MPI_ABORT causes Open MPI to kill all MPI processes.
You may or may not see output from other processes, depending on
exactly when Open MPI kills them.
--------------------------------------------------------------------------
--------------------------------------------------------------------------
MPI_ABORT was invoked on rank 802 in communicator MPI COMMUNICATOR 3 DUP FROM 0
with errorcode 1.

NOTE: invoking MPI_ABORT causes Open MPI to kill all MPI processes.
You may or may not see output from other processes, depending on
exactly when Open MPI kills them.
--------------------------------------------------------------------------
--------------------------------------------------------------------------
MPI_ABORT was invoked on rank 899 in communicator MPI COMMUNICATOR 3 DUP FROM 0
with errorcode 1.

NOTE: invoking MPI_ABORT causes Open MPI to kill all MPI processes.
You may or may not see output from other processes, depending on
exactly when Open MPI kills them.
--------------------------------------------------------------------------
--------------------------------------------------------------------------
MPI_ABORT was invoked on rank 1180 in communicator MPI COMMUNICATOR 3 DUP FROM 0
with errorcode 1.

NOTE: invoking MPI_ABORT causes Open MPI to kill all MPI processes.
You may or may not see output from other processes, depending on
exactly when Open MPI kills them.
--------------------------------------------------------------------------
--------------------------------------------------------------------------
MPI_ABORT was invoked on rank 840 in communicator MPI COMMUNICATOR 3 DUP FROM 0
with errorcode 1.

NOTE: invoking MPI_ABORT causes Open MPI to kill all MPI processes.
You may or may not see output from other processes, depending on
exactly when Open MPI kills them.
--------------------------------------------------------------------------
--------------------------------------------------------------------------
MPI_ABORT was invoked on rank 885 in communicator MPI COMMUNICATOR 3 DUP FROM 0
with errorcode 1.

NOTE: invoking MPI_ABORT causes Open MPI to kill all MPI processes.
You may or may not see output from other processes, depending on
exactly when Open MPI kills them.
--------------------------------------------------------------------------
--------------------------------------------------------------------------
MPI_ABORT was invoked on rank 1144 in communicator MPI COMMUNICATOR 3 DUP FROM 0
with errorcode 1.

NOTE: invoking MPI_ABORT causes Open MPI to kill all MPI processes.
You may or may not see output from other processes, depending on
exactly when Open MPI kills them.
--------------------------------------------------------------------------
--------------------------------------------------------------------------
MPI_ABORT was invoked on rank 821 in communicator MPI COMMUNICATOR 3 DUP FROM 0
with errorcode 1.

NOTE: invoking MPI_ABORT causes Open MPI to kill all MPI processes.
You may or may not see output from other processes, depending on
exactly when Open MPI kills them.
--------------------------------------------------------------------------
--------------------------------------------------------------------------
MPI_ABORT was invoked on rank 1134 in communicator MPI COMMUNICATOR 3 DUP FROM 0
with errorcode 1.

NOTE: invoking MPI_ABORT causes Open MPI to kill all MPI processes.
You may or may not see output from other processes, depending on
exactly when Open MPI kills them.
--------------------------------------------------------------------------
--------------------------------------------------------------------------
MPI_ABORT was invoked on rank 824 in communicator MPI COMMUNICATOR 3 DUP FROM 0
with errorcode 1.

NOTE: invoking MPI_ABORT causes Open MPI to kill all MPI processes.
You may or may not see output from other processes, depending on
exactly when Open MPI kills them.
--------------------------------------------------------------------------
--------------------------------------------------------------------------
MPI_ABORT was invoked on rank 850 in communicator MPI COMMUNICATOR 3 DUP FROM 0
with errorcode 1.

NOTE: invoking MPI_ABORT causes Open MPI to kill all MPI processes.
You may or may not see output from other processes, depending on
exactly when Open MPI kills them.
--------------------------------------------------------------------------
--------------------------------------------------------------------------
MPI_ABORT was invoked on rank 1100 in communicator MPI COMMUNICATOR 3 DUP FROM 0
with errorcode 1.

NOTE: invoking MPI_ABORT causes Open MPI to kill all MPI processes.
You may or may not see output from other processes, depending on
exactly when Open MPI kills them.
--------------------------------------------------------------------------
--------------------------------------------------------------------------
MPI_ABORT was invoked on rank 663 in communicator MPI COMMUNICATOR 3 DUP FROM 0
with errorcode 1.

NOTE: invoking MPI_ABORT causes Open MPI to kill all MPI processes.
You may or may not see output from other processes, depending on
exactly when Open MPI kills them.
--------------------------------------------------------------------------
--------------------------------------------------------------------------
MPI_ABORT was invoked on rank 830 in communicator MPI COMMUNICATOR 3 DUP FROM 0
with errorcode 1.

NOTE: invoking MPI_ABORT causes Open MPI to kill all MPI processes.
You may or may not see output from other processes, depending on
exactly when Open MPI kills them.
--------------------------------------------------------------------------
--------------------------------------------------------------------------
MPI_ABORT was invoked on rank 604 in communicator MPI COMMUNICATOR 3 DUP FROM 0
with errorcode 1.

NOTE: invoking MPI_ABORT causes Open MPI to kill all MPI processes.
You may or may not see output from other processes, depending on
exactly when Open MPI kills them.
--------------------------------------------------------------------------
--------------------------------------------------------------------------
MPI_ABORT was invoked on rank 1081 in communicator MPI COMMUNICATOR 3 DUP FROM 0
with errorcode 1.

NOTE: invoking MPI_ABORT causes Open MPI to kill all MPI processes.
You may or may not see output from other processes, depending on
exactly when Open MPI kills them.
--------------------------------------------------------------------------
--------------------------------------------------------------------------
MPI_ABORT was invoked on rank 618 in communicator MPI COMMUNICATOR 3 DUP FROM 0
with errorcode 1.

NOTE: invoking MPI_ABORT causes Open MPI to kill all MPI processes.
You may or may not see output from other processes, depending on
exactly when Open MPI kills them.
--------------------------------------------------------------------------
--------------------------------------------------------------------------
MPI_ABORT was invoked on rank 845 in communicator MPI COMMUNICATOR 3 DUP FROM 0
with errorcode 1.

NOTE: invoking MPI_ABORT causes Open MPI to kill all MPI processes.
You may or may not see output from other processes, depending on
exactly when Open MPI kills them.
--------------------------------------------------------------------------
--------------------------------------------------------------------------
MPI_ABORT was invoked on rank 655 in communicator MPI COMMUNICATOR 3 DUP FROM 0
with errorcode 1.

NOTE: invoking MPI_ABORT causes Open MPI to kill all MPI processes.
You may or may not see output from other processes, depending on
exactly when Open MPI kills them.
--------------------------------------------------------------------------
--------------------------------------------------------------------------
MPI_ABORT was invoked on rank 665 in communicator MPI COMMUNICATOR 3 DUP FROM 0
with errorcode 1.

NOTE: invoking MPI_ABORT causes Open MPI to kill all MPI processes.
You may or may not see output from other processes, depending on
exactly when Open MPI kills them.
--------------------------------------------------------------------------
--------------------------------------------------------------------------
MPI_ABORT was invoked on rank 868 in communicator MPI COMMUNICATOR 3 DUP FROM 0
with errorcode 1.

NOTE: invoking MPI_ABORT causes Open MPI to kill all MPI processes.
You may or may not see output from other processes, depending on
exactly when Open MPI kills them.
--------------------------------------------------------------------------
--------------------------------------------------------------------------
MPI_ABORT was invoked on rank 678 in communicator MPI COMMUNICATOR 3 DUP FROM 0
with errorcode 1.

NOTE: invoking MPI_ABORT causes Open MPI to kill all MPI processes.
You may or may not see output from other processes, depending on
exactly when Open MPI kills them.
--------------------------------------------------------------------------
--------------------------------------------------------------------------
MPI_ABORT was invoked on rank 1065 in communicator MPI COMMUNICATOR 3 DUP FROM 0
with errorcode 1.

NOTE: invoking MPI_ABORT causes Open MPI to kill all MPI processes.
You may or may not see output from other processes, depending on
exactly when Open MPI kills them.
--------------------------------------------------------------------------
--------------------------------------------------------------------------
MPI_ABORT was invoked on rank 1191 in communicator MPI COMMUNICATOR 3 DUP FROM 0
with errorcode 1.

NOTE: invoking MPI_ABORT causes Open MPI to kill all MPI processes.
You may or may not see output from other processes, depending on
exactly when Open MPI kills them.
--------------------------------------------------------------------------
--------------------------------------------------------------------------
MPI_ABORT was invoked on rank 1082 in communicator MPI COMMUNICATOR 3 DUP FROM 0
with errorcode 1.

NOTE: invoking MPI_ABORT causes Open MPI to kill all MPI processes.
You may or may not see output from other processes, depending on
exactly when Open MPI kills them.
--------------------------------------------------------------------------
--------------------------------------------------------------------------
MPI_ABORT was invoked on rank 679 in communicator MPI COMMUNICATOR 3 DUP FROM 0
with errorcode 1.

NOTE: invoking MPI_ABORT causes Open MPI to kill all MPI processes.
You may or may not see output from other processes, depending on
exactly when Open MPI kills them.
--------------------------------------------------------------------------
--------------------------------------------------------------------------
MPI_ABORT was invoked on rank 1057 in communicator MPI COMMUNICATOR 3 DUP FROM 0
with errorcode 1.

NOTE: invoking MPI_ABORT causes Open MPI to kill all MPI processes.
You may or may not see output from other processes, depending on
exactly when Open MPI kills them.
--------------------------------------------------------------------------
--------------------------------------------------------------------------
MPI_ABORT was invoked on rank 605 in communicator MPI COMMUNICATOR 3 DUP FROM 0
with errorcode 1.

NOTE: invoking MPI_ABORT causes Open MPI to kill all MPI processes.
You may or may not see output from other processes, depending on
exactly when Open MPI kills them.
--------------------------------------------------------------------------
--------------------------------------------------------------------------
MPI_ABORT was invoked on rank 1149 in communicator MPI COMMUNICATOR 3 DUP FROM 0
with errorcode 1.

NOTE: invoking MPI_ABORT causes Open MPI to kill all MPI processes.
You may or may not see output from other processes, depending on
exactly when Open MPI kills them.
--------------------------------------------------------------------------
--------------------------------------------------------------------------
MPI_ABORT was invoked on rank 1002 in communicator MPI COMMUNICATOR 3 DUP FROM 0
with errorcode 1.

NOTE: invoking MPI_ABORT causes Open MPI to kill all MPI processes.
You may or may not see output from other processes, depending on
exactly when Open MPI kills them.
--------------------------------------------------------------------------
--------------------------------------------------------------------------
MPI_ABORT was invoked on rank 501 in communicator MPI COMMUNICATOR 3 DUP FROM 0
with errorcode 1.

NOTE: invoking MPI_ABORT causes Open MPI to kill all MPI processes.
You may or may not see output from other processes, depending on
exactly when Open MPI kills them.
--------------------------------------------------------------------------
--------------------------------------------------------------------------
MPI_ABORT was invoked on rank 1042 in communicator MPI COMMUNICATOR 3 DUP FROM 0
with errorcode 1.

NOTE: invoking MPI_ABORT causes Open MPI to kill all MPI processes.
You may or may not see output from other processes, depending on
exactly when Open MPI kills them.
--------------------------------------------------------------------------
--------------------------------------------------------------------------
MPI_ABORT was invoked on rank 651 in communicator MPI COMMUNICATOR 3 DUP FROM 0
with errorcode 1.

NOTE: invoking MPI_ABORT causes Open MPI to kill all MPI processes.
You may or may not see output from other processes, depending on
exactly when Open MPI kills them.
--------------------------------------------------------------------------
--------------------------------------------------------------------------
MPI_ABORT was invoked on rank 692 in communicator MPI COMMUNICATOR 3 DUP FROM 0
with errorcode 1.

NOTE: invoking MPI_ABORT causes Open MPI to kill all MPI processes.
You may or may not see output from other processes, depending on
exactly when Open MPI kills them.
--------------------------------------------------------------------------
--------------------------------------------------------------------------
MPI_ABORT was invoked on rank 639 in communicator MPI COMMUNICATOR 3 DUP FROM 0
with errorcode 1.

NOTE: invoking MPI_ABORT causes Open MPI to kill all MPI processes.
You may or may not see output from other processes, depending on
exactly when Open MPI kills them.
--------------------------------------------------------------------------
--------------------------------------------------------------------------
MPI_ABORT was invoked on rank 568 in communicator MPI COMMUNICATOR 3 DUP FROM 0
with errorcode 1.

NOTE: invoking MPI_ABORT causes Open MPI to kill all MPI processes.
You may or may not see output from other processes, depending on
exactly when Open MPI kills them.
--------------------------------------------------------------------------
--------------------------------------------------------------------------
MPI_ABORT was invoked on rank 1107 in communicator MPI COMMUNICATOR 3 DUP FROM 0
with errorcode 1.

NOTE: invoking MPI_ABORT causes Open MPI to kill all MPI processes.
You may or may not see output from other processes, depending on
exactly when Open MPI kills them.
--------------------------------------------------------------------------
--------------------------------------------------------------------------
MPI_ABORT was invoked on rank 631 in communicator MPI COMMUNICATOR 3 DUP FROM 0
with errorcode 1.

NOTE: invoking MPI_ABORT causes Open MPI to kill all MPI processes.
You may or may not see output from other processes, depending on
exactly when Open MPI kills them.
--------------------------------------------------------------------------
--------------------------------------------------------------------------
MPI_ABORT was invoked on rank 529 in communicator MPI COMMUNICATOR 3 DUP FROM 0
with errorcode 1.

NOTE: invoking MPI_ABORT causes Open MPI to kill all MPI processes.
You may or may not see output from other processes, depending on
exactly when Open MPI kills them.
--------------------------------------------------------------------------
--------------------------------------------------------------------------
MPI_ABORT was invoked on rank 211 in communicator MPI COMMUNICATOR 3 DUP FROM 0
with errorcode 1.

NOTE: invoking MPI_ABORT causes Open MPI to kill all MPI processes.
You may or may not see output from other processes, depending on
exactly when Open MPI kills them.
--------------------------------------------------------------------------
--------------------------------------------------------------------------
MPI_ABORT was invoked on rank 621 in communicator MPI COMMUNICATOR 3 DUP FROM 0
with errorcode 1.

NOTE: invoking MPI_ABORT causes Open MPI to kill all MPI processes.
You may or may not see output from other processes, depending on
exactly when Open MPI kills them.
--------------------------------------------------------------------------
--------------------------------------------------------------------------
MPI_ABORT was invoked on rank 1167 in communicator MPI COMMUNICATOR 3 DUP FROM 0
with errorcode 1.

NOTE: invoking MPI_ABORT causes Open MPI to kill all MPI processes.
You may or may not see output from other processes, depending on
exactly when Open MPI kills them.
--------------------------------------------------------------------------
--------------------------------------------------------------------------
MPI_ABORT was invoked on rank 641 in communicator MPI COMMUNICATOR 3 DUP FROM 0
with errorcode 1.

NOTE: invoking MPI_ABORT causes Open MPI to kill all MPI processes.
You may or may not see output from other processes, depending on
exactly when Open MPI kills them.
--------------------------------------------------------------------------
--------------------------------------------------------------------------
MPI_ABORT was invoked on rank 577 in communicator MPI COMMUNICATOR 3 DUP FROM 0
with errorcode 1.

NOTE: invoking MPI_ABORT causes Open MPI to kill all MPI processes.
You may or may not see output from other processes, depending on
exactly when Open MPI kills them.
--------------------------------------------------------------------------
--------------------------------------------------------------------------
MPI_ABORT was invoked on rank 231 in communicator MPI COMMUNICATOR 3 DUP FROM 0
with errorcode 1.

NOTE: invoking MPI_ABORT causes Open MPI to kill all MPI processes.
You may or may not see output from other processes, depending on
exactly when Open MPI kills them.
--------------------------------------------------------------------------
--------------------------------------------------------------------------
MPI_ABORT was invoked on rank 812 in communicator MPI COMMUNICATOR 3 DUP FROM 0
with errorcode 1.

NOTE: invoking MPI_ABORT causes Open MPI to kill all MPI processes.
You may or may not see output from other processes, depending on
exactly when Open MPI kills them.
--------------------------------------------------------------------------
--------------------------------------------------------------------------
MPI_ABORT was invoked on rank 535 in communicator MPI COMMUNICATOR 3 DUP FROM 0
with errorcode 1.

NOTE: invoking MPI_ABORT causes Open MPI to kill all MPI processes.
You may or may not see output from other processes, depending on
exactly when Open MPI kills them.
--------------------------------------------------------------------------
--------------------------------------------------------------------------
MPI_ABORT was invoked on rank 222 in communicator MPI COMMUNICATOR 3 DUP FROM 0
with errorcode 1.

NOTE: invoking MPI_ABORT causes Open MPI to kill all MPI processes.
You may or may not see output from other processes, depending on
exactly when Open MPI kills them.
--------------------------------------------------------------------------
--------------------------------------------------------------------------
MPI_ABORT was invoked on rank 1085 in communicator MPI COMMUNICATOR 3 DUP FROM 0
with errorcode 1.

NOTE: invoking MPI_ABORT causes Open MPI to kill all MPI processes.
You may or may not see output from other processes, depending on
exactly when Open MPI kills them.
--------------------------------------------------------------------------
--------------------------------------------------------------------------
MPI_ABORT was invoked on rank 889 in communicator MPI COMMUNICATOR 3 DUP FROM 0
with errorcode 1.

NOTE: invoking MPI_ABORT causes Open MPI to kill all MPI processes.
You may or may not see output from other processes, depending on
exactly when Open MPI kills them.
--------------------------------------------------------------------------
--------------------------------------------------------------------------
MPI_ABORT was invoked on rank 226 in communicator MPI COMMUNICATOR 3 DUP FROM 0
with errorcode 1.

NOTE: invoking MPI_ABORT causes Open MPI to kill all MPI processes.
You may or may not see output from other processes, depending on
exactly when Open MPI kills them.
--------------------------------------------------------------------------
--------------------------------------------------------------------------
MPI_ABORT was invoked on rank 1001 in communicator MPI COMMUNICATOR 3 DUP FROM 0
with errorcode 1.

NOTE: invoking MPI_ABORT causes Open MPI to kill all MPI processes.
You may or may not see output from other processes, depending on
exactly when Open MPI kills them.
--------------------------------------------------------------------------
--------------------------------------------------------------------------
MPI_ABORT was invoked on rank 880 in communicator MPI COMMUNICATOR 3 DUP FROM 0
with errorcode 1.

NOTE: invoking MPI_ABORT causes Open MPI to kill all MPI processes.
You may or may not see output from other processes, depending on
exactly when Open MPI kills them.
--------------------------------------------------------------------------
--------------------------------------------------------------------------
MPI_ABORT was invoked on rank 285 in communicator MPI COMMUNICATOR 3 DUP FROM 0
with errorcode 1.

NOTE: invoking MPI_ABORT causes Open MPI to kill all MPI processes.
You may or may not see output from other processes, depending on
exactly when Open MPI kills them.
--------------------------------------------------------------------------
--------------------------------------------------------------------------
MPI_ABORT was invoked on rank 974 in communicator MPI COMMUNICATOR 3 DUP FROM 0
with errorcode 1.

NOTE: invoking MPI_ABORT causes Open MPI to kill all MPI processes.
You may or may not see output from other processes, depending on
exactly when Open MPI kills them.
--------------------------------------------------------------------------
--------------------------------------------------------------------------
MPI_ABORT was invoked on rank 549 in communicator MPI COMMUNICATOR 3 DUP FROM 0
with errorcode 1.

NOTE: invoking MPI_ABORT causes Open MPI to kill all MPI processes.
You may or may not see output from other processes, depending on
exactly when Open MPI kills them.
--------------------------------------------------------------------------
--------------------------------------------------------------------------
MPI_ABORT was invoked on rank 215 in communicator MPI COMMUNICATOR 3 DUP FROM 0
with errorcode 1.

NOTE: invoking MPI_ABORT causes Open MPI to kill all MPI processes.
You may or may not see output from other processes, depending on
exactly when Open MPI kills them.
--------------------------------------------------------------------------
--------------------------------------------------------------------------
MPI_ABORT was invoked on rank 1190 in communicator MPI COMMUNICATOR 3 DUP FROM 0
with errorcode 1.

NOTE: invoking MPI_ABORT causes Open MPI to kill all MPI processes.
You may or may not see output from other processes, depending on
exactly when Open MPI kills them.
--------------------------------------------------------------------------
--------------------------------------------------------------------------
MPI_ABORT was invoked on rank 1069 in communicator MPI COMMUNICATOR 3 DUP FROM 0
with errorcode 1.

NOTE: invoking MPI_ABORT causes Open MPI to kill all MPI processes.
You may or may not see output from other processes, depending on
exactly when Open MPI kills them.
--------------------------------------------------------------------------
--------------------------------------------------------------------------
MPI_ABORT was invoked on rank 844 in communicator MPI COMMUNICATOR 3 DUP FROM 0
with errorcode 1.

NOTE: invoking MPI_ABORT causes Open MPI to kill all MPI processes.
You may or may not see output from other processes, depending on
exactly when Open MPI kills them.
--------------------------------------------------------------------------
--------------------------------------------------------------------------
MPI_ABORT was invoked on rank 531 in communicator MPI COMMUNICATOR 3 DUP FROM 0
with errorcode 1.

NOTE: invoking MPI_ABORT causes Open MPI to kill all MPI processes.
You may or may not see output from other processes, depending on
exactly when Open MPI kills them.
--------------------------------------------------------------------------
--------------------------------------------------------------------------
MPI_ABORT was invoked on rank 216 in communicator MPI COMMUNICATOR 3 DUP FROM 0
with errorcode 1.

NOTE: invoking MPI_ABORT causes Open MPI to kill all MPI processes.
You may or may not see output from other processes, depending on
exactly when Open MPI kills them.
--------------------------------------------------------------------------
--------------------------------------------------------------------------
MPI_ABORT was invoked on rank 1150 in communicator MPI COMMUNICATOR 3 DUP FROM 0
with errorcode 1.

NOTE: invoking MPI_ABORT causes Open MPI to kill all MPI processes.
You may or may not see output from other processes, depending on
exactly when Open MPI kills them.
--------------------------------------------------------------------------
--------------------------------------------------------------------------
MPI_ABORT was invoked on rank 1054 in communicator MPI COMMUNICATOR 3 DUP FROM 0
with errorcode 1.

NOTE: invoking MPI_ABORT causes Open MPI to kill all MPI processes.
You may or may not see output from other processes, depending on
exactly when Open MPI kills them.
--------------------------------------------------------------------------
--------------------------------------------------------------------------
MPI_ABORT was invoked on rank 882 in communicator MPI COMMUNICATOR 3 DUP FROM 0
with errorcode 1.

NOTE: invoking MPI_ABORT causes Open MPI to kill all MPI processes.
You may or may not see output from other processes, depending on
exactly when Open MPI kills them.
--------------------------------------------------------------------------
--------------------------------------------------------------------------
MPI_ABORT was invoked on rank 219 in communicator MPI COMMUNICATOR 3 DUP FROM 0
with errorcode 1.

NOTE: invoking MPI_ABORT causes Open MPI to kill all MPI processes.
You may or may not see output from other processes, depending on
exactly when Open MPI kills them.
--------------------------------------------------------------------------
--------------------------------------------------------------------------
MPI_ABORT was invoked on rank 1055 in communicator MPI COMMUNICATOR 3 DUP FROM 0
with errorcode 1.

NOTE: invoking MPI_ABORT causes Open MPI to kill all MPI processes.
You may or may not see output from other processes, depending on
exactly when Open MPI kills them.
--------------------------------------------------------------------------
--------------------------------------------------------------------------
MPI_ABORT was invoked on rank 556 in communicator MPI COMMUNICATOR 3 DUP FROM 0
with errorcode 1.

NOTE: invoking MPI_ABORT causes Open MPI to kill all MPI processes.
You may or may not see output from other processes, depending on
exactly when Open MPI kills them.
--------------------------------------------------------------------------
--------------------------------------------------------------------------
MPI_ABORT was invoked on rank 247 in communicator MPI COMMUNICATOR 3 DUP FROM 0
with errorcode 1.

NOTE: invoking MPI_ABORT causes Open MPI to kill all MPI processes.
You may or may not see output from other processes, depending on
exactly when Open MPI kills them.
--------------------------------------------------------------------------
--------------------------------------------------------------------------
MPI_ABORT was invoked on rank 1123 in communicator MPI COMMUNICATOR 3 DUP FROM 0
with errorcode 1.

NOTE: invoking MPI_ABORT causes Open MPI to kill all MPI processes.
You may or may not see output from other processes, depending on
exactly when Open MPI kills them.
--------------------------------------------------------------------------
--------------------------------------------------------------------------
MPI_ABORT was invoked on rank 1028 in communicator MPI COMMUNICATOR 3 DUP FROM 0
with errorcode 1.

NOTE: invoking MPI_ABORT causes Open MPI to kill all MPI processes.
You may or may not see output from other processes, depending on
exactly when Open MPI kills them.
--------------------------------------------------------------------------
--------------------------------------------------------------------------
MPI_ABORT was invoked on rank 582 in communicator MPI COMMUNICATOR 3 DUP FROM 0
with errorcode 1.

NOTE: invoking MPI_ABORT causes Open MPI to kill all MPI processes.
You may or may not see output from other processes, depending on
exactly when Open MPI kills them.
--------------------------------------------------------------------------
--------------------------------------------------------------------------
MPI_ABORT was invoked on rank 253 in communicator MPI COMMUNICATOR 3 DUP FROM 0
with errorcode 1.

NOTE: invoking MPI_ABORT causes Open MPI to kill all MPI processes.
You may or may not see output from other processes, depending on
exactly when Open MPI kills them.
--------------------------------------------------------------------------
--------------------------------------------------------------------------
MPI_ABORT was invoked on rank 1131 in communicator MPI COMMUNICATOR 3 DUP FROM 0
with errorcode 1.

NOTE: invoking MPI_ABORT causes Open MPI to kill all MPI processes.
You may or may not see output from other processes, depending on
exactly when Open MPI kills them.
--------------------------------------------------------------------------
--------------------------------------------------------------------------
MPI_ABORT was invoked on rank 1066 in communicator MPI COMMUNICATOR 3 DUP FROM 0
with errorcode 1.

NOTE: invoking MPI_ABORT causes Open MPI to kill all MPI processes.
You may or may not see output from other processes, depending on
exactly when Open MPI kills them.
--------------------------------------------------------------------------
--------------------------------------------------------------------------
MPI_ABORT was invoked on rank 520 in communicator MPI COMMUNICATOR 3 DUP FROM 0
with errorcode 1.

NOTE: invoking MPI_ABORT causes Open MPI to kill all MPI processes.
You may or may not see output from other processes, depending on
exactly when Open MPI kills them.
--------------------------------------------------------------------------
--------------------------------------------------------------------------
MPI_ABORT was invoked on rank 279 in communicator MPI COMMUNICATOR 3 DUP FROM 0
with errorcode 1.

NOTE: invoking MPI_ABORT causes Open MPI to kill all MPI processes.
You may or may not see output from other processes, depending on
exactly when Open MPI kills them.
--------------------------------------------------------------------------
--------------------------------------------------------------------------
MPI_ABORT was invoked on rank 1179 in communicator MPI COMMUNICATOR 3 DUP FROM 0
with errorcode 1.

NOTE: invoking MPI_ABORT causes Open MPI to kill all MPI processes.
You may or may not see output from other processes, depending on
exactly when Open MPI kills them.
--------------------------------------------------------------------------
--------------------------------------------------------------------------
MPI_ABORT was invoked on rank 1009 in communicator MPI COMMUNICATOR 3 DUP FROM 0
with errorcode 1.

NOTE: invoking MPI_ABORT causes Open MPI to kill all MPI processes.
You may or may not see output from other processes, depending on
exactly when Open MPI kills them.
--------------------------------------------------------------------------
--------------------------------------------------------------------------
MPI_ABORT was invoked on rank 234 in communicator MPI COMMUNICATOR 3 DUP FROM 0
with errorcode 1.

NOTE: invoking MPI_ABORT causes Open MPI to kill all MPI processes.
You may or may not see output from other processes, depending on
exactly when Open MPI kills them.
--------------------------------------------------------------------------
--------------------------------------------------------------------------
MPI_ABORT was invoked on rank 505 in communicator MPI COMMUNICATOR 3 DUP FROM 0
with errorcode 1.

NOTE: invoking MPI_ABORT causes Open MPI to kill all MPI processes.
You may or may not see output from other processes, depending on
exactly when Open MPI kills them.
--------------------------------------------------------------------------
--------------------------------------------------------------------------
MPI_ABORT was invoked on rank 1156 in communicator MPI COMMUNICATOR 3 DUP FROM 0
with errorcode 1.

NOTE: invoking MPI_ABORT causes Open MPI to kill all MPI processes.
You may or may not see output from other processes, depending on
exactly when Open MPI kills them.
--------------------------------------------------------------------------
--------------------------------------------------------------------------
MPI_ABORT was invoked on rank 1005 in communicator MPI COMMUNICATOR 3 DUP FROM 0
with errorcode 1.

NOTE: invoking MPI_ABORT causes Open MPI to kill all MPI processes.
You may or may not see output from other processes, depending on
exactly when Open MPI kills them.
--------------------------------------------------------------------------
--------------------------------------------------------------------------
MPI_ABORT was invoked on rank 1012 in communicator MPI COMMUNICATOR 3 DUP FROM 0
with errorcode 1.

NOTE: invoking MPI_ABORT causes Open MPI to kill all MPI processes.
You may or may not see output from other processes, depending on
exactly when Open MPI kills them.
--------------------------------------------------------------------------
--------------------------------------------------------------------------
MPI_ABORT was invoked on rank 944 in communicator MPI COMMUNICATOR 3 DUP FROM 0
with errorcode 1.

NOTE: invoking MPI_ABORT causes Open MPI to kill all MPI processes.
You may or may not see output from other processes, depending on
exactly when Open MPI kills them.
--------------------------------------------------------------------------
--------------------------------------------------------------------------
MPI_ABORT was invoked on rank 1161 in communicator MPI COMMUNICATOR 3 DUP FROM 0
with errorcode 1.

NOTE: invoking MPI_ABORT causes Open MPI to kill all MPI processes.
You may or may not see output from other processes, depending on
exactly when Open MPI kills them.
--------------------------------------------------------------------------
--------------------------------------------------------------------------
MPI_ABORT was invoked on rank 1015 in communicator MPI COMMUNICATOR 3 DUP FROM 0
with errorcode 1.

NOTE: invoking MPI_ABORT causes Open MPI to kill all MPI processes.
You may or may not see output from other processes, depending on
exactly when Open MPI kills them.
--------------------------------------------------------------------------
--------------------------------------------------------------------------
MPI_ABORT was invoked on rank 952 in communicator MPI COMMUNICATOR 3 DUP FROM 0
with errorcode 1.

NOTE: invoking MPI_ABORT causes Open MPI to kill all MPI processes.
You may or may not see output from other processes, depending on
exactly when Open MPI kills them.
--------------------------------------------------------------------------
--------------------------------------------------------------------------
MPI_ABORT was invoked on rank 533 in communicator MPI COMMUNICATOR 3 DUP FROM 0
with errorcode 1.

NOTE: invoking MPI_ABORT causes Open MPI to kill all MPI processes.
You may or may not see output from other processes, depending on
exactly when Open MPI kills them.
--------------------------------------------------------------------------
--------------------------------------------------------------------------
MPI_ABORT was invoked on rank 902 in communicator MPI COMMUNICATOR 3 DUP FROM 0
with errorcode 1.

NOTE: invoking MPI_ABORT causes Open MPI to kill all MPI processes.
You may or may not see output from other processes, depending on
exactly when Open MPI kills them.
--------------------------------------------------------------------------
--------------------------------------------------------------------------
MPI_ABORT was invoked on rank 554 in communicator MPI COMMUNICATOR 3 DUP FROM 0
with errorcode 1.

NOTE: invoking MPI_ABORT causes Open MPI to kill all MPI processes.
You may or may not see output from other processes, depending on
exactly when Open MPI kills them.
--------------------------------------------------------------------------
--------------------------------------------------------------------------
MPI_ABORT was invoked on rank 969 in communicator MPI COMMUNICATOR 3 DUP FROM 0
with errorcode 1.

NOTE: invoking MPI_ABORT causes Open MPI to kill all MPI processes.
You may or may not see output from other processes, depending on
exactly when Open MPI kills them.
--------------------------------------------------------------------------
--------------------------------------------------------------------------
MPI_ABORT was invoked on rank 972 in communicator MPI COMMUNICATOR 3 DUP FROM 0
with errorcode 1.

NOTE: invoking MPI_ABORT causes Open MPI to kill all MPI processes.
You may or may not see output from other processes, depending on
exactly when Open MPI kills them.
--------------------------------------------------------------------------
--------------------------------------------------------------------------
MPI_ABORT was invoked on rank 671 in communicator MPI COMMUNICATOR 3 DUP FROM 0
with errorcode 1.

NOTE: invoking MPI_ABORT causes Open MPI to kill all MPI processes.
You may or may not see output from other processes, depending on
exactly when Open MPI kills them.
--------------------------------------------------------------------------
--------------------------------------------------------------------------
MPI_ABORT was invoked on rank 990 in communicator MPI COMMUNICATOR 3 DUP FROM 0
with errorcode 1.

NOTE: invoking MPI_ABORT causes Open MPI to kill all MPI processes.
You may or may not see output from other processes, depending on
exactly when Open MPI kills them.
--------------------------------------------------------------------------
--------------------------------------------------------------------------
MPI_ABORT was invoked on rank 654 in communicator MPI COMMUNICATOR 3 DUP FROM 0
with errorcode 1.

NOTE: invoking MPI_ABORT causes Open MPI to kill all MPI processes.
You may or may not see output from other processes, depending on
exactly when Open MPI kills them.
--------------------------------------------------------------------------
--------------------------------------------------------------------------
MPI_ABORT was invoked on rank 1181 in communicator MPI COMMUNICATOR 3 DUP FROM 0
with errorcode 1.

NOTE: invoking MPI_ABORT causes Open MPI to kill all MPI processes.
You may or may not see output from other processes, depending on
exactly when Open MPI kills them.
--------------------------------------------------------------------------
--------------------------------------------------------------------------
MPI_ABORT was invoked on rank 601 in communicator MPI COMMUNICATOR 3 DUP FROM 0
with errorcode 1.

NOTE: invoking MPI_ABORT causes Open MPI to kill all MPI processes.
You may or may not see output from other processes, depending on
exactly when Open MPI kills them.
--------------------------------------------------------------------------
--------------------------------------------------------------------------
MPI_ABORT was invoked on rank 912 in communicator MPI COMMUNICATOR 3 DUP FROM 0
with errorcode 1.

NOTE: invoking MPI_ABORT causes Open MPI to kill all MPI processes.
You may or may not see output from other processes, depending on
exactly when Open MPI kills them.
--------------------------------------------------------------------------
--------------------------------------------------------------------------
MPI_ABORT was invoked on rank 606 in communicator MPI COMMUNICATOR 3 DUP FROM 0
with errorcode 1.

NOTE: invoking MPI_ABORT causes Open MPI to kill all MPI processes.
You may or may not see output from other processes, depending on
exactly when Open MPI kills them.
--------------------------------------------------------------------------
--------------------------------------------------------------------------
MPI_ABORT was invoked on rank 1145 in communicator MPI COMMUNICATOR 3 DUP FROM 0
with errorcode 1.

NOTE: invoking MPI_ABORT causes Open MPI to kill all MPI processes.
You may or may not see output from other processes, depending on
exactly when Open MPI kills them.
--------------------------------------------------------------------------
--------------------------------------------------------------------------
MPI_ABORT was invoked on rank 609 in communicator MPI COMMUNICATOR 3 DUP FROM 0
with errorcode 1.

NOTE: invoking MPI_ABORT causes Open MPI to kill all MPI processes.
You may or may not see output from other processes, depending on
exactly when Open MPI kills them.
--------------------------------------------------------------------------
--------------------------------------------------------------------------
MPI_ABORT was invoked on rank 816 in communicator MPI COMMUNICATOR 3 DUP FROM 0
with errorcode 1.

NOTE: invoking MPI_ABORT causes Open MPI to kill all MPI processes.
You may or may not see output from other processes, depending on
exactly when Open MPI kills them.
--------------------------------------------------------------------------
--------------------------------------------------------------------------
MPI_ABORT was invoked on rank 999 in communicator MPI COMMUNICATOR 3 DUP FROM 0
with errorcode 1.

NOTE: invoking MPI_ABORT causes Open MPI to kill all MPI processes.
You may or may not see output from other processes, depending on
exactly when Open MPI kills them.
--------------------------------------------------------------------------
--------------------------------------------------------------------------
MPI_ABORT was invoked on rank 656 in communicator MPI COMMUNICATOR 3 DUP FROM 0
with errorcode 1.

NOTE: invoking MPI_ABORT causes Open MPI to kill all MPI processes.
You may or may not see output from other processes, depending on
exactly when Open MPI kills them.
--------------------------------------------------------------------------
--------------------------------------------------------------------------
MPI_ABORT was invoked on rank 1168 in communicator MPI COMMUNICATOR 3 DUP FROM 0
with errorcode 1.

NOTE: invoking MPI_ABORT causes Open MPI to kill all MPI processes.
You may or may not see output from other processes, depending on
exactly when Open MPI kills them.
--------------------------------------------------------------------------
--------------------------------------------------------------------------
MPI_ABORT was invoked on rank 977 in communicator MPI COMMUNICATOR 3 DUP FROM 0
with errorcode 1.

NOTE: invoking MPI_ABORT causes Open MPI to kill all MPI processes.
You may or may not see output from other processes, depending on
exactly when Open MPI kills them.
--------------------------------------------------------------------------
--------------------------------------------------------------------------
MPI_ABORT was invoked on rank 607 in communicator MPI COMMUNICATOR 3 DUP FROM 0
with errorcode 1.

NOTE: invoking MPI_ABORT causes Open MPI to kill all MPI processes.
You may or may not see output from other processes, depending on
exactly when Open MPI kills them.
--------------------------------------------------------------------------
--------------------------------------------------------------------------
MPI_ABORT was invoked on rank 869 in communicator MPI COMMUNICATOR 3 DUP FROM 0
with errorcode 1.

NOTE: invoking MPI_ABORT causes Open MPI to kill all MPI processes.
You may or may not see output from other processes, depending on
exactly when Open MPI kills them.
--------------------------------------------------------------------------
--------------------------------------------------------------------------
MPI_ABORT was invoked on rank 672 in communicator MPI COMMUNICATOR 3 DUP FROM 0
with errorcode 1.

NOTE: invoking MPI_ABORT causes Open MPI to kill all MPI processes.
You may or may not see output from other processes, depending on
exactly when Open MPI kills them.
--------------------------------------------------------------------------
--------------------------------------------------------------------------
MPI_ABORT was invoked on rank 553 in communicator MPI COMMUNICATOR 3 DUP FROM 0
with errorcode 1.

NOTE: invoking MPI_ABORT causes Open MPI to kill all MPI processes.
You may or may not see output from other processes, depending on
exactly when Open MPI kills them.
--------------------------------------------------------------------------
--------------------------------------------------------------------------
MPI_ABORT was invoked on rank 1196 in communicator MPI COMMUNICATOR 3 DUP FROM 0
with errorcode 1.

NOTE: invoking MPI_ABORT causes Open MPI to kill all MPI processes.
You may or may not see output from other processes, depending on
exactly when Open MPI kills them.
--------------------------------------------------------------------------
--------------------------------------------------------------------------
MPI_ABORT was invoked on rank 973 in communicator MPI COMMUNICATOR 3 DUP FROM 0
with errorcode 1.

NOTE: invoking MPI_ABORT causes Open MPI to kill all MPI processes.
You may or may not see output from other processes, depending on
exactly when Open MPI kills them.
--------------------------------------------------------------------------
--------------------------------------------------------------------------
MPI_ABORT was invoked on rank 603 in communicator MPI COMMUNICATOR 3 DUP FROM 0
with errorcode 1.

NOTE: invoking MPI_ABORT causes Open MPI to kill all MPI processes.
You may or may not see output from other processes, depending on
exactly when Open MPI kills them.
--------------------------------------------------------------------------
--------------------------------------------------------------------------
MPI_ABORT was invoked on rank 1141 in communicator MPI COMMUNICATOR 3 DUP FROM 0
with errorcode 1.

NOTE: invoking MPI_ABORT causes Open MPI to kill all MPI processes.
You may or may not see output from other processes, depending on
exactly when Open MPI kills them.
--------------------------------------------------------------------------
--------------------------------------------------------------------------
MPI_ABORT was invoked on rank 886 in communicator MPI COMMUNICATOR 3 DUP FROM 0
with errorcode 1.

NOTE: invoking MPI_ABORT causes Open MPI to kill all MPI processes.
You may or may not see output from other processes, depending on
exactly when Open MPI kills them.
--------------------------------------------------------------------------
--------------------------------------------------------------------------
MPI_ABORT was invoked on rank 935 in communicator MPI COMMUNICATOR 3 DUP FROM 0
with errorcode 1.

NOTE: invoking MPI_ABORT causes Open MPI to kill all MPI processes.
You may or may not see output from other processes, depending on
exactly when Open MPI kills them.
--------------------------------------------------------------------------
--------------------------------------------------------------------------
MPI_ABORT was invoked on rank 690 in communicator MPI COMMUNICATOR 3 DUP FROM 0
with errorcode 1.

NOTE: invoking MPI_ABORT causes Open MPI to kill all MPI processes.
You may or may not see output from other processes, depending on
exactly when Open MPI kills them.
--------------------------------------------------------------------------
--------------------------------------------------------------------------
MPI_ABORT was invoked on rank 588 in communicator MPI COMMUNICATOR 3 DUP FROM 0
with errorcode 1.

NOTE: invoking MPI_ABORT causes Open MPI to kill all MPI processes.
You may or may not see output from other processes, depending on
exactly when Open MPI kills them.
--------------------------------------------------------------------------
--------------------------------------------------------------------------
MPI_ABORT was invoked on rank 1064 in communicator MPI COMMUNICATOR 3 DUP FROM 0
with errorcode 1.

NOTE: invoking MPI_ABORT causes Open MPI to kill all MPI processes.
You may or may not see output from other processes, depending on
exactly when Open MPI kills them.
--------------------------------------------------------------------------
--------------------------------------------------------------------------
MPI_ABORT was invoked on rank 896 in communicator MPI COMMUNICATOR 3 DUP FROM 0
with errorcode 1.

NOTE: invoking MPI_ABORT causes Open MPI to kill all MPI processes.
You may or may not see output from other processes, depending on
exactly when Open MPI kills them.
--------------------------------------------------------------------------
--------------------------------------------------------------------------
MPI_ABORT was invoked on rank 1037 in communicator MPI COMMUNICATOR 3 DUP FROM 0
with errorcode 1.

NOTE: invoking MPI_ABORT causes Open MPI to kill all MPI processes.
You may or may not see output from other processes, depending on
exactly when Open MPI kills them.
--------------------------------------------------------------------------
--------------------------------------------------------------------------
MPI_ABORT was invoked on rank 897 in communicator MPI COMMUNICATOR 3 DUP FROM 0
with errorcode 1.

NOTE: invoking MPI_ABORT causes Open MPI to kill all MPI processes.
You may or may not see output from other processes, depending on
exactly when Open MPI kills them.
--------------------------------------------------------------------------
--------------------------------------------------------------------------
MPI_ABORT was invoked on rank 689 in communicator MPI COMMUNICATOR 3 DUP FROM 0
with errorcode 1.

NOTE: invoking MPI_ABORT causes Open MPI to kill all MPI processes.
You may or may not see output from other processes, depending on
exactly when Open MPI kills them.
--------------------------------------------------------------------------
--------------------------------------------------------------------------
MPI_ABORT was invoked on rank 518 in communicator MPI COMMUNICATOR 3 DUP FROM 0
with errorcode 1.

NOTE: invoking MPI_ABORT causes Open MPI to kill all MPI processes.
You may or may not see output from other processes, depending on
exactly when Open MPI kills them.
--------------------------------------------------------------------------
--------------------------------------------------------------------------
MPI_ABORT was invoked on rank 1033 in communicator MPI COMMUNICATOR 3 DUP FROM 0
with errorcode 1.

NOTE: invoking MPI_ABORT causes Open MPI to kill all MPI processes.
You may or may not see output from other processes, depending on
exactly when Open MPI kills them.
--------------------------------------------------------------------------
--------------------------------------------------------------------------
MPI_ABORT was invoked on rank 623 in communicator MPI COMMUNICATOR 3 DUP FROM 0
with errorcode 1.

NOTE: invoking MPI_ABORT causes Open MPI to kill all MPI processes.
You may or may not see output from other processes, depending on
exactly when Open MPI kills them.
--------------------------------------------------------------------------
--------------------------------------------------------------------------
MPI_ABORT was invoked on rank 571 in communicator MPI COMMUNICATOR 3 DUP FROM 0
with errorcode 1.

NOTE: invoking MPI_ABORT causes Open MPI to kill all MPI processes.
You may or may not see output from other processes, depending on
exactly when Open MPI kills them.
--------------------------------------------------------------------------
--------------------------------------------------------------------------
MPI_ABORT was invoked on rank 1060 in communicator MPI COMMUNICATOR 3 DUP FROM 0
with errorcode 1.

NOTE: invoking MPI_ABORT causes Open MPI to kill all MPI processes.
You may or may not see output from other processes, depending on
exactly when Open MPI kills them.
--------------------------------------------------------------------------
--------------------------------------------------------------------------
MPI_ABORT was invoked on rank 805 in communicator MPI COMMUNICATOR 3 DUP FROM 0
with errorcode 1.

NOTE: invoking MPI_ABORT causes Open MPI to kill all MPI processes.
You may or may not see output from other processes, depending on
exactly when Open MPI kills them.
--------------------------------------------------------------------------
--------------------------------------------------------------------------
MPI_ABORT was invoked on rank 683 in communicator MPI COMMUNICATOR 3 DUP FROM 0
with errorcode 1.

NOTE: invoking MPI_ABORT causes Open MPI to kill all MPI processes.
You may or may not see output from other processes, depending on
exactly when Open MPI kills them.
--------------------------------------------------------------------------
--------------------------------------------------------------------------
MPI_ABORT was invoked on rank 1018 in communicator MPI COMMUNICATOR 3 DUP FROM 0
with errorcode 1.

NOTE: invoking MPI_ABORT causes Open MPI to kill all MPI processes.
You may or may not see output from other processes, depending on
exactly when Open MPI kills them.
--------------------------------------------------------------------------
--------------------------------------------------------------------------
MPI_ABORT was invoked on rank 807 in communicator MPI COMMUNICATOR 3 DUP FROM 0
with errorcode 1.

NOTE: invoking MPI_ABORT causes Open MPI to kill all MPI processes.
You may or may not see output from other processes, depending on
exactly when Open MPI kills them.
--------------------------------------------------------------------------
--------------------------------------------------------------------------
MPI_ABORT was invoked on rank 566 in communicator MPI COMMUNICATOR 3 DUP FROM 0
with errorcode 1.

NOTE: invoking MPI_ABORT causes Open MPI to kill all MPI processes.
You may or may not see output from other processes, depending on
exactly when Open MPI kills them.
--------------------------------------------------------------------------
--------------------------------------------------------------------------
MPI_ABORT was invoked on rank 1112 in communicator MPI COMMUNICATOR 3 DUP FROM 0
with errorcode 1.

NOTE: invoking MPI_ABORT causes Open MPI to kill all MPI processes.
You may or may not see output from other processes, depending on
exactly when Open MPI kills them.
--------------------------------------------------------------------------
--------------------------------------------------------------------------
MPI_ABORT was invoked on rank 1047 in communicator MPI COMMUNICATOR 3 DUP FROM 0
with errorcode 1.

NOTE: invoking MPI_ABORT causes Open MPI to kill all MPI processes.
You may or may not see output from other processes, depending on
exactly when Open MPI kills them.
--------------------------------------------------------------------------
--------------------------------------------------------------------------
MPI_ABORT was invoked on rank 800 in communicator MPI COMMUNICATOR 3 DUP FROM 0
with errorcode 1.

NOTE: invoking MPI_ABORT causes Open MPI to kill all MPI processes.
You may or may not see output from other processes, depending on
exactly when Open MPI kills them.
--------------------------------------------------------------------------
--------------------------------------------------------------------------
MPI_ABORT was invoked on rank 502 in communicator MPI COMMUNICATOR 3 DUP FROM 0
with errorcode 1.

NOTE: invoking MPI_ABORT causes Open MPI to kill all MPI processes.
You may or may not see output from other processes, depending on
exactly when Open MPI kills them.
--------------------------------------------------------------------------
--------------------------------------------------------------------------
MPI_ABORT was invoked on rank 1034 in communicator MPI COMMUNICATOR 3 DUP FROM 0
with errorcode 1.

NOTE: invoking MPI_ABORT causes Open MPI to kill all MPI processes.
You may or may not see output from other processes, depending on
exactly when Open MPI kills them.
--------------------------------------------------------------------------
--------------------------------------------------------------------------
MPI_ABORT was invoked on rank 825 in communicator MPI COMMUNICATOR 3 DUP FROM 0
with errorcode 1.

NOTE: invoking MPI_ABORT causes Open MPI to kill all MPI processes.
You may or may not see output from other processes, depending on
exactly when Open MPI kills them.
--------------------------------------------------------------------------
--------------------------------------------------------------------------
MPI_ABORT was invoked on rank 652 in communicator MPI COMMUNICATOR 3 DUP FROM 0
with errorcode 1.

NOTE: invoking MPI_ABORT causes Open MPI to kill all MPI processes.
You may or may not see output from other processes, depending on
exactly when Open MPI kills them.
--------------------------------------------------------------------------
--------------------------------------------------------------------------
MPI_ABORT was invoked on rank 1195 in communicator MPI COMMUNICATOR 3 DUP FROM 0
with errorcode 1.

NOTE: invoking MPI_ABORT causes Open MPI to kill all MPI processes.
You may or may not see output from other processes, depending on
exactly when Open MPI kills them.
--------------------------------------------------------------------------
--------------------------------------------------------------------------
MPI_ABORT was invoked on rank 1084 in communicator MPI COMMUNICATOR 3 DUP FROM 0
with errorcode 1.

NOTE: invoking MPI_ABORT causes Open MPI to kill all MPI processes.
You may or may not see output from other processes, depending on
exactly when Open MPI kills them.
--------------------------------------------------------------------------
--------------------------------------------------------------------------
MPI_ABORT was invoked on rank 1022 in communicator MPI COMMUNICATOR 3 DUP FROM 0
with errorcode 1.

NOTE: invoking MPI_ABORT causes Open MPI to kill all MPI processes.
You may or may not see output from other processes, depending on
exactly when Open MPI kills them.
--------------------------------------------------------------------------
--------------------------------------------------------------------------
MPI_ABORT was invoked on rank 681 in communicator MPI COMMUNICATOR 3 DUP FROM 0
with errorcode 1.

NOTE: invoking MPI_ABORT causes Open MPI to kill all MPI processes.
You may or may not see output from other processes, depending on
exactly when Open MPI kills them.
--------------------------------------------------------------------------
--------------------------------------------------------------------------
MPI_ABORT was invoked on rank 1148 in communicator MPI COMMUNICATOR 3 DUP FROM 0
with errorcode 1.

NOTE: invoking MPI_ABORT causes Open MPI to kill all MPI processes.
You may or may not see output from other processes, depending on
exactly when Open MPI kills them.
--------------------------------------------------------------------------
--------------------------------------------------------------------------
MPI_ABORT was invoked on rank 1056 in communicator MPI COMMUNICATOR 3 DUP FROM 0
with errorcode 1.

NOTE: invoking MPI_ABORT causes Open MPI to kill all MPI processes.
You may or may not see output from other processes, depending on
exactly when Open MPI kills them.
--------------------------------------------------------------------------
--------------------------------------------------------------------------
MPI_ABORT was invoked on rank 653 in communicator MPI COMMUNICATOR 3 DUP FROM 0
with errorcode 1.

NOTE: invoking MPI_ABORT causes Open MPI to kill all MPI processes.
You may or may not see output from other processes, depending on
exactly when Open MPI kills them.
--------------------------------------------------------------------------
--------------------------------------------------------------------------
MPI_ABORT was invoked on rank 1152 in communicator MPI COMMUNICATOR 3 DUP FROM 0
with errorcode 1.

NOTE: invoking MPI_ABORT causes Open MPI to kill all MPI processes.
You may or may not see output from other processes, depending on
exactly when Open MPI kills them.
--------------------------------------------------------------------------
--------------------------------------------------------------------------
MPI_ABORT was invoked on rank 1071 in communicator MPI COMMUNICATOR 3 DUP FROM 0
with errorcode 1.

NOTE: invoking MPI_ABORT causes Open MPI to kill all MPI processes.
You may or may not see output from other processes, depending on
exactly when Open MPI kills them.
--------------------------------------------------------------------------
--------------------------------------------------------------------------
MPI_ABORT was invoked on rank 883 in communicator MPI COMMUNICATOR 3 DUP FROM 0
with errorcode 1.

NOTE: invoking MPI_ABORT causes Open MPI to kill all MPI processes.
You may or may not see output from other processes, depending on
exactly when Open MPI kills them.
--------------------------------------------------------------------------
--------------------------------------------------------------------------
MPI_ABORT was invoked on rank 1178 in communicator MPI COMMUNICATOR 3 DUP FROM 0
with errorcode 1.

NOTE: invoking MPI_ABORT causes Open MPI to kill all MPI processes.
You may or may not see output from other processes, depending on
exactly when Open MPI kills them.
--------------------------------------------------------------------------
--------------------------------------------------------------------------
MPI_ABORT was invoked on rank 1083 in communicator MPI COMMUNICATOR 3 DUP FROM 0
with errorcode 1.

NOTE: invoking MPI_ABORT causes Open MPI to kill all MPI processes.
You may or may not see output from other processes, depending on
exactly when Open MPI kills them.
--------------------------------------------------------------------------
--------------------------------------------------------------------------
MPI_ABORT was invoked on rank 221 in communicator MPI COMMUNICATOR 3 DUP FROM 0
with errorcode 1.

NOTE: invoking MPI_ABORT causes Open MPI to kill all MPI processes.
You may or may not see output from other processes, depending on
exactly when Open MPI kills them.
--------------------------------------------------------------------------
--------------------------------------------------------------------------
MPI_ABORT was invoked on rank 1026 in communicator MPI COMMUNICATOR 3 DUP FROM 0
with errorcode 1.

NOTE: invoking MPI_ABORT causes Open MPI to kill all MPI processes.
You may or may not see output from other processes, depending on
exactly when Open MPI kills them.
--------------------------------------------------------------------------
--------------------------------------------------------------------------
MPI_ABORT was invoked on rank 842 in communicator MPI COMMUNICATOR 3 DUP FROM 0
with errorcode 1.

NOTE: invoking MPI_ABORT causes Open MPI to kill all MPI processes.
You may or may not see output from other processes, depending on
exactly when Open MPI kills them.
--------------------------------------------------------------------------
--------------------------------------------------------------------------
MPI_ABORT was invoked on rank 993 in communicator MPI COMMUNICATOR 3 DUP FROM 0
with errorcode 1.

NOTE: invoking MPI_ABORT causes Open MPI to kill all MPI processes.
You may or may not see output from other processes, depending on
exactly when Open MPI kills them.
--------------------------------------------------------------------------
--------------------------------------------------------------------------
MPI_ABORT was invoked on rank 200 in communicator MPI COMMUNICATOR 3 DUP FROM 0
with errorcode 1.

NOTE: invoking MPI_ABORT causes Open MPI to kill all MPI processes.
You may or may not see output from other processes, depending on
exactly when Open MPI kills them.
--------------------------------------------------------------------------
--------------------------------------------------------------------------
MPI_ABORT was invoked on rank 1198 in communicator MPI COMMUNICATOR 3 DUP FROM 0
with errorcode 1.

NOTE: invoking MPI_ABORT causes Open MPI to kill all MPI processes.
You may or may not see output from other processes, depending on
exactly when Open MPI kills them.
--------------------------------------------------------------------------
--------------------------------------------------------------------------
MPI_ABORT was invoked on rank 1059 in communicator MPI COMMUNICATOR 3 DUP FROM 0
with errorcode 1.

NOTE: invoking MPI_ABORT causes Open MPI to kill all MPI processes.
You may or may not see output from other processes, depending on
exactly when Open MPI kills them.
--------------------------------------------------------------------------
--------------------------------------------------------------------------
MPI_ABORT was invoked on rank 988 in communicator MPI COMMUNICATOR 3 DUP FROM 0
with errorcode 1.

NOTE: invoking MPI_ABORT causes Open MPI to kill all MPI processes.
You may or may not see output from other processes, depending on
exactly when Open MPI kills them.
--------------------------------------------------------------------------
--------------------------------------------------------------------------
MPI_ABORT was invoked on rank 251 in communicator MPI COMMUNICATOR 3 DUP FROM 0
with errorcode 1.

NOTE: invoking MPI_ABORT causes Open MPI to kill all MPI processes.
You may or may not see output from other processes, depending on
exactly when Open MPI kills them.
--------------------------------------------------------------------------
--------------------------------------------------------------------------
MPI_ABORT was invoked on rank 1114 in communicator MPI COMMUNICATOR 3 DUP FROM 0
with errorcode 1.

NOTE: invoking MPI_ABORT causes Open MPI to kill all MPI processes.
You may or may not see output from other processes, depending on
exactly when Open MPI kills them.
--------------------------------------------------------------------------
--------------------------------------------------------------------------
MPI_ABORT was invoked on rank 834 in communicator MPI COMMUNICATOR 3 DUP FROM 0
with errorcode 1.

NOTE: invoking MPI_ABORT causes Open MPI to kill all MPI processes.
You may or may not see output from other processes, depending on
exactly when Open MPI kills them.
--------------------------------------------------------------------------
--------------------------------------------------------------------------
MPI_ABORT was invoked on rank 992 in communicator MPI COMMUNICATOR 3 DUP FROM 0
with errorcode 1.

NOTE: invoking MPI_ABORT causes Open MPI to kill all MPI processes.
You may or may not see output from other processes, depending on
exactly when Open MPI kills them.
--------------------------------------------------------------------------
--------------------------------------------------------------------------
MPI_ABORT was invoked on rank 220 in communicator MPI COMMUNICATOR 3 DUP FROM 0
with errorcode 1.

NOTE: invoking MPI_ABORT causes Open MPI to kill all MPI processes.
You may or may not see output from other processes, depending on
exactly when Open MPI kills them.
--------------------------------------------------------------------------
--------------------------------------------------------------------------
MPI_ABORT was invoked on rank 1039 in communicator MPI COMMUNICATOR 3 DUP FROM 0
with errorcode 1.

NOTE: invoking MPI_ABORT causes Open MPI to kill all MPI processes.
You may or may not see output from other processes, depending on
exactly when Open MPI kills them.
--------------------------------------------------------------------------
--------------------------------------------------------------------------
MPI_ABORT was invoked on rank 915 in communicator MPI COMMUNICATOR 3 DUP FROM 0
with errorcode 1.

NOTE: invoking MPI_ABORT causes Open MPI to kill all MPI processes.
You may or may not see output from other processes, depending on
exactly when Open MPI kills them.
--------------------------------------------------------------------------
--------------------------------------------------------------------------
MPI_ABORT was invoked on rank 614 in communicator MPI COMMUNICATOR 3 DUP FROM 0
with errorcode 1.

NOTE: invoking MPI_ABORT causes Open MPI to kill all MPI processes.
You may or may not see output from other processes, depending on
exactly when Open MPI kills them.
--------------------------------------------------------------------------
--------------------------------------------------------------------------
MPI_ABORT was invoked on rank 258 in communicator MPI COMMUNICATOR 3 DUP FROM 0
with errorcode 1.

NOTE: invoking MPI_ABORT causes Open MPI to kill all MPI processes.
You may or may not see output from other processes, depending on
exactly when Open MPI kills them.
--------------------------------------------------------------------------
--------------------------------------------------------------------------
MPI_ABORT was invoked on rank 884 in communicator MPI COMMUNICATOR 3 DUP FROM 0
with errorcode 1.

NOTE: invoking MPI_ABORT causes Open MPI to kill all MPI processes.
You may or may not see output from other processes, depending on
exactly when Open MPI kills them.
--------------------------------------------------------------------------
--------------------------------------------------------------------------
MPI_ABORT was invoked on rank 949 in communicator MPI COMMUNICATOR 3 DUP FROM 0
with errorcode 1.

NOTE: invoking MPI_ABORT causes Open MPI to kill all MPI processes.
You may or may not see output from other processes, depending on
exactly when Open MPI kills them.
--------------------------------------------------------------------------
--------------------------------------------------------------------------
MPI_ABORT was invoked on rank 201 in communicator MPI COMMUNICATOR 3 DUP FROM 0
with errorcode 1.

NOTE: invoking MPI_ABORT causes Open MPI to kill all MPI processes.
You may or may not see output from other processes, depending on
exactly when Open MPI kills them.
--------------------------------------------------------------------------
--------------------------------------------------------------------------
MPI_ABORT was invoked on rank 917 in communicator MPI COMMUNICATOR 3 DUP FROM 0
with errorcode 1.

NOTE: invoking MPI_ABORT causes Open MPI to kill all MPI processes.
You may or may not see output from other processes, depending on
exactly when Open MPI kills them.
--------------------------------------------------------------------------
--------------------------------------------------------------------------
MPI_ABORT was invoked on rank 650 in communicator MPI COMMUNICATOR 3 DUP FROM 0
with errorcode 1.

NOTE: invoking MPI_ABORT causes Open MPI to kill all MPI processes.
You may or may not see output from other processes, depending on
exactly when Open MPI kills them.
--------------------------------------------------------------------------
--------------------------------------------------------------------------
MPI_ABORT was invoked on rank 272 in communicator MPI COMMUNICATOR 3 DUP FROM 0
with errorcode 1.

NOTE: invoking MPI_ABORT causes Open MPI to kill all MPI processes.
You may or may not see output from other processes, depending on
exactly when Open MPI kills them.
--------------------------------------------------------------------------
--------------------------------------------------------------------------
MPI_ABORT was invoked on rank 1079 in communicator MPI COMMUNICATOR 3 DUP FROM 0
with errorcode 1.

NOTE: invoking MPI_ABORT causes Open MPI to kill all MPI processes.
You may or may not see output from other processes, depending on
exactly when Open MPI kills them.
--------------------------------------------------------------------------
--------------------------------------------------------------------------
MPI_ABORT was invoked on rank 967 in communicator MPI COMMUNICATOR 3 DUP FROM 0
with errorcode 1.

NOTE: invoking MPI_ABORT causes Open MPI to kill all MPI processes.
You may or may not see output from other processes, depending on
exactly when Open MPI kills them.
--------------------------------------------------------------------------
--------------------------------------------------------------------------
MPI_ABORT was invoked on rank 239 in communicator MPI COMMUNICATOR 3 DUP FROM 0
with errorcode 1.

NOTE: invoking MPI_ABORT causes Open MPI to kill all MPI processes.
You may or may not see output from other processes, depending on
exactly when Open MPI kills them.
--------------------------------------------------------------------------
--------------------------------------------------------------------------
MPI_ABORT was invoked on rank 996 in communicator MPI COMMUNICATOR 3 DUP FROM 0
with errorcode 1.

NOTE: invoking MPI_ABORT causes Open MPI to kill all MPI processes.
You may or may not see output from other processes, depending on
exactly when Open MPI kills them.
--------------------------------------------------------------------------
--------------------------------------------------------------------------
MPI_ABORT was invoked on rank 238 in communicator MPI COMMUNICATOR 3 DUP FROM 0
with errorcode 1.

NOTE: invoking MPI_ABORT causes Open MPI to kill all MPI processes.
You may or may not see output from other processes, depending on
exactly when Open MPI kills them.
--------------------------------------------------------------------------
--------------------------------------------------------------------------
MPI_ABORT was invoked on rank 1075 in communicator MPI COMMUNICATOR 3 DUP FROM 0
with errorcode 1.

NOTE: invoking MPI_ABORT causes Open MPI to kill all MPI processes.
You may or may not see output from other processes, depending on
exactly when Open MPI kills them.
--------------------------------------------------------------------------
--------------------------------------------------------------------------
MPI_ABORT was invoked on rank 978 in communicator MPI COMMUNICATOR 3 DUP FROM 0
with errorcode 1.

NOTE: invoking MPI_ABORT causes Open MPI to kill all MPI processes.
You may or may not see output from other processes, depending on
exactly when Open MPI kills them.
--------------------------------------------------------------------------
--------------------------------------------------------------------------
MPI_ABORT was invoked on rank 206 in communicator MPI COMMUNICATOR 3 DUP FROM 0
with errorcode 1.

NOTE: invoking MPI_ABORT causes Open MPI to kill all MPI processes.
You may or may not see output from other processes, depending on
exactly when Open MPI kills them.
--------------------------------------------------------------------------
--------------------------------------------------------------------------
MPI_ABORT was invoked on rank 908 in communicator MPI COMMUNICATOR 3 DUP FROM 0
with errorcode 1.

NOTE: invoking MPI_ABORT causes Open MPI to kill all MPI processes.
You may or may not see output from other processes, depending on
exactly when Open MPI kills them.
--------------------------------------------------------------------------
--------------------------------------------------------------------------
MPI_ABORT was invoked on rank 1087 in communicator MPI COMMUNICATOR 3 DUP FROM 0
with errorcode 1.

NOTE: invoking MPI_ABORT causes Open MPI to kill all MPI processes.
You may or may not see output from other processes, depending on
exactly when Open MPI kills them.
--------------------------------------------------------------------------
--------------------------------------------------------------------------
MPI_ABORT was invoked on rank 611 in communicator MPI COMMUNICATOR 3 DUP FROM 0
with errorcode 1.

NOTE: invoking MPI_ABORT causes Open MPI to kill all MPI processes.
You may or may not see output from other processes, depending on
exactly when Open MPI kills them.
--------------------------------------------------------------------------
--------------------------------------------------------------------------
MPI_ABORT was invoked on rank 275 in communicator MPI COMMUNICATOR 3 DUP FROM 0
with errorcode 1.

NOTE: invoking MPI_ABORT causes Open MPI to kill all MPI processes.
You may or may not see output from other processes, depending on
exactly when Open MPI kills them.
--------------------------------------------------------------------------
--------------------------------------------------------------------------
MPI_ABORT was invoked on rank 892 in communicator MPI COMMUNICATOR 3 DUP FROM 0
with errorcode 1.

NOTE: invoking MPI_ABORT causes Open MPI to kill all MPI processes.
You may or may not see output from other processes, depending on
exactly when Open MPI kills them.
--------------------------------------------------------------------------
--------------------------------------------------------------------------
MPI_ABORT was invoked on rank 925 in communicator MPI COMMUNICATOR 3 DUP FROM 0
with errorcode 1.

NOTE: invoking MPI_ABORT causes Open MPI to kill all MPI processes.
You may or may not see output from other processes, depending on
exactly when Open MPI kills them.
--------------------------------------------------------------------------
--------------------------------------------------------------------------
MPI_ABORT was invoked on rank 267 in communicator MPI COMMUNICATOR 3 DUP FROM 0
with errorcode 1.

NOTE: invoking MPI_ABORT causes Open MPI to kill all MPI processes.
You may or may not see output from other processes, depending on
exactly when Open MPI kills them.
--------------------------------------------------------------------------
--------------------------------------------------------------------------
MPI_ABORT was invoked on rank 1020 in communicator MPI COMMUNICATOR 3 DUP FROM 0
with errorcode 1.

NOTE: invoking MPI_ABORT causes Open MPI to kill all MPI processes.
You may or may not see output from other processes, depending on
exactly when Open MPI kills them.
--------------------------------------------------------------------------
--------------------------------------------------------------------------
MPI_ABORT was invoked on rank 948 in communicator MPI COMMUNICATOR 3 DUP FROM 0
with errorcode 1.

NOTE: invoking MPI_ABORT causes Open MPI to kill all MPI processes.
You may or may not see output from other processes, depending on
exactly when Open MPI kills them.
--------------------------------------------------------------------------
--------------------------------------------------------------------------
MPI_ABORT was invoked on rank 288 in communicator MPI COMMUNICATOR 3 DUP FROM 0
with errorcode 1.

NOTE: invoking MPI_ABORT causes Open MPI to kill all MPI processes.
You may or may not see output from other processes, depending on
exactly when Open MPI kills them.
--------------------------------------------------------------------------
--------------------------------------------------------------------------
MPI_ABORT was invoked on rank 1025 in communicator MPI COMMUNICATOR 3 DUP FROM 0
with errorcode 1.

NOTE: invoking MPI_ABORT causes Open MPI to kill all MPI processes.
You may or may not see output from other processes, depending on
exactly when Open MPI kills them.
--------------------------------------------------------------------------
--------------------------------------------------------------------------
MPI_ABORT was invoked on rank 987 in communicator MPI COMMUNICATOR 3 DUP FROM 0
with errorcode 1.

NOTE: invoking MPI_ABORT causes Open MPI to kill all MPI processes.
You may or may not see output from other processes, depending on
exactly when Open MPI kills them.
--------------------------------------------------------------------------
--------------------------------------------------------------------------
MPI_ABORT was invoked on rank 658 in communicator MPI COMMUNICATOR 3 DUP FROM 0
with errorcode 1.

NOTE: invoking MPI_ABORT causes Open MPI to kill all MPI processes.
You may or may not see output from other processes, depending on
exactly when Open MPI kills them.
--------------------------------------------------------------------------
--------------------------------------------------------------------------
MPI_ABORT was invoked on rank 871 in communicator MPI COMMUNICATOR 3 DUP FROM 0
with errorcode 1.

NOTE: invoking MPI_ABORT causes Open MPI to kill all MPI processes.
You may or may not see output from other processes, depending on
exactly when Open MPI kills them.
--------------------------------------------------------------------------
--------------------------------------------------------------------------
MPI_ABORT was invoked on rank 975 in communicator MPI COMMUNICATOR 3 DUP FROM 0
with errorcode 1.

NOTE: invoking MPI_ABORT causes Open MPI to kill all MPI processes.
You may or may not see output from other processes, depending on
exactly when Open MPI kills them.
--------------------------------------------------------------------------
--------------------------------------------------------------------------
MPI_ABORT was invoked on rank 224 in communicator MPI COMMUNICATOR 3 DUP FROM 0
with errorcode 1.

NOTE: invoking MPI_ABORT causes Open MPI to kill all MPI processes.
You may or may not see output from other processes, depending on
exactly when Open MPI kills them.
--------------------------------------------------------------------------
--------------------------------------------------------------------------
MPI_ABORT was invoked on rank 1094 in communicator MPI COMMUNICATOR 3 DUP FROM 0
with errorcode 1.

NOTE: invoking MPI_ABORT causes Open MPI to kill all MPI processes.
You may or may not see output from other processes, depending on
exactly when Open MPI kills them.
--------------------------------------------------------------------------
--------------------------------------------------------------------------
MPI_ABORT was invoked on rank 900 in communicator MPI COMMUNICATOR 3 DUP FROM 0
with errorcode 1.

NOTE: invoking MPI_ABORT causes Open MPI to kill all MPI processes.
You may or may not see output from other processes, depending on
exactly when Open MPI kills them.
--------------------------------------------------------------------------
--------------------------------------------------------------------------
MPI_ABORT was invoked on rank 627 in communicator MPI COMMUNICATOR 3 DUP FROM 0
with errorcode 1.

NOTE: invoking MPI_ABORT causes Open MPI to kill all MPI processes.
You may or may not see output from other processes, depending on
exactly when Open MPI kills them.
--------------------------------------------------------------------------
--------------------------------------------------------------------------
MPI_ABORT was invoked on rank 271 in communicator MPI COMMUNICATOR 3 DUP FROM 0
with errorcode 1.

NOTE: invoking MPI_ABORT causes Open MPI to kill all MPI processes.
You may or may not see output from other processes, depending on
exactly when Open MPI kills them.
--------------------------------------------------------------------------
--------------------------------------------------------------------------
MPI_ABORT was invoked on rank 1061 in communicator MPI COMMUNICATOR 3 DUP FROM 0
with errorcode 1.

NOTE: invoking MPI_ABORT causes Open MPI to kill all MPI processes.
You may or may not see output from other processes, depending on
exactly when Open MPI kills them.
--------------------------------------------------------------------------
--------------------------------------------------------------------------
MPI_ABORT was invoked on rank 878 in communicator MPI COMMUNICATOR 3 DUP FROM 0
with errorcode 1.

NOTE: invoking MPI_ABORT causes Open MPI to kill all MPI processes.
You may or may not see output from other processes, depending on
exactly when Open MPI kills them.
--------------------------------------------------------------------------
--------------------------------------------------------------------------
MPI_ABORT was invoked on rank 959 in communicator MPI COMMUNICATOR 3 DUP FROM 0
with errorcode 1.

NOTE: invoking MPI_ABORT causes Open MPI to kill all MPI processes.
You may or may not see output from other processes, depending on
exactly when Open MPI kills them.
--------------------------------------------------------------------------
--------------------------------------------------------------------------
MPI_ABORT was invoked on rank 209 in communicator MPI COMMUNICATOR 3 DUP FROM 0
with errorcode 1.

NOTE: invoking MPI_ABORT causes Open MPI to kill all MPI processes.
You may or may not see output from other processes, depending on
exactly when Open MPI kills them.
--------------------------------------------------------------------------
--------------------------------------------------------------------------
MPI_ABORT was invoked on rank 943 in communicator MPI COMMUNICATOR 3 DUP FROM 0
with errorcode 1.

NOTE: invoking MPI_ABORT causes Open MPI to kill all MPI processes.
You may or may not see output from other processes, depending on
exactly when Open MPI kills them.
--------------------------------------------------------------------------
--------------------------------------------------------------------------
MPI_ABORT was invoked on rank 804 in communicator MPI COMMUNICATOR 3 DUP FROM 0
with errorcode 1.

NOTE: invoking MPI_ABORT causes Open MPI to kill all MPI processes.
You may or may not see output from other processes, depending on
exactly when Open MPI kills them.
--------------------------------------------------------------------------
--------------------------------------------------------------------------
MPI_ABORT was invoked on rank 964 in communicator MPI COMMUNICATOR 3 DUP FROM 0
with errorcode 1.

NOTE: invoking MPI_ABORT causes Open MPI to kill all MPI processes.
You may or may not see output from other processes, depending on
exactly when Open MPI kills them.
--------------------------------------------------------------------------
--------------------------------------------------------------------------
MPI_ABORT was invoked on rank 965 in communicator MPI COMMUNICATOR 3 DUP FROM 0
with errorcode 1.

NOTE: invoking MPI_ABORT causes Open MPI to kill all MPI processes.
You may or may not see output from other processes, depending on
exactly when Open MPI kills them.
--------------------------------------------------------------------------
--------------------------------------------------------------------------
MPI_ABORT was invoked on rank 620 in communicator MPI COMMUNICATOR 3 DUP FROM 0
with errorcode 1.

NOTE: invoking MPI_ABORT causes Open MPI to kill all MPI processes.
You may or may not see output from other processes, depending on
exactly when Open MPI kills them.
--------------------------------------------------------------------------
--------------------------------------------------------------------------
MPI_ABORT was invoked on rank 994 in communicator MPI COMMUNICATOR 3 DUP FROM 0
with errorcode 1.

NOTE: invoking MPI_ABORT causes Open MPI to kill all MPI processes.
You may or may not see output from other processes, depending on
exactly when Open MPI kills them.
--------------------------------------------------------------------------
--------------------------------------------------------------------------
MPI_ABORT was invoked on rank 1118 in communicator MPI COMMUNICATOR 3 DUP FROM 0
with errorcode 1.

NOTE: invoking MPI_ABORT causes Open MPI to kill all MPI processes.
You may or may not see output from other processes, depending on
exactly when Open MPI kills them.
--------------------------------------------------------------------------
--------------------------------------------------------------------------
MPI_ABORT was invoked on rank 343 in communicator MPI COMMUNICATOR 3 DUP FROM 0
with errorcode 1.

NOTE: invoking MPI_ABORT causes Open MPI to kill all MPI processes.
You may or may not see output from other processes, depending on
exactly when Open MPI kills them.
--------------------------------------------------------------------------
--------------------------------------------------------------------------
MPI_ABORT was invoked on rank 929 in communicator MPI COMMUNICATOR 3 DUP FROM 0
with errorcode 1.

NOTE: invoking MPI_ABORT causes Open MPI to kill all MPI processes.
You may or may not see output from other processes, depending on
exactly when Open MPI kills them.
--------------------------------------------------------------------------
--------------------------------------------------------------------------
MPI_ABORT was invoked on rank 643 in communicator MPI COMMUNICATOR 3 DUP FROM 0
with errorcode 1.

NOTE: invoking MPI_ABORT causes Open MPI to kill all MPI processes.
You may or may not see output from other processes, depending on
exactly when Open MPI kills them.
--------------------------------------------------------------------------
--------------------------------------------------------------------------
MPI_ABORT was invoked on rank 1121 in communicator MPI COMMUNICATOR 3 DUP FROM 0
with errorcode 1.

NOTE: invoking MPI_ABORT causes Open MPI to kill all MPI processes.
You may or may not see output from other processes, depending on
exactly when Open MPI kills them.
--------------------------------------------------------------------------
--------------------------------------------------------------------------
MPI_ABORT was invoked on rank 895 in communicator MPI COMMUNICATOR 3 DUP FROM 0
with errorcode 1.

NOTE: invoking MPI_ABORT causes Open MPI to kill all MPI processes.
You may or may not see output from other processes, depending on
exactly when Open MPI kills them.
--------------------------------------------------------------------------
--------------------------------------------------------------------------
MPI_ABORT was invoked on rank 962 in communicator MPI COMMUNICATOR 3 DUP FROM 0
with errorcode 1.

NOTE: invoking MPI_ABORT causes Open MPI to kill all MPI processes.
You may or may not see output from other processes, depending on
exactly when Open MPI kills them.
--------------------------------------------------------------------------
--------------------------------------------------------------------------
MPI_ABORT was invoked on rank 1175 in communicator MPI COMMUNICATOR 3 DUP FROM 0
with errorcode 1.

NOTE: invoking MPI_ABORT causes Open MPI to kill all MPI processes.
You may or may not see output from other processes, depending on
exactly when Open MPI kills them.
--------------------------------------------------------------------------
--------------------------------------------------------------------------
MPI_ABORT was invoked on rank 976 in communicator MPI COMMUNICATOR 3 DUP FROM 0
with errorcode 1.

NOTE: invoking MPI_ABORT causes Open MPI to kill all MPI processes.
You may or may not see output from other processes, depending on
exactly when Open MPI kills them.
--------------------------------------------------------------------------
--------------------------------------------------------------------------
MPI_ABORT was invoked on rank 612 in communicator MPI COMMUNICATOR 3 DUP FROM 0
with errorcode 1.

NOTE: invoking MPI_ABORT causes Open MPI to kill all MPI processes.
You may or may not see output from other processes, depending on
exactly when Open MPI kills them.
--------------------------------------------------------------------------
--------------------------------------------------------------------------
MPI_ABORT was invoked on rank 1108 in communicator MPI COMMUNICATOR 3 DUP FROM 0
with errorcode 1.

NOTE: invoking MPI_ABORT causes Open MPI to kill all MPI processes.
You may or may not see output from other processes, depending on
exactly when Open MPI kills them.
--------------------------------------------------------------------------
--------------------------------------------------------------------------
MPI_ABORT was invoked on rank 806 in communicator MPI COMMUNICATOR 3 DUP FROM 0
with errorcode 1.

NOTE: invoking MPI_ABORT causes Open MPI to kill all MPI processes.
You may or may not see output from other processes, depending on
exactly when Open MPI kills them.
--------------------------------------------------------------------------
--------------------------------------------------------------------------
MPI_ABORT was invoked on rank 942 in communicator MPI COMMUNICATOR 3 DUP FROM 0
with errorcode 1.

NOTE: invoking MPI_ABORT causes Open MPI to kill all MPI processes.
You may or may not see output from other processes, depending on
exactly when Open MPI kills them.
--------------------------------------------------------------------------
--------------------------------------------------------------------------
MPI_ABORT was invoked on rank 1102 in communicator MPI COMMUNICATOR 3 DUP FROM 0
with errorcode 1.

NOTE: invoking MPI_ABORT causes Open MPI to kill all MPI processes.
You may or may not see output from other processes, depending on
exactly when Open MPI kills them.
--------------------------------------------------------------------------
--------------------------------------------------------------------------
MPI_ABORT was invoked on rank 1160 in communicator MPI COMMUNICATOR 3 DUP FROM 0
with errorcode 1.

NOTE: invoking MPI_ABORT causes Open MPI to kill all MPI processes.
You may or may not see output from other processes, depending on
exactly when Open MPI kills them.
--------------------------------------------------------------------------
--------------------------------------------------------------------------
MPI_ABORT was invoked on rank 811 in communicator MPI COMMUNICATOR 3 DUP FROM 0
with errorcode 1.

NOTE: invoking MPI_ABORT causes Open MPI to kill all MPI processes.
You may or may not see output from other processes, depending on
exactly when Open MPI kills them.
--------------------------------------------------------------------------
--------------------------------------------------------------------------
MPI_ABORT was invoked on rank 1197 in communicator MPI COMMUNICATOR 3 DUP FROM 0
with errorcode 1.

NOTE: invoking MPI_ABORT causes Open MPI to kill all MPI processes.
You may or may not see output from other processes, depending on
exactly when Open MPI kills them.
--------------------------------------------------------------------------
--------------------------------------------------------------------------
MPI_ABORT was invoked on rank 1136 in communicator MPI COMMUNICATOR 3 DUP FROM 0
with errorcode 1.

NOTE: invoking MPI_ABORT causes Open MPI to kill all MPI processes.
You may or may not see output from other processes, depending on
exactly when Open MPI kills them.
--------------------------------------------------------------------------
--------------------------------------------------------------------------
MPI_ABORT was invoked on rank 810 in communicator MPI COMMUNICATOR 3 DUP FROM 0
with errorcode 1.

NOTE: invoking MPI_ABORT causes Open MPI to kill all MPI processes.
You may or may not see output from other processes, depending on
exactly when Open MPI kills them.
--------------------------------------------------------------------------
--------------------------------------------------------------------------
MPI_ABORT was invoked on rank 508 in communicator MPI COMMUNICATOR 3 DUP FROM 0
with errorcode 1.

NOTE: invoking MPI_ABORT causes Open MPI to kill all MPI processes.
You may or may not see output from other processes, depending on
exactly when Open MPI kills them.
--------------------------------------------------------------------------
--------------------------------------------------------------------------
MPI_ABORT was invoked on rank 1104 in communicator MPI COMMUNICATOR 3 DUP FROM 0
with errorcode 1.

NOTE: invoking MPI_ABORT causes Open MPI to kill all MPI processes.
You may or may not see output from other processes, depending on
exactly when Open MPI kills them.
--------------------------------------------------------------------------
--------------------------------------------------------------------------
MPI_ABORT was invoked on rank 593 in communicator MPI COMMUNICATOR 3 DUP FROM 0
with errorcode 1.

NOTE: invoking MPI_ABORT causes Open MPI to kill all MPI processes.
You may or may not see output from other processes, depending on
exactly when Open MPI kills them.
--------------------------------------------------------------------------
--------------------------------------------------------------------------
MPI_ABORT was invoked on rank 1125 in communicator MPI COMMUNICATOR 3 DUP FROM 0
with errorcode 1.

NOTE: invoking MPI_ABORT causes Open MPI to kill all MPI processes.
You may or may not see output from other processes, depending on
exactly when Open MPI kills them.
--------------------------------------------------------------------------
--------------------------------------------------------------------------
MPI_ABORT was invoked on rank 598 in communicator MPI COMMUNICATOR 3 DUP FROM 0
with errorcode 1.

NOTE: invoking MPI_ABORT causes Open MPI to kill all MPI processes.
You may or may not see output from other processes, depending on
exactly when Open MPI kills them.
--------------------------------------------------------------------------
--------------------------------------------------------------------------
MPI_ABORT was invoked on rank 695 in communicator MPI COMMUNICATOR 3 DUP FROM 0
with errorcode 1.

NOTE: invoking MPI_ABORT causes Open MPI to kill all MPI processes.
You may or may not see output from other processes, depending on
exactly when Open MPI kills them.
--------------------------------------------------------------------------
--------------------------------------------------------------------------
MPI_ABORT was invoked on rank 562 in communicator MPI COMMUNICATOR 3 DUP FROM 0
with errorcode 1.

NOTE: invoking MPI_ABORT causes Open MPI to kill all MPI processes.
You may or may not see output from other processes, depending on
exactly when Open MPI kills them.
--------------------------------------------------------------------------
--------------------------------------------------------------------------
MPI_ABORT was invoked on rank 1194 in communicator MPI COMMUNICATOR 3 DUP FROM 0
with errorcode 1.

NOTE: invoking MPI_ABORT causes Open MPI to kill all MPI processes.
You may or may not see output from other processes, depending on
exactly when Open MPI kills them.
--------------------------------------------------------------------------
--------------------------------------------------------------------------
MPI_ABORT was invoked on rank 509 in communicator MPI COMMUNICATOR 3 DUP FROM 0
with errorcode 1.

NOTE: invoking MPI_ABORT causes Open MPI to kill all MPI processes.
You may or may not see output from other processes, depending on
exactly when Open MPI kills them.
--------------------------------------------------------------------------
--------------------------------------------------------------------------
MPI_ABORT was invoked on rank 1157 in communicator MPI COMMUNICATOR 3 DUP FROM 0
with errorcode 1.

NOTE: invoking MPI_ABORT causes Open MPI to kill all MPI processes.
You may or may not see output from other processes, depending on
exactly when Open MPI kills them.
--------------------------------------------------------------------------
--------------------------------------------------------------------------
MPI_ABORT was invoked on rank 637 in communicator MPI COMMUNICATOR 3 DUP FROM 0
with errorcode 1.

NOTE: invoking MPI_ABORT causes Open MPI to kill all MPI processes.
You may or may not see output from other processes, depending on
exactly when Open MPI kills them.
--------------------------------------------------------------------------
--------------------------------------------------------------------------
MPI_ABORT was invoked on rank 569 in communicator MPI COMMUNICATOR 3 DUP FROM 0
with errorcode 1.

NOTE: invoking MPI_ABORT causes Open MPI to kill all MPI processes.
You may or may not see output from other processes, depending on
exactly when Open MPI kills them.
--------------------------------------------------------------------------
--------------------------------------------------------------------------
MPI_ABORT was invoked on rank 1111 in communicator MPI COMMUNICATOR 3 DUP FROM 0
with errorcode 1.

NOTE: invoking MPI_ABORT causes Open MPI to kill all MPI processes.
You may or may not see output from other processes, depending on
exactly when Open MPI kills them.
--------------------------------------------------------------------------
--------------------------------------------------------------------------
MPI_ABORT was invoked on rank 570 in communicator MPI COMMUNICATOR 3 DUP FROM 0
with errorcode 1.

NOTE: invoking MPI_ABORT causes Open MPI to kill all MPI processes.
You may or may not see output from other processes, depending on
exactly when Open MPI kills them.
--------------------------------------------------------------------------
--------------------------------------------------------------------------
MPI_ABORT was invoked on rank 1128 in communicator MPI COMMUNICATOR 3 DUP FROM 0
with errorcode 1.

NOTE: invoking MPI_ABORT causes Open MPI to kill all MPI processes.
You may or may not see output from other processes, depending on
exactly when Open MPI kills them.
--------------------------------------------------------------------------
--------------------------------------------------------------------------
MPI_ABORT was invoked on rank 333 in communicator MPI COMMUNICATOR 3 DUP FROM 0
with errorcode 1.

NOTE: invoking MPI_ABORT causes Open MPI to kill all MPI processes.
You may or may not see output from other processes, depending on
exactly when Open MPI kills them.
--------------------------------------------------------------------------
--------------------------------------------------------------------------
MPI_ABORT was invoked on rank 666 in communicator MPI COMMUNICATOR 3 DUP FROM 0
with errorcode 1.

NOTE: invoking MPI_ABORT causes Open MPI to kill all MPI processes.
You may or may not see output from other processes, depending on
exactly when Open MPI kills them.
--------------------------------------------------------------------------
--------------------------------------------------------------------------
MPI_ABORT was invoked on rank 580 in communicator MPI COMMUNICATOR 3 DUP FROM 0
with errorcode 1.

NOTE: invoking MPI_ABORT causes Open MPI to kill all MPI processes.
You may or may not see output from other processes, depending on
exactly when Open MPI kills them.
--------------------------------------------------------------------------
--------------------------------------------------------------------------
MPI_ABORT was invoked on rank 1139 in communicator MPI COMMUNICATOR 3 DUP FROM 0
with errorcode 1.

NOTE: invoking MPI_ABORT causes Open MPI to kill all MPI processes.
You may or may not see output from other processes, depending on
exactly when Open MPI kills them.
--------------------------------------------------------------------------
--------------------------------------------------------------------------
MPI_ABORT was invoked on rank 548 in communicator MPI COMMUNICATOR 3 DUP FROM 0
with errorcode 1.

NOTE: invoking MPI_ABORT causes Open MPI to kill all MPI processes.
You may or may not see output from other processes, depending on
exactly when Open MPI kills them.
--------------------------------------------------------------------------
--------------------------------------------------------------------------
MPI_ABORT was invoked on rank 1159 in communicator MPI COMMUNICATOR 3 DUP FROM 0
with errorcode 1.

NOTE: invoking MPI_ABORT causes Open MPI to kill all MPI processes.
You may or may not see output from other processes, depending on
exactly when Open MPI kills them.
--------------------------------------------------------------------------
--------------------------------------------------------------------------
MPI_ABORT was invoked on rank 328 in communicator MPI COMMUNICATOR 3 DUP FROM 0
with errorcode 1.

NOTE: invoking MPI_ABORT causes Open MPI to kill all MPI processes.
You may or may not see output from other processes, depending on
exactly when Open MPI kills them.
--------------------------------------------------------------------------
--------------------------------------------------------------------------
MPI_ABORT was invoked on rank 832 in communicator MPI COMMUNICATOR 3 DUP FROM 0
with errorcode 1.

NOTE: invoking MPI_ABORT causes Open MPI to kill all MPI processes.
You may or may not see output from other processes, depending on
exactly when Open MPI kills them.
--------------------------------------------------------------------------
--------------------------------------------------------------------------
MPI_ABORT was invoked on rank 579 in communicator MPI COMMUNICATOR 3 DUP FROM 0
with errorcode 1.

NOTE: invoking MPI_ABORT causes Open MPI to kill all MPI processes.
You may or may not see output from other processes, depending on
exactly when Open MPI kills them.
--------------------------------------------------------------------------
--------------------------------------------------------------------------
MPI_ABORT was invoked on rank 1164 in communicator MPI COMMUNICATOR 3 DUP FROM 0
with errorcode 1.

NOTE: invoking MPI_ABORT causes Open MPI to kill all MPI processes.
You may or may not see output from other processes, depending on
exactly when Open MPI kills them.
--------------------------------------------------------------------------
--------------------------------------------------------------------------
MPI_ABORT was invoked on rank 397 in communicator MPI COMMUNICATOR 3 DUP FROM 0
with errorcode 1.

NOTE: invoking MPI_ABORT causes Open MPI to kill all MPI processes.
You may or may not see output from other processes, depending on
exactly when Open MPI kills them.
--------------------------------------------------------------------------
--------------------------------------------------------------------------
MPI_ABORT was invoked on rank 858 in communicator MPI COMMUNICATOR 3 DUP FROM 0
with errorcode 1.

NOTE: invoking MPI_ABORT causes Open MPI to kill all MPI processes.
You may or may not see output from other processes, depending on
exactly when Open MPI kills them.
--------------------------------------------------------------------------
--------------------------------------------------------------------------
MPI_ABORT was invoked on rank 519 in communicator MPI COMMUNICATOR 3 DUP FROM 0
with errorcode 1.

NOTE: invoking MPI_ABORT causes Open MPI to kill all MPI processes.
You may or may not see output from other processes, depending on
exactly when Open MPI kills them.
--------------------------------------------------------------------------
--------------------------------------------------------------------------
MPI_ABORT was invoked on rank 1193 in communicator MPI COMMUNICATOR 3 DUP FROM 0
with errorcode 1.

NOTE: invoking MPI_ABORT causes Open MPI to kill all MPI processes.
You may or may not see output from other processes, depending on
exactly when Open MPI kills them.
--------------------------------------------------------------------------
--------------------------------------------------------------------------
MPI_ABORT was invoked on rank 660 in communicator MPI COMMUNICATOR 3 DUP FROM 0
with errorcode 1.

NOTE: invoking MPI_ABORT causes Open MPI to kill all MPI processes.
You may or may not see output from other processes, depending on
exactly when Open MPI kills them.
--------------------------------------------------------------------------
--------------------------------------------------------------------------
MPI_ABORT was invoked on rank 500 in communicator MPI COMMUNICATOR 3 DUP FROM 0
with errorcode 1.

NOTE: invoking MPI_ABORT causes Open MPI to kill all MPI processes.
You may or may not see output from other processes, depending on
exactly when Open MPI kills them.
--------------------------------------------------------------------------
--------------------------------------------------------------------------
MPI_ABORT was invoked on rank 270 in communicator MPI COMMUNICATOR 3 DUP FROM 0
with errorcode 1.

NOTE: invoking MPI_ABORT causes Open MPI to kill all MPI processes.
You may or may not see output from other processes, depending on
exactly when Open MPI kills them.
--------------------------------------------------------------------------
--------------------------------------------------------------------------
MPI_ABORT was invoked on rank 1138 in communicator MPI COMMUNICATOR 3 DUP FROM 0
with errorcode 1.

NOTE: invoking MPI_ABORT causes Open MPI to kill all MPI processes.
You may or may not see output from other processes, depending on
exactly when Open MPI kills them.
--------------------------------------------------------------------------
--------------------------------------------------------------------------
MPI_ABORT was invoked on rank 820 in communicator MPI COMMUNICATOR 3 DUP FROM 0
with errorcode 1.

NOTE: invoking MPI_ABORT causes Open MPI to kill all MPI processes.
You may or may not see output from other processes, depending on
exactly when Open MPI kills them.
--------------------------------------------------------------------------
--------------------------------------------------------------------------
MPI_ABORT was invoked on rank 590 in communicator MPI COMMUNICATOR 3 DUP FROM 0
with errorcode 1.

NOTE: invoking MPI_ABORT causes Open MPI to kill all MPI processes.
You may or may not see output from other processes, depending on
exactly when Open MPI kills them.
--------------------------------------------------------------------------
--------------------------------------------------------------------------
MPI_ABORT was invoked on rank 241 in communicator MPI COMMUNICATOR 3 DUP FROM 0
with errorcode 1.

NOTE: invoking MPI_ABORT causes Open MPI to kill all MPI processes.
You may or may not see output from other processes, depending on
exactly when Open MPI kills them.
--------------------------------------------------------------------------
--------------------------------------------------------------------------
MPI_ABORT was invoked on rank 1158 in communicator MPI COMMUNICATOR 3 DUP FROM 0
with errorcode 1.

NOTE: invoking MPI_ABORT causes Open MPI to kill all MPI processes.
You may or may not see output from other processes, depending on
exactly when Open MPI kills them.
--------------------------------------------------------------------------
--------------------------------------------------------------------------
MPI_ABORT was invoked on rank 864 in communicator MPI COMMUNICATOR 3 DUP FROM 0
with errorcode 1.

NOTE: invoking MPI_ABORT causes Open MPI to kill all MPI processes.
You may or may not see output from other processes, depending on
exactly when Open MPI kills them.
--------------------------------------------------------------------------
--------------------------------------------------------------------------
MPI_ABORT was invoked on rank 667 in communicator MPI COMMUNICATOR 3 DUP FROM 0
with errorcode 1.

NOTE: invoking MPI_ABORT causes Open MPI to kill all MPI processes.
You may or may not see output from other processes, depending on
exactly when Open MPI kills them.
--------------------------------------------------------------------------
--------------------------------------------------------------------------
MPI_ABORT was invoked on rank 550 in communicator MPI COMMUNICATOR 3 DUP FROM 0
with errorcode 1.

NOTE: invoking MPI_ABORT causes Open MPI to kill all MPI processes.
You may or may not see output from other processes, depending on
exactly when Open MPI kills them.
--------------------------------------------------------------------------
--------------------------------------------------------------------------
MPI_ABORT was invoked on rank 260 in communicator MPI COMMUNICATOR 3 DUP FROM 0
with errorcode 1.

NOTE: invoking MPI_ABORT causes Open MPI to kill all MPI processes.
You may or may not see output from other processes, depending on
exactly when Open MPI kills them.
--------------------------------------------------------------------------
--------------------------------------------------------------------------
MPI_ABORT was invoked on rank 1188 in communicator MPI COMMUNICATOR 3 DUP FROM 0
with errorcode 1.

NOTE: invoking MPI_ABORT causes Open MPI to kill all MPI processes.
You may or may not see output from other processes, depending on
exactly when Open MPI kills them.
--------------------------------------------------------------------------
--------------------------------------------------------------------------
MPI_ABORT was invoked on rank 564 in communicator MPI COMMUNICATOR 3 DUP FROM 0
with errorcode 1.

NOTE: invoking MPI_ABORT causes Open MPI to kill all MPI processes.
You may or may not see output from other processes, depending on
exactly when Open MPI kills them.
--------------------------------------------------------------------------
--------------------------------------------------------------------------
MPI_ABORT was invoked on rank 299 in communicator MPI COMMUNICATOR 3 DUP FROM 0
with errorcode 1.

NOTE: invoking MPI_ABORT causes Open MPI to kill all MPI processes.
You may or may not see output from other processes, depending on
exactly when Open MPI kills them.
--------------------------------------------------------------------------
--------------------------------------------------------------------------
MPI_ABORT was invoked on rank 1151 in communicator MPI COMMUNICATOR 3 DUP FROM 0
with errorcode 1.

NOTE: invoking MPI_ABORT causes Open MPI to kill all MPI processes.
You may or may not see output from other processes, depending on
exactly when Open MPI kills them.
--------------------------------------------------------------------------
--------------------------------------------------------------------------
MPI_ABORT was invoked on rank 856 in communicator MPI COMMUNICATOR 3 DUP FROM 0
with errorcode 1.

NOTE: invoking MPI_ABORT causes Open MPI to kill all MPI processes.
You may or may not see output from other processes, depending on
exactly when Open MPI kills them.
--------------------------------------------------------------------------
--------------------------------------------------------------------------
MPI_ABORT was invoked on rank 670 in communicator MPI COMMUNICATOR 3 DUP FROM 0
with errorcode 1.

NOTE: invoking MPI_ABORT causes Open MPI to kill all MPI processes.
You may or may not see output from other processes, depending on
exactly when Open MPI kills them.
--------------------------------------------------------------------------
--------------------------------------------------------------------------
MPI_ABORT was invoked on rank 523 in communicator MPI COMMUNICATOR 3 DUP FROM 0
with errorcode 1.

NOTE: invoking MPI_ABORT causes Open MPI to kill all MPI processes.
You may or may not see output from other processes, depending on
exactly when Open MPI kills them.
--------------------------------------------------------------------------
--------------------------------------------------------------------------
MPI_ABORT was invoked on rank 246 in communicator MPI COMMUNICATOR 3 DUP FROM 0
with errorcode 1.

NOTE: invoking MPI_ABORT causes Open MPI to kill all MPI processes.
You may or may not see output from other processes, depending on
exactly when Open MPI kills them.
--------------------------------------------------------------------------
--------------------------------------------------------------------------
MPI_ABORT was invoked on rank 1154 in communicator MPI COMMUNICATOR 3 DUP FROM 0
with errorcode 1.

NOTE: invoking MPI_ABORT causes Open MPI to kill all MPI processes.
You may or may not see output from other processes, depending on
exactly when Open MPI kills them.
--------------------------------------------------------------------------
--------------------------------------------------------------------------
MPI_ABORT was invoked on rank 583 in communicator MPI COMMUNICATOR 3 DUP FROM 0
with errorcode 1.

NOTE: invoking MPI_ABORT causes Open MPI to kill all MPI processes.
You may or may not see output from other processes, depending on
exactly when Open MPI kills them.
--------------------------------------------------------------------------
--------------------------------------------------------------------------
MPI_ABORT was invoked on rank 255 in communicator MPI COMMUNICATOR 3 DUP FROM 0
with errorcode 1.

NOTE: invoking MPI_ABORT causes Open MPI to kill all MPI processes.
You may or may not see output from other processes, depending on
exactly when Open MPI kills them.
--------------------------------------------------------------------------
--------------------------------------------------------------------------
MPI_ABORT was invoked on rank 1199 in communicator MPI COMMUNICATOR 3 DUP FROM 0
with errorcode 1.

NOTE: invoking MPI_ABORT causes Open MPI to kill all MPI processes.
You may or may not see output from other processes, depending on
exactly when Open MPI kills them.
--------------------------------------------------------------------------
--------------------------------------------------------------------------
MPI_ABORT was invoked on rank 668 in communicator MPI COMMUNICATOR 3 DUP FROM 0
with errorcode 1.

NOTE: invoking MPI_ABORT causes Open MPI to kill all MPI processes.
You may or may not see output from other processes, depending on
exactly when Open MPI kills them.
--------------------------------------------------------------------------
--------------------------------------------------------------------------
MPI_ABORT was invoked on rank 240 in communicator MPI COMMUNICATOR 3 DUP FROM 0
with errorcode 1.

NOTE: invoking MPI_ABORT causes Open MPI to kill all MPI processes.
You may or may not see output from other processes, depending on
exactly when Open MPI kills them.
--------------------------------------------------------------------------
--------------------------------------------------------------------------
MPI_ABORT was invoked on rank 390 in communicator MPI COMMUNICATOR 3 DUP FROM 0
with errorcode 1.

NOTE: invoking MPI_ABORT causes Open MPI to kill all MPI processes.
You may or may not see output from other processes, depending on
exactly when Open MPI kills them.
--------------------------------------------------------------------------
--------------------------------------------------------------------------
MPI_ABORT was invoked on rank 873 in communicator MPI COMMUNICATOR 3 DUP FROM 0
with errorcode 1.

NOTE: invoking MPI_ABORT causes Open MPI to kill all MPI processes.
You may or may not see output from other processes, depending on
exactly when Open MPI kills them.
--------------------------------------------------------------------------
--------------------------------------------------------------------------
MPI_ABORT was invoked on rank 244 in communicator MPI COMMUNICATOR 3 DUP FROM 0
with errorcode 1.

NOTE: invoking MPI_ABORT causes Open MPI to kill all MPI processes.
You may or may not see output from other processes, depending on
exactly when Open MPI kills them.
--------------------------------------------------------------------------
--------------------------------------------------------------------------
MPI_ABORT was invoked on rank 602 in communicator MPI COMMUNICATOR 3 DUP FROM 0
with errorcode 1.

NOTE: invoking MPI_ABORT causes Open MPI to kill all MPI processes.
You may or may not see output from other processes, depending on
exactly when Open MPI kills them.
--------------------------------------------------------------------------
--------------------------------------------------------------------------
MPI_ABORT was invoked on rank 295 in communicator MPI COMMUNICATOR 3 DUP FROM 0
with errorcode 1.

NOTE: invoking MPI_ABORT causes Open MPI to kill all MPI processes.
You may or may not see output from other processes, depending on
exactly when Open MPI kills them.
--------------------------------------------------------------------------
--------------------------------------------------------------------------
MPI_ABORT was invoked on rank 1113 in communicator MPI COMMUNICATOR 3 DUP FROM 0
with errorcode 1.

NOTE: invoking MPI_ABORT causes Open MPI to kill all MPI processes.
You may or may not see output from other processes, depending on
exactly when Open MPI kills them.
--------------------------------------------------------------------------
--------------------------------------------------------------------------
MPI_ABORT was invoked on rank 1093 in communicator MPI COMMUNICATOR 3 DUP FROM 0
with errorcode 1.

NOTE: invoking MPI_ABORT causes Open MPI to kill all MPI processes.
You may or may not see output from other processes, depending on
exactly when Open MPI kills them.
--------------------------------------------------------------------------
--------------------------------------------------------------------------
MPI_ABORT was invoked on rank 876 in communicator MPI COMMUNICATOR 3 DUP FROM 0
with errorcode 1.

NOTE: invoking MPI_ABORT causes Open MPI to kill all MPI processes.
You may or may not see output from other processes, depending on
exactly when Open MPI kills them.
--------------------------------------------------------------------------
--------------------------------------------------------------------------
MPI_ABORT was invoked on rank 524 in communicator MPI COMMUNICATOR 3 DUP FROM 0
with errorcode 1.

NOTE: invoking MPI_ABORT causes Open MPI to kill all MPI processes.
You may or may not see output from other processes, depending on
exactly when Open MPI kills them.
--------------------------------------------------------------------------
--------------------------------------------------------------------------
MPI_ABORT was invoked on rank 264 in communicator MPI COMMUNICATOR 3 DUP FROM 0
with errorcode 1.

NOTE: invoking MPI_ABORT causes Open MPI to kill all MPI processes.
You may or may not see output from other processes, depending on
exactly when Open MPI kills them.
--------------------------------------------------------------------------
--------------------------------------------------------------------------
MPI_ABORT was invoked on rank 1127 in communicator MPI COMMUNICATOR 3 DUP FROM 0
with errorcode 1.

NOTE: invoking MPI_ABORT causes Open MPI to kill all MPI processes.
You may or may not see output from other processes, depending on
exactly when Open MPI kills them.
--------------------------------------------------------------------------
--------------------------------------------------------------------------
MPI_ABORT was invoked on rank 1019 in communicator MPI COMMUNICATOR 3 DUP FROM 0
with errorcode 1.

NOTE: invoking MPI_ABORT causes Open MPI to kill all MPI processes.
You may or may not see output from other processes, depending on
exactly when Open MPI kills them.
--------------------------------------------------------------------------
--------------------------------------------------------------------------
MPI_ABORT was invoked on rank 814 in communicator MPI COMMUNICATOR 3 DUP FROM 0
with errorcode 1.

NOTE: invoking MPI_ABORT causes Open MPI to kill all MPI processes.
You may or may not see output from other processes, depending on
exactly when Open MPI kills them.
--------------------------------------------------------------------------
--------------------------------------------------------------------------
MPI_ABORT was invoked on rank 1143 in communicator MPI COMMUNICATOR 3 DUP FROM 0
with errorcode 1.

NOTE: invoking MPI_ABORT causes Open MPI to kill all MPI processes.
You may or may not see output from other processes, depending on
exactly when Open MPI kills them.
--------------------------------------------------------------------------
--------------------------------------------------------------------------
MPI_ABORT was invoked on rank 1067 in communicator MPI COMMUNICATOR 3 DUP FROM 0
with errorcode 1.

NOTE: invoking MPI_ABORT causes Open MPI to kill all MPI processes.
You may or may not see output from other processes, depending on
exactly when Open MPI kills them.
--------------------------------------------------------------------------
--------------------------------------------------------------------------
MPI_ABORT was invoked on rank 254 in communicator MPI COMMUNICATOR 3 DUP FROM 0
with errorcode 1.

NOTE: invoking MPI_ABORT causes Open MPI to kill all MPI processes.
You may or may not see output from other processes, depending on
exactly when Open MPI kills them.
--------------------------------------------------------------------------
--------------------------------------------------------------------------
MPI_ABORT was invoked on rank 1140 in communicator MPI COMMUNICATOR 3 DUP FROM 0
with errorcode 1.

NOTE: invoking MPI_ABORT causes Open MPI to kill all MPI processes.
You may or may not see output from other processes, depending on
exactly when Open MPI kills them.
--------------------------------------------------------------------------
--------------------------------------------------------------------------
MPI_ABORT was invoked on rank 1027 in communicator MPI COMMUNICATOR 3 DUP FROM 0
with errorcode 1.

NOTE: invoking MPI_ABORT causes Open MPI to kill all MPI processes.
You may or may not see output from other processes, depending on
exactly when Open MPI kills them.
--------------------------------------------------------------------------
--------------------------------------------------------------------------
MPI_ABORT was invoked on rank 875 in communicator MPI COMMUNICATOR 3 DUP FROM 0
with errorcode 1.

NOTE: invoking MPI_ABORT causes Open MPI to kill all MPI processes.
You may or may not see output from other processes, depending on
exactly when Open MPI kills them.
--------------------------------------------------------------------------
--------------------------------------------------------------------------
MPI_ABORT was invoked on rank 918 in communicator MPI COMMUNICATOR 3 DUP FROM 0
with errorcode 1.

NOTE: invoking MPI_ABORT causes Open MPI to kill all MPI processes.
You may or may not see output from other processes, depending on
exactly when Open MPI kills them.
--------------------------------------------------------------------------
--------------------------------------------------------------------------
MPI_ABORT was invoked on rank 228 in communicator MPI COMMUNICATOR 3 DUP FROM 0
with errorcode 1.

NOTE: invoking MPI_ABORT causes Open MPI to kill all MPI processes.
You may or may not see output from other processes, depending on
exactly when Open MPI kills them.
--------------------------------------------------------------------------
--------------------------------------------------------------------------
MPI_ABORT was invoked on rank 1137 in communicator MPI COMMUNICATOR 3 DUP FROM 0
with errorcode 1.

NOTE: invoking MPI_ABORT causes Open MPI to kill all MPI processes.
You may or may not see output from other processes, depending on
exactly when Open MPI kills them.
--------------------------------------------------------------------------
--------------------------------------------------------------------------
MPI_ABORT was invoked on rank 1058 in communicator MPI COMMUNICATOR 3 DUP FROM 0
with errorcode 1.

NOTE: invoking MPI_ABORT causes Open MPI to kill all MPI processes.
You may or may not see output from other processes, depending on
exactly when Open MPI kills them.
--------------------------------------------------------------------------
--------------------------------------------------------------------------
MPI_ABORT was invoked on rank 985 in communicator MPI COMMUNICATOR 3 DUP FROM 0
with errorcode 1.

NOTE: invoking MPI_ABORT causes Open MPI to kill all MPI processes.
You may or may not see output from other processes, depending on
exactly when Open MPI kills them.
--------------------------------------------------------------------------
--------------------------------------------------------------------------
MPI_ABORT was invoked on rank 632 in communicator MPI COMMUNICATOR 3 DUP FROM 0
with errorcode 1.

NOTE: invoking MPI_ABORT causes Open MPI to kill all MPI processes.
You may or may not see output from other processes, depending on
exactly when Open MPI kills them.
--------------------------------------------------------------------------
--------------------------------------------------------------------------
MPI_ABORT was invoked on rank 540 in communicator MPI COMMUNICATOR 3 DUP FROM 0
with errorcode 1.

NOTE: invoking MPI_ABORT causes Open MPI to kill all MPI processes.
You may or may not see output from other processes, depending on
exactly when Open MPI kills them.
--------------------------------------------------------------------------
--------------------------------------------------------------------------
MPI_ABORT was invoked on rank 1192 in communicator MPI COMMUNICATOR 3 DUP FROM 0
with errorcode 1.

NOTE: invoking MPI_ABORT causes Open MPI to kill all MPI processes.
You may or may not see output from other processes, depending on
exactly when Open MPI kills them.
--------------------------------------------------------------------------
--------------------------------------------------------------------------
MPI_ABORT was invoked on rank 1070 in communicator MPI COMMUNICATOR 3 DUP FROM 0
with errorcode 1.

NOTE: invoking MPI_ABORT causes Open MPI to kill all MPI processes.
You may or may not see output from other processes, depending on
exactly when Open MPI kills them.
--------------------------------------------------------------------------
--------------------------------------------------------------------------
MPI_ABORT was invoked on rank 829 in communicator MPI COMMUNICATOR 3 DUP FROM 0
with errorcode 1.

NOTE: invoking MPI_ABORT causes Open MPI to kill all MPI processes.
You may or may not see output from other processes, depending on
exactly when Open MPI kills them.
--------------------------------------------------------------------------
--------------------------------------------------------------------------
MPI_ABORT was invoked on rank 938 in communicator MPI COMMUNICATOR 3 DUP FROM 0
with errorcode 1.

NOTE: invoking MPI_ABORT causes Open MPI to kill all MPI processes.
You may or may not see output from other processes, depending on
exactly when Open MPI kills them.
--------------------------------------------------------------------------
--------------------------------------------------------------------------
MPI_ABORT was invoked on rank 1106 in communicator MPI COMMUNICATOR 3 DUP FROM 0
with errorcode 1.

NOTE: invoking MPI_ABORT causes Open MPI to kill all MPI processes.
You may or may not see output from other processes, depending on
exactly when Open MPI kills them.
--------------------------------------------------------------------------
--------------------------------------------------------------------------
MPI_ABORT was invoked on rank 1090 in communicator MPI COMMUNICATOR 3 DUP FROM 0
with errorcode 1.

NOTE: invoking MPI_ABORT causes Open MPI to kill all MPI processes.
You may or may not see output from other processes, depending on
exactly when Open MPI kills them.
--------------------------------------------------------------------------
--------------------------------------------------------------------------
MPI_ABORT was invoked on rank 924 in communicator MPI COMMUNICATOR 3 DUP FROM 0
with errorcode 1.

NOTE: invoking MPI_ABORT causes Open MPI to kill all MPI processes.
You may or may not see output from other processes, depending on
exactly when Open MPI kills them.
--------------------------------------------------------------------------
--------------------------------------------------------------------------
MPI_ABORT was invoked on rank 685 in communicator MPI COMMUNICATOR 3 DUP FROM 0
with errorcode 1.

NOTE: invoking MPI_ABORT causes Open MPI to kill all MPI processes.
You may or may not see output from other processes, depending on
exactly when Open MPI kills them.
--------------------------------------------------------------------------
--------------------------------------------------------------------------
MPI_ABORT was invoked on rank 585 in communicator MPI COMMUNICATOR 3 DUP FROM 0
with errorcode 1.

NOTE: invoking MPI_ABORT causes Open MPI to kill all MPI processes.
You may or may not see output from other processes, depending on
exactly when Open MPI kills them.
--------------------------------------------------------------------------
--------------------------------------------------------------------------
MPI_ABORT was invoked on rank 1172 in communicator MPI COMMUNICATOR 3 DUP FROM 0
with errorcode 1.

NOTE: invoking MPI_ABORT causes Open MPI to kill all MPI processes.
You may or may not see output from other processes, depending on
exactly when Open MPI kills them.
--------------------------------------------------------------------------
--------------------------------------------------------------------------
MPI_ABORT was invoked on rank 1073 in communicator MPI COMMUNICATOR 3 DUP FROM 0
with errorcode 1.

NOTE: invoking MPI_ABORT causes Open MPI to kill all MPI processes.
You may or may not see output from other processes, depending on
exactly when Open MPI kills them.
--------------------------------------------------------------------------
--------------------------------------------------------------------------
MPI_ABORT was invoked on rank 928 in communicator MPI COMMUNICATOR 3 DUP FROM 0
with errorcode 1.

NOTE: invoking MPI_ABORT causes Open MPI to kill all MPI processes.
You may or may not see output from other processes, depending on
exactly when Open MPI kills them.
--------------------------------------------------------------------------
--------------------------------------------------------------------------
MPI_ABORT was invoked on rank 694 in communicator MPI COMMUNICATOR 3 DUP FROM 0
with errorcode 1.

NOTE: invoking MPI_ABORT causes Open MPI to kill all MPI processes.
You may or may not see output from other processes, depending on
exactly when Open MPI kills them.
--------------------------------------------------------------------------
--------------------------------------------------------------------------
MPI_ABORT was invoked on rank 510 in communicator MPI COMMUNICATOR 3 DUP FROM 0
with errorcode 1.

NOTE: invoking MPI_ABORT causes Open MPI to kill all MPI processes.
You may or may not see output from other processes, depending on
exactly when Open MPI kills them.
--------------------------------------------------------------------------
--------------------------------------------------------------------------
MPI_ABORT was invoked on rank 227 in communicator MPI COMMUNICATOR 3 DUP FROM 0
with errorcode 1.

NOTE: invoking MPI_ABORT causes Open MPI to kill all MPI processes.
You may or may not see output from other processes, depending on
exactly when Open MPI kills them.
--------------------------------------------------------------------------
--------------------------------------------------------------------------
MPI_ABORT was invoked on rank 1155 in communicator MPI COMMUNICATOR 3 DUP FROM 0
with errorcode 1.

NOTE: invoking MPI_ABORT causes Open MPI to kill all MPI processes.
You may or may not see output from other processes, depending on
exactly when Open MPI kills them.
--------------------------------------------------------------------------
--------------------------------------------------------------------------
MPI_ABORT was invoked on rank 1031 in communicator MPI COMMUNICATOR 3 DUP FROM 0
with errorcode 1.

NOTE: invoking MPI_ABORT causes Open MPI to kill all MPI processes.
You may or may not see output from other processes, depending on
exactly when Open MPI kills them.
--------------------------------------------------------------------------
--------------------------------------------------------------------------
MPI_ABORT was invoked on rank 963 in communicator MPI COMMUNICATOR 3 DUP FROM 0
with errorcode 1.

NOTE: invoking MPI_ABORT causes Open MPI to kill all MPI processes.
You may or may not see output from other processes, depending on
exactly when Open MPI kills them.
--------------------------------------------------------------------------
--------------------------------------------------------------------------
MPI_ABORT was invoked on rank 539 in communicator MPI COMMUNICATOR 3 DUP FROM 0
with errorcode 1.

NOTE: invoking MPI_ABORT causes Open MPI to kill all MPI processes.
You may or may not see output from other processes, depending on
exactly when Open MPI kills them.
--------------------------------------------------------------------------
--------------------------------------------------------------------------
MPI_ABORT was invoked on rank 1183 in communicator MPI COMMUNICATOR 3 DUP FROM 0
with errorcode 1.

NOTE: invoking MPI_ABORT causes Open MPI to kill all MPI processes.
You may or may not see output from other processes, depending on
exactly when Open MPI kills them.
--------------------------------------------------------------------------
--------------------------------------------------------------------------
MPI_ABORT was invoked on rank 1049 in communicator MPI COMMUNICATOR 3 DUP FROM 0
with errorcode 1.

NOTE: invoking MPI_ABORT causes Open MPI to kill all MPI processes.
You may or may not see output from other processes, depending on
exactly when Open MPI kills them.
--------------------------------------------------------------------------
--------------------------------------------------------------------------
MPI_ABORT was invoked on rank 927 in communicator MPI COMMUNICATOR 3 DUP FROM 0
with errorcode 1.

NOTE: invoking MPI_ABORT causes Open MPI to kill all MPI processes.
You may or may not see output from other processes, depending on
exactly when Open MPI kills them.
--------------------------------------------------------------------------
--------------------------------------------------------------------------
MPI_ABORT was invoked on rank 619 in communicator MPI COMMUNICATOR 3 DUP FROM 0
with errorcode 1.

NOTE: invoking MPI_ABORT causes Open MPI to kill all MPI processes.
You may or may not see output from other processes, depending on
exactly when Open MPI kills them.
--------------------------------------------------------------------------
--------------------------------------------------------------------------
MPI_ABORT was invoked on rank 223 in communicator MPI COMMUNICATOR 3 DUP FROM 0
with errorcode 1.

NOTE: invoking MPI_ABORT causes Open MPI to kill all MPI processes.
You may or may not see output from other processes, depending on
exactly when Open MPI kills them.
--------------------------------------------------------------------------
--------------------------------------------------------------------------
MPI_ABORT was invoked on rank 346 in communicator MPI COMMUNICATOR 3 DUP FROM 0
with errorcode 1.

NOTE: invoking MPI_ABORT causes Open MPI to kill all MPI processes.
You may or may not see output from other processes, depending on
exactly when Open MPI kills them.
--------------------------------------------------------------------------
--------------------------------------------------------------------------
MPI_ABORT was invoked on rank 966 in communicator MPI COMMUNICATOR 3 DUP FROM 0
with errorcode 1.

NOTE: invoking MPI_ABORT causes Open MPI to kill all MPI processes.
You may or may not see output from other processes, depending on
exactly when Open MPI kills them.
--------------------------------------------------------------------------
--------------------------------------------------------------------------
MPI_ABORT was invoked on rank 594 in communicator MPI COMMUNICATOR 3 DUP FROM 0
with errorcode 1.

NOTE: invoking MPI_ABORT causes Open MPI to kill all MPI processes.
You may or may not see output from other processes, depending on
exactly when Open MPI kills them.
--------------------------------------------------------------------------
--------------------------------------------------------------------------
MPI_ABORT was invoked on rank 1133 in communicator MPI COMMUNICATOR 3 DUP FROM 0
with errorcode 1.

NOTE: invoking MPI_ABORT causes Open MPI to kill all MPI processes.
You may or may not see output from other processes, depending on
exactly when Open MPI kills them.
--------------------------------------------------------------------------
--------------------------------------------------------------------------
MPI_ABORT was invoked on rank 1050 in communicator MPI COMMUNICATOR 3 DUP FROM 0
with errorcode 1.

NOTE: invoking MPI_ABORT causes Open MPI to kill all MPI processes.
You may or may not see output from other processes, depending on
exactly when Open MPI kills them.
--------------------------------------------------------------------------
--------------------------------------------------------------------------
MPI_ABORT was invoked on rank 983 in communicator MPI COMMUNICATOR 3 DUP FROM 0
with errorcode 1.

NOTE: invoking MPI_ABORT causes Open MPI to kill all MPI processes.
You may or may not see output from other processes, depending on
exactly when Open MPI kills them.
--------------------------------------------------------------------------
--------------------------------------------------------------------------
MPI_ABORT was invoked on rank 283 in communicator MPI COMMUNICATOR 3 DUP FROM 0
with errorcode 1.

NOTE: invoking MPI_ABORT causes Open MPI to kill all MPI processes.
You may or may not see output from other processes, depending on
exactly when Open MPI kills them.
--------------------------------------------------------------------------
--------------------------------------------------------------------------
MPI_ABORT was invoked on rank 1101 in communicator MPI COMMUNICATOR 3 DUP FROM 0
with errorcode 1.

NOTE: invoking MPI_ABORT causes Open MPI to kill all MPI processes.
You may or may not see output from other processes, depending on
exactly when Open MPI kills them.
--------------------------------------------------------------------------
--------------------------------------------------------------------------
MPI_ABORT was invoked on rank 389 in communicator MPI COMMUNICATOR 3 DUP FROM 0
with errorcode 1.

NOTE: invoking MPI_ABORT causes Open MPI to kill all MPI processes.
You may or may not see output from other processes, depending on
exactly when Open MPI kills them.
--------------------------------------------------------------------------
--------------------------------------------------------------------------
MPI_ABORT was invoked on rank 1086 in communicator MPI COMMUNICATOR 3 DUP FROM 0
with errorcode 1.

NOTE: invoking MPI_ABORT causes Open MPI to kill all MPI processes.
You may or may not see output from other processes, depending on
exactly when Open MPI kills them.
--------------------------------------------------------------------------
--------------------------------------------------------------------------
MPI_ABORT was invoked on rank 909 in communicator MPI COMMUNICATOR 3 DUP FROM 0
with errorcode 1.

NOTE: invoking MPI_ABORT causes Open MPI to kill all MPI processes.
You may or may not see output from other processes, depending on
exactly when Open MPI kills them.
--------------------------------------------------------------------------
--------------------------------------------------------------------------
MPI_ABORT was invoked on rank 673 in communicator MPI COMMUNICATOR 3 DUP FROM 0
with errorcode 1.

NOTE: invoking MPI_ABORT causes Open MPI to kill all MPI processes.
You may or may not see output from other processes, depending on
exactly when Open MPI kills them.
--------------------------------------------------------------------------
--------------------------------------------------------------------------
MPI_ABORT was invoked on rank 563 in communicator MPI COMMUNICATOR 3 DUP FROM 0
with errorcode 1.

NOTE: invoking MPI_ABORT causes Open MPI to kill all MPI processes.
You may or may not see output from other processes, depending on
exactly when Open MPI kills them.
--------------------------------------------------------------------------
--------------------------------------------------------------------------
MPI_ABORT was invoked on rank 1116 in communicator MPI COMMUNICATOR 3 DUP FROM 0
with errorcode 1.

NOTE: invoking MPI_ABORT causes Open MPI to kill all MPI processes.
You may or may not see output from other processes, depending on
exactly when Open MPI kills them.
--------------------------------------------------------------------------
--------------------------------------------------------------------------
MPI_ABORT was invoked on rank 1043 in communicator MPI COMMUNICATOR 3 DUP FROM 0
with errorcode 1.

NOTE: invoking MPI_ABORT causes Open MPI to kill all MPI processes.
You may or may not see output from other processes, depending on
exactly when Open MPI kills them.
--------------------------------------------------------------------------
--------------------------------------------------------------------------
MPI_ABORT was invoked on rank 581 in communicator MPI COMMUNICATOR 3 DUP FROM 0
with errorcode 1.

NOTE: invoking MPI_ABORT causes Open MPI to kill all MPI processes.
You may or may not see output from other processes, depending on
exactly when Open MPI kills them.
--------------------------------------------------------------------------
--------------------------------------------------------------------------
MPI_ABORT was invoked on rank 291 in communicator MPI COMMUNICATOR 3 DUP FROM 0
with errorcode 1.

NOTE: invoking MPI_ABORT causes Open MPI to kill all MPI processes.
You may or may not see output from other processes, depending on
exactly when Open MPI kills them.
--------------------------------------------------------------------------
--------------------------------------------------------------------------
MPI_ABORT was invoked on rank 1184 in communicator MPI COMMUNICATOR 3 DUP FROM 0
with errorcode 1.

NOTE: invoking MPI_ABORT causes Open MPI to kill all MPI processes.
You may or may not see output from other processes, depending on
exactly when Open MPI kills them.
--------------------------------------------------------------------------
--------------------------------------------------------------------------
MPI_ABORT was invoked on rank 1017 in communicator MPI COMMUNICATOR 3 DUP FROM 0
with errorcode 1.

NOTE: invoking MPI_ABORT causes Open MPI to kill all MPI processes.
You may or may not see output from other processes, depending on
exactly when Open MPI kills them.
--------------------------------------------------------------------------
--------------------------------------------------------------------------
MPI_ABORT was invoked on rank 981 in communicator MPI COMMUNICATOR 3 DUP FROM 0
with errorcode 1.

NOTE: invoking MPI_ABORT causes Open MPI to kill all MPI processes.
You may or may not see output from other processes, depending on
exactly when Open MPI kills them.
--------------------------------------------------------------------------
--------------------------------------------------------------------------
MPI_ABORT was invoked on rank 613 in communicator MPI COMMUNICATOR 3 DUP FROM 0
with errorcode 1.

NOTE: invoking MPI_ABORT causes Open MPI to kill all MPI processes.
You may or may not see output from other processes, depending on
exactly when Open MPI kills them.
--------------------------------------------------------------------------
--------------------------------------------------------------------------
MPI_ABORT was invoked on rank 266 in communicator MPI COMMUNICATOR 3 DUP FROM 0
with errorcode 1.

NOTE: invoking MPI_ABORT causes Open MPI to kill all MPI processes.
You may or may not see output from other processes, depending on
exactly when Open MPI kills them.
--------------------------------------------------------------------------
--------------------------------------------------------------------------
MPI_ABORT was invoked on rank 1103 in communicator MPI COMMUNICATOR 3 DUP FROM 0
with errorcode 1.

NOTE: invoking MPI_ABORT causes Open MPI to kill all MPI processes.
You may or may not see output from other processes, depending on
exactly when Open MPI kills them.
--------------------------------------------------------------------------
--------------------------------------------------------------------------
MPI_ABORT was invoked on rank 907 in communicator MPI COMMUNICATOR 3 DUP FROM 0
with errorcode 1.

NOTE: invoking MPI_ABORT causes Open MPI to kill all MPI processes.
You may or may not see output from other processes, depending on
exactly when Open MPI kills them.
--------------------------------------------------------------------------
--------------------------------------------------------------------------
MPI_ABORT was invoked on rank 528 in communicator MPI COMMUNICATOR 3 DUP FROM 0
with errorcode 1.

NOTE: invoking MPI_ABORT causes Open MPI to kill all MPI processes.
You may or may not see output from other processes, depending on
exactly when Open MPI kills them.
--------------------------------------------------------------------------
--------------------------------------------------------------------------
MPI_ABORT was invoked on rank 1110 in communicator MPI COMMUNICATOR 3 DUP FROM 0
with errorcode 1.

NOTE: invoking MPI_ABORT causes Open MPI to kill all MPI processes.
You may or may not see output from other processes, depending on
exactly when Open MPI kills them.
--------------------------------------------------------------------------
--------------------------------------------------------------------------
MPI_ABORT was invoked on rank 1044 in communicator MPI COMMUNICATOR 3 DUP FROM 0
with errorcode 1.

NOTE: invoking MPI_ABORT causes Open MPI to kill all MPI processes.
You may or may not see output from other processes, depending on
exactly when Open MPI kills them.
--------------------------------------------------------------------------
--------------------------------------------------------------------------
MPI_ABORT was invoked on rank 841 in communicator MPI COMMUNICATOR 3 DUP FROM 0
with errorcode 1.

NOTE: invoking MPI_ABORT causes Open MPI to kill all MPI processes.
You may or may not see output from other processes, depending on
exactly when Open MPI kills them.
--------------------------------------------------------------------------
--------------------------------------------------------------------------
MPI_ABORT was invoked on rank 991 in communicator MPI COMMUNICATOR 3 DUP FROM 0
with errorcode 1.

NOTE: invoking MPI_ABORT causes Open MPI to kill all MPI processes.
You may or may not see output from other processes, depending on
exactly when Open MPI kills them.
--------------------------------------------------------------------------
--------------------------------------------------------------------------
MPI_ABORT was invoked on rank 680 in communicator MPI COMMUNICATOR 3 DUP FROM 0
with errorcode 1.

NOTE: invoking MPI_ABORT causes Open MPI to kill all MPI processes.
You may or may not see output from other processes, depending on
exactly when Open MPI kills them.
--------------------------------------------------------------------------
--------------------------------------------------------------------------
MPI_ABORT was invoked on rank 521 in communicator MPI COMMUNICATOR 3 DUP FROM 0
with errorcode 1.

NOTE: invoking MPI_ABORT causes Open MPI to kill all MPI processes.
You may or may not see output from other processes, depending on
exactly when Open MPI kills them.
--------------------------------------------------------------------------
--------------------------------------------------------------------------
MPI_ABORT was invoked on rank 1146 in communicator MPI COMMUNICATOR 3 DUP FROM 0
with errorcode 1.

NOTE: invoking MPI_ABORT causes Open MPI to kill all MPI processes.
You may or may not see output from other processes, depending on
exactly when Open MPI kills them.
--------------------------------------------------------------------------
--------------------------------------------------------------------------
MPI_ABORT was invoked on rank 350 in communicator MPI COMMUNICATOR 3 DUP FROM 0
with errorcode 1.

NOTE: invoking MPI_ABORT causes Open MPI to kill all MPI processes.
You may or may not see output from other processes, depending on
exactly when Open MPI kills them.
--------------------------------------------------------------------------
--------------------------------------------------------------------------
MPI_ABORT was invoked on rank 1036 in communicator MPI COMMUNICATOR 3 DUP FROM 0
with errorcode 1.

NOTE: invoking MPI_ABORT causes Open MPI to kill all MPI processes.
You may or may not see output from other processes, depending on
exactly when Open MPI kills them.
--------------------------------------------------------------------------
--------------------------------------------------------------------------
MPI_ABORT was invoked on rank 891 in communicator MPI COMMUNICATOR 3 DUP FROM 0
with errorcode 1.

NOTE: invoking MPI_ABORT causes Open MPI to kill all MPI processes.
You may or may not see output from other processes, depending on
exactly when Open MPI kills them.
--------------------------------------------------------------------------
--------------------------------------------------------------------------
MPI_ABORT was invoked on rank 920 in communicator MPI COMMUNICATOR 3 DUP FROM 0
with errorcode 1.

NOTE: invoking MPI_ABORT causes Open MPI to kill all MPI processes.
You may or may not see output from other processes, depending on
exactly when Open MPI kills them.
--------------------------------------------------------------------------
--------------------------------------------------------------------------
MPI_ABORT was invoked on rank 208 in communicator MPI COMMUNICATOR 3 DUP FROM 0
with errorcode 1.

NOTE: invoking MPI_ABORT causes Open MPI to kill all MPI processes.
You may or may not see output from other processes, depending on
exactly when Open MPI kills them.
--------------------------------------------------------------------------
--------------------------------------------------------------------------
MPI_ABORT was invoked on rank 1187 in communicator MPI COMMUNICATOR 3 DUP FROM 0
with errorcode 1.

NOTE: invoking MPI_ABORT causes Open MPI to kill all MPI processes.
You may or may not see output from other processes, depending on
exactly when Open MPI kills them.
--------------------------------------------------------------------------
--------------------------------------------------------------------------
MPI_ABORT was invoked on rank 1003 in communicator MPI COMMUNICATOR 3 DUP FROM 0
with errorcode 1.

NOTE: invoking MPI_ABORT causes Open MPI to kill all MPI processes.
You may or may not see output from other processes, depending on
exactly when Open MPI kills them.
--------------------------------------------------------------------------
--------------------------------------------------------------------------
MPI_ABORT was invoked on rank 941 in communicator MPI COMMUNICATOR 3 DUP FROM 0
with errorcode 1.

NOTE: invoking MPI_ABORT causes Open MPI to kill all MPI processes.
You may or may not see output from other processes, depending on
exactly when Open MPI kills them.
--------------------------------------------------------------------------
--------------------------------------------------------------------------
MPI_ABORT was invoked on rank 1105 in communicator MPI COMMUNICATOR 3 DUP FROM 0
with errorcode 1.

NOTE: invoking MPI_ABORT causes Open MPI to kill all MPI processes.
You may or may not see output from other processes, depending on
exactly when Open MPI kills them.
--------------------------------------------------------------------------
--------------------------------------------------------------------------
MPI_ABORT was invoked on rank 392 in communicator MPI COMMUNICATOR 3 DUP FROM 0
with errorcode 1.

NOTE: invoking MPI_ABORT causes Open MPI to kill all MPI processes.
You may or may not see output from other processes, depending on
exactly when Open MPI kills them.
--------------------------------------------------------------------------
--------------------------------------------------------------------------
MPI_ABORT was invoked on rank 957 in communicator MPI COMMUNICATOR 3 DUP FROM 0
with errorcode 1.

NOTE: invoking MPI_ABORT causes Open MPI to kill all MPI processes.
You may or may not see output from other processes, depending on
exactly when Open MPI kills them.
--------------------------------------------------------------------------
--------------------------------------------------------------------------
MPI_ABORT was invoked on rank 250 in communicator MPI COMMUNICATOR 3 DUP FROM 0
with errorcode 1.

NOTE: invoking MPI_ABORT causes Open MPI to kill all MPI processes.
You may or may not see output from other processes, depending on
exactly when Open MPI kills them.
--------------------------------------------------------------------------
--------------------------------------------------------------------------
MPI_ABORT was invoked on rank 1032 in communicator MPI COMMUNICATOR 3 DUP FROM 0
with errorcode 1.

NOTE: invoking MPI_ABORT causes Open MPI to kill all MPI processes.
You may or may not see output from other processes, depending on
exactly when Open MPI kills them.
--------------------------------------------------------------------------
--------------------------------------------------------------------------
MPI_ABORT was invoked on rank 676 in communicator MPI COMMUNICATOR 3 DUP FROM 0
with errorcode 1.

NOTE: invoking MPI_ABORT causes Open MPI to kill all MPI processes.
You may or may not see output from other processes, depending on
exactly when Open MPI kills them.
--------------------------------------------------------------------------
--------------------------------------------------------------------------
MPI_ABORT was invoked on rank 1119 in communicator MPI COMMUNICATOR 3 DUP FROM 0
with errorcode 1.

NOTE: invoking MPI_ABORT causes Open MPI to kill all MPI processes.
You may or may not see output from other processes, depending on
exactly when Open MPI kills them.
--------------------------------------------------------------------------
--------------------------------------------------------------------------
MPI_ABORT was invoked on rank 1007 in communicator MPI COMMUNICATOR 3 DUP FROM 0
with errorcode 1.

NOTE: invoking MPI_ABORT causes Open MPI to kill all MPI processes.
You may or may not see output from other processes, depending on
exactly when Open MPI kills them.
--------------------------------------------------------------------------
--------------------------------------------------------------------------
MPI_ABORT was invoked on rank 997 in communicator MPI COMMUNICATOR 3 DUP FROM 0
with errorcode 1.

NOTE: invoking MPI_ABORT causes Open MPI to kill all MPI processes.
You may or may not see output from other processes, depending on
exactly when Open MPI kills them.
--------------------------------------------------------------------------
--------------------------------------------------------------------------
MPI_ABORT was invoked on rank 235 in communicator MPI COMMUNICATOR 3 DUP FROM 0
with errorcode 1.

NOTE: invoking MPI_ABORT causes Open MPI to kill all MPI processes.
You may or may not see output from other processes, depending on
exactly when Open MPI kills them.
--------------------------------------------------------------------------
--------------------------------------------------------------------------
MPI_ABORT was invoked on rank 1182 in communicator MPI COMMUNICATOR 3 DUP FROM 0
with errorcode 1.

NOTE: invoking MPI_ABORT causes Open MPI to kill all MPI processes.
You may or may not see output from other processes, depending on
exactly when Open MPI kills them.
--------------------------------------------------------------------------
--------------------------------------------------------------------------
MPI_ABORT was invoked on rank 953 in communicator MPI COMMUNICATOR 3 DUP FROM 0
with errorcode 1.

NOTE: invoking MPI_ABORT causes Open MPI to kill all MPI processes.
You may or may not see output from other processes, depending on
exactly when Open MPI kills them.
--------------------------------------------------------------------------
--------------------------------------------------------------------------
MPI_ABORT was invoked on rank 615 in communicator MPI COMMUNICATOR 3 DUP FROM 0
with errorcode 1.

NOTE: invoking MPI_ABORT causes Open MPI to kill all MPI processes.
You may or may not see output from other processes, depending on
exactly when Open MPI kills them.
--------------------------------------------------------------------------
--------------------------------------------------------------------------
MPI_ABORT was invoked on rank 1117 in communicator MPI COMMUNICATOR 3 DUP FROM 0
with errorcode 1.

NOTE: invoking MPI_ABORT causes Open MPI to kill all MPI processes.
You may or may not see output from other processes, depending on
exactly when Open MPI kills them.
--------------------------------------------------------------------------
--------------------------------------------------------------------------
MPI_ABORT was invoked on rank 1052 in communicator MPI COMMUNICATOR 3 DUP FROM 0
with errorcode 1.

NOTE: invoking MPI_ABORT causes Open MPI to kill all MPI processes.
You may or may not see output from other processes, depending on
exactly when Open MPI kills them.
--------------------------------------------------------------------------
--------------------------------------------------------------------------
MPI_ABORT was invoked on rank 803 in communicator MPI COMMUNICATOR 3 DUP FROM 0
with errorcode 1.

NOTE: invoking MPI_ABORT causes Open MPI to kill all MPI processes.
You may or may not see output from other processes, depending on
exactly when Open MPI kills them.
--------------------------------------------------------------------------
--------------------------------------------------------------------------
MPI_ABORT was invoked on rank 1142 in communicator MPI COMMUNICATOR 3 DUP FROM 0
with errorcode 1.

NOTE: invoking MPI_ABORT causes Open MPI to kill all MPI processes.
You may or may not see output from other processes, depending on
exactly when Open MPI kills them.
--------------------------------------------------------------------------
--------------------------------------------------------------------------
MPI_ABORT was invoked on rank 1063 in communicator MPI COMMUNICATOR 3 DUP FROM 0
with errorcode 1.

NOTE: invoking MPI_ABORT causes Open MPI to kill all MPI processes.
You may or may not see output from other processes, depending on
exactly when Open MPI kills them.
--------------------------------------------------------------------------
--------------------------------------------------------------------------
MPI_ABORT was invoked on rank 958 in communicator MPI COMMUNICATOR 3 DUP FROM 0
with errorcode 1.

NOTE: invoking MPI_ABORT causes Open MPI to kill all MPI processes.
You may or may not see output from other processes, depending on
exactly when Open MPI kills them.
--------------------------------------------------------------------------
--------------------------------------------------------------------------
MPI_ABORT was invoked on rank 863 in communicator MPI COMMUNICATOR 3 DUP FROM 0
with errorcode 1.

NOTE: invoking MPI_ABORT causes Open MPI to kill all MPI processes.
You may or may not see output from other processes, depending on
exactly when Open MPI kills them.
--------------------------------------------------------------------------
--------------------------------------------------------------------------
MPI_ABORT was invoked on rank 923 in communicator MPI COMMUNICATOR 3 DUP FROM 0
with errorcode 1.

NOTE: invoking MPI_ABORT causes Open MPI to kill all MPI processes.
You may or may not see output from other processes, depending on
exactly when Open MPI kills them.
--------------------------------------------------------------------------
--------------------------------------------------------------------------
MPI_ABORT was invoked on rank 961 in communicator MPI COMMUNICATOR 3 DUP FROM 0
with errorcode 1.

NOTE: invoking MPI_ABORT causes Open MPI to kill all MPI processes.
You may or may not see output from other processes, depending on
exactly when Open MPI kills them.
--------------------------------------------------------------------------
--------------------------------------------------------------------------
MPI_ABORT was invoked on rank 229 in communicator MPI COMMUNICATOR 3 DUP FROM 0
with errorcode 1.

NOTE: invoking MPI_ABORT causes Open MPI to kill all MPI processes.
You may or may not see output from other processes, depending on
exactly when Open MPI kills them.
--------------------------------------------------------------------------
--------------------------------------------------------------------------
MPI_ABORT was invoked on rank 888 in communicator MPI COMMUNICATOR 3 DUP FROM 0
with errorcode 1.

NOTE: invoking MPI_ABORT causes Open MPI to kill all MPI processes.
You may or may not see output from other processes, depending on
exactly when Open MPI kills them.
--------------------------------------------------------------------------
--------------------------------------------------------------------------
MPI_ABORT was invoked on rank 995 in communicator MPI COMMUNICATOR 3 DUP FROM 0
with errorcode 1.

NOTE: invoking MPI_ABORT causes Open MPI to kill all MPI processes.
You may or may not see output from other processes, depending on
exactly when Open MPI kills them.
--------------------------------------------------------------------------
--------------------------------------------------------------------------
MPI_ABORT was invoked on rank 205 in communicator MPI COMMUNICATOR 3 DUP FROM 0
with errorcode 1.

NOTE: invoking MPI_ABORT causes Open MPI to kill all MPI processes.
You may or may not see output from other processes, depending on
exactly when Open MPI kills them.
--------------------------------------------------------------------------
--------------------------------------------------------------------------
MPI_ABORT was invoked on rank 836 in communicator MPI COMMUNICATOR 3 DUP FROM 0
with errorcode 1.

NOTE: invoking MPI_ABORT causes Open MPI to kill all MPI processes.
You may or may not see output from other processes, depending on
exactly when Open MPI kills them.
--------------------------------------------------------------------------
--------------------------------------------------------------------------
MPI_ABORT was invoked on rank 914 in communicator MPI COMMUNICATOR 3 DUP FROM 0
with errorcode 1.

NOTE: invoking MPI_ABORT causes Open MPI to kill all MPI processes.
You may or may not see output from other processes, depending on
exactly when Open MPI kills them.
--------------------------------------------------------------------------
--------------------------------------------------------------------------
MPI_ABORT was invoked on rank 634 in communicator MPI COMMUNICATOR 3 DUP FROM 0
with errorcode 1.

NOTE: invoking MPI_ABORT causes Open MPI to kill all MPI processes.
You may or may not see output from other processes, depending on
exactly when Open MPI kills them.
--------------------------------------------------------------------------
--------------------------------------------------------------------------
MPI_ABORT was invoked on rank 848 in communicator MPI COMMUNICATOR 3 DUP FROM 0
with errorcode 1.

NOTE: invoking MPI_ABORT causes Open MPI to kill all MPI processes.
You may or may not see output from other processes, depending on
exactly when Open MPI kills them.
--------------------------------------------------------------------------
--------------------------------------------------------------------------
MPI_ABORT was invoked on rank 296 in communicator MPI COMMUNICATOR 3 DUP FROM 0
with errorcode 1.

NOTE: invoking MPI_ABORT causes Open MPI to kill all MPI processes.
You may or may not see output from other processes, depending on
exactly when Open MPI kills them.
--------------------------------------------------------------------------
--------------------------------------------------------------------------
MPI_ABORT was invoked on rank 649 in communicator MPI COMMUNICATOR 3 DUP FROM 0
with errorcode 1.

NOTE: invoking MPI_ABORT causes Open MPI to kill all MPI processes.
You may or may not see output from other processes, depending on
exactly when Open MPI kills them.
--------------------------------------------------------------------------
--------------------------------------------------------------------------
MPI_ABORT was invoked on rank 861 in communicator MPI COMMUNICATOR 3 DUP FROM 0
with errorcode 1.

NOTE: invoking MPI_ABORT causes Open MPI to kill all MPI processes.
You may or may not see output from other processes, depending on
exactly when Open MPI kills them.
--------------------------------------------------------------------------
--------------------------------------------------------------------------
MPI_ABORT was invoked on rank 369 in communicator MPI COMMUNICATOR 3 DUP FROM 0
with errorcode 1.

NOTE: invoking MPI_ABORT causes Open MPI to kill all MPI processes.
You may or may not see output from other processes, depending on
exactly when Open MPI kills them.
--------------------------------------------------------------------------
--------------------------------------------------------------------------
MPI_ABORT was invoked on rank 831 in communicator MPI COMMUNICATOR 3 DUP FROM 0
with errorcode 1.

NOTE: invoking MPI_ABORT causes Open MPI to kill all MPI processes.
You may or may not see output from other processes, depending on
exactly when Open MPI kills them.
--------------------------------------------------------------------------
--------------------------------------------------------------------------
MPI_ABORT was invoked on rank 664 in communicator MPI COMMUNICATOR 3 DUP FROM 0
with errorcode 1.

NOTE: invoking MPI_ABORT causes Open MPI to kill all MPI processes.
You may or may not see output from other processes, depending on
exactly when Open MPI kills them.
--------------------------------------------------------------------------
--------------------------------------------------------------------------
MPI_ABORT was invoked on rank 214 in communicator MPI COMMUNICATOR 3 DUP FROM 0
with errorcode 1.

NOTE: invoking MPI_ABORT causes Open MPI to kill all MPI processes.
You may or may not see output from other processes, depending on
exactly when Open MPI kills them.
--------------------------------------------------------------------------
--------------------------------------------------------------------------
MPI_ABORT was invoked on rank 872 in communicator MPI COMMUNICATOR 3 DUP FROM 0
with errorcode 1.

NOTE: invoking MPI_ABORT causes Open MPI to kill all MPI processes.
You may or may not see output from other processes, depending on
exactly when Open MPI kills them.
--------------------------------------------------------------------------
--------------------------------------------------------------------------
MPI_ABORT was invoked on rank 337 in communicator MPI COMMUNICATOR 3 DUP FROM 0
with errorcode 1.

NOTE: invoking MPI_ABORT causes Open MPI to kill all MPI processes.
You may or may not see output from other processes, depending on
exactly when Open MPI kills them.
--------------------------------------------------------------------------
--------------------------------------------------------------------------
MPI_ABORT was invoked on rank 936 in communicator MPI COMMUNICATOR 3 DUP FROM 0
with errorcode 1.

NOTE: invoking MPI_ABORT causes Open MPI to kill all MPI processes.
You may or may not see output from other processes, depending on
exactly when Open MPI kills them.
--------------------------------------------------------------------------
--------------------------------------------------------------------------
MPI_ABORT was invoked on rank 629 in communicator MPI COMMUNICATOR 3 DUP FROM 0
with errorcode 1.

NOTE: invoking MPI_ABORT causes Open MPI to kill all MPI processes.
You may or may not see output from other processes, depending on
exactly when Open MPI kills them.
--------------------------------------------------------------------------
--------------------------------------------------------------------------
MPI_ABORT was invoked on rank 890 in communicator MPI COMMUNICATOR 3 DUP FROM 0
with errorcode 1.

NOTE: invoking MPI_ABORT causes Open MPI to kill all MPI processes.
You may or may not see output from other processes, depending on
exactly when Open MPI kills them.
--------------------------------------------------------------------------
--------------------------------------------------------------------------
MPI_ABORT was invoked on rank 324 in communicator MPI COMMUNICATOR 3 DUP FROM 0
with errorcode 1.

NOTE: invoking MPI_ABORT causes Open MPI to kill all MPI processes.
You may or may not see output from other processes, depending on
exactly when Open MPI kills them.
--------------------------------------------------------------------------
--------------------------------------------------------------------------
MPI_ABORT was invoked on rank 894 in communicator MPI COMMUNICATOR 3 DUP FROM 0
with errorcode 1.

NOTE: invoking MPI_ABORT causes Open MPI to kill all MPI processes.
You may or may not see output from other processes, depending on
exactly when Open MPI kills them.
--------------------------------------------------------------------------
--------------------------------------------------------------------------
MPI_ABORT was invoked on rank 950 in communicator MPI COMMUNICATOR 3 DUP FROM 0
with errorcode 1.

NOTE: invoking MPI_ABORT causes Open MPI to kill all MPI processes.
You may or may not see output from other processes, depending on
exactly when Open MPI kills them.
--------------------------------------------------------------------------
--------------------------------------------------------------------------
MPI_ABORT was invoked on rank 838 in communicator MPI COMMUNICATOR 3 DUP FROM 0
with errorcode 1.

NOTE: invoking MPI_ABORT causes Open MPI to kill all MPI processes.
You may or may not see output from other processes, depending on
exactly when Open MPI kills them.
--------------------------------------------------------------------------
--------------------------------------------------------------------------
MPI_ABORT was invoked on rank 237 in communicator MPI COMMUNICATOR 3 DUP FROM 0
with errorcode 1.

NOTE: invoking MPI_ABORT causes Open MPI to kill all MPI processes.
You may or may not see output from other processes, depending on
exactly when Open MPI kills them.
--------------------------------------------------------------------------
--------------------------------------------------------------------------
MPI_ABORT was invoked on rank 951 in communicator MPI COMMUNICATOR 3 DUP FROM 0
with errorcode 1.

NOTE: invoking MPI_ABORT causes Open MPI to kill all MPI processes.
You may or may not see output from other processes, depending on
exactly when Open MPI kills them.
--------------------------------------------------------------------------
--------------------------------------------------------------------------
MPI_ABORT was invoked on rank 626 in communicator MPI COMMUNICATOR 3 DUP FROM 0
with errorcode 1.

NOTE: invoking MPI_ABORT causes Open MPI to kill all MPI processes.
You may or may not see output from other processes, depending on
exactly when Open MPI kills them.
--------------------------------------------------------------------------
--------------------------------------------------------------------------
MPI_ABORT was invoked on rank 984 in communicator MPI COMMUNICATOR 3 DUP FROM 0
with errorcode 1.

NOTE: invoking MPI_ABORT causes Open MPI to kill all MPI processes.
You may or may not see output from other processes, depending on
exactly when Open MPI kills them.
--------------------------------------------------------------------------
--------------------------------------------------------------------------
MPI_ABORT was invoked on rank 636 in communicator MPI COMMUNICATOR 3 DUP FROM 0
with errorcode 1.

NOTE: invoking MPI_ABORT causes Open MPI to kill all MPI processes.
You may or may not see output from other processes, depending on
exactly when Open MPI kills them.
--------------------------------------------------------------------------
--------------------------------------------------------------------------
MPI_ABORT was invoked on rank 252 in communicator MPI COMMUNICATOR 3 DUP FROM 0
with errorcode 1.

NOTE: invoking MPI_ABORT causes Open MPI to kill all MPI processes.
You may or may not see output from other processes, depending on
exactly when Open MPI kills them.
--------------------------------------------------------------------------
--------------------------------------------------------------------------
MPI_ABORT was invoked on rank 939 in communicator MPI COMMUNICATOR 3 DUP FROM 0
with errorcode 1.

NOTE: invoking MPI_ABORT causes Open MPI to kill all MPI processes.
You may or may not see output from other processes, depending on
exactly when Open MPI kills them.
--------------------------------------------------------------------------
--------------------------------------------------------------------------
MPI_ABORT was invoked on rank 910 in communicator MPI COMMUNICATOR 3 DUP FROM 0
with errorcode 1.

NOTE: invoking MPI_ABORT causes Open MPI to kill all MPI processes.
You may or may not see output from other processes, depending on
exactly when Open MPI kills them.
--------------------------------------------------------------------------
--------------------------------------------------------------------------
MPI_ABORT was invoked on rank 610 in communicator MPI COMMUNICATOR 3 DUP FROM 0
with errorcode 1.

NOTE: invoking MPI_ABORT causes Open MPI to kill all MPI processes.
You may or may not see output from other processes, depending on
exactly when Open MPI kills them.
--------------------------------------------------------------------------
--------------------------------------------------------------------------
MPI_ABORT was invoked on rank 398 in communicator MPI COMMUNICATOR 3 DUP FROM 0
with errorcode 1.

NOTE: invoking MPI_ABORT causes Open MPI to kill all MPI processes.
You may or may not see output from other processes, depending on
exactly when Open MPI kills them.
--------------------------------------------------------------------------
--------------------------------------------------------------------------
MPI_ABORT was invoked on rank 530 in communicator MPI COMMUNICATOR 3 DUP FROM 0
with errorcode 1.

NOTE: invoking MPI_ABORT causes Open MPI to kill all MPI processes.
You may or may not see output from other processes, depending on
exactly when Open MPI kills them.
--------------------------------------------------------------------------
--------------------------------------------------------------------------
MPI_ABORT was invoked on rank 372 in communicator MPI COMMUNICATOR 3 DUP FROM 0
with errorcode 1.

NOTE: invoking MPI_ABORT causes Open MPI to kill all MPI processes.
You may or may not see output from other processes, depending on
exactly when Open MPI kills them.
--------------------------------------------------------------------------
--------------------------------------------------------------------------
MPI_ABORT was invoked on rank 546 in communicator MPI COMMUNICATOR 3 DUP FROM 0
with errorcode 1.

NOTE: invoking MPI_ABORT causes Open MPI to kill all MPI processes.
You may or may not see output from other processes, depending on
exactly when Open MPI kills them.
--------------------------------------------------------------------------
--------------------------------------------------------------------------
MPI_ABORT was invoked on rank 633 in communicator MPI COMMUNICATOR 3 DUP FROM 0
with errorcode 1.

NOTE: invoking MPI_ABORT causes Open MPI to kill all MPI processes.
You may or may not see output from other processes, depending on
exactly when Open MPI kills them.
--------------------------------------------------------------------------
--------------------------------------------------------------------------
MPI_ABORT was invoked on rank 561 in communicator MPI COMMUNICATOR 3 DUP FROM 0
with errorcode 1.

NOTE: invoking MPI_ABORT causes Open MPI to kill all MPI processes.
You may or may not see output from other processes, depending on
exactly when Open MPI kills them.
--------------------------------------------------------------------------
--------------------------------------------------------------------------
MPI_ABORT was invoked on rank 522 in communicator MPI COMMUNICATOR 3 DUP FROM 0
with errorcode 1.

NOTE: invoking MPI_ABORT causes Open MPI to kill all MPI processes.
You may or may not see output from other processes, depending on
exactly when Open MPI kills them.
--------------------------------------------------------------------------
--------------------------------------------------------------------------
MPI_ABORT was invoked on rank 559 in communicator MPI COMMUNICATOR 3 DUP FROM 0
with errorcode 1.

NOTE: invoking MPI_ABORT causes Open MPI to kill all MPI processes.
You may or may not see output from other processes, depending on
exactly when Open MPI kills them.
--------------------------------------------------------------------------
--------------------------------------------------------------------------
MPI_ABORT was invoked on rank 817 in communicator MPI COMMUNICATOR 3 DUP FROM 0
with errorcode 1.

NOTE: invoking MPI_ABORT causes Open MPI to kill all MPI processes.
You may or may not see output from other processes, depending on
exactly when Open MPI kills them.
--------------------------------------------------------------------------
--------------------------------------------------------------------------
MPI_ABORT was invoked on rank 669 in communicator MPI COMMUNICATOR 3 DUP FROM 0
with errorcode 1.

NOTE: invoking MPI_ABORT causes Open MPI to kill all MPI processes.
You may or may not see output from other processes, depending on
exactly when Open MPI kills them.
--------------------------------------------------------------------------
--------------------------------------------------------------------------
MPI_ABORT was invoked on rank 532 in communicator MPI COMMUNICATOR 3 DUP FROM 0
with errorcode 1.

NOTE: invoking MPI_ABORT causes Open MPI to kill all MPI processes.
You may or may not see output from other processes, depending on
exactly when Open MPI kills them.
--------------------------------------------------------------------------
--------------------------------------------------------------------------
MPI_ABORT was invoked on rank 286 in communicator MPI COMMUNICATOR 3 DUP FROM 0
with errorcode 1.

NOTE: invoking MPI_ABORT causes Open MPI to kill all MPI processes.
You may or may not see output from other processes, depending on
exactly when Open MPI kills them.
--------------------------------------------------------------------------
--------------------------------------------------------------------------
MPI_ABORT was invoked on rank 893 in communicator MPI COMMUNICATOR 3 DUP FROM 0
with errorcode 1.

NOTE: invoking MPI_ABORT causes Open MPI to kill all MPI processes.
You may or may not see output from other processes, depending on
exactly when Open MPI kills them.
--------------------------------------------------------------------------
--------------------------------------------------------------------------
MPI_ABORT was invoked on rank 513 in communicator MPI COMMUNICATOR 3 DUP FROM 0
with errorcode 1.

NOTE: invoking MPI_ABORT causes Open MPI to kill all MPI processes.
You may or may not see output from other processes, depending on
exactly when Open MPI kills them.
--------------------------------------------------------------------------
--------------------------------------------------------------------------
MPI_ABORT was invoked on rank 1040 in communicator MPI COMMUNICATOR 3 DUP FROM 0
with errorcode 1.

NOTE: invoking MPI_ABORT causes Open MPI to kill all MPI processes.
You may or may not see output from other processes, depending on
exactly when Open MPI kills them.
--------------------------------------------------------------------------
--------------------------------------------------------------------------
MPI_ABORT was invoked on rank 870 in communicator MPI COMMUNICATOR 3 DUP FROM 0
with errorcode 1.

NOTE: invoking MPI_ABORT causes Open MPI to kill all MPI processes.
You may or may not see output from other processes, depending on
exactly when Open MPI kills them.
--------------------------------------------------------------------------
--------------------------------------------------------------------------
MPI_ABORT was invoked on rank 697 in communicator MPI COMMUNICATOR 3 DUP FROM 0
with errorcode 1.

NOTE: invoking MPI_ABORT causes Open MPI to kill all MPI processes.
You may or may not see output from other processes, depending on
exactly when Open MPI kills them.
--------------------------------------------------------------------------
--------------------------------------------------------------------------
MPI_ABORT was invoked on rank 574 in communicator MPI COMMUNICATOR 3 DUP FROM 0
with errorcode 1.

NOTE: invoking MPI_ABORT causes Open MPI to kill all MPI processes.
You may or may not see output from other processes, depending on
exactly when Open MPI kills them.
--------------------------------------------------------------------------
--------------------------------------------------------------------------
MPI_ABORT was invoked on rank 210 in communicator MPI COMMUNICATOR 3 DUP FROM 0
with errorcode 1.

NOTE: invoking MPI_ABORT causes Open MPI to kill all MPI processes.
You may or may not see output from other processes, depending on
exactly when Open MPI kills them.
--------------------------------------------------------------------------
--------------------------------------------------------------------------
MPI_ABORT was invoked on rank 1006 in communicator MPI COMMUNICATOR 3 DUP FROM 0
with errorcode 1.

NOTE: invoking MPI_ABORT causes Open MPI to kill all MPI processes.
You may or may not see output from other processes, depending on
exactly when Open MPI kills them.
--------------------------------------------------------------------------
--------------------------------------------------------------------------
MPI_ABORT was invoked on rank 827 in communicator MPI COMMUNICATOR 3 DUP FROM 0
with errorcode 1.

NOTE: invoking MPI_ABORT causes Open MPI to kill all MPI processes.
You may or may not see output from other processes, depending on
exactly when Open MPI kills them.
--------------------------------------------------------------------------
--------------------------------------------------------------------------
MPI_ABORT was invoked on rank 541 in communicator MPI COMMUNICATOR 3 DUP FROM 0
with errorcode 1.

NOTE: invoking MPI_ABORT causes Open MPI to kill all MPI processes.
You may or may not see output from other processes, depending on
exactly when Open MPI kills them.
--------------------------------------------------------------------------
--------------------------------------------------------------------------
MPI_ABORT was invoked on rank 1072 in communicator MPI COMMUNICATOR 3 DUP FROM 0
with errorcode 1.

NOTE: invoking MPI_ABORT causes Open MPI to kill all MPI processes.
You may or may not see output from other processes, depending on
exactly when Open MPI kills them.
--------------------------------------------------------------------------
--------------------------------------------------------------------------
MPI_ABORT was invoked on rank 846 in communicator MPI COMMUNICATOR 3 DUP FROM 0
with errorcode 1.

NOTE: invoking MPI_ABORT causes Open MPI to kill all MPI processes.
You may or may not see output from other processes, depending on
exactly when Open MPI kills them.
--------------------------------------------------------------------------
--------------------------------------------------------------------------
MPI_ABORT was invoked on rank 687 in communicator MPI COMMUNICATOR 3 DUP FROM 0
with errorcode 1.

NOTE: invoking MPI_ABORT causes Open MPI to kill all MPI processes.
You may or may not see output from other processes, depending on
exactly when Open MPI kills them.
--------------------------------------------------------------------------
--------------------------------------------------------------------------
MPI_ABORT was invoked on rank 565 in communicator MPI COMMUNICATOR 3 DUP FROM 0
with errorcode 1.

NOTE: invoking MPI_ABORT causes Open MPI to kill all MPI processes.
You may or may not see output from other processes, depending on
exactly when Open MPI kills them.
--------------------------------------------------------------------------
--------------------------------------------------------------------------
MPI_ABORT was invoked on rank 287 in communicator MPI COMMUNICATOR 3 DUP FROM 0
with errorcode 1.

NOTE: invoking MPI_ABORT causes Open MPI to kill all MPI processes.
You may or may not see output from other processes, depending on
exactly when Open MPI kills them.
--------------------------------------------------------------------------
--------------------------------------------------------------------------
MPI_ABORT was invoked on rank 313 in communicator MPI COMMUNICATOR 3 DUP FROM 0
with errorcode 1.

NOTE: invoking MPI_ABORT causes Open MPI to kill all MPI processes.
You may or may not see output from other processes, depending on
exactly when Open MPI kills them.
--------------------------------------------------------------------------
--------------------------------------------------------------------------
MPI_ABORT was invoked on rank 1035 in communicator MPI COMMUNICATOR 3 DUP FROM 0
with errorcode 1.

NOTE: invoking MPI_ABORT causes Open MPI to kill all MPI processes.
You may or may not see output from other processes, depending on
exactly when Open MPI kills them.
--------------------------------------------------------------------------
--------------------------------------------------------------------------
MPI_ABORT was invoked on rank 847 in communicator MPI COMMUNICATOR 3 DUP FROM 0
with errorcode 1.

NOTE: invoking MPI_ABORT causes Open MPI to kill all MPI processes.
You may or may not see output from other processes, depending on
exactly when Open MPI kills them.
--------------------------------------------------------------------------
--------------------------------------------------------------------------
MPI_ABORT was invoked on rank 259 in communicator MPI COMMUNICATOR 3 DUP FROM 0
with errorcode 1.

NOTE: invoking MPI_ABORT causes Open MPI to kill all MPI processes.
You may or may not see output from other processes, depending on
exactly when Open MPI kills them.
--------------------------------------------------------------------------
--------------------------------------------------------------------------
MPI_ABORT was invoked on rank 1048 in communicator MPI COMMUNICATOR 3 DUP FROM 0
with errorcode 1.

NOTE: invoking MPI_ABORT causes Open MPI to kill all MPI processes.
You may or may not see output from other processes, depending on
exactly when Open MPI kills them.
--------------------------------------------------------------------------
--------------------------------------------------------------------------
MPI_ABORT was invoked on rank 881 in communicator MPI COMMUNICATOR 3 DUP FROM 0
with errorcode 1.

NOTE: invoking MPI_ABORT causes Open MPI to kill all MPI processes.
You may or may not see output from other processes, depending on
exactly when Open MPI kills them.
--------------------------------------------------------------------------
--------------------------------------------------------------------------
MPI_ABORT was invoked on rank 576 in communicator MPI COMMUNICATOR 3 DUP FROM 0
with errorcode 1.

NOTE: invoking MPI_ABORT causes Open MPI to kill all MPI processes.
You may or may not see output from other processes, depending on
exactly when Open MPI kills them.
--------------------------------------------------------------------------
--------------------------------------------------------------------------
MPI_ABORT was invoked on rank 388 in communicator MPI COMMUNICATOR 3 DUP FROM 0
with errorcode 1.

NOTE: invoking MPI_ABORT causes Open MPI to kill all MPI processes.
You may or may not see output from other processes, depending on
exactly when Open MPI kills them.
--------------------------------------------------------------------------
--------------------------------------------------------------------------
MPI_ABORT was invoked on rank 1010 in communicator MPI COMMUNICATOR 3 DUP FROM 0
with errorcode 1.

NOTE: invoking MPI_ABORT causes Open MPI to kill all MPI processes.
You may or may not see output from other processes, depending on
exactly when Open MPI kills them.
--------------------------------------------------------------------------
--------------------------------------------------------------------------
MPI_ABORT was invoked on rank 877 in communicator MPI COMMUNICATOR 3 DUP FROM 0
with errorcode 1.

NOTE: invoking MPI_ABORT causes Open MPI to kill all MPI processes.
You may or may not see output from other processes, depending on
exactly when Open MPI kills them.
--------------------------------------------------------------------------
--------------------------------------------------------------------------
MPI_ABORT was invoked on rank 512 in communicator MPI COMMUNICATOR 3 DUP FROM 0
with errorcode 1.

NOTE: invoking MPI_ABORT causes Open MPI to kill all MPI processes.
You may or may not see output from other processes, depending on
exactly when Open MPI kills them.
--------------------------------------------------------------------------
--------------------------------------------------------------------------
MPI_ABORT was invoked on rank 265 in communicator MPI COMMUNICATOR 3 DUP FROM 0
with errorcode 1.

NOTE: invoking MPI_ABORT causes Open MPI to kill all MPI processes.
You may or may not see output from other processes, depending on
exactly when Open MPI kills them.
--------------------------------------------------------------------------
--------------------------------------------------------------------------
MPI_ABORT was invoked on rank 399 in communicator MPI COMMUNICATOR 3 DUP FROM 0
with errorcode 1.

NOTE: invoking MPI_ABORT causes Open MPI to kill all MPI processes.
You may or may not see output from other processes, depending on
exactly when Open MPI kills them.
--------------------------------------------------------------------------
--------------------------------------------------------------------------
MPI_ABORT was invoked on rank 1078 in communicator MPI COMMUNICATOR 3 DUP FROM 0
with errorcode 1.

NOTE: invoking MPI_ABORT causes Open MPI to kill all MPI processes.
You may or may not see output from other processes, depending on
exactly when Open MPI kills them.
--------------------------------------------------------------------------
--------------------------------------------------------------------------
MPI_ABORT was invoked on rank 874 in communicator MPI COMMUNICATOR 3 DUP FROM 0
with errorcode 1.

NOTE: invoking MPI_ABORT causes Open MPI to kill all MPI processes.
You may or may not see output from other processes, depending on
exactly when Open MPI kills them.
--------------------------------------------------------------------------
--------------------------------------------------------------------------
MPI_ABORT was invoked on rank 543 in communicator MPI COMMUNICATOR 3 DUP FROM 0
with errorcode 1.

NOTE: invoking MPI_ABORT causes Open MPI to kill all MPI processes.
You may or may not see output from other processes, depending on
exactly when Open MPI kills them.
--------------------------------------------------------------------------
--------------------------------------------------------------------------
MPI_ABORT was invoked on rank 294 in communicator MPI COMMUNICATOR 3 DUP FROM 0
with errorcode 1.

NOTE: invoking MPI_ABORT causes Open MPI to kill all MPI processes.
You may or may not see output from other processes, depending on
exactly when Open MPI kills them.
--------------------------------------------------------------------------
--------------------------------------------------------------------------
MPI_ABORT was invoked on rank 1096 in communicator MPI COMMUNICATOR 3 DUP FROM 0
with errorcode 1.

NOTE: invoking MPI_ABORT causes Open MPI to kill all MPI processes.
You may or may not see output from other processes, depending on
exactly when Open MPI kills them.
--------------------------------------------------------------------------
--------------------------------------------------------------------------
MPI_ABORT was invoked on rank 867 in communicator MPI COMMUNICATOR 3 DUP FROM 0
with errorcode 1.

NOTE: invoking MPI_ABORT causes Open MPI to kill all MPI processes.
You may or may not see output from other processes, depending on
exactly when Open MPI kills them.
--------------------------------------------------------------------------
--------------------------------------------------------------------------
MPI_ABORT was invoked on rank 515 in communicator MPI COMMUNICATOR 3 DUP FROM 0
with errorcode 1.

NOTE: invoking MPI_ABORT causes Open MPI to kill all MPI processes.
You may or may not see output from other processes, depending on
exactly when Open MPI kills them.
--------------------------------------------------------------------------
--------------------------------------------------------------------------
MPI_ABORT was invoked on rank 1024 in communicator MPI COMMUNICATOR 3 DUP FROM 0
with errorcode 1.

NOTE: invoking MPI_ABORT causes Open MPI to kill all MPI processes.
You may or may not see output from other processes, depending on
exactly when Open MPI kills them.
--------------------------------------------------------------------------
--------------------------------------------------------------------------
MPI_ABORT was invoked on rank 662 in communicator MPI COMMUNICATOR 3 DUP FROM 0
with errorcode 1.

NOTE: invoking MPI_ABORT causes Open MPI to kill all MPI processes.
You may or may not see output from other processes, depending on
exactly when Open MPI kills them.
--------------------------------------------------------------------------
--------------------------------------------------------------------------
MPI_ABORT was invoked on rank 503 in communicator MPI COMMUNICATOR 3 DUP FROM 0
with errorcode 1.

NOTE: invoking MPI_ABORT causes Open MPI to kill all MPI processes.
You may or may not see output from other processes, depending on
exactly when Open MPI kills them.
--------------------------------------------------------------------------
--------------------------------------------------------------------------
MPI_ABORT was invoked on rank 1004 in communicator MPI COMMUNICATOR 3 DUP FROM 0
with errorcode 1.

NOTE: invoking MPI_ABORT causes Open MPI to kill all MPI processes.
You may or may not see output from other processes, depending on
exactly when Open MPI kills them.
--------------------------------------------------------------------------
--------------------------------------------------------------------------
MPI_ABORT was invoked on rank 852 in communicator MPI COMMUNICATOR 3 DUP FROM 0
with errorcode 1.

NOTE: invoking MPI_ABORT causes Open MPI to kill all MPI processes.
You may or may not see output from other processes, depending on
exactly when Open MPI kills them.
--------------------------------------------------------------------------
--------------------------------------------------------------------------
MPI_ABORT was invoked on rank 865 in communicator MPI COMMUNICATOR 3 DUP FROM 0
with errorcode 1.

NOTE: invoking MPI_ABORT causes Open MPI to kill all MPI processes.
You may or may not see output from other processes, depending on
exactly when Open MPI kills them.
--------------------------------------------------------------------------
--------------------------------------------------------------------------
MPI_ABORT was invoked on rank 648 in communicator MPI COMMUNICATOR 3 DUP FROM 0
with errorcode 1.

NOTE: invoking MPI_ABORT causes Open MPI to kill all MPI processes.
You may or may not see output from other processes, depending on
exactly when Open MPI kills them.
--------------------------------------------------------------------------
--------------------------------------------------------------------------
MPI_ABORT was invoked on rank 538 in communicator MPI COMMUNICATOR 3 DUP FROM 0
with errorcode 1.

NOTE: invoking MPI_ABORT causes Open MPI to kill all MPI processes.
You may or may not see output from other processes, depending on
exactly when Open MPI kills them.
--------------------------------------------------------------------------
--------------------------------------------------------------------------
MPI_ABORT was invoked on rank 1092 in communicator MPI COMMUNICATOR 3 DUP FROM 0
with errorcode 1.

NOTE: invoking MPI_ABORT causes Open MPI to kill all MPI processes.
You may or may not see output from other processes, depending on
exactly when Open MPI kills them.
--------------------------------------------------------------------------
--------------------------------------------------------------------------
MPI_ABORT was invoked on rank 866 in communicator MPI COMMUNICATOR 3 DUP FROM 0
with errorcode 1.

NOTE: invoking MPI_ABORT causes Open MPI to kill all MPI processes.
You may or may not see output from other processes, depending on
exactly when Open MPI kills them.
--------------------------------------------------------------------------
--------------------------------------------------------------------------
MPI_ABORT was invoked on rank 903 in communicator MPI COMMUNICATOR 3 DUP FROM 0
with errorcode 1.

NOTE: invoking MPI_ABORT causes Open MPI to kill all MPI processes.
You may or may not see output from other processes, depending on
exactly when Open MPI kills them.
--------------------------------------------------------------------------
--------------------------------------------------------------------------
MPI_ABORT was invoked on rank 516 in communicator MPI COMMUNICATOR 3 DUP FROM 0
with errorcode 1.

NOTE: invoking MPI_ABORT causes Open MPI to kill all MPI processes.
You may or may not see output from other processes, depending on
exactly when Open MPI kills them.
--------------------------------------------------------------------------
--------------------------------------------------------------------------
MPI_ABORT was invoked on rank 1014 in communicator MPI COMMUNICATOR 3 DUP FROM 0
with errorcode 1.

NOTE: invoking MPI_ABORT causes Open MPI to kill all MPI processes.
You may or may not see output from other processes, depending on
exactly when Open MPI kills them.
--------------------------------------------------------------------------
--------------------------------------------------------------------------
MPI_ABORT was invoked on rank 813 in communicator MPI COMMUNICATOR 3 DUP FROM 0
with errorcode 1.

NOTE: invoking MPI_ABORT causes Open MPI to kill all MPI processes.
You may or may not see output from other processes, depending on
exactly when Open MPI kills them.
--------------------------------------------------------------------------
--------------------------------------------------------------------------
MPI_ABORT was invoked on rank 922 in communicator MPI COMMUNICATOR 3 DUP FROM 0
with errorcode 1.

NOTE: invoking MPI_ABORT causes Open MPI to kill all MPI processes.
You may or may not see output from other processes, depending on
exactly when Open MPI kills them.
--------------------------------------------------------------------------
--------------------------------------------------------------------------
MPI_ABORT was invoked on rank 617 in communicator MPI COMMUNICATOR 3 DUP FROM 0
with errorcode 1.

NOTE: invoking MPI_ABORT causes Open MPI to kill all MPI processes.
You may or may not see output from other processes, depending on
exactly when Open MPI kills them.
--------------------------------------------------------------------------
--------------------------------------------------------------------------
MPI_ABORT was invoked on rank 587 in communicator MPI COMMUNICATOR 3 DUP FROM 0
with errorcode 1.

NOTE: invoking MPI_ABORT causes Open MPI to kill all MPI processes.
You may or may not see output from other processes, depending on
exactly when Open MPI kills them.
--------------------------------------------------------------------------
--------------------------------------------------------------------------
MPI_ABORT was invoked on rank 1053 in communicator MPI COMMUNICATOR 3 DUP FROM 0
with errorcode 1.

NOTE: invoking MPI_ABORT causes Open MPI to kill all MPI processes.
You may or may not see output from other processes, depending on
exactly when Open MPI kills them.
--------------------------------------------------------------------------
--------------------------------------------------------------------------
MPI_ABORT was invoked on rank 843 in communicator MPI COMMUNICATOR 3 DUP FROM 0
with errorcode 1.

NOTE: invoking MPI_ABORT causes Open MPI to kill all MPI processes.
You may or may not see output from other processes, depending on
exactly when Open MPI kills them.
--------------------------------------------------------------------------
--------------------------------------------------------------------------
MPI_ABORT was invoked on rank 945 in communicator MPI COMMUNICATOR 3 DUP FROM 0
with errorcode 1.

NOTE: invoking MPI_ABORT causes Open MPI to kill all MPI processes.
You may or may not see output from other processes, depending on
exactly when Open MPI kills them.
--------------------------------------------------------------------------
--------------------------------------------------------------------------
MPI_ABORT was invoked on rank 591 in communicator MPI COMMUNICATOR 3 DUP FROM 0
with errorcode 1.

NOTE: invoking MPI_ABORT causes Open MPI to kill all MPI processes.
You may or may not see output from other processes, depending on
exactly when Open MPI kills them.
--------------------------------------------------------------------------
--------------------------------------------------------------------------
MPI_ABORT was invoked on rank 1076 in communicator MPI COMMUNICATOR 3 DUP FROM 0
with errorcode 1.

NOTE: invoking MPI_ABORT causes Open MPI to kill all MPI processes.
You may or may not see output from other processes, depending on
exactly when Open MPI kills them.
--------------------------------------------------------------------------
--------------------------------------------------------------------------
MPI_ABORT was invoked on rank 809 in communicator MPI COMMUNICATOR 3 DUP FROM 0
with errorcode 1.

NOTE: invoking MPI_ABORT causes Open MPI to kill all MPI processes.
You may or may not see output from other processes, depending on
exactly when Open MPI kills them.
--------------------------------------------------------------------------
--------------------------------------------------------------------------
MPI_ABORT was invoked on rank 906 in communicator MPI COMMUNICATOR 3 DUP FROM 0
with errorcode 1.

NOTE: invoking MPI_ABORT causes Open MPI to kill all MPI processes.
You may or may not see output from other processes, depending on
exactly when Open MPI kills them.
--------------------------------------------------------------------------
--------------------------------------------------------------------------
MPI_ABORT was invoked on rank 1011 in communicator MPI COMMUNICATOR 3 DUP FROM 0
with errorcode 1.

NOTE: invoking MPI_ABORT causes Open MPI to kill all MPI processes.
You may or may not see output from other processes, depending on
exactly when Open MPI kills them.
--------------------------------------------------------------------------
--------------------------------------------------------------------------
MPI_ABORT was invoked on rank 879 in communicator MPI COMMUNICATOR 3 DUP FROM 0
with errorcode 1.

NOTE: invoking MPI_ABORT causes Open MPI to kill all MPI processes.
You may or may not see output from other processes, depending on
exactly when Open MPI kills them.
--------------------------------------------------------------------------
--------------------------------------------------------------------------
MPI_ABORT was invoked on rank 930 in communicator MPI COMMUNICATOR 3 DUP FROM 0
with errorcode 1.

NOTE: invoking MPI_ABORT causes Open MPI to kill all MPI processes.
You may or may not see output from other processes, depending on
exactly when Open MPI kills them.
--------------------------------------------------------------------------
--------------------------------------------------------------------------
MPI_ABORT was invoked on rank 1088 in communicator MPI COMMUNICATOR 3 DUP FROM 0
with errorcode 1.

NOTE: invoking MPI_ABORT causes Open MPI to kill all MPI processes.
You may or may not see output from other processes, depending on
exactly when Open MPI kills them.
--------------------------------------------------------------------------
--------------------------------------------------------------------------
MPI_ABORT was invoked on rank 822 in communicator MPI COMMUNICATOR 3 DUP FROM 0
with errorcode 1.

NOTE: invoking MPI_ABORT causes Open MPI to kill all MPI processes.
You may or may not see output from other processes, depending on
exactly when Open MPI kills them.
--------------------------------------------------------------------------
--------------------------------------------------------------------------
MPI_ABORT was invoked on rank 934 in communicator MPI COMMUNICATOR 3 DUP FROM 0
with errorcode 1.

NOTE: invoking MPI_ABORT causes Open MPI to kill all MPI processes.
You may or may not see output from other processes, depending on
exactly when Open MPI kills them.
--------------------------------------------------------------------------
--------------------------------------------------------------------------
MPI_ABORT was invoked on rank 826 in communicator MPI COMMUNICATOR 3 DUP FROM 0
with errorcode 1.

NOTE: invoking MPI_ABORT causes Open MPI to kill all MPI processes.
You may or may not see output from other processes, depending on
exactly when Open MPI kills them.
--------------------------------------------------------------------------
--------------------------------------------------------------------------
MPI_ABORT was invoked on rank 971 in communicator MPI COMMUNICATOR 3 DUP FROM 0
with errorcode 1.

NOTE: invoking MPI_ABORT causes Open MPI to kill all MPI processes.
You may or may not see output from other processes, depending on
exactly when Open MPI kills them.
--------------------------------------------------------------------------
--------------------------------------------------------------------------
MPI_ABORT was invoked on rank 1074 in communicator MPI COMMUNICATOR 3 DUP FROM 0
with errorcode 1.

NOTE: invoking MPI_ABORT causes Open MPI to kill all MPI processes.
You may or may not see output from other processes, depending on
exactly when Open MPI kills them.
--------------------------------------------------------------------------
--------------------------------------------------------------------------
MPI_ABORT was invoked on rank 901 in communicator MPI COMMUNICATOR 3 DUP FROM 0
with errorcode 1.

NOTE: invoking MPI_ABORT causes Open MPI to kill all MPI processes.
You may or may not see output from other processes, depending on
exactly when Open MPI kills them.
--------------------------------------------------------------------------
--------------------------------------------------------------------------
MPI_ABORT was invoked on rank 659 in communicator MPI COMMUNICATOR 3 DUP FROM 0
with errorcode 1.

NOTE: invoking MPI_ABORT causes Open MPI to kill all MPI processes.
You may or may not see output from other processes, depending on
exactly when Open MPI kills them.
--------------------------------------------------------------------------
--------------------------------------------------------------------------
MPI_ABORT was invoked on rank 560 in communicator MPI COMMUNICATOR 3 DUP FROM 0
with errorcode 1.

NOTE: invoking MPI_ABORT causes Open MPI to kill all MPI processes.
You may or may not see output from other processes, depending on
exactly when Open MPI kills them.
--------------------------------------------------------------------------
--------------------------------------------------------------------------
MPI_ABORT was invoked on rank 1045 in communicator MPI COMMUNICATOR 3 DUP FROM 0
with errorcode 1.

NOTE: invoking MPI_ABORT causes Open MPI to kill all MPI processes.
You may or may not see output from other processes, depending on
exactly when Open MPI kills them.
--------------------------------------------------------------------------
--------------------------------------------------------------------------
MPI_ABORT was invoked on rank 862 in communicator MPI COMMUNICATOR 3 DUP FROM 0
with errorcode 1.

NOTE: invoking MPI_ABORT causes Open MPI to kill all MPI processes.
You may or may not see output from other processes, depending on
exactly when Open MPI kills them.
--------------------------------------------------------------------------
--------------------------------------------------------------------------
MPI_ABORT was invoked on rank 933 in communicator MPI COMMUNICATOR 3 DUP FROM 0
with errorcode 1.

NOTE: invoking MPI_ABORT causes Open MPI to kill all MPI processes.
You may or may not see output from other processes, depending on
exactly when Open MPI kills them.
--------------------------------------------------------------------------
--------------------------------------------------------------------------
MPI_ABORT was invoked on rank 1080 in communicator MPI COMMUNICATOR 3 DUP FROM 0
with errorcode 1.

NOTE: invoking MPI_ABORT causes Open MPI to kill all MPI processes.
You may or may not see output from other processes, depending on
exactly when Open MPI kills them.
--------------------------------------------------------------------------
--------------------------------------------------------------------------
MPI_ABORT was invoked on rank 835 in communicator MPI COMMUNICATOR 3 DUP FROM 0
with errorcode 1.

NOTE: invoking MPI_ABORT causes Open MPI to kill all MPI processes.
You may or may not see output from other processes, depending on
exactly when Open MPI kills them.
--------------------------------------------------------------------------
--------------------------------------------------------------------------
MPI_ABORT was invoked on rank 904 in communicator MPI COMMUNICATOR 3 DUP FROM 0
with errorcode 1.

NOTE: invoking MPI_ABORT causes Open MPI to kill all MPI processes.
You may or may not see output from other processes, depending on
exactly when Open MPI kills them.
--------------------------------------------------------------------------
--------------------------------------------------------------------------
MPI_ABORT was invoked on rank 647 in communicator MPI COMMUNICATOR 3 DUP FROM 0
with errorcode 1.

NOTE: invoking MPI_ABORT causes Open MPI to kill all MPI processes.
You may or may not see output from other processes, depending on
exactly when Open MPI kills them.
--------------------------------------------------------------------------
--------------------------------------------------------------------------
MPI_ABORT was invoked on rank 592 in communicator MPI COMMUNICATOR 3 DUP FROM 0
with errorcode 1.

NOTE: invoking MPI_ABORT causes Open MPI to kill all MPI processes.
You may or may not see output from other processes, depending on
exactly when Open MPI kills them.
--------------------------------------------------------------------------
--------------------------------------------------------------------------
MPI_ABORT was invoked on rank 808 in communicator MPI COMMUNICATOR 3 DUP FROM 0
with errorcode 1.

NOTE: invoking MPI_ABORT causes Open MPI to kill all MPI processes.
You may or may not see output from other processes, depending on
exactly when Open MPI kills them.
--------------------------------------------------------------------------
--------------------------------------------------------------------------
MPI_ABORT was invoked on rank 597 in communicator MPI COMMUNICATOR 3 DUP FROM 0
with errorcode 1.

NOTE: invoking MPI_ABORT causes Open MPI to kill all MPI processes.
You may or may not see output from other processes, depending on
exactly when Open MPI kills them.
--------------------------------------------------------------------------
--------------------------------------------------------------------------
MPI_ABORT was invoked on rank 833 in communicator MPI COMMUNICATOR 3 DUP FROM 0
with errorcode 1.

NOTE: invoking MPI_ABORT causes Open MPI to kill all MPI processes.
You may or may not see output from other processes, depending on
exactly when Open MPI kills them.
--------------------------------------------------------------------------
--------------------------------------------------------------------------
MPI_ABORT was invoked on rank 916 in communicator MPI COMMUNICATOR 3 DUP FROM 0
with errorcode 1.

NOTE: invoking MPI_ABORT causes Open MPI to kill all MPI processes.
You may or may not see output from other processes, depending on
exactly when Open MPI kills them.
--------------------------------------------------------------------------
--------------------------------------------------------------------------
MPI_ABORT was invoked on rank 1038 in communicator MPI COMMUNICATOR 3 DUP FROM 0
with errorcode 1.

NOTE: invoking MPI_ABORT causes Open MPI to kill all MPI processes.
You may or may not see output from other processes, depending on
exactly when Open MPI kills them.
--------------------------------------------------------------------------
--------------------------------------------------------------------------
MPI_ABORT was invoked on rank 837 in communicator MPI COMMUNICATOR 3 DUP FROM 0
with errorcode 1.

NOTE: invoking MPI_ABORT causes Open MPI to kill all MPI processes.
You may or may not see output from other processes, depending on
exactly when Open MPI kills them.
--------------------------------------------------------------------------
--------------------------------------------------------------------------
MPI_ABORT was invoked on rank 946 in communicator MPI COMMUNICATOR 3 DUP FROM 0
with errorcode 1.

NOTE: invoking MPI_ABORT causes Open MPI to kill all MPI processes.
You may or may not see output from other processes, depending on
exactly when Open MPI kills them.
--------------------------------------------------------------------------
--------------------------------------------------------------------------
MPI_ABORT was invoked on rank 517 in communicator MPI COMMUNICATOR 3 DUP FROM 0
with errorcode 1.

NOTE: invoking MPI_ABORT causes Open MPI to kill all MPI processes.
You may or may not see output from other processes, depending on
exactly when Open MPI kills them.
--------------------------------------------------------------------------
--------------------------------------------------------------------------
MPI_ABORT was invoked on rank 860 in communicator MPI COMMUNICATOR 3 DUP FROM 0
with errorcode 1.

NOTE: invoking MPI_ABORT causes Open MPI to kill all MPI processes.
You may or may not see output from other processes, depending on
exactly when Open MPI kills them.
--------------------------------------------------------------------------
--------------------------------------------------------------------------
MPI_ABORT was invoked on rank 947 in communicator MPI COMMUNICATOR 3 DUP FROM 0
with errorcode 1.

NOTE: invoking MPI_ABORT causes Open MPI to kill all MPI processes.
You may or may not see output from other processes, depending on
exactly when Open MPI kills them.
--------------------------------------------------------------------------
--------------------------------------------------------------------------
MPI_ABORT was invoked on rank 1077 in communicator MPI COMMUNICATOR 3 DUP FROM 0
with errorcode 1.

NOTE: invoking MPI_ABORT causes Open MPI to kill all MPI processes.
You may or may not see output from other processes, depending on
exactly when Open MPI kills them.
--------------------------------------------------------------------------
--------------------------------------------------------------------------
MPI_ABORT was invoked on rank 853 in communicator MPI COMMUNICATOR 3 DUP FROM 0
with errorcode 1.

NOTE: invoking MPI_ABORT causes Open MPI to kill all MPI processes.
You may or may not see output from other processes, depending on
exactly when Open MPI kills them.
--------------------------------------------------------------------------
--------------------------------------------------------------------------
MPI_ABORT was invoked on rank 940 in communicator MPI COMMUNICATOR 3 DUP FROM 0
with errorcode 1.

NOTE: invoking MPI_ABORT causes Open MPI to kill all MPI processes.
You may or may not see output from other processes, depending on
exactly when Open MPI kills them.
--------------------------------------------------------------------------
--------------------------------------------------------------------------
MPI_ABORT was invoked on rank 898 in communicator MPI COMMUNICATOR 3 DUP FROM 0
with errorcode 1.

NOTE: invoking MPI_ABORT causes Open MPI to kill all MPI processes.
You may or may not see output from other processes, depending on
exactly when Open MPI kills them.
--------------------------------------------------------------------------
--------------------------------------------------------------------------
MPI_ABORT was invoked on rank 956 in communicator MPI COMMUNICATOR 3 DUP FROM 0
with errorcode 1.

NOTE: invoking MPI_ABORT causes Open MPI to kill all MPI processes.
You may or may not see output from other processes, depending on
exactly when Open MPI kills them.
--------------------------------------------------------------------------
--------------------------------------------------------------------------
MPI_ABORT was invoked on rank 1091 in communicator MPI COMMUNICATOR 3 DUP FROM 0
with errorcode 1.

NOTE: invoking MPI_ABORT causes Open MPI to kill all MPI processes.
You may or may not see output from other processes, depending on
exactly when Open MPI kills them.
--------------------------------------------------------------------------
--------------------------------------------------------------------------
MPI_ABORT was invoked on rank 801 in communicator MPI COMMUNICATOR 3 DUP FROM 0
with errorcode 1.

NOTE: invoking MPI_ABORT causes Open MPI to kill all MPI processes.
You may or may not see output from other processes, depending on
exactly when Open MPI kills them.
--------------------------------------------------------------------------
--------------------------------------------------------------------------
MPI_ABORT was invoked on rank 986 in communicator MPI COMMUNICATOR 3 DUP FROM 0
with errorcode 1.

NOTE: invoking MPI_ABORT causes Open MPI to kill all MPI processes.
You may or may not see output from other processes, depending on
exactly when Open MPI kills them.
--------------------------------------------------------------------------
--------------------------------------------------------------------------
MPI_ABORT was invoked on rank 616 in communicator MPI COMMUNICATOR 3 DUP FROM 0
with errorcode 1.

NOTE: invoking MPI_ABORT causes Open MPI to kill all MPI processes.
You may or may not see output from other processes, depending on
exactly when Open MPI kills them.
--------------------------------------------------------------------------
--------------------------------------------------------------------------
MPI_ABORT was invoked on rank 1029 in communicator MPI COMMUNICATOR 3 DUP FROM 0
with errorcode 1.

NOTE: invoking MPI_ABORT causes Open MPI to kill all MPI processes.
You may or may not see output from other processes, depending on
exactly when Open MPI kills them.
--------------------------------------------------------------------------
--------------------------------------------------------------------------
MPI_ABORT was invoked on rank 979 in communicator MPI COMMUNICATOR 3 DUP FROM 0
with errorcode 1.

NOTE: invoking MPI_ABORT causes Open MPI to kill all MPI processes.
You may or may not see output from other processes, depending on
exactly when Open MPI kills them.
--------------------------------------------------------------------------
--------------------------------------------------------------------------
MPI_ABORT was invoked on rank 955 in communicator MPI COMMUNICATOR 3 DUP FROM 0
with errorcode 1.

NOTE: invoking MPI_ABORT causes Open MPI to kill all MPI processes.
You may or may not see output from other processes, depending on
exactly when Open MPI kills them.
--------------------------------------------------------------------------
--------------------------------------------------------------------------
MPI_ABORT was invoked on rank 682 in communicator MPI COMMUNICATOR 3 DUP FROM 0
with errorcode 1.

NOTE: invoking MPI_ABORT causes Open MPI to kill all MPI processes.
You may or may not see output from other processes, depending on
exactly when Open MPI kills them.
--------------------------------------------------------------------------
--------------------------------------------------------------------------
MPI_ABORT was invoked on rank 599 in communicator MPI COMMUNICATOR 3 DUP FROM 0
with errorcode 1.

NOTE: invoking MPI_ABORT causes Open MPI to kill all MPI processes.
You may or may not see output from other processes, depending on
exactly when Open MPI kills them.
--------------------------------------------------------------------------
--------------------------------------------------------------------------
MPI_ABORT was invoked on rank 1089 in communicator MPI COMMUNICATOR 3 DUP FROM 0
with errorcode 1.

NOTE: invoking MPI_ABORT causes Open MPI to kill all MPI processes.
You may or may not see output from other processes, depending on
exactly when Open MPI kills them.
--------------------------------------------------------------------------
--------------------------------------------------------------------------
MPI_ABORT was invoked on rank 1021 in communicator MPI COMMUNICATOR 3 DUP FROM 0
with errorcode 1.

NOTE: invoking MPI_ABORT causes Open MPI to kill all MPI processes.
You may or may not see output from other processes, depending on
exactly when Open MPI kills them.
--------------------------------------------------------------------------
--------------------------------------------------------------------------
MPI_ABORT was invoked on rank 921 in communicator MPI COMMUNICATOR 3 DUP FROM 0
with errorcode 1.

NOTE: invoking MPI_ABORT causes Open MPI to kill all MPI processes.
You may or may not see output from other processes, depending on
exactly when Open MPI kills them.
--------------------------------------------------------------------------
--------------------------------------------------------------------------
MPI_ABORT was invoked on rank 693 in communicator MPI COMMUNICATOR 3 DUP FROM 0
with errorcode 1.

NOTE: invoking MPI_ABORT causes Open MPI to kill all MPI processes.
You may or may not see output from other processes, depending on
exactly when Open MPI kills them.
--------------------------------------------------------------------------
--------------------------------------------------------------------------
MPI_ABORT was invoked on rank 573 in communicator MPI COMMUNICATOR 3 DUP FROM 0
with errorcode 1.

NOTE: invoking MPI_ABORT causes Open MPI to kill all MPI processes.
You may or may not see output from other processes, depending on
exactly when Open MPI kills them.
--------------------------------------------------------------------------
--------------------------------------------------------------------------
MPI_ABORT was invoked on rank 954 in communicator MPI COMMUNICATOR 3 DUP FROM 0
with errorcode 1.

NOTE: invoking MPI_ABORT causes Open MPI to kill all MPI processes.
You may or may not see output from other processes, depending on
exactly when Open MPI kills them.
--------------------------------------------------------------------------
--------------------------------------------------------------------------
MPI_ABORT was invoked on rank 628 in communicator MPI COMMUNICATOR 3 DUP FROM 0
with errorcode 1.

NOTE: invoking MPI_ABORT causes Open MPI to kill all MPI processes.
You may or may not see output from other processes, depending on
exactly when Open MPI kills them.
--------------------------------------------------------------------------
--------------------------------------------------------------------------
MPI_ABORT was invoked on rank 552 in communicator MPI COMMUNICATOR 3 DUP FROM 0
with errorcode 1.

NOTE: invoking MPI_ABORT causes Open MPI to kill all MPI processes.
You may or may not see output from other processes, depending on
exactly when Open MPI kills them.
--------------------------------------------------------------------------
--------------------------------------------------------------------------
MPI_ABORT was invoked on rank 381 in communicator MPI COMMUNICATOR 3 DUP FROM 0
with errorcode 1.

NOTE: invoking MPI_ABORT causes Open MPI to kill all MPI processes.
You may or may not see output from other processes, depending on
exactly when Open MPI kills them.
--------------------------------------------------------------------------
--------------------------------------------------------------------------
MPI_ABORT was invoked on rank 998 in communicator MPI COMMUNICATOR 3 DUP FROM 0
with errorcode 1.

NOTE: invoking MPI_ABORT causes Open MPI to kill all MPI processes.
You may or may not see output from other processes, depending on
exactly when Open MPI kills them.
--------------------------------------------------------------------------
--------------------------------------------------------------------------
MPI_ABORT was invoked on rank 661 in communicator MPI COMMUNICATOR 3 DUP FROM 0
with errorcode 1.

NOTE: invoking MPI_ABORT causes Open MPI to kill all MPI processes.
You may or may not see output from other processes, depending on
exactly when Open MPI kills them.
--------------------------------------------------------------------------
--------------------------------------------------------------------------
MPI_ABORT was invoked on rank 354 in communicator MPI COMMUNICATOR 3 DUP FROM 0
with errorcode 1.

NOTE: invoking MPI_ABORT causes Open MPI to kill all MPI processes.
You may or may not see output from other processes, depending on
exactly when Open MPI kills them.
--------------------------------------------------------------------------
--------------------------------------------------------------------------
MPI_ABORT was invoked on rank 989 in communicator MPI COMMUNICATOR 3 DUP FROM 0
with errorcode 1.

NOTE: invoking MPI_ABORT causes Open MPI to kill all MPI processes.
You may or may not see output from other processes, depending on
exactly when Open MPI kills them.
--------------------------------------------------------------------------
--------------------------------------------------------------------------
MPI_ABORT was invoked on rank 932 in communicator MPI COMMUNICATOR 3 DUP FROM 0
with errorcode 1.

NOTE: invoking MPI_ABORT causes Open MPI to kill all MPI processes.
You may or may not see output from other processes, depending on
exactly when Open MPI kills them.
--------------------------------------------------------------------------
--------------------------------------------------------------------------
MPI_ABORT was invoked on rank 256 in communicator MPI COMMUNICATOR 3 DUP FROM 0
with errorcode 1.

NOTE: invoking MPI_ABORT causes Open MPI to kill all MPI processes.
You may or may not see output from other processes, depending on
exactly when Open MPI kills them.
--------------------------------------------------------------------------
--------------------------------------------------------------------------
MPI_ABORT was invoked on rank 970 in communicator MPI COMMUNICATOR 3 DUP FROM 0
with errorcode 1.

NOTE: invoking MPI_ABORT causes Open MPI to kill all MPI processes.
You may or may not see output from other processes, depending on
exactly when Open MPI kills them.
--------------------------------------------------------------------------
--------------------------------------------------------------------------
MPI_ABORT was invoked on rank 595 in communicator MPI COMMUNICATOR 3 DUP FROM 0
with errorcode 1.

NOTE: invoking MPI_ABORT causes Open MPI to kill all MPI processes.
You may or may not see output from other processes, depending on
exactly when Open MPI kills them.
--------------------------------------------------------------------------
--------------------------------------------------------------------------
MPI_ABORT was invoked on rank 217 in communicator MPI COMMUNICATOR 3 DUP FROM 0
with errorcode 1.

NOTE: invoking MPI_ABORT causes Open MPI to kill all MPI processes.
You may or may not see output from other processes, depending on
exactly when Open MPI kills them.
--------------------------------------------------------------------------
--------------------------------------------------------------------------
MPI_ABORT was invoked on rank 684 in communicator MPI COMMUNICATOR 3 DUP FROM 0
with errorcode 1.

NOTE: invoking MPI_ABORT causes Open MPI to kill all MPI processes.
You may or may not see output from other processes, depending on
exactly when Open MPI kills them.
--------------------------------------------------------------------------
--------------------------------------------------------------------------
MPI_ABORT was invoked on rank 281 in communicator MPI COMMUNICATOR 3 DUP FROM 0
with errorcode 1.

NOTE: invoking MPI_ABORT causes Open MPI to kill all MPI processes.
You may or may not see output from other processes, depending on
exactly when Open MPI kills them.
--------------------------------------------------------------------------
--------------------------------------------------------------------------
MPI_ABORT was invoked on rank 905 in communicator MPI COMMUNICATOR 3 DUP FROM 0
with errorcode 1.

NOTE: invoking MPI_ABORT causes Open MPI to kill all MPI processes.
You may or may not see output from other processes, depending on
exactly when Open MPI kills them.
--------------------------------------------------------------------------
--------------------------------------------------------------------------
MPI_ABORT was invoked on rank 242 in communicator MPI COMMUNICATOR 3 DUP FROM 0
with errorcode 1.

NOTE: invoking MPI_ABORT causes Open MPI to kill all MPI processes.
You may or may not see output from other processes, depending on
exactly when Open MPI kills them.
--------------------------------------------------------------------------
--------------------------------------------------------------------------
MPI_ABORT was invoked on rank 342 in communicator MPI COMMUNICATOR 3 DUP FROM 0
with errorcode 1.

NOTE: invoking MPI_ABORT causes Open MPI to kill all MPI processes.
You may or may not see output from other processes, depending on
exactly when Open MPI kills them.
--------------------------------------------------------------------------
--------------------------------------------------------------------------
MPI_ABORT was invoked on rank 688 in communicator MPI COMMUNICATOR 3 DUP FROM 0
with errorcode 1.

NOTE: invoking MPI_ABORT causes Open MPI to kill all MPI processes.
You may or may not see output from other processes, depending on
exactly when Open MPI kills them.
--------------------------------------------------------------------------
--------------------------------------------------------------------------
MPI_ABORT was invoked on rank 298 in communicator MPI COMMUNICATOR 3 DUP FROM 0
with errorcode 1.

NOTE: invoking MPI_ABORT causes Open MPI to kill all MPI processes.
You may or may not see output from other processes, depending on
exactly when Open MPI kills them.
--------------------------------------------------------------------------
--------------------------------------------------------------------------
MPI_ABORT was invoked on rank 968 in communicator MPI COMMUNICATOR 3 DUP FROM 0
with errorcode 1.

NOTE: invoking MPI_ABORT causes Open MPI to kill all MPI processes.
You may or may not see output from other processes, depending on
exactly when Open MPI kills them.
--------------------------------------------------------------------------
--------------------------------------------------------------------------
MPI_ABORT was invoked on rank 547 in communicator MPI COMMUNICATOR 3 DUP FROM 0
with errorcode 1.

NOTE: invoking MPI_ABORT causes Open MPI to kill all MPI processes.
You may or may not see output from other processes, depending on
exactly when Open MPI kills them.
--------------------------------------------------------------------------
--------------------------------------------------------------------------
MPI_ABORT was invoked on rank 202 in communicator MPI COMMUNICATOR 3 DUP FROM 0
with errorcode 1.

NOTE: invoking MPI_ABORT causes Open MPI to kill all MPI processes.
You may or may not see output from other processes, depending on
exactly when Open MPI kills them.
--------------------------------------------------------------------------
--------------------------------------------------------------------------
MPI_ABORT was invoked on rank 332 in communicator MPI COMMUNICATOR 3 DUP FROM 0
with errorcode 1.

NOTE: invoking MPI_ABORT causes Open MPI to kill all MPI processes.
You may or may not see output from other processes, depending on
exactly when Open MPI kills them.
--------------------------------------------------------------------------
--------------------------------------------------------------------------
MPI_ABORT was invoked on rank 674 in communicator MPI COMMUNICATOR 3 DUP FROM 0
with errorcode 1.

NOTE: invoking MPI_ABORT causes Open MPI to kill all MPI processes.
You may or may not see output from other processes, depending on
exactly when Open MPI kills them.
--------------------------------------------------------------------------
--------------------------------------------------------------------------
MPI_ABORT was invoked on rank 277 in communicator MPI COMMUNICATOR 3 DUP FROM 0
with errorcode 1.

NOTE: invoking MPI_ABORT causes Open MPI to kill all MPI processes.
You may or may not see output from other processes, depending on
exactly when Open MPI kills them.
--------------------------------------------------------------------------
--------------------------------------------------------------------------
MPI_ABORT was invoked on rank 1051 in communicator MPI COMMUNICATOR 3 DUP FROM 0
with errorcode 1.

NOTE: invoking MPI_ABORT causes Open MPI to kill all MPI processes.
You may or may not see output from other processes, depending on
exactly when Open MPI kills them.
--------------------------------------------------------------------------
--------------------------------------------------------------------------
MPI_ABORT was invoked on rank 506 in communicator MPI COMMUNICATOR 3 DUP FROM 0
with errorcode 1.

NOTE: invoking MPI_ABORT causes Open MPI to kill all MPI processes.
You may or may not see output from other processes, depending on
exactly when Open MPI kills them.
--------------------------------------------------------------------------
--------------------------------------------------------------------------
MPI_ABORT was invoked on rank 282 in communicator MPI COMMUNICATOR 3 DUP FROM 0
with errorcode 1.

NOTE: invoking MPI_ABORT causes Open MPI to kill all MPI processes.
You may or may not see output from other processes, depending on
exactly when Open MPI kills them.
--------------------------------------------------------------------------
--------------------------------------------------------------------------
MPI_ABORT was invoked on rank 1013 in communicator MPI COMMUNICATOR 3 DUP FROM 0
with errorcode 1.

NOTE: invoking MPI_ABORT causes Open MPI to kill all MPI processes.
You may or may not see output from other processes, depending on
exactly when Open MPI kills them.
--------------------------------------------------------------------------
--------------------------------------------------------------------------
MPI_ABORT was invoked on rank 557 in communicator MPI COMMUNICATOR 3 DUP FROM 0
with errorcode 1.

NOTE: invoking MPI_ABORT causes Open MPI to kill all MPI processes.
You may or may not see output from other processes, depending on
exactly when Open MPI kills them.
--------------------------------------------------------------------------
--------------------------------------------------------------------------
MPI_ABORT was invoked on rank 232 in communicator MPI COMMUNICATOR 3 DUP FROM 0
with errorcode 1.

NOTE: invoking MPI_ABORT causes Open MPI to kill all MPI processes.
You may or may not see output from other processes, depending on
exactly when Open MPI kills them.
--------------------------------------------------------------------------
--------------------------------------------------------------------------
MPI_ABORT was invoked on rank 1030 in communicator MPI COMMUNICATOR 3 DUP FROM 0
with errorcode 1.

NOTE: invoking MPI_ABORT causes Open MPI to kill all MPI processes.
You may or may not see output from other processes, depending on
exactly when Open MPI kills them.
--------------------------------------------------------------------------
--------------------------------------------------------------------------
MPI_ABORT was invoked on rank 575 in communicator MPI COMMUNICATOR 3 DUP FROM 0
with errorcode 1.

NOTE: invoking MPI_ABORT causes Open MPI to kill all MPI processes.
You may or may not see output from other processes, depending on
exactly when Open MPI kills them.
--------------------------------------------------------------------------
--------------------------------------------------------------------------
MPI_ABORT was invoked on rank 203 in communicator MPI COMMUNICATOR 3 DUP FROM 0
with errorcode 1.

NOTE: invoking MPI_ABORT causes Open MPI to kill all MPI processes.
You may or may not see output from other processes, depending on
exactly when Open MPI kills them.
--------------------------------------------------------------------------
--------------------------------------------------------------------------
MPI_ABORT was invoked on rank 1008 in communicator MPI COMMUNICATOR 3 DUP FROM 0
with errorcode 1.

NOTE: invoking MPI_ABORT causes Open MPI to kill all MPI processes.
You may or may not see output from other processes, depending on
exactly when Open MPI kills them.
--------------------------------------------------------------------------
--------------------------------------------------------------------------
MPI_ABORT was invoked on rank 526 in communicator MPI COMMUNICATOR 3 DUP FROM 0
with errorcode 1.

NOTE: invoking MPI_ABORT causes Open MPI to kill all MPI processes.
You may or may not see output from other processes, depending on
exactly when Open MPI kills them.
--------------------------------------------------------------------------
--------------------------------------------------------------------------
MPI_ABORT was invoked on rank 1016 in communicator MPI COMMUNICATOR 3 DUP FROM 0
with errorcode 1.

NOTE: invoking MPI_ABORT causes Open MPI to kill all MPI processes.
You may or may not see output from other processes, depending on
exactly when Open MPI kills them.
--------------------------------------------------------------------------
--------------------------------------------------------------------------
MPI_ABORT was invoked on rank 926 in communicator MPI COMMUNICATOR 3 DUP FROM 0
with errorcode 1.

NOTE: invoking MPI_ABORT causes Open MPI to kill all MPI processes.
You may or may not see output from other processes, depending on
exactly when Open MPI kills them.
--------------------------------------------------------------------------
--------------------------------------------------------------------------
MPI_ABORT was invoked on rank 276 in communicator MPI COMMUNICATOR 3 DUP FROM 0
with errorcode 1.

NOTE: invoking MPI_ABORT causes Open MPI to kill all MPI processes.
You may or may not see output from other processes, depending on
exactly when Open MPI kills them.
--------------------------------------------------------------------------
--------------------------------------------------------------------------
MPI_ABORT was invoked on rank 1023 in communicator MPI COMMUNICATOR 3 DUP FROM 0
with errorcode 1.

NOTE: invoking MPI_ABORT causes Open MPI to kill all MPI processes.
You may or may not see output from other processes, depending on
exactly when Open MPI kills them.
--------------------------------------------------------------------------
--------------------------------------------------------------------------
MPI_ABORT was invoked on rank 675 in communicator MPI COMMUNICATOR 3 DUP FROM 0
with errorcode 1.

NOTE: invoking MPI_ABORT causes Open MPI to kill all MPI processes.
You may or may not see output from other processes, depending on
exactly when Open MPI kills them.
--------------------------------------------------------------------------
--------------------------------------------------------------------------
MPI_ABORT was invoked on rank 537 in communicator MPI COMMUNICATOR 3 DUP FROM 0
with errorcode 1.

NOTE: invoking MPI_ABORT causes Open MPI to kill all MPI processes.
You may or may not see output from other processes, depending on
exactly when Open MPI kills them.
--------------------------------------------------------------------------
--------------------------------------------------------------------------
MPI_ABORT was invoked on rank 212 in communicator MPI COMMUNICATOR 3 DUP FROM 0
with errorcode 1.

NOTE: invoking MPI_ABORT causes Open MPI to kill all MPI processes.
You may or may not see output from other processes, depending on
exactly when Open MPI kills them.
--------------------------------------------------------------------------
--------------------------------------------------------------------------
MPI_ABORT was invoked on rank 1062 in communicator MPI COMMUNICATOR 3 DUP FROM 0
with errorcode 1.

NOTE: invoking MPI_ABORT causes Open MPI to kill all MPI processes.
You may or may not see output from other processes, depending on
exactly when Open MPI kills them.
--------------------------------------------------------------------------
--------------------------------------------------------------------------
MPI_ABORT was invoked on rank 245 in communicator MPI COMMUNICATOR 3 DUP FROM 0
with errorcode 1.

NOTE: invoking MPI_ABORT causes Open MPI to kill all MPI processes.
You may or may not see output from other processes, depending on
exactly when Open MPI kills them.
--------------------------------------------------------------------------
--------------------------------------------------------------------------
MPI_ABORT was invoked on rank 1097 in communicator MPI COMMUNICATOR 3 DUP FROM 0
with errorcode 1.

NOTE: invoking MPI_ABORT causes Open MPI to kill all MPI processes.
You may or may not see output from other processes, depending on
exactly when Open MPI kills them.
--------------------------------------------------------------------------
--------------------------------------------------------------------------
MPI_ABORT was invoked on rank 911 in communicator MPI COMMUNICATOR 3 DUP FROM 0
with errorcode 1.

NOTE: invoking MPI_ABORT causes Open MPI to kill all MPI processes.
You may or may not see output from other processes, depending on
exactly when Open MPI kills them.
--------------------------------------------------------------------------
--------------------------------------------------------------------------
MPI_ABORT was invoked on rank 686 in communicator MPI COMMUNICATOR 3 DUP FROM 0
with errorcode 1.

NOTE: invoking MPI_ABORT causes Open MPI to kill all MPI processes.
You may or may not see output from other processes, depending on
exactly when Open MPI kills them.
--------------------------------------------------------------------------
--------------------------------------------------------------------------
MPI_ABORT was invoked on rank 504 in communicator MPI COMMUNICATOR 3 DUP FROM 0
with errorcode 1.

NOTE: invoking MPI_ABORT causes Open MPI to kill all MPI processes.
You may or may not see output from other processes, depending on
exactly when Open MPI kills them.
--------------------------------------------------------------------------
--------------------------------------------------------------------------
MPI_ABORT was invoked on rank 280 in communicator MPI COMMUNICATOR 3 DUP FROM 0
with errorcode 1.

NOTE: invoking MPI_ABORT causes Open MPI to kill all MPI processes.
You may or may not see output from other processes, depending on
exactly when Open MPI kills them.
--------------------------------------------------------------------------
--------------------------------------------------------------------------
MPI_ABORT was invoked on rank 1046 in communicator MPI COMMUNICATOR 3 DUP FROM 0
with errorcode 1.

NOTE: invoking MPI_ABORT causes Open MPI to kill all MPI processes.
You may or may not see output from other processes, depending on
exactly when Open MPI kills them.
--------------------------------------------------------------------------
--------------------------------------------------------------------------
MPI_ABORT was invoked on rank 225 in communicator MPI COMMUNICATOR 3 DUP FROM 0
with errorcode 1.

NOTE: invoking MPI_ABORT causes Open MPI to kill all MPI processes.
You may or may not see output from other processes, depending on
exactly when Open MPI kills them.
--------------------------------------------------------------------------
--------------------------------------------------------------------------
MPI_ABORT was invoked on rank 1068 in communicator MPI COMMUNICATOR 3 DUP FROM 0
with errorcode 1.

NOTE: invoking MPI_ABORT causes Open MPI to kill all MPI processes.
You may or may not see output from other processes, depending on
exactly when Open MPI kills them.
--------------------------------------------------------------------------
--------------------------------------------------------------------------
MPI_ABORT was invoked on rank 982 in communicator MPI COMMUNICATOR 3 DUP FROM 0
with errorcode 1.

NOTE: invoking MPI_ABORT causes Open MPI to kill all MPI processes.
You may or may not see output from other processes, depending on
exactly when Open MPI kills them.
--------------------------------------------------------------------------
--------------------------------------------------------------------------
MPI_ABORT was invoked on rank 677 in communicator MPI COMMUNICATOR 3 DUP FROM 0
with errorcode 1.

NOTE: invoking MPI_ABORT causes Open MPI to kill all MPI processes.
You may or may not see output from other processes, depending on
exactly when Open MPI kills them.
--------------------------------------------------------------------------
--------------------------------------------------------------------------
MPI_ABORT was invoked on rank 262 in communicator MPI COMMUNICATOR 3 DUP FROM 0
with errorcode 1.

NOTE: invoking MPI_ABORT causes Open MPI to kill all MPI processes.
You may or may not see output from other processes, depending on
exactly when Open MPI kills them.
--------------------------------------------------------------------------
--------------------------------------------------------------------------
MPI_ABORT was invoked on rank 1095 in communicator MPI COMMUNICATOR 3 DUP FROM 0
with errorcode 1.

NOTE: invoking MPI_ABORT causes Open MPI to kill all MPI processes.
You may or may not see output from other processes, depending on
exactly when Open MPI kills them.
--------------------------------------------------------------------------
--------------------------------------------------------------------------
MPI_ABORT was invoked on rank 937 in communicator MPI COMMUNICATOR 3 DUP FROM 0
with errorcode 1.

NOTE: invoking MPI_ABORT causes Open MPI to kill all MPI processes.
You may or may not see output from other processes, depending on
exactly when Open MPI kills them.
--------------------------------------------------------------------------
--------------------------------------------------------------------------
MPI_ABORT was invoked on rank 644 in communicator MPI COMMUNICATOR 3 DUP FROM 0
with errorcode 1.

NOTE: invoking MPI_ABORT causes Open MPI to kill all MPI processes.
You may or may not see output from other processes, depending on
exactly when Open MPI kills them.
--------------------------------------------------------------------------
--------------------------------------------------------------------------
MPI_ABORT was invoked on rank 236 in communicator MPI COMMUNICATOR 3 DUP FROM 0
with errorcode 1.

NOTE: invoking MPI_ABORT causes Open MPI to kill all MPI processes.
You may or may not see output from other processes, depending on
exactly when Open MPI kills them.
--------------------------------------------------------------------------
--------------------------------------------------------------------------
MPI_ABORT was invoked on rank 309 in communicator MPI COMMUNICATOR 3 DUP FROM 0
with errorcode 1.

NOTE: invoking MPI_ABORT causes Open MPI to kill all MPI processes.
You may or may not see output from other processes, depending on
exactly when Open MPI kills them.
--------------------------------------------------------------------------
--------------------------------------------------------------------------
MPI_ABORT was invoked on rank 1000 in communicator MPI COMMUNICATOR 3 DUP FROM 0
with errorcode 1.

NOTE: invoking MPI_ABORT causes Open MPI to kill all MPI processes.
You may or may not see output from other processes, depending on
exactly when Open MPI kills them.
--------------------------------------------------------------------------
--------------------------------------------------------------------------
MPI_ABORT was invoked on rank 290 in communicator MPI COMMUNICATOR 3 DUP FROM 0
with errorcode 1.

NOTE: invoking MPI_ABORT causes Open MPI to kill all MPI processes.
You may or may not see output from other processes, depending on
exactly when Open MPI kills them.
--------------------------------------------------------------------------
--------------------------------------------------------------------------
MPI_ABORT was invoked on rank 1099 in communicator MPI COMMUNICATOR 3 DUP FROM 0
with errorcode 1.

NOTE: invoking MPI_ABORT causes Open MPI to kill all MPI processes.
You may or may not see output from other processes, depending on
exactly when Open MPI kills them.
--------------------------------------------------------------------------
--------------------------------------------------------------------------
MPI_ABORT was invoked on rank 980 in communicator MPI COMMUNICATOR 3 DUP FROM 0
with errorcode 1.

NOTE: invoking MPI_ABORT causes Open MPI to kill all MPI processes.
You may or may not see output from other processes, depending on
exactly when Open MPI kills them.
--------------------------------------------------------------------------
--------------------------------------------------------------------------
MPI_ABORT was invoked on rank 572 in communicator MPI COMMUNICATOR 3 DUP FROM 0
with errorcode 1.

NOTE: invoking MPI_ABORT causes Open MPI to kill all MPI processes.
You may or may not see output from other processes, depending on
exactly when Open MPI kills them.
--------------------------------------------------------------------------
--------------------------------------------------------------------------
MPI_ABORT was invoked on rank 207 in communicator MPI COMMUNICATOR 3 DUP FROM 0
with errorcode 1.

NOTE: invoking MPI_ABORT causes Open MPI to kill all MPI processes.
You may or may not see output from other processes, depending on
exactly when Open MPI kills them.
--------------------------------------------------------------------------
--------------------------------------------------------------------------
MPI_ABORT was invoked on rank 349 in communicator MPI COMMUNICATOR 3 DUP FROM 0
with errorcode 1.

NOTE: invoking MPI_ABORT causes Open MPI to kill all MPI processes.
You may or may not see output from other processes, depending on
exactly when Open MPI kills them.
--------------------------------------------------------------------------
--------------------------------------------------------------------------
MPI_ABORT was invoked on rank 1098 in communicator MPI COMMUNICATOR 3 DUP FROM 0
with errorcode 1.

NOTE: invoking MPI_ABORT causes Open MPI to kill all MPI processes.
You may or may not see output from other processes, depending on
exactly when Open MPI kills them.
--------------------------------------------------------------------------
--------------------------------------------------------------------------
MPI_ABORT was invoked on rank 268 in communicator MPI COMMUNICATOR 3 DUP FROM 0
with errorcode 1.

NOTE: invoking MPI_ABORT causes Open MPI to kill all MPI processes.
You may or may not see output from other processes, depending on
exactly when Open MPI kills them.
--------------------------------------------------------------------------
--------------------------------------------------------------------------
MPI_ABORT was invoked on rank 376 in communicator MPI COMMUNICATOR 3 DUP FROM 0
with errorcode 1.

NOTE: invoking MPI_ABORT causes Open MPI to kill all MPI processes.
You may or may not see output from other processes, depending on
exactly when Open MPI kills them.
--------------------------------------------------------------------------
--------------------------------------------------------------------------
MPI_ABORT was invoked on rank 1041 in communicator MPI COMMUNICATOR 3 DUP FROM 0
with errorcode 1.

NOTE: invoking MPI_ABORT causes Open MPI to kill all MPI processes.
You may or may not see output from other processes, depending on
exactly when Open MPI kills them.
--------------------------------------------------------------------------
--------------------------------------------------------------------------
MPI_ABORT was invoked on rank 511 in communicator MPI COMMUNICATOR 3 DUP FROM 0
with errorcode 1.

NOTE: invoking MPI_ABORT causes Open MPI to kill all MPI processes.
You may or may not see output from other processes, depending on
exactly when Open MPI kills them.
--------------------------------------------------------------------------
--------------------------------------------------------------------------
MPI_ABORT was invoked on rank 248 in communicator MPI COMMUNICATOR 3 DUP FROM 0
with errorcode 1.

NOTE: invoking MPI_ABORT causes Open MPI to kill all MPI processes.
You may or may not see output from other processes, depending on
exactly when Open MPI kills them.
--------------------------------------------------------------------------
--------------------------------------------------------------------------
MPI_ABORT was invoked on rank 368 in communicator MPI COMMUNICATOR 3 DUP FROM 0
with errorcode 1.

NOTE: invoking MPI_ABORT causes Open MPI to kill all MPI processes.
You may or may not see output from other processes, depending on
exactly when Open MPI kills them.
--------------------------------------------------------------------------
--------------------------------------------------------------------------
MPI_ABORT was invoked on rank 960 in communicator MPI COMMUNICATOR 3 DUP FROM 0
with errorcode 1.

NOTE: invoking MPI_ABORT causes Open MPI to kill all MPI processes.
You may or may not see output from other processes, depending on
exactly when Open MPI kills them.
--------------------------------------------------------------------------
--------------------------------------------------------------------------
MPI_ABORT was invoked on rank 645 in communicator MPI COMMUNICATOR 3 DUP FROM 0
with errorcode 1.

NOTE: invoking MPI_ABORT causes Open MPI to kill all MPI processes.
You may or may not see output from other processes, depending on
exactly when Open MPI kills them.
--------------------------------------------------------------------------
--------------------------------------------------------------------------
MPI_ABORT was invoked on rank 586 in communicator MPI COMMUNICATOR 3 DUP FROM 0
with errorcode 1.

NOTE: invoking MPI_ABORT causes Open MPI to kill all MPI processes.
You may or may not see output from other processes, depending on
exactly when Open MPI kills them.
--------------------------------------------------------------------------
--------------------------------------------------------------------------
MPI_ABORT was invoked on rank 269 in communicator MPI COMMUNICATOR 3 DUP FROM 0
with errorcode 1.

NOTE: invoking MPI_ABORT causes Open MPI to kill all MPI processes.
You may or may not see output from other processes, depending on
exactly when Open MPI kills them.
--------------------------------------------------------------------------
--------------------------------------------------------------------------
MPI_ABORT was invoked on rank 355 in communicator MPI COMMUNICATOR 3 DUP FROM 0
with errorcode 1.

NOTE: invoking MPI_ABORT causes Open MPI to kill all MPI processes.
You may or may not see output from other processes, depending on
exactly when Open MPI kills them.
--------------------------------------------------------------------------
--------------------------------------------------------------------------
MPI_ABORT was invoked on rank 527 in communicator MPI COMMUNICATOR 3 DUP FROM 0
with errorcode 1.

NOTE: invoking MPI_ABORT causes Open MPI to kill all MPI processes.
You may or may not see output from other processes, depending on
exactly when Open MPI kills them.
--------------------------------------------------------------------------
--------------------------------------------------------------------------
MPI_ABORT was invoked on rank 931 in communicator MPI COMMUNICATOR 3 DUP FROM 0
with errorcode 1.

NOTE: invoking MPI_ABORT causes Open MPI to kill all MPI processes.
You may or may not see output from other processes, depending on
exactly when Open MPI kills them.
--------------------------------------------------------------------------
--------------------------------------------------------------------------
MPI_ABORT was invoked on rank 696 in communicator MPI COMMUNICATOR 3 DUP FROM 0
with errorcode 1.

NOTE: invoking MPI_ABORT causes Open MPI to kill all MPI processes.
You may or may not see output from other processes, depending on
exactly when Open MPI kills them.
--------------------------------------------------------------------------
--------------------------------------------------------------------------
MPI_ABORT was invoked on rank 204 in communicator MPI COMMUNICATOR 3 DUP FROM 0
with errorcode 1.

NOTE: invoking MPI_ABORT causes Open MPI to kill all MPI processes.
You may or may not see output from other processes, depending on
exactly when Open MPI kills them.
--------------------------------------------------------------------------
--------------------------------------------------------------------------
MPI_ABORT was invoked on rank 555 in communicator MPI COMMUNICATOR 3 DUP FROM 0
with errorcode 1.

NOTE: invoking MPI_ABORT causes Open MPI to kill all MPI processes.
You may or may not see output from other processes, depending on
exactly when Open MPI kills them.
--------------------------------------------------------------------------
--------------------------------------------------------------------------
MPI_ABORT was invoked on rank 273 in communicator MPI COMMUNICATOR 3 DUP FROM 0
with errorcode 1.

NOTE: invoking MPI_ABORT causes Open MPI to kill all MPI processes.
You may or may not see output from other processes, depending on
exactly when Open MPI kills them.
--------------------------------------------------------------------------
--------------------------------------------------------------------------
MPI_ABORT was invoked on rank 913 in communicator MPI COMMUNICATOR 3 DUP FROM 0
with errorcode 1.

NOTE: invoking MPI_ABORT causes Open MPI to kill all MPI processes.
You may or may not see output from other processes, depending on
exactly when Open MPI kills them.
--------------------------------------------------------------------------
--------------------------------------------------------------------------
MPI_ABORT was invoked on rank 630 in communicator MPI COMMUNICATOR 3 DUP FROM 0
with errorcode 1.

NOTE: invoking MPI_ABORT causes Open MPI to kill all MPI processes.
You may or may not see output from other processes, depending on
exactly when Open MPI kills them.
--------------------------------------------------------------------------
--------------------------------------------------------------------------
MPI_ABORT was invoked on rank 589 in communicator MPI COMMUNICATOR 3 DUP FROM 0
with errorcode 1.

NOTE: invoking MPI_ABORT causes Open MPI to kill all MPI processes.
You may or may not see output from other processes, depending on
exactly when Open MPI kills them.
--------------------------------------------------------------------------
--------------------------------------------------------------------------
MPI_ABORT was invoked on rank 243 in communicator MPI COMMUNICATOR 3 DUP FROM 0
with errorcode 1.

NOTE: invoking MPI_ABORT causes Open MPI to kill all MPI processes.
You may or may not see output from other processes, depending on
exactly when Open MPI kills them.
--------------------------------------------------------------------------
--------------------------------------------------------------------------
MPI_ABORT was invoked on rank 608 in communicator MPI COMMUNICATOR 3 DUP FROM 0
with errorcode 1.

NOTE: invoking MPI_ABORT causes Open MPI to kill all MPI processes.
You may or may not see output from other processes, depending on
exactly when Open MPI kills them.
--------------------------------------------------------------------------
--------------------------------------------------------------------------
MPI_ABORT was invoked on rank 525 in communicator MPI COMMUNICATOR 3 DUP FROM 0
with errorcode 1.

NOTE: invoking MPI_ABORT causes Open MPI to kill all MPI processes.
You may or may not see output from other processes, depending on
exactly when Open MPI kills them.
--------------------------------------------------------------------------
--------------------------------------------------------------------------
MPI_ABORT was invoked on rank 257 in communicator MPI COMMUNICATOR 3 DUP FROM 0
with errorcode 1.

NOTE: invoking MPI_ABORT causes Open MPI to kill all MPI processes.
You may or may not see output from other processes, depending on
exactly when Open MPI kills them.
--------------------------------------------------------------------------
--------------------------------------------------------------------------
MPI_ABORT was invoked on rank 657 in communicator MPI COMMUNICATOR 3 DUP FROM 0
with errorcode 1.

NOTE: invoking MPI_ABORT causes Open MPI to kill all MPI processes.
You may or may not see output from other processes, depending on
exactly when Open MPI kills them.
--------------------------------------------------------------------------
--------------------------------------------------------------------------
MPI_ABORT was invoked on rank 536 in communicator MPI COMMUNICATOR 3 DUP FROM 0
with errorcode 1.

NOTE: invoking MPI_ABORT causes Open MPI to kill all MPI processes.
You may or may not see output from other processes, depending on
exactly when Open MPI kills them.
--------------------------------------------------------------------------
--------------------------------------------------------------------------
MPI_ABORT was invoked on rank 293 in communicator MPI COMMUNICATOR 3 DUP FROM 0
with errorcode 1.

NOTE: invoking MPI_ABORT causes Open MPI to kill all MPI processes.
You may or may not see output from other processes, depending on
exactly when Open MPI kills them.
--------------------------------------------------------------------------
--------------------------------------------------------------------------
MPI_ABORT was invoked on rank 567 in communicator MPI COMMUNICATOR 3 DUP FROM 0
with errorcode 1.

NOTE: invoking MPI_ABORT causes Open MPI to kill all MPI processes.
You may or may not see output from other processes, depending on
exactly when Open MPI kills them.
--------------------------------------------------------------------------
--------------------------------------------------------------------------
MPI_ABORT was invoked on rank 213 in communicator MPI COMMUNICATOR 3 DUP FROM 0
with errorcode 1.

NOTE: invoking MPI_ABORT causes Open MPI to kill all MPI processes.
You may or may not see output from other processes, depending on
exactly when Open MPI kills them.
--------------------------------------------------------------------------
--------------------------------------------------------------------------
MPI_ABORT was invoked on rank 514 in communicator MPI COMMUNICATOR 3 DUP FROM 0
with errorcode 1.

NOTE: invoking MPI_ABORT causes Open MPI to kill all MPI processes.
You may or may not see output from other processes, depending on
exactly when Open MPI kills them.
--------------------------------------------------------------------------
--------------------------------------------------------------------------
MPI_ABORT was invoked on rank 233 in communicator MPI COMMUNICATOR 3 DUP FROM 0
with errorcode 1.

NOTE: invoking MPI_ABORT causes Open MPI to kill all MPI processes.
You may or may not see output from other processes, depending on
exactly when Open MPI kills them.
--------------------------------------------------------------------------
--------------------------------------------------------------------------
MPI_ABORT was invoked on rank 640 in communicator MPI COMMUNICATOR 3 DUP FROM 0
with errorcode 1.

NOTE: invoking MPI_ABORT causes Open MPI to kill all MPI processes.
You may or may not see output from other processes, depending on
exactly when Open MPI kills them.
--------------------------------------------------------------------------
--------------------------------------------------------------------------
MPI_ABORT was invoked on rank 919 in communicator MPI COMMUNICATOR 3 DUP FROM 0
with errorcode 1.

NOTE: invoking MPI_ABORT causes Open MPI to kill all MPI processes.
You may or may not see output from other processes, depending on
exactly when Open MPI kills them.
--------------------------------------------------------------------------
--------------------------------------------------------------------------
MPI_ABORT was invoked on rank 624 in communicator MPI COMMUNICATOR 3 DUP FROM 0
with errorcode 1.

NOTE: invoking MPI_ABORT causes Open MPI to kill all MPI processes.
You may or may not see output from other processes, depending on
exactly when Open MPI kills them.
--------------------------------------------------------------------------
--------------------------------------------------------------------------
MPI_ABORT was invoked on rank 542 in communicator MPI COMMUNICATOR 3 DUP FROM 0
with errorcode 1.

NOTE: invoking MPI_ABORT causes Open MPI to kill all MPI processes.
You may or may not see output from other processes, depending on
exactly when Open MPI kills them.
--------------------------------------------------------------------------
--------------------------------------------------------------------------
MPI_ABORT was invoked on rank 558 in communicator MPI COMMUNICATOR 3 DUP FROM 0
with errorcode 1.

NOTE: invoking MPI_ABORT causes Open MPI to kill all MPI processes.
You may or may not see output from other processes, depending on
exactly when Open MPI kills them.
--------------------------------------------------------------------------
--------------------------------------------------------------------------
MPI_ABORT was invoked on rank 584 in communicator MPI COMMUNICATOR 3 DUP FROM 0
with errorcode 1.

NOTE: invoking MPI_ABORT causes Open MPI to kill all MPI processes.
You may or may not see output from other processes, depending on
exactly when Open MPI kills them.
--------------------------------------------------------------------------
--------------------------------------------------------------------------
MPI_ABORT was invoked on rank 625 in communicator MPI COMMUNICATOR 3 DUP FROM 0
with errorcode 1.

NOTE: invoking MPI_ABORT causes Open MPI to kill all MPI processes.
You may or may not see output from other processes, depending on
exactly when Open MPI kills them.
--------------------------------------------------------------------------
--------------------------------------------------------------------------
MPI_ABORT was invoked on rank 507 in communicator MPI COMMUNICATOR 3 DUP FROM 0
with errorcode 1.

NOTE: invoking MPI_ABORT causes Open MPI to kill all MPI processes.
You may or may not see output from other processes, depending on
exactly when Open MPI kills them.
--------------------------------------------------------------------------
--------------------------------------------------------------------------
MPI_ABORT was invoked on rank 578 in communicator MPI COMMUNICATOR 3 DUP FROM 0
with errorcode 1.

NOTE: invoking MPI_ABORT causes Open MPI to kill all MPI processes.
You may or may not see output from other processes, depending on
exactly when Open MPI kills them.
--------------------------------------------------------------------------
--------------------------------------------------------------------------
MPI_ABORT was invoked on rank 646 in communicator MPI COMMUNICATOR 3 DUP FROM 0
with errorcode 1.

NOTE: invoking MPI_ABORT causes Open MPI to kill all MPI processes.
You may or may not see output from other processes, depending on
exactly when Open MPI kills them.
--------------------------------------------------------------------------
--------------------------------------------------------------------------
MPI_ABORT was invoked on rank 551 in communicator MPI COMMUNICATOR 3 DUP FROM 0
with errorcode 1.

NOTE: invoking MPI_ABORT causes Open MPI to kill all MPI processes.
You may or may not see output from other processes, depending on
exactly when Open MPI kills them.
--------------------------------------------------------------------------
--------------------------------------------------------------------------
MPI_ABORT was invoked on rank 642 in communicator MPI COMMUNICATOR 3 DUP FROM 0
with errorcode 1.

NOTE: invoking MPI_ABORT causes Open MPI to kill all MPI processes.
You may or may not see output from other processes, depending on
exactly when Open MPI kills them.
--------------------------------------------------------------------------
--------------------------------------------------------------------------
MPI_ABORT was invoked on rank 596 in communicator MPI COMMUNICATOR 3 DUP FROM 0
with errorcode 1.

NOTE: invoking MPI_ABORT causes Open MPI to kill all MPI processes.
You may or may not see output from other processes, depending on
exactly when Open MPI kills them.
--------------------------------------------------------------------------
--------------------------------------------------------------------------
MPI_ABORT was invoked on rank 534 in communicator MPI COMMUNICATOR 3 DUP FROM 0
with errorcode 1.

NOTE: invoking MPI_ABORT causes Open MPI to kill all MPI processes.
You may or may not see output from other processes, depending on
exactly when Open MPI kills them.
--------------------------------------------------------------------------
--------------------------------------------------------------------------
MPI_ABORT was invoked on rank 274 in communicator MPI COMMUNICATOR 3 DUP FROM 0
with errorcode 1.

NOTE: invoking MPI_ABORT causes Open MPI to kill all MPI processes.
You may or may not see output from other processes, depending on
exactly when Open MPI kills them.
--------------------------------------------------------------------------
--------------------------------------------------------------------------
MPI_ABORT was invoked on rank 638 in communicator MPI COMMUNICATOR 3 DUP FROM 0
with errorcode 1.

NOTE: invoking MPI_ABORT causes Open MPI to kill all MPI processes.
You may or may not see output from other processes, depending on
exactly when Open MPI kills them.
--------------------------------------------------------------------------
--------------------------------------------------------------------------
MPI_ABORT was invoked on rank 284 in communicator MPI COMMUNICATOR 3 DUP FROM 0
with errorcode 1.

NOTE: invoking MPI_ABORT causes Open MPI to kill all MPI processes.
You may or may not see output from other processes, depending on
exactly when Open MPI kills them.
--------------------------------------------------------------------------
--------------------------------------------------------------------------
MPI_ABORT was invoked on rank 289 in communicator MPI COMMUNICATOR 3 DUP FROM 0
with errorcode 1.

NOTE: invoking MPI_ABORT causes Open MPI to kill all MPI processes.
You may or may not see output from other processes, depending on
exactly when Open MPI kills them.
--------------------------------------------------------------------------
--------------------------------------------------------------------------
MPI_ABORT was invoked on rank 261 in communicator MPI COMMUNICATOR 3 DUP FROM 0
with errorcode 1.

NOTE: invoking MPI_ABORT causes Open MPI to kill all MPI processes.
You may or may not see output from other processes, depending on
exactly when Open MPI kills them.
--------------------------------------------------------------------------
--------------------------------------------------------------------------
MPI_ABORT was invoked on rank 278 in communicator MPI COMMUNICATOR 3 DUP FROM 0
with errorcode 1.

NOTE: invoking MPI_ABORT causes Open MPI to kill all MPI processes.
You may or may not see output from other processes, depending on
exactly when Open MPI kills them.
--------------------------------------------------------------------------
--------------------------------------------------------------------------
MPI_ABORT was invoked on rank 292 in communicator MPI COMMUNICATOR 3 DUP FROM 0
with errorcode 1.

NOTE: invoking MPI_ABORT causes Open MPI to kill all MPI processes.
You may or may not see output from other processes, depending on
exactly when Open MPI kills them.
--------------------------------------------------------------------------
--------------------------------------------------------------------------
MPI_ABORT was invoked on rank 297 in communicator MPI COMMUNICATOR 3 DUP FROM 0
with errorcode 1.

NOTE: invoking MPI_ABORT causes Open MPI to kill all MPI processes.
You may or may not see output from other processes, depending on
exactly when Open MPI kills them.
--------------------------------------------------------------------------
--------------------------------------------------------------------------
MPI_ABORT was invoked on rank 218 in communicator MPI COMMUNICATOR 3 DUP FROM 0
with errorcode 1.

NOTE: invoking MPI_ABORT causes Open MPI to kill all MPI processes.
You may or may not see output from other processes, depending on
exactly when Open MPI kills them.
--------------------------------------------------------------------------
--------------------------------------------------------------------------
MPI_ABORT was invoked on rank 698 in communicator MPI COMMUNICATOR 3 DUP FROM 0
with errorcode 1.

NOTE: invoking MPI_ABORT causes Open MPI to kill all MPI processes.
You may or may not see output from other processes, depending on
exactly when Open MPI kills them.
--------------------------------------------------------------------------
--------------------------------------------------------------------------
MPI_ABORT was invoked on rank 263 in communicator MPI COMMUNICATOR 3 DUP FROM 0
with errorcode 1.

NOTE: invoking MPI_ABORT causes Open MPI to kill all MPI processes.
You may or may not see output from other processes, depending on
exactly when Open MPI kills them.
--------------------------------------------------------------------------
--------------------------------------------------------------------------
MPI_ABORT was invoked on rank 230 in communicator MPI COMMUNICATOR 3 DUP FROM 0
with errorcode 1.

NOTE: invoking MPI_ABORT causes Open MPI to kill all MPI processes.
You may or may not see output from other processes, depending on
exactly when Open MPI kills them.
--------------------------------------------------------------------------
--------------------------------------------------------------------------
MPI_ABORT was invoked on rank 600 in communicator MPI COMMUNICATOR 3 DUP FROM 0
with errorcode 1.

NOTE: invoking MPI_ABORT causes Open MPI to kill all MPI processes.
You may or may not see output from other processes, depending on
exactly when Open MPI kills them.
--------------------------------------------------------------------------
--------------------------------------------------------------------------
MPI_ABORT was invoked on rank 249 in communicator MPI COMMUNICATOR 3 DUP FROM 0
with errorcode 1.

NOTE: invoking MPI_ABORT causes Open MPI to kill all MPI processes.
You may or may not see output from other processes, depending on
exactly when Open MPI kills them.
--------------------------------------------------------------------------
--------------------------------------------------------------------------
MPI_ABORT was invoked on rank 635 in communicator MPI COMMUNICATOR 3 DUP FROM 0
with errorcode 1.

NOTE: invoking MPI_ABORT causes Open MPI to kill all MPI processes.
You may or may not see output from other processes, depending on
exactly when Open MPI kills them.
--------------------------------------------------------------------------
--------------------------------------------------------------------------
MPI_ABORT was invoked on rank 622 in communicator MPI COMMUNICATOR 3 DUP FROM 0
with errorcode 1.

NOTE: invoking MPI_ABORT causes Open MPI to kill all MPI processes.
You may or may not see output from other processes, depending on
exactly when Open MPI kills them.
--------------------------------------------------------------------------
--------------------------------------------------------------------------
MPI_ABORT was invoked on rank 691 in communicator MPI COMMUNICATOR 3 DUP FROM 0
with errorcode 1.

NOTE: invoking MPI_ABORT causes Open MPI to kill all MPI processes.
You may or may not see output from other processes, depending on
exactly when Open MPI kills them.
--------------------------------------------------------------------------
--------------------------------------------------------------------------
MPI_ABORT was invoked on rank 378 in communicator MPI COMMUNICATOR 3 DUP FROM 0
with errorcode 1.

NOTE: invoking MPI_ABORT causes Open MPI to kill all MPI processes.
You may or may not see output from other processes, depending on
exactly when Open MPI kills them.
--------------------------------------------------------------------------
--------------------------------------------------------------------------
MPI_ABORT was invoked on rank 314 in communicator MPI COMMUNICATOR 3 DUP FROM 0
with errorcode 1.

NOTE: invoking MPI_ABORT causes Open MPI to kill all MPI processes.
You may or may not see output from other processes, depending on
exactly when Open MPI kills them.
--------------------------------------------------------------------------
--------------------------------------------------------------------------
MPI_ABORT was invoked on rank 336 in communicator MPI COMMUNICATOR 3 DUP FROM 0
with errorcode 1.

NOTE: invoking MPI_ABORT causes Open MPI to kill all MPI processes.
You may or may not see output from other processes, depending on
exactly when Open MPI kills them.
--------------------------------------------------------------------------
--------------------------------------------------------------------------
MPI_ABORT was invoked on rank 327 in communicator MPI COMMUNICATOR 3 DUP FROM 0
with errorcode 1.

NOTE: invoking MPI_ABORT causes Open MPI to kill all MPI processes.
You may or may not see output from other processes, depending on
exactly when Open MPI kills them.
--------------------------------------------------------------------------
--------------------------------------------------------------------------
MPI_ABORT was invoked on rank 699 in communicator MPI COMMUNICATOR 3 DUP FROM 0
with errorcode 1.

NOTE: invoking MPI_ABORT causes Open MPI to kill all MPI processes.
You may or may not see output from other processes, depending on
exactly when Open MPI kills them.
--------------------------------------------------------------------------
--------------------------------------------------------------------------
MPI_ABORT was invoked on rank 347 in communicator MPI COMMUNICATOR 3 DUP FROM 0
with errorcode 1.

NOTE: invoking MPI_ABORT causes Open MPI to kill all MPI processes.
You may or may not see output from other processes, depending on
exactly when Open MPI kills them.
--------------------------------------------------------------------------
--------------------------------------------------------------------------
MPI_ABORT was invoked on rank 362 in communicator MPI COMMUNICATOR 3 DUP FROM 0
with errorcode 1.

NOTE: invoking MPI_ABORT causes Open MPI to kill all MPI processes.
You may or may not see output from other processes, depending on
exactly when Open MPI kills them.
--------------------------------------------------------------------------
--------------------------------------------------------------------------
MPI_ABORT was invoked on rank 315 in communicator MPI COMMUNICATOR 3 DUP FROM 0
with errorcode 1.

NOTE: invoking MPI_ABORT causes Open MPI to kill all MPI processes.
You may or may not see output from other processes, depending on
exactly when Open MPI kills them.
--------------------------------------------------------------------------
--------------------------------------------------------------------------
MPI_ABORT was invoked on rank 348 in communicator MPI COMMUNICATOR 3 DUP FROM 0
with errorcode 1.

NOTE: invoking MPI_ABORT causes Open MPI to kill all MPI processes.
You may or may not see output from other processes, depending on
exactly when Open MPI kills them.
--------------------------------------------------------------------------
--------------------------------------------------------------------------
MPI_ABORT was invoked on rank 311 in communicator MPI COMMUNICATOR 3 DUP FROM 0
with errorcode 1.

NOTE: invoking MPI_ABORT causes Open MPI to kill all MPI processes.
You may or may not see output from other processes, depending on
exactly when Open MPI kills them.
--------------------------------------------------------------------------
--------------------------------------------------------------------------
MPI_ABORT was invoked on rank 395 in communicator MPI COMMUNICATOR 3 DUP FROM 0
with errorcode 1.

NOTE: invoking MPI_ABORT causes Open MPI to kill all MPI processes.
You may or may not see output from other processes, depending on
exactly when Open MPI kills them.
--------------------------------------------------------------------------
--------------------------------------------------------------------------
MPI_ABORT was invoked on rank 360 in communicator MPI COMMUNICATOR 3 DUP FROM 0
with errorcode 1.

NOTE: invoking MPI_ABORT causes Open MPI to kill all MPI processes.
You may or may not see output from other processes, depending on
exactly when Open MPI kills them.
--------------------------------------------------------------------------
--------------------------------------------------------------------------
MPI_ABORT was invoked on rank 316 in communicator MPI COMMUNICATOR 3 DUP FROM 0
with errorcode 1.

NOTE: invoking MPI_ABORT causes Open MPI to kill all MPI processes.
You may or may not see output from other processes, depending on
exactly when Open MPI kills them.
--------------------------------------------------------------------------
--------------------------------------------------------------------------
MPI_ABORT was invoked on rank 384 in communicator MPI COMMUNICATOR 3 DUP FROM 0
with errorcode 1.

NOTE: invoking MPI_ABORT causes Open MPI to kill all MPI processes.
You may or may not see output from other processes, depending on
exactly when Open MPI kills them.
--------------------------------------------------------------------------
--------------------------------------------------------------------------
MPI_ABORT was invoked on rank 356 in communicator MPI COMMUNICATOR 3 DUP FROM 0
with errorcode 1.

NOTE: invoking MPI_ABORT causes Open MPI to kill all MPI processes.
You may or may not see output from other processes, depending on
exactly when Open MPI kills them.
--------------------------------------------------------------------------
--------------------------------------------------------------------------
MPI_ABORT was invoked on rank 331 in communicator MPI COMMUNICATOR 3 DUP FROM 0
with errorcode 1.

NOTE: invoking MPI_ABORT causes Open MPI to kill all MPI processes.
You may or may not see output from other processes, depending on
exactly when Open MPI kills them.
--------------------------------------------------------------------------
--------------------------------------------------------------------------
MPI_ABORT was invoked on rank 373 in communicator MPI COMMUNICATOR 3 DUP FROM 0
with errorcode 1.

NOTE: invoking MPI_ABORT causes Open MPI to kill all MPI processes.
You may or may not see output from other processes, depending on
exactly when Open MPI kills them.
--------------------------------------------------------------------------
--------------------------------------------------------------------------
MPI_ABORT was invoked on rank 310 in communicator MPI COMMUNICATOR 3 DUP FROM 0
with errorcode 1.

NOTE: invoking MPI_ABORT causes Open MPI to kill all MPI processes.
You may or may not see output from other processes, depending on
exactly when Open MPI kills them.
--------------------------------------------------------------------------
--------------------------------------------------------------------------
MPI_ABORT was invoked on rank 387 in communicator MPI COMMUNICATOR 3 DUP FROM 0
with errorcode 1.

NOTE: invoking MPI_ABORT causes Open MPI to kill all MPI processes.
You may or may not see output from other processes, depending on
exactly when Open MPI kills them.
--------------------------------------------------------------------------
--------------------------------------------------------------------------
MPI_ABORT was invoked on rank 301 in communicator MPI COMMUNICATOR 3 DUP FROM 0
with errorcode 1.

NOTE: invoking MPI_ABORT causes Open MPI to kill all MPI processes.
You may or may not see output from other processes, depending on
exactly when Open MPI kills them.
--------------------------------------------------------------------------
--------------------------------------------------------------------------
MPI_ABORT was invoked on rank 308 in communicator MPI COMMUNICATOR 3 DUP FROM 0
with errorcode 1.

NOTE: invoking MPI_ABORT causes Open MPI to kill all MPI processes.
You may or may not see output from other processes, depending on
exactly when Open MPI kills them.
--------------------------------------------------------------------------
--------------------------------------------------------------------------
MPI_ABORT was invoked on rank 367 in communicator MPI COMMUNICATOR 3 DUP FROM 0
with errorcode 1.

NOTE: invoking MPI_ABORT causes Open MPI to kill all MPI processes.
You may or may not see output from other processes, depending on
exactly when Open MPI kills them.
--------------------------------------------------------------------------
--------------------------------------------------------------------------
MPI_ABORT was invoked on rank 385 in communicator MPI COMMUNICATOR 3 DUP FROM 0
with errorcode 1.

NOTE: invoking MPI_ABORT causes Open MPI to kill all MPI processes.
You may or may not see output from other processes, depending on
exactly when Open MPI kills them.
--------------------------------------------------------------------------
--------------------------------------------------------------------------
MPI_ABORT was invoked on rank 307 in communicator MPI COMMUNICATOR 3 DUP FROM 0
with errorcode 1.

NOTE: invoking MPI_ABORT causes Open MPI to kill all MPI processes.
You may or may not see output from other processes, depending on
exactly when Open MPI kills them.
--------------------------------------------------------------------------
--------------------------------------------------------------------------
MPI_ABORT was invoked on rank 383 in communicator MPI COMMUNICATOR 3 DUP FROM 0
with errorcode 1.

NOTE: invoking MPI_ABORT causes Open MPI to kill all MPI processes.
You may or may not see output from other processes, depending on
exactly when Open MPI kills them.
--------------------------------------------------------------------------
--------------------------------------------------------------------------
MPI_ABORT was invoked on rank 365 in communicator MPI COMMUNICATOR 3 DUP FROM 0
with errorcode 1.

NOTE: invoking MPI_ABORT causes Open MPI to kill all MPI processes.
You may or may not see output from other processes, depending on
exactly when Open MPI kills them.
--------------------------------------------------------------------------
--------------------------------------------------------------------------
MPI_ABORT was invoked on rank 344 in communicator MPI COMMUNICATOR 3 DUP FROM 0
with errorcode 1.

NOTE: invoking MPI_ABORT causes Open MPI to kill all MPI processes.
You may or may not see output from other processes, depending on
exactly when Open MPI kills them.
--------------------------------------------------------------------------
--------------------------------------------------------------------------
MPI_ABORT was invoked on rank 394 in communicator MPI COMMUNICATOR 3 DUP FROM 0
with errorcode 1.

NOTE: invoking MPI_ABORT causes Open MPI to kill all MPI processes.
You may or may not see output from other processes, depending on
exactly when Open MPI kills them.
--------------------------------------------------------------------------
--------------------------------------------------------------------------
MPI_ABORT was invoked on rank 382 in communicator MPI COMMUNICATOR 3 DUP FROM 0
with errorcode 1.

NOTE: invoking MPI_ABORT causes Open MPI to kill all MPI processes.
You may or may not see output from other processes, depending on
exactly when Open MPI kills them.
--------------------------------------------------------------------------
--------------------------------------------------------------------------
MPI_ABORT was invoked on rank 339 in communicator MPI COMMUNICATOR 3 DUP FROM 0
with errorcode 1.

NOTE: invoking MPI_ABORT causes Open MPI to kill all MPI processes.
You may or may not see output from other processes, depending on
exactly when Open MPI kills them.
--------------------------------------------------------------------------
--------------------------------------------------------------------------
MPI_ABORT was invoked on rank 304 in communicator MPI COMMUNICATOR 3 DUP FROM 0
with errorcode 1.

NOTE: invoking MPI_ABORT causes Open MPI to kill all MPI processes.
You may or may not see output from other processes, depending on
exactly when Open MPI kills them.
--------------------------------------------------------------------------
--------------------------------------------------------------------------
MPI_ABORT was invoked on rank 325 in communicator MPI COMMUNICATOR 3 DUP FROM 0
with errorcode 1.

NOTE: invoking MPI_ABORT causes Open MPI to kill all MPI processes.
You may or may not see output from other processes, depending on
exactly when Open MPI kills them.
--------------------------------------------------------------------------
--------------------------------------------------------------------------
MPI_ABORT was invoked on rank 361 in communicator MPI COMMUNICATOR 3 DUP FROM 0
with errorcode 1.

NOTE: invoking MPI_ABORT causes Open MPI to kill all MPI processes.
You may or may not see output from other processes, depending on
exactly when Open MPI kills them.
--------------------------------------------------------------------------
--------------------------------------------------------------------------
MPI_ABORT was invoked on rank 393 in communicator MPI COMMUNICATOR 3 DUP FROM 0
with errorcode 1.

NOTE: invoking MPI_ABORT causes Open MPI to kill all MPI processes.
You may or may not see output from other processes, depending on
exactly when Open MPI kills them.
--------------------------------------------------------------------------
--------------------------------------------------------------------------
MPI_ABORT was invoked on rank 371 in communicator MPI COMMUNICATOR 3 DUP FROM 0
with errorcode 1.

NOTE: invoking MPI_ABORT causes Open MPI to kill all MPI processes.
You may or may not see output from other processes, depending on
exactly when Open MPI kills them.
--------------------------------------------------------------------------
--------------------------------------------------------------------------
MPI_ABORT was invoked on rank 363 in communicator MPI COMMUNICATOR 3 DUP FROM 0
with errorcode 1.

NOTE: invoking MPI_ABORT causes Open MPI to kill all MPI processes.
You may or may not see output from other processes, depending on
exactly when Open MPI kills them.
--------------------------------------------------------------------------
--------------------------------------------------------------------------
MPI_ABORT was invoked on rank 358 in communicator MPI COMMUNICATOR 3 DUP FROM 0
with errorcode 1.

NOTE: invoking MPI_ABORT causes Open MPI to kill all MPI processes.
You may or may not see output from other processes, depending on
exactly when Open MPI kills them.
--------------------------------------------------------------------------
--------------------------------------------------------------------------
MPI_ABORT was invoked on rank 338 in communicator MPI COMMUNICATOR 3 DUP FROM 0
with errorcode 1.

NOTE: invoking MPI_ABORT causes Open MPI to kill all MPI processes.
You may or may not see output from other processes, depending on
exactly when Open MPI kills them.
--------------------------------------------------------------------------
--------------------------------------------------------------------------
MPI_ABORT was invoked on rank 380 in communicator MPI COMMUNICATOR 3 DUP FROM 0
with errorcode 1.

NOTE: invoking MPI_ABORT causes Open MPI to kill all MPI processes.
You may or may not see output from other processes, depending on
exactly when Open MPI kills them.
--------------------------------------------------------------------------
--------------------------------------------------------------------------
MPI_ABORT was invoked on rank 303 in communicator MPI COMMUNICATOR 3 DUP FROM 0
with errorcode 1.

NOTE: invoking MPI_ABORT causes Open MPI to kill all MPI processes.
You may or may not see output from other processes, depending on
exactly when Open MPI kills them.
--------------------------------------------------------------------------
--------------------------------------------------------------------------
MPI_ABORT was invoked on rank 364 in communicator MPI COMMUNICATOR 3 DUP FROM 0
with errorcode 1.

NOTE: invoking MPI_ABORT causes Open MPI to kill all MPI processes.
You may or may not see output from other processes, depending on
exactly when Open MPI kills them.
--------------------------------------------------------------------------
--------------------------------------------------------------------------
MPI_ABORT was invoked on rank 377 in communicator MPI COMMUNICATOR 3 DUP FROM 0
with errorcode 1.

NOTE: invoking MPI_ABORT causes Open MPI to kill all MPI processes.
You may or may not see output from other processes, depending on
exactly when Open MPI kills them.
--------------------------------------------------------------------------
--------------------------------------------------------------------------
MPI_ABORT was invoked on rank 379 in communicator MPI COMMUNICATOR 3 DUP FROM 0
with errorcode 1.

NOTE: invoking MPI_ABORT causes Open MPI to kill all MPI processes.
You may or may not see output from other processes, depending on
exactly when Open MPI kills them.
--------------------------------------------------------------------------
--------------------------------------------------------------------------
MPI_ABORT was invoked on rank 318 in communicator MPI COMMUNICATOR 3 DUP FROM 0
with errorcode 1.

NOTE: invoking MPI_ABORT causes Open MPI to kill all MPI processes.
You may or may not see output from other processes, depending on
exactly when Open MPI kills them.
--------------------------------------------------------------------------
--------------------------------------------------------------------------
MPI_ABORT was invoked on rank 319 in communicator MPI COMMUNICATOR 3 DUP FROM 0
with errorcode 1.

NOTE: invoking MPI_ABORT causes Open MPI to kill all MPI processes.
You may or may not see output from other processes, depending on
exactly when Open MPI kills them.
--------------------------------------------------------------------------
--------------------------------------------------------------------------
MPI_ABORT was invoked on rank 386 in communicator MPI COMMUNICATOR 3 DUP FROM 0
with errorcode 1.

NOTE: invoking MPI_ABORT causes Open MPI to kill all MPI processes.
You may or may not see output from other processes, depending on
exactly when Open MPI kills them.
--------------------------------------------------------------------------
--------------------------------------------------------------------------
MPI_ABORT was invoked on rank 374 in communicator MPI COMMUNICATOR 3 DUP FROM 0
with errorcode 1.

NOTE: invoking MPI_ABORT causes Open MPI to kill all MPI processes.
You may or may not see output from other processes, depending on
exactly when Open MPI kills them.
--------------------------------------------------------------------------
--------------------------------------------------------------------------
MPI_ABORT was invoked on rank 366 in communicator MPI COMMUNICATOR 3 DUP FROM 0
with errorcode 1.

NOTE: invoking MPI_ABORT causes Open MPI to kill all MPI processes.
You may or may not see output from other processes, depending on
exactly when Open MPI kills them.
--------------------------------------------------------------------------
--------------------------------------------------------------------------
MPI_ABORT was invoked on rank 323 in communicator MPI COMMUNICATOR 3 DUP FROM 0
with errorcode 1.

NOTE: invoking MPI_ABORT causes Open MPI to kill all MPI processes.
You may or may not see output from other processes, depending on
exactly when Open MPI kills them.
--------------------------------------------------------------------------
--------------------------------------------------------------------------
MPI_ABORT was invoked on rank 300 in communicator MPI COMMUNICATOR 3 DUP FROM 0
with errorcode 1.

NOTE: invoking MPI_ABORT causes Open MPI to kill all MPI processes.
You may or may not see output from other processes, depending on
exactly when Open MPI kills them.
--------------------------------------------------------------------------
--------------------------------------------------------------------------
MPI_ABORT was invoked on rank 305 in communicator MPI COMMUNICATOR 3 DUP FROM 0
with errorcode 1.

NOTE: invoking MPI_ABORT causes Open MPI to kill all MPI processes.
You may or may not see output from other processes, depending on
exactly when Open MPI kills them.
--------------------------------------------------------------------------
--------------------------------------------------------------------------
MPI_ABORT was invoked on rank 312 in communicator MPI COMMUNICATOR 3 DUP FROM 0
with errorcode 1.

NOTE: invoking MPI_ABORT causes Open MPI to kill all MPI processes.
You may or may not see output from other processes, depending on
exactly when Open MPI kills them.
--------------------------------------------------------------------------
--------------------------------------------------------------------------
MPI_ABORT was invoked on rank 326 in communicator MPI COMMUNICATOR 3 DUP FROM 0
with errorcode 1.

NOTE: invoking MPI_ABORT causes Open MPI to kill all MPI processes.
You may or may not see output from other processes, depending on
exactly when Open MPI kills them.
--------------------------------------------------------------------------
--------------------------------------------------------------------------
MPI_ABORT was invoked on rank 334 in communicator MPI COMMUNICATOR 3 DUP FROM 0
with errorcode 1.

NOTE: invoking MPI_ABORT causes Open MPI to kill all MPI processes.
You may or may not see output from other processes, depending on
exactly when Open MPI kills them.
--------------------------------------------------------------------------
--------------------------------------------------------------------------
MPI_ABORT was invoked on rank 341 in communicator MPI COMMUNICATOR 3 DUP FROM 0
with errorcode 1.

NOTE: invoking MPI_ABORT causes Open MPI to kill all MPI processes.
You may or may not see output from other processes, depending on
exactly when Open MPI kills them.
--------------------------------------------------------------------------
--------------------------------------------------------------------------
MPI_ABORT was invoked on rank 345 in communicator MPI COMMUNICATOR 3 DUP FROM 0
with errorcode 1.

NOTE: invoking MPI_ABORT causes Open MPI to kill all MPI processes.
You may or may not see output from other processes, depending on
exactly when Open MPI kills them.
--------------------------------------------------------------------------
--------------------------------------------------------------------------
MPI_ABORT was invoked on rank 359 in communicator MPI COMMUNICATOR 3 DUP FROM 0
with errorcode 1.

NOTE: invoking MPI_ABORT causes Open MPI to kill all MPI processes.
You may or may not see output from other processes, depending on
exactly when Open MPI kills them.
--------------------------------------------------------------------------
--------------------------------------------------------------------------
MPI_ABORT was invoked on rank 396 in communicator MPI COMMUNICATOR 3 DUP FROM 0
with errorcode 1.

NOTE: invoking MPI_ABORT causes Open MPI to kill all MPI processes.
You may or may not see output from other processes, depending on
exactly when Open MPI kills them.
--------------------------------------------------------------------------
--------------------------------------------------------------------------
MPI_ABORT was invoked on rank 302 in communicator MPI COMMUNICATOR 3 DUP FROM 0
with errorcode 1.

NOTE: invoking MPI_ABORT causes Open MPI to kill all MPI processes.
You may or may not see output from other processes, depending on
exactly when Open MPI kills them.
--------------------------------------------------------------------------
--------------------------------------------------------------------------
MPI_ABORT was invoked on rank 329 in communicator MPI COMMUNICATOR 3 DUP FROM 0
with errorcode 1.

NOTE: invoking MPI_ABORT causes Open MPI to kill all MPI processes.
You may or may not see output from other processes, depending on
exactly when Open MPI kills them.
--------------------------------------------------------------------------
--------------------------------------------------------------------------
MPI_ABORT was invoked on rank 351 in communicator MPI COMMUNICATOR 3 DUP FROM 0
with errorcode 1.

NOTE: invoking MPI_ABORT causes Open MPI to kill all MPI processes.
You may or may not see output from other processes, depending on
exactly when Open MPI kills them.
--------------------------------------------------------------------------
--------------------------------------------------------------------------
MPI_ABORT was invoked on rank 352 in communicator MPI COMMUNICATOR 3 DUP FROM 0
with errorcode 1.

NOTE: invoking MPI_ABORT causes Open MPI to kill all MPI processes.
You may or may not see output from other processes, depending on
exactly when Open MPI kills them.
--------------------------------------------------------------------------
--------------------------------------------------------------------------
MPI_ABORT was invoked on rank 357 in communicator MPI COMMUNICATOR 3 DUP FROM 0
with errorcode 1.

NOTE: invoking MPI_ABORT causes Open MPI to kill all MPI processes.
You may or may not see output from other processes, depending on
exactly when Open MPI kills them.
--------------------------------------------------------------------------
--------------------------------------------------------------------------
MPI_ABORT was invoked on rank 391 in communicator MPI COMMUNICATOR 3 DUP FROM 0
with errorcode 1.

NOTE: invoking MPI_ABORT causes Open MPI to kill all MPI processes.
You may or may not see output from other processes, depending on
exactly when Open MPI kills them.
--------------------------------------------------------------------------
--------------------------------------------------------------------------
MPI_ABORT was invoked on rank 320 in communicator MPI COMMUNICATOR 3 DUP FROM 0
with errorcode 1.

NOTE: invoking MPI_ABORT causes Open MPI to kill all MPI processes.
You may or may not see output from other processes, depending on
exactly when Open MPI kills them.
--------------------------------------------------------------------------
--------------------------------------------------------------------------
MPI_ABORT was invoked on rank 375 in communicator MPI COMMUNICATOR 3 DUP FROM 0
with errorcode 1.

NOTE: invoking MPI_ABORT causes Open MPI to kill all MPI processes.
You may or may not see output from other processes, depending on
exactly when Open MPI kills them.
--------------------------------------------------------------------------
--------------------------------------------------------------------------
MPI_ABORT was invoked on rank 317 in communicator MPI COMMUNICATOR 3 DUP FROM 0
with errorcode 1.

NOTE: invoking MPI_ABORT causes Open MPI to kill all MPI processes.
You may or may not see output from other processes, depending on
exactly when Open MPI kills them.
--------------------------------------------------------------------------
--------------------------------------------------------------------------
MPI_ABORT was invoked on rank 322 in communicator MPI COMMUNICATOR 3 DUP FROM 0
with errorcode 1.

NOTE: invoking MPI_ABORT causes Open MPI to kill all MPI processes.
You may or may not see output from other processes, depending on
exactly when Open MPI kills them.
--------------------------------------------------------------------------
--------------------------------------------------------------------------
MPI_ABORT was invoked on rank 330 in communicator MPI COMMUNICATOR 3 DUP FROM 0
with errorcode 1.

NOTE: invoking MPI_ABORT causes Open MPI to kill all MPI processes.
You may or may not see output from other processes, depending on
exactly when Open MPI kills them.
--------------------------------------------------------------------------
--------------------------------------------------------------------------
MPI_ABORT was invoked on rank 353 in communicator MPI COMMUNICATOR 3 DUP FROM 0
with errorcode 1.

NOTE: invoking MPI_ABORT causes Open MPI to kill all MPI processes.
You may or may not see output from other processes, depending on
exactly when Open MPI kills them.
--------------------------------------------------------------------------
--------------------------------------------------------------------------
MPI_ABORT was invoked on rank 306 in communicator MPI COMMUNICATOR 3 DUP FROM 0
with errorcode 1.

NOTE: invoking MPI_ABORT causes Open MPI to kill all MPI processes.
You may or may not see output from other processes, depending on
exactly when Open MPI kills them.
--------------------------------------------------------------------------
--------------------------------------------------------------------------
MPI_ABORT was invoked on rank 370 in communicator MPI COMMUNICATOR 3 DUP FROM 0
with errorcode 1.

NOTE: invoking MPI_ABORT causes Open MPI to kill all MPI processes.
You may or may not see output from other processes, depending on
exactly when Open MPI kills them.
--------------------------------------------------------------------------
--------------------------------------------------------------------------
MPI_ABORT was invoked on rank 321 in communicator MPI COMMUNICATOR 3 DUP FROM 0
with errorcode 1.

NOTE: invoking MPI_ABORT causes Open MPI to kill all MPI processes.
You may or may not see output from other processes, depending on
exactly when Open MPI kills them.
--------------------------------------------------------------------------
--------------------------------------------------------------------------
MPI_ABORT was invoked on rank 335 in communicator MPI COMMUNICATOR 3 DUP FROM 0
with errorcode 1.

NOTE: invoking MPI_ABORT causes Open MPI to kill all MPI processes.
You may or may not see output from other processes, depending on
exactly when Open MPI kills them.
--------------------------------------------------------------------------
--------------------------------------------------------------------------
MPI_ABORT was invoked on rank 340 in communicator MPI COMMUNICATOR 3 DUP FROM 0
with errorcode 1.

NOTE: invoking MPI_ABORT causes Open MPI to kill all MPI processes.
You may or may not see output from other processes, depending on
exactly when Open MPI kills them.
--------------------------------------------------------------------------
--------------------------------------------------------------------------
MPI_ABORT was invoked on rank 61 in communicator MPI COMMUNICATOR 3 DUP FROM 0
with errorcode 1.

NOTE: invoking MPI_ABORT causes Open MPI to kill all MPI processes.
You may or may not see output from other processes, depending on
exactly when Open MPI kills them.
--------------------------------------------------------------------------
--------------------------------------------------------------------------
MPI_ABORT was invoked on rank 42 in communicator MPI COMMUNICATOR 3 DUP FROM 0
with errorcode 1.

NOTE: invoking MPI_ABORT causes Open MPI to kill all MPI processes.
You may or may not see output from other processes, depending on
exactly when Open MPI kills them.
--------------------------------------------------------------------------
--------------------------------------------------------------------------
MPI_ABORT was invoked on rank 30 in communicator MPI COMMUNICATOR 3 DUP FROM 0
with errorcode 1.

NOTE: invoking MPI_ABORT causes Open MPI to kill all MPI processes.
You may or may not see output from other processes, depending on
exactly when Open MPI kills them.
--------------------------------------------------------------------------
--------------------------------------------------------------------------
MPI_ABORT was invoked on rank 80 in communicator MPI COMMUNICATOR 3 DUP FROM 0
with errorcode 1.

NOTE: invoking MPI_ABORT causes Open MPI to kill all MPI processes.
You may or may not see output from other processes, depending on
exactly when Open MPI kills them.
--------------------------------------------------------------------------
--------------------------------------------------------------------------
MPI_ABORT was invoked on rank 75 in communicator MPI COMMUNICATOR 3 DUP FROM 0
with errorcode 1.

NOTE: invoking MPI_ABORT causes Open MPI to kill all MPI processes.
You may or may not see output from other processes, depending on
exactly when Open MPI kills them.
--------------------------------------------------------------------------
--------------------------------------------------------------------------
MPI_ABORT was invoked on rank 17 in communicator MPI COMMUNICATOR 3 DUP FROM 0
with errorcode 1.

NOTE: invoking MPI_ABORT causes Open MPI to kill all MPI processes.
You may or may not see output from other processes, depending on
exactly when Open MPI kills them.
--------------------------------------------------------------------------
--------------------------------------------------------------------------
MPI_ABORT was invoked on rank 52 in communicator MPI COMMUNICATOR 3 DUP FROM 0
with errorcode 1.

NOTE: invoking MPI_ABORT causes Open MPI to kill all MPI processes.
You may or may not see output from other processes, depending on
exactly when Open MPI kills them.
--------------------------------------------------------------------------
--------------------------------------------------------------------------
MPI_ABORT was invoked on rank 85 in communicator MPI COMMUNICATOR 3 DUP FROM 0
with errorcode 1.

NOTE: invoking MPI_ABORT causes Open MPI to kill all MPI processes.
You may or may not see output from other processes, depending on
exactly when Open MPI kills them.
--------------------------------------------------------------------------
--------------------------------------------------------------------------
MPI_ABORT was invoked on rank 23 in communicator MPI COMMUNICATOR 3 DUP FROM 0
with errorcode 1.

NOTE: invoking MPI_ABORT causes Open MPI to kill all MPI processes.
You may or may not see output from other processes, depending on
exactly when Open MPI kills them.
--------------------------------------------------------------------------
--------------------------------------------------------------------------
MPI_ABORT was invoked on rank 69 in communicator MPI COMMUNICATOR 3 DUP FROM 0
with errorcode 1.

NOTE: invoking MPI_ABORT causes Open MPI to kill all MPI processes.
You may or may not see output from other processes, depending on
exactly when Open MPI kills them.
--------------------------------------------------------------------------
--------------------------------------------------------------------------
MPI_ABORT was invoked on rank 48 in communicator MPI COMMUNICATOR 3 DUP FROM 0
with errorcode 1.

NOTE: invoking MPI_ABORT causes Open MPI to kill all MPI processes.
You may or may not see output from other processes, depending on
exactly when Open MPI kills them.
--------------------------------------------------------------------------
--------------------------------------------------------------------------
MPI_ABORT was invoked on rank 94 in communicator MPI COMMUNICATOR 3 DUP FROM 0
with errorcode 1.

NOTE: invoking MPI_ABORT causes Open MPI to kill all MPI processes.
You may or may not see output from other processes, depending on
exactly when Open MPI kills them.
--------------------------------------------------------------------------
--------------------------------------------------------------------------
MPI_ABORT was invoked on rank 26 in communicator MPI COMMUNICATOR 3 DUP FROM 0
with errorcode 1.

NOTE: invoking MPI_ABORT causes Open MPI to kill all MPI processes.
You may or may not see output from other processes, depending on
exactly when Open MPI kills them.
--------------------------------------------------------------------------
--------------------------------------------------------------------------
MPI_ABORT was invoked on rank 91 in communicator MPI COMMUNICATOR 3 DUP FROM 0
with errorcode 1.

NOTE: invoking MPI_ABORT causes Open MPI to kill all MPI processes.
You may or may not see output from other processes, depending on
exactly when Open MPI kills them.
--------------------------------------------------------------------------
--------------------------------------------------------------------------
MPI_ABORT was invoked on rank 1 in communicator MPI COMMUNICATOR 3 DUP FROM 0
with errorcode 1.

NOTE: invoking MPI_ABORT causes Open MPI to kill all MPI processes.
You may or may not see output from other processes, depending on
exactly when Open MPI kills them.
--------------------------------------------------------------------------
--------------------------------------------------------------------------
MPI_ABORT was invoked on rank 45 in communicator MPI COMMUNICATOR 3 DUP FROM 0
with errorcode 1.

NOTE: invoking MPI_ABORT causes Open MPI to kill all MPI processes.
You may or may not see output from other processes, depending on
exactly when Open MPI kills them.
--------------------------------------------------------------------------
--------------------------------------------------------------------------
MPI_ABORT was invoked on rank 87 in communicator MPI COMMUNICATOR 3 DUP FROM 0
with errorcode 1.

NOTE: invoking MPI_ABORT causes Open MPI to kill all MPI processes.
You may or may not see output from other processes, depending on
exactly when Open MPI kills them.
--------------------------------------------------------------------------
--------------------------------------------------------------------------
MPI_ABORT was invoked on rank 64 in communicator MPI COMMUNICATOR 3 DUP FROM 0
with errorcode 1.

NOTE: invoking MPI_ABORT causes Open MPI to kill all MPI processes.
You may or may not see output from other processes, depending on
exactly when Open MPI kills them.
--------------------------------------------------------------------------
--------------------------------------------------------------------------
MPI_ABORT was invoked on rank 86 in communicator MPI COMMUNICATOR 3 DUP FROM 0
with errorcode 1.

NOTE: invoking MPI_ABORT causes Open MPI to kill all MPI processes.
You may or may not see output from other processes, depending on
exactly when Open MPI kills them.
--------------------------------------------------------------------------
--------------------------------------------------------------------------
MPI_ABORT was invoked on rank 63 in communicator MPI COMMUNICATOR 3 DUP FROM 0
with errorcode 1.

NOTE: invoking MPI_ABORT causes Open MPI to kill all MPI processes.
You may or may not see output from other processes, depending on
exactly when Open MPI kills them.
--------------------------------------------------------------------------
--------------------------------------------------------------------------
MPI_ABORT was invoked on rank 93 in communicator MPI COMMUNICATOR 3 DUP FROM 0
with errorcode 1.

NOTE: invoking MPI_ABORT causes Open MPI to kill all MPI processes.
You may or may not see output from other processes, depending on
exactly when Open MPI kills them.
--------------------------------------------------------------------------
--------------------------------------------------------------------------
MPI_ABORT was invoked on rank 82 in communicator MPI COMMUNICATOR 3 DUP FROM 0
with errorcode 1.

NOTE: invoking MPI_ABORT causes Open MPI to kill all MPI processes.
You may or may not see output from other processes, depending on
exactly when Open MPI kills them.
--------------------------------------------------------------------------
--------------------------------------------------------------------------
MPI_ABORT was invoked on rank 40 in communicator MPI COMMUNICATOR 3 DUP FROM 0
with errorcode 1.

NOTE: invoking MPI_ABORT causes Open MPI to kill all MPI processes.
You may or may not see output from other processes, depending on
exactly when Open MPI kills them.
--------------------------------------------------------------------------
--------------------------------------------------------------------------
MPI_ABORT was invoked on rank 21 in communicator MPI COMMUNICATOR 3 DUP FROM 0
with errorcode 1.

NOTE: invoking MPI_ABORT causes Open MPI to kill all MPI processes.
You may or may not see output from other processes, depending on
exactly when Open MPI kills them.
--------------------------------------------------------------------------
--------------------------------------------------------------------------
MPI_ABORT was invoked on rank 53 in communicator MPI COMMUNICATOR 3 DUP FROM 0
with errorcode 1.

NOTE: invoking MPI_ABORT causes Open MPI to kill all MPI processes.
You may or may not see output from other processes, depending on
exactly when Open MPI kills them.
--------------------------------------------------------------------------
--------------------------------------------------------------------------
MPI_ABORT was invoked on rank 83 in communicator MPI COMMUNICATOR 3 DUP FROM 0
with errorcode 1.

NOTE: invoking MPI_ABORT causes Open MPI to kill all MPI processes.
You may or may not see output from other processes, depending on
exactly when Open MPI kills them.
--------------------------------------------------------------------------
--------------------------------------------------------------------------
MPI_ABORT was invoked on rank 99 in communicator MPI COMMUNICATOR 3 DUP FROM 0
with errorcode 1.

NOTE: invoking MPI_ABORT causes Open MPI to kill all MPI processes.
You may or may not see output from other processes, depending on
exactly when Open MPI kills them.
--------------------------------------------------------------------------
--------------------------------------------------------------------------
MPI_ABORT was invoked on rank 77 in communicator MPI COMMUNICATOR 3 DUP FROM 0
with errorcode 1.

NOTE: invoking MPI_ABORT causes Open MPI to kill all MPI processes.
You may or may not see output from other processes, depending on
exactly when Open MPI kills them.
--------------------------------------------------------------------------
--------------------------------------------------------------------------
MPI_ABORT was invoked on rank 46 in communicator MPI COMMUNICATOR 3 DUP FROM 0
with errorcode 1.

NOTE: invoking MPI_ABORT causes Open MPI to kill all MPI processes.
You may or may not see output from other processes, depending on
exactly when Open MPI kills them.
--------------------------------------------------------------------------
--------------------------------------------------------------------------
MPI_ABORT was invoked on rank 38 in communicator MPI COMMUNICATOR 3 DUP FROM 0
with errorcode 1.

NOTE: invoking MPI_ABORT causes Open MPI to kill all MPI processes.
You may or may not see output from other processes, depending on
exactly when Open MPI kills them.
--------------------------------------------------------------------------
--------------------------------------------------------------------------
MPI_ABORT was invoked on rank 74 in communicator MPI COMMUNICATOR 3 DUP FROM 0
with errorcode 1.

NOTE: invoking MPI_ABORT causes Open MPI to kill all MPI processes.
You may or may not see output from other processes, depending on
exactly when Open MPI kills them.
--------------------------------------------------------------------------
--------------------------------------------------------------------------
MPI_ABORT was invoked on rank 39 in communicator MPI COMMUNICATOR 3 DUP FROM 0
with errorcode 1.

NOTE: invoking MPI_ABORT causes Open MPI to kill all MPI processes.
You may or may not see output from other processes, depending on
exactly when Open MPI kills them.
--------------------------------------------------------------------------
--------------------------------------------------------------------------
MPI_ABORT was invoked on rank 43 in communicator MPI COMMUNICATOR 3 DUP FROM 0
with errorcode 1.

NOTE: invoking MPI_ABORT causes Open MPI to kill all MPI processes.
You may or may not see output from other processes, depending on
exactly when Open MPI kills them.
--------------------------------------------------------------------------
--------------------------------------------------------------------------
MPI_ABORT was invoked on rank 67 in communicator MPI COMMUNICATOR 3 DUP FROM 0
with errorcode 1.

NOTE: invoking MPI_ABORT causes Open MPI to kill all MPI processes.
You may or may not see output from other processes, depending on
exactly when Open MPI kills them.
--------------------------------------------------------------------------
--------------------------------------------------------------------------
MPI_ABORT was invoked on rank 19 in communicator MPI COMMUNICATOR 3 DUP FROM 0
with errorcode 1.

NOTE: invoking MPI_ABORT causes Open MPI to kill all MPI processes.
You may or may not see output from other processes, depending on
exactly when Open MPI kills them.
--------------------------------------------------------------------------
--------------------------------------------------------------------------
MPI_ABORT was invoked on rank 41 in communicator MPI COMMUNICATOR 3 DUP FROM 0
with errorcode 1.

NOTE: invoking MPI_ABORT causes Open MPI to kill all MPI processes.
You may or may not see output from other processes, depending on
exactly when Open MPI kills them.
--------------------------------------------------------------------------
--------------------------------------------------------------------------
MPI_ABORT was invoked on rank 37 in communicator MPI COMMUNICATOR 3 DUP FROM 0
with errorcode 1.

NOTE: invoking MPI_ABORT causes Open MPI to kill all MPI processes.
You may or may not see output from other processes, depending on
exactly when Open MPI kills them.
--------------------------------------------------------------------------
--------------------------------------------------------------------------
MPI_ABORT was invoked on rank 34 in communicator MPI COMMUNICATOR 3 DUP FROM 0
with errorcode 1.

NOTE: invoking MPI_ABORT causes Open MPI to kill all MPI processes.
You may or may not see output from other processes, depending on
exactly when Open MPI kills them.
--------------------------------------------------------------------------
--------------------------------------------------------------------------
MPI_ABORT was invoked on rank 59 in communicator MPI COMMUNICATOR 3 DUP FROM 0
with errorcode 1.

NOTE: invoking MPI_ABORT causes Open MPI to kill all MPI processes.
You may or may not see output from other processes, depending on
exactly when Open MPI kills them.
--------------------------------------------------------------------------
--------------------------------------------------------------------------
MPI_ABORT was invoked on rank 4 in communicator MPI COMMUNICATOR 3 DUP FROM 0
with errorcode 1.

NOTE: invoking MPI_ABORT causes Open MPI to kill all MPI processes.
You may or may not see output from other processes, depending on
exactly when Open MPI kills them.
--------------------------------------------------------------------------
--------------------------------------------------------------------------
MPI_ABORT was invoked on rank 15 in communicator MPI COMMUNICATOR 3 DUP FROM 0
with errorcode 1.

NOTE: invoking MPI_ABORT causes Open MPI to kill all MPI processes.
You may or may not see output from other processes, depending on
exactly when Open MPI kills them.
--------------------------------------------------------------------------
--------------------------------------------------------------------------
MPI_ABORT was invoked on rank 66 in communicator MPI COMMUNICATOR 3 DUP FROM 0
with errorcode 1.

NOTE: invoking MPI_ABORT causes Open MPI to kill all MPI processes.
You may or may not see output from other processes, depending on
exactly when Open MPI kills them.
--------------------------------------------------------------------------
--------------------------------------------------------------------------
MPI_ABORT was invoked on rank 20 in communicator MPI COMMUNICATOR 3 DUP FROM 0
with errorcode 1.

NOTE: invoking MPI_ABORT causes Open MPI to kill all MPI processes.
You may or may not see output from other processes, depending on
exactly when Open MPI kills them.
--------------------------------------------------------------------------
--------------------------------------------------------------------------
MPI_ABORT was invoked on rank 70 in communicator MPI COMMUNICATOR 3 DUP FROM 0
with errorcode 1.

NOTE: invoking MPI_ABORT causes Open MPI to kill all MPI processes.
You may or may not see output from other processes, depending on
exactly when Open MPI kills them.
--------------------------------------------------------------------------
--------------------------------------------------------------------------
MPI_ABORT was invoked on rank 56 in communicator MPI COMMUNICATOR 3 DUP FROM 0
with errorcode 1.

NOTE: invoking MPI_ABORT causes Open MPI to kill all MPI processes.
You may or may not see output from other processes, depending on
exactly when Open MPI kills them.
--------------------------------------------------------------------------
--------------------------------------------------------------------------
MPI_ABORT was invoked on rank 35 in communicator MPI COMMUNICATOR 3 DUP FROM 0
with errorcode 1.

NOTE: invoking MPI_ABORT causes Open MPI to kill all MPI processes.
You may or may not see output from other processes, depending on
exactly when Open MPI kills them.
--------------------------------------------------------------------------
--------------------------------------------------------------------------
MPI_ABORT was invoked on rank 18 in communicator MPI COMMUNICATOR 3 DUP FROM 0
with errorcode 1.

NOTE: invoking MPI_ABORT causes Open MPI to kill all MPI processes.
You may or may not see output from other processes, depending on
exactly when Open MPI kills them.
--------------------------------------------------------------------------
--------------------------------------------------------------------------
MPI_ABORT was invoked on rank 79 in communicator MPI COMMUNICATOR 3 DUP FROM 0
with errorcode 1.

NOTE: invoking MPI_ABORT causes Open MPI to kill all MPI processes.
You may or may not see output from other processes, depending on
exactly when Open MPI kills them.
--------------------------------------------------------------------------
--------------------------------------------------------------------------
MPI_ABORT was invoked on rank 0 in communicator MPI COMMUNICATOR 3 DUP FROM 0
with errorcode 1.

NOTE: invoking MPI_ABORT causes Open MPI to kill all MPI processes.
You may or may not see output from other processes, depending on
exactly when Open MPI kills them.
--------------------------------------------------------------------------
--------------------------------------------------------------------------
MPI_ABORT was invoked on rank 24 in communicator MPI COMMUNICATOR 3 DUP FROM 0
with errorcode 1.

NOTE: invoking MPI_ABORT causes Open MPI to kill all MPI processes.
You may or may not see output from other processes, depending on
exactly when Open MPI kills them.
--------------------------------------------------------------------------
--------------------------------------------------------------------------
MPI_ABORT was invoked on rank 65 in communicator MPI COMMUNICATOR 3 DUP FROM 0
with errorcode 1.

NOTE: invoking MPI_ABORT causes Open MPI to kill all MPI processes.
You may or may not see output from other processes, depending on
exactly when Open MPI kills them.
--------------------------------------------------------------------------
--------------------------------------------------------------------------
MPI_ABORT was invoked on rank 13 in communicator MPI COMMUNICATOR 3 DUP FROM 0
with errorcode 1.

NOTE: invoking MPI_ABORT causes Open MPI to kill all MPI processes.
You may or may not see output from other processes, depending on
exactly when Open MPI kills them.
--------------------------------------------------------------------------
--------------------------------------------------------------------------
MPI_ABORT was invoked on rank 90 in communicator MPI COMMUNICATOR 3 DUP FROM 0
with errorcode 1.

NOTE: invoking MPI_ABORT causes Open MPI to kill all MPI processes.
You may or may not see output from other processes, depending on
exactly when Open MPI kills them.
--------------------------------------------------------------------------
--------------------------------------------------------------------------
MPI_ABORT was invoked on rank 97 in communicator MPI COMMUNICATOR 3 DUP FROM 0
with errorcode 1.

NOTE: invoking MPI_ABORT causes Open MPI to kill all MPI processes.
You may or may not see output from other processes, depending on
exactly when Open MPI kills them.
--------------------------------------------------------------------------
--------------------------------------------------------------------------
MPI_ABORT was invoked on rank 16 in communicator MPI COMMUNICATOR 3 DUP FROM 0
with errorcode 1.

NOTE: invoking MPI_ABORT causes Open MPI to kill all MPI processes.
You may or may not see output from other processes, depending on
exactly when Open MPI kills them.
--------------------------------------------------------------------------
--------------------------------------------------------------------------
MPI_ABORT was invoked on rank 76 in communicator MPI COMMUNICATOR 3 DUP FROM 0
with errorcode 1.

NOTE: invoking MPI_ABORT causes Open MPI to kill all MPI processes.
You may or may not see output from other processes, depending on
exactly when Open MPI kills them.
--------------------------------------------------------------------------
--------------------------------------------------------------------------
MPI_ABORT was invoked on rank 98 in communicator MPI COMMUNICATOR 3 DUP FROM 0
with errorcode 1.

NOTE: invoking MPI_ABORT causes Open MPI to kill all MPI processes.
You may or may not see output from other processes, depending on
exactly when Open MPI kills them.
--------------------------------------------------------------------------
--------------------------------------------------------------------------
MPI_ABORT was invoked on rank 44 in communicator MPI COMMUNICATOR 3 DUP FROM 0
with errorcode 1.

NOTE: invoking MPI_ABORT causes Open MPI to kill all MPI processes.
You may or may not see output from other processes, depending on
exactly when Open MPI kills them.
--------------------------------------------------------------------------
--------------------------------------------------------------------------
MPI_ABORT was invoked on rank 47 in communicator MPI COMMUNICATOR 3 DUP FROM 0
with errorcode 1.

NOTE: invoking MPI_ABORT causes Open MPI to kill all MPI processes.
You may or may not see output from other processes, depending on
exactly when Open MPI kills them.
--------------------------------------------------------------------------
--------------------------------------------------------------------------
MPI_ABORT was invoked on rank 92 in communicator MPI COMMUNICATOR 3 DUP FROM 0
with errorcode 1.

NOTE: invoking MPI_ABORT causes Open MPI to kill all MPI processes.
You may or may not see output from other processes, depending on
exactly when Open MPI kills them.
--------------------------------------------------------------------------
--------------------------------------------------------------------------
MPI_ABORT was invoked on rank 33 in communicator MPI COMMUNICATOR 3 DUP FROM 0
with errorcode 1.

NOTE: invoking MPI_ABORT causes Open MPI to kill all MPI processes.
You may or may not see output from other processes, depending on
exactly when Open MPI kills them.
--------------------------------------------------------------------------
--------------------------------------------------------------------------
MPI_ABORT was invoked on rank 31 in communicator MPI COMMUNICATOR 3 DUP FROM 0
with errorcode 1.

NOTE: invoking MPI_ABORT causes Open MPI to kill all MPI processes.
You may or may not see output from other processes, depending on
exactly when Open MPI kills them.
--------------------------------------------------------------------------
--------------------------------------------------------------------------
MPI_ABORT was invoked on rank 72 in communicator MPI COMMUNICATOR 3 DUP FROM 0
with errorcode 1.

NOTE: invoking MPI_ABORT causes Open MPI to kill all MPI processes.
You may or may not see output from other processes, depending on
exactly when Open MPI kills them.
--------------------------------------------------------------------------
--------------------------------------------------------------------------
MPI_ABORT was invoked on rank 12 in communicator MPI COMMUNICATOR 3 DUP FROM 0
with errorcode 1.

NOTE: invoking MPI_ABORT causes Open MPI to kill all MPI processes.
You may or may not see output from other processes, depending on
exactly when Open MPI kills them.
--------------------------------------------------------------------------
--------------------------------------------------------------------------
MPI_ABORT was invoked on rank 36 in communicator MPI COMMUNICATOR 3 DUP FROM 0
with errorcode 1.

NOTE: invoking MPI_ABORT causes Open MPI to kill all MPI processes.
You may or may not see output from other processes, depending on
exactly when Open MPI kills them.
--------------------------------------------------------------------------
--------------------------------------------------------------------------
MPI_ABORT was invoked on rank 29 in communicator MPI COMMUNICATOR 3 DUP FROM 0
with errorcode 1.

NOTE: invoking MPI_ABORT causes Open MPI to kill all MPI processes.
You may or may not see output from other processes, depending on
exactly when Open MPI kills them.
--------------------------------------------------------------------------
--------------------------------------------------------------------------
MPI_ABORT was invoked on rank 60 in communicator MPI COMMUNICATOR 3 DUP FROM 0
with errorcode 1.

NOTE: invoking MPI_ABORT causes Open MPI to kill all MPI processes.
You may or may not see output from other processes, depending on
exactly when Open MPI kills them.
--------------------------------------------------------------------------
--------------------------------------------------------------------------
MPI_ABORT was invoked on rank 22 in communicator MPI COMMUNICATOR 3 DUP FROM 0
with errorcode 1.

NOTE: invoking MPI_ABORT causes Open MPI to kill all MPI processes.
You may or may not see output from other processes, depending on
exactly when Open MPI kills them.
--------------------------------------------------------------------------
--------------------------------------------------------------------------
MPI_ABORT was invoked on rank 11 in communicator MPI COMMUNICATOR 3 DUP FROM 0
with errorcode 1.

NOTE: invoking MPI_ABORT causes Open MPI to kill all MPI processes.
You may or may not see output from other processes, depending on
exactly when Open MPI kills them.
--------------------------------------------------------------------------
--------------------------------------------------------------------------
MPI_ABORT was invoked on rank 62 in communicator MPI COMMUNICATOR 3 DUP FROM 0
with errorcode 1.

NOTE: invoking MPI_ABORT causes Open MPI to kill all MPI processes.
You may or may not see output from other processes, depending on
exactly when Open MPI kills them.
--------------------------------------------------------------------------
--------------------------------------------------------------------------
MPI_ABORT was invoked on rank 49 in communicator MPI COMMUNICATOR 3 DUP FROM 0
with errorcode 1.

NOTE: invoking MPI_ABORT causes Open MPI to kill all MPI processes.
You may or may not see output from other processes, depending on
exactly when Open MPI kills them.
--------------------------------------------------------------------------
--------------------------------------------------------------------------
MPI_ABORT was invoked on rank 84 in communicator MPI COMMUNICATOR 3 DUP FROM 0
with errorcode 1.

NOTE: invoking MPI_ABORT causes Open MPI to kill all MPI processes.
You may or may not see output from other processes, depending on
exactly when Open MPI kills them.
--------------------------------------------------------------------------
--------------------------------------------------------------------------
MPI_ABORT was invoked on rank 25 in communicator MPI COMMUNICATOR 3 DUP FROM 0
with errorcode 1.

NOTE: invoking MPI_ABORT causes Open MPI to kill all MPI processes.
You may or may not see output from other processes, depending on
exactly when Open MPI kills them.
--------------------------------------------------------------------------
--------------------------------------------------------------------------
MPI_ABORT was invoked on rank 5 in communicator MPI COMMUNICATOR 3 DUP FROM 0
with errorcode 1.

NOTE: invoking MPI_ABORT causes Open MPI to kill all MPI processes.
You may or may not see output from other processes, depending on
exactly when Open MPI kills them.
--------------------------------------------------------------------------
--------------------------------------------------------------------------
MPI_ABORT was invoked on rank 71 in communicator MPI COMMUNICATOR 3 DUP FROM 0
with errorcode 1.

NOTE: invoking MPI_ABORT causes Open MPI to kill all MPI processes.
You may or may not see output from other processes, depending on
exactly when Open MPI kills them.
--------------------------------------------------------------------------
--------------------------------------------------------------------------
MPI_ABORT was invoked on rank 89 in communicator MPI COMMUNICATOR 3 DUP FROM 0
with errorcode 1.

NOTE: invoking MPI_ABORT causes Open MPI to kill all MPI processes.
You may or may not see output from other processes, depending on
exactly when Open MPI kills them.
--------------------------------------------------------------------------
--------------------------------------------------------------------------
MPI_ABORT was invoked on rank 96 in communicator MPI COMMUNICATOR 3 DUP FROM 0
with errorcode 1.

NOTE: invoking MPI_ABORT causes Open MPI to kill all MPI processes.
You may or may not see output from other processes, depending on
exactly when Open MPI kills them.
--------------------------------------------------------------------------
--------------------------------------------------------------------------
MPI_ABORT was invoked on rank 54 in communicator MPI COMMUNICATOR 3 DUP FROM 0
with errorcode 1.

NOTE: invoking MPI_ABORT causes Open MPI to kill all MPI processes.
You may or may not see output from other processes, depending on
exactly when Open MPI kills them.
--------------------------------------------------------------------------
--------------------------------------------------------------------------
MPI_ABORT was invoked on rank 73 in communicator MPI COMMUNICATOR 3 DUP FROM 0
with errorcode 1.

NOTE: invoking MPI_ABORT causes Open MPI to kill all MPI processes.
You may or may not see output from other processes, depending on
exactly when Open MPI kills them.
--------------------------------------------------------------------------
--------------------------------------------------------------------------
MPI_ABORT was invoked on rank 9 in communicator MPI COMMUNICATOR 3 DUP FROM 0
with errorcode 1.

NOTE: invoking MPI_ABORT causes Open MPI to kill all MPI processes.
You may or may not see output from other processes, depending on
exactly when Open MPI kills them.
--------------------------------------------------------------------------
--------------------------------------------------------------------------
MPI_ABORT was invoked on rank 14 in communicator MPI COMMUNICATOR 3 DUP FROM 0
with errorcode 1.

NOTE: invoking MPI_ABORT causes Open MPI to kill all MPI processes.
You may or may not see output from other processes, depending on
exactly when Open MPI kills them.
--------------------------------------------------------------------------
--------------------------------------------------------------------------
MPI_ABORT was invoked on rank 78 in communicator MPI COMMUNICATOR 3 DUP FROM 0
with errorcode 1.

NOTE: invoking MPI_ABORT causes Open MPI to kill all MPI processes.
You may or may not see output from other processes, depending on
exactly when Open MPI kills them.
--------------------------------------------------------------------------
--------------------------------------------------------------------------
MPI_ABORT was invoked on rank 50 in communicator MPI COMMUNICATOR 3 DUP FROM 0
with errorcode 1.

NOTE: invoking MPI_ABORT causes Open MPI to kill all MPI processes.
You may or may not see output from other processes, depending on
exactly when Open MPI kills them.
--------------------------------------------------------------------------
--------------------------------------------------------------------------
MPI_ABORT was invoked on rank 58 in communicator MPI COMMUNICATOR 3 DUP FROM 0
with errorcode 1.

NOTE: invoking MPI_ABORT causes Open MPI to kill all MPI processes.
You may or may not see output from other processes, depending on
exactly when Open MPI kills them.
--------------------------------------------------------------------------
--------------------------------------------------------------------------
MPI_ABORT was invoked on rank 68 in communicator MPI COMMUNICATOR 3 DUP FROM 0
with errorcode 1.

NOTE: invoking MPI_ABORT causes Open MPI to kill all MPI processes.
You may or may not see output from other processes, depending on
exactly when Open MPI kills them.
--------------------------------------------------------------------------
--------------------------------------------------------------------------
MPI_ABORT was invoked on rank 95 in communicator MPI COMMUNICATOR 3 DUP FROM 0
with errorcode 1.

NOTE: invoking MPI_ABORT causes Open MPI to kill all MPI processes.
You may or may not see output from other processes, depending on
exactly when Open MPI kills them.
--------------------------------------------------------------------------
--------------------------------------------------------------------------
MPI_ABORT was invoked on rank 2 in communicator MPI COMMUNICATOR 3 DUP FROM 0
with errorcode 1.

NOTE: invoking MPI_ABORT causes Open MPI to kill all MPI processes.
You may or may not see output from other processes, depending on
exactly when Open MPI kills them.
--------------------------------------------------------------------------
--------------------------------------------------------------------------
MPI_ABORT was invoked on rank 6 in communicator MPI COMMUNICATOR 3 DUP FROM 0
with errorcode 1.

NOTE: invoking MPI_ABORT causes Open MPI to kill all MPI processes.
You may or may not see output from other processes, depending on
exactly when Open MPI kills them.
--------------------------------------------------------------------------
--------------------------------------------------------------------------
MPI_ABORT was invoked on rank 32 in communicator MPI COMMUNICATOR 3 DUP FROM 0
with errorcode 1.

NOTE: invoking MPI_ABORT causes Open MPI to kill all MPI processes.
You may or may not see output from other processes, depending on
exactly when Open MPI kills them.
--------------------------------------------------------------------------
--------------------------------------------------------------------------
MPI_ABORT was invoked on rank 55 in communicator MPI COMMUNICATOR 3 DUP FROM 0
with errorcode 1.

NOTE: invoking MPI_ABORT causes Open MPI to kill all MPI processes.
You may or may not see output from other processes, depending on
exactly when Open MPI kills them.
--------------------------------------------------------------------------
--------------------------------------------------------------------------
MPI_ABORT was invoked on rank 57 in communicator MPI COMMUNICATOR 3 DUP FROM 0
with errorcode 1.

NOTE: invoking MPI_ABORT causes Open MPI to kill all MPI processes.
You may or may not see output from other processes, depending on
exactly when Open MPI kills them.
--------------------------------------------------------------------------
--------------------------------------------------------------------------
MPI_ABORT was invoked on rank 81 in communicator MPI COMMUNICATOR 3 DUP FROM 0
with errorcode 1.

NOTE: invoking MPI_ABORT causes Open MPI to kill all MPI processes.
You may or may not see output from other processes, depending on
exactly when Open MPI kills them.
--------------------------------------------------------------------------
--------------------------------------------------------------------------
MPI_ABORT was invoked on rank 88 in communicator MPI COMMUNICATOR 3 DUP FROM 0
with errorcode 1.

NOTE: invoking MPI_ABORT causes Open MPI to kill all MPI processes.
You may or may not see output from other processes, depending on
exactly when Open MPI kills them.
--------------------------------------------------------------------------
--------------------------------------------------------------------------
MPI_ABORT was invoked on rank 437 in communicator MPI COMMUNICATOR 3 DUP FROM 0
with errorcode 1.

NOTE: invoking MPI_ABORT causes Open MPI to kill all MPI processes.
You may or may not see output from other processes, depending on
exactly when Open MPI kills them.
--------------------------------------------------------------------------
--------------------------------------------------------------------------
MPI_ABORT was invoked on rank 849 in communicator MPI COMMUNICATOR 3 DUP FROM 0
with errorcode 1.

NOTE: invoking MPI_ABORT causes Open MPI to kill all MPI processes.
You may or may not see output from other processes, depending on
exactly when Open MPI kills them.
--------------------------------------------------------------------------
--------------------------------------------------------------------------
MPI_ABORT was invoked on rank 857 in communicator MPI COMMUNICATOR 3 DUP FROM 0
with errorcode 1.

NOTE: invoking MPI_ABORT causes Open MPI to kill all MPI processes.
You may or may not see output from other processes, depending on
exactly when Open MPI kills them.
--------------------------------------------------------------------------
--------------------------------------------------------------------------
MPI_ABORT was invoked on rank 887 in communicator MPI COMMUNICATOR 3 DUP FROM 0
with errorcode 1.

NOTE: invoking MPI_ABORT causes Open MPI to kill all MPI processes.
You may or may not see output from other processes, depending on
exactly when Open MPI kills them.
--------------------------------------------------------------------------
--------------------------------------------------------------------------
MPI_ABORT was invoked on rank 851 in communicator MPI COMMUNICATOR 3 DUP FROM 0
with errorcode 1.

NOTE: invoking MPI_ABORT causes Open MPI to kill all MPI processes.
You may or may not see output from other processes, depending on
exactly when Open MPI kills them.
--------------------------------------------------------------------------
--------------------------------------------------------------------------
MPI_ABORT was invoked on rank 544 in communicator MPI COMMUNICATOR 3 DUP FROM 0
with errorcode 1.

NOTE: invoking MPI_ABORT causes Open MPI to kill all MPI processes.
You may or may not see output from other processes, depending on
exactly when Open MPI kills them.
--------------------------------------------------------------------------
--------------------------------------------------------------------------
MPI_ABORT was invoked on rank 545 in communicator MPI COMMUNICATOR 3 DUP FROM 0
with errorcode 1.

NOTE: invoking MPI_ABORT causes Open MPI to kill all MPI processes.
You may or may not see output from other processes, depending on
exactly when Open MPI kills them.
--------------------------------------------------------------------------
slurmstepd: error: *** STEP 50041522.0 ON lrdn3714 CANCELLED AT 2026-07-22T00:27:34 ***
srun: Job step aborted: Waiting up to 122 seconds for job step to finish.
srun: error: lrdn3809: tasks 206,216,238,242,244,250,252: Killed
srun: Terminating StepId=50041522.0
srun: error: lrdn3998: tasks 704,711,724,738,743,749,751,763,779,784,792: Killed
srun: error: lrdn4154: tasks 1102,1120,1132,1136,1141,1159,1163,1177,1184: Killed
srun: error: lrdn3824: tasks 307,313-314,320,323,326,329,341,353,363,369: Killed
srun: error: lrdn3858: tasks 401,409,412,415,419,426,443,447,452,454,477-478,494,499: Killed
srun: error: lrdn4068: tasks 903,908,919,948,951,972,984,989,997: Killed
srun: error: lrdn3902: tasks 508,517,522,530,544,548,551-552,556,561,563,573,584,588: Killed
srun: error: lrdn3952: tasks 603,607,617,624,648,665,680-682,684,692-693: Killed
srun: error: lrdn3768: tasks 106,111,117,122-123,128,137,142,157,165,174-175,192: Killed
srun: error: lrdn4120: tasks 1010,1023,1042,1046,1048,1059,1070,1077,1080,1090-1092,1098: Killed
srun: error: lrdn4039: tasks 802,809-810,812,814,817,820,822,824,839,851,854-855,859,861,869,873,888-889,894,897,899: Killed
srun: error: lrdn3714: tasks 3,5-6,12,15,25-26,31-32,38,45-46,50-51,61-62,64,67-68,74,81,86,88,97: Killed
srun: error: lrdn4120: task 1081: Exited with exit code 1
srun: error: lrdn3714: task 7: Exited with exit code 1
srun: error: lrdn3714: tasks 1-2,4,8-11,13-14,16-24,27-30,33-37,39-44,47-49,52-60,63,65-66,69-73,75-80,82-85,87,89-96,98-99: Killed
srun: error: lrdn4039: tasks 800-801,803-808,811,813,815-816,818-819,821,823,825-838,840-850,852-853,856-858,860,862-868,870-872,874-887,890-893,895-896,898: Killed
srun: error: lrdn3858: tasks 400,402-408,410-411,413-414,416-418,420-425,427-442,444-446,448-451,453,455-476,479-493,495-498: Killed
srun: error: lrdn3768: tasks 100-105,107-110,112-116,118-121,124-127,129-136,138-141,143-156,158-164,166-173,176-191,193-199: Killed
srun: error: lrdn4120: tasks 1000-1009,1011-1022,1024-1041,1043-1045,1047,1049-1058,1060-1069,1071-1076,1078-1079,1082-1089,1093-1097,1099: Killed
srun: error: lrdn3902: tasks 500-507,509-516,518-521,523-529,531-543,545-547,549-550,553-555,557-560,562,564-572,574-583,585-587,589-599: Killed
srun: error: lrdn3952: tasks 600-602,604-606,608-616,618-623,625-647,649-664,666-679,683,685-691,694-699: Killed
srun: error: lrdn3998: tasks 700-703,705-710,712-723,725-737,739-742,744-748,750,752-762,764-778,780-783,785-791,793-799: Killed
srun: error: lrdn3824: tasks 300-306,308-312,315-319,321-322,324-325,327-328,330-340,342-352,354-362,364-368,370-399: Killed
srun: error: lrdn4154: tasks 1100-1101,1103-1119,1121-1131,1133-1135,1137-1140,1142-1158,1160-1162,1164-1176,1178-1183,1185-1199: Killed
srun: error: lrdn4068: tasks 900-902,904-907,909-918,920-947,949-950,952-971,973-983,985-988,990-996,998-999: Killed
srun: error: lrdn3809: tasks 200-205,207-215,217-237,239-241,243,245-249,251,253-299: Killed
srun: error: lrdn3714: task 0: Killed
